scene,i,j,pi_xyz,pj_xyz,unet_ij_db,unet_ji_db,unet_absdiff_db,unet_valid,sionna_ij_db,sionna_ji_db,sionna_absdiff_db,sionna_valid
random_000,0,1,"27.500,23.750,1.562","36.250,17.500,1.562",66.63235473632812,67.49211120605469,0.8597564697265625,1,65.26292419433594,65.1680679321289,0.09485626220703125,1
random_000,0,2,"27.500,23.750,1.562","35.000,13.750,2.188",70.7311019897461,70.17061614990234,0.56048583984375,1,70.24380493164062,69.91522216796875,0.328582763671875,1
random_000,0,3,"27.500,23.750,1.562","35.625,20.000,0.938",65.63192749023438,66.10018157958984,0.46825408935546875,1,64.1768569946289,64.67321014404297,0.4963531494140625,1
random_000,0,4,"27.500,23.750,1.562","18.125,29.375,1.562",74.46833038330078,72.7065200805664,1.761810302734375,1,71.42675018310547,72.56275939941406,1.1360092163085938,1
random_000,0,5,"27.500,23.750,1.562","18.125,12.500,2.188",72.680908203125,82.08262634277344,9.401718139648438,1,72.78372955322266,72.48787689208984,0.2958526611328125,1
random_000,0,6,"27.500,23.750,1.562","26.250,36.250,0.312",67.6114730834961,68.11682891845703,0.5053558349609375,1,67.15494537353516,66.6875,0.46744537353515625,1
random_000,0,7,"27.500,23.750,1.562","23.125,10.625,0.312",70.49246215820312,81.62642669677734,11.133964538574219,1,71.86158752441406,71.43339538574219,0.428192138671875,1
random_000,0,8,"27.500,23.750,1.562","28.125,1.250,2.188",74.53157806396484,86.84239196777344,12.310813903808594,1,75.20906066894531,74.45492553710938,0.7541351318359375,1
random_000,0,9,"27.500,23.750,1.562","1.250,31.875,0.312",79.61045837402344,86.42788696289062,6.8174285888671875,1,73.54212951660156,73.2615966796875,0.2805328369140625,1
random_000,0,10,"27.500,23.750,1.562","25.625,33.750,1.562",66.11892700195312,66.26900482177734,0.15007781982421875,1,64.07362365722656,64.07392120361328,0.00029754638671875,1
random_000,0,11,"27.500,23.750,1.562","29.375,6.250,1.562",72.34626770019531,82.1784439086914,9.832176208496094,1,70.12825775146484,69.81867980957031,0.30957794189453125,1
random_000,0,12,"27.500,23.750,1.562","31.875,11.250,0.938",70.2597885131836,73.28907775878906,3.0292892456054688,1,69.17486572265625,68.9808578491211,0.19400787353515625,1
random_000,0,13,"27.500,23.750,1.562","24.375,10.000,1.562",71.19398498535156,81.82362365722656,10.629638671875,1,70.1363754272461,70.01139831542969,0.12497711181640625,1
random_000,0,14,"27.500,23.750,1.562","30.000,16.875,0.938",66.04568481445312,66.95027923583984,0.9045944213867188,1,65.2398910522461,65.26249694824219,0.02260589599609375,1
random_000,0,15,"27.500,23.750,1.562","25.000,35.625,0.938",67.28361511230469,67.82669067382812,0.5430755615234375,1,67.2309799194336,66.36156463623047,0.869415283203125,1
random_000,0,16,"27.500,23.750,1.562","31.250,18.750,1.562",66.35841369628906,65.63660430908203,0.7218093872070312,1,65.26788330078125,65.291259765625,0.02337646484375,1
random_000,0,17,"27.500,23.750,1.562","30.625,12.500,0.312",68.81236267089844,72.17247009277344,3.360107421875,1,68.27611541748047,67.82783508300781,0.44828033447265625,1
random_000,0,18,"27.500,23.750,1.562","6.250,17.500,1.562",77.63681030273438,88.52279663085938,10.885986328125,1,75.9606704711914,75.79351043701172,0.1671600341796875,1
random_000,0,19,"27.500,23.750,1.562","8.750,11.250,1.562",81.8742904663086,88.30255126953125,6.428260803222656,1,80.1219482421875,77.1982650756836,2.9236831665039062,1
random_000,0,20,"27.500,23.750,1.562","38.125,23.750,2.188",66.9072265625,65.91077423095703,0.9964523315429688,1,66.6804428100586,66.65052032470703,0.0299224853515625,1
random_000,0,21,"27.500,23.750,1.562","1.250,10.625,0.938",78.78591918945312,90.91964721679688,12.13372802734375,1,75.41238403320312,74.53856658935547,0.8738174438476562,1
random_000,0,22,"27.500,23.750,1.562","10.625,6.875,0.312",86.06056213378906,87.23355102539062,1.1729888916015625,1,78.2105712890625,77.56417846679688,0.646392822265625,1
random_000,0,23,"27.500,23.750,1.562","25.625,2.500,0.312",74.50943756103516,85.23722839355469,10.727790832519531,1,71.29632568359375,71.02912902832031,0.2671966552734375,1
random_000,0,24,"27.500,23.750,1.562","28.125,26.875,0.938",56.79106903076172,57.12467956542969,0.33361053466796875,1,56.1223030090332,56.13824462890625,0.015941619873046875,1
random_000,0,25,"27.500,23.750,1.562","28.750,32.500,0.938",65.13888549804688,65.45216369628906,0.3132781982421875,1,63.680076599121094,64.5243911743164,0.8443145751953125,1
random_000,0,26,"27.500,23.750,1.562","7.500,31.875,0.312",75.59453582763672,84.2886962890625,8.694160461425781,1,71.81767272949219,72.0940933227539,0.27642059326171875,1
random_000,0,27,"27.500,23.750,1.562","28.750,12.500,0.312",68.80258178710938,78.95559692382812,10.15301513671875,1,68.16191864013672,67.5499038696289,0.6120147705078125,1
random_000,0,28,"27.500,23.750,1.562","5.000,32.500,2.188",76.55537414550781,85.9225845336914,9.367210388183594,1,70.24237823486328,70.458251953125,0.21587371826171875,1
random_000,0,29,"27.500,23.750,1.562","28.125,33.125,0.312",65.61985778808594,65.90851593017578,0.28865814208984375,1,64.38631439208984,64.8463363647461,0.46002197265625,1
random_000,1,2,"36.250,17.500,1.562","35.000,13.750,2.188",58.78883743286133,58.863624572753906,0.07478713989257812,1,58.56132125854492,58.552894592285156,0.008426666259765625,1
random_000,1,3,"36.250,17.500,1.562","35.625,20.000,0.938",54.80426025390625,55.69851303100586,0.8942527770996094,1,54.9949836730957,54.99814987182617,0.00316619873046875,1
random_000,1,4,"36.250,17.500,1.562","18.125,29.375,1.562",85.5427474975586,82.61036682128906,2.9323806762695312,1,78.55424499511719,79.00532531738281,0.451080322265625,1
random_000,1,5,"36.250,17.500,1.562","18.125,12.500,2.188",70.83210754394531,71.42840576171875,0.5962982177734375,1,70.16983795166016,70.50749969482422,0.3376617431640625,1
random_000,1,6,"36.250,17.500,1.562","26.250,36.250,0.312",72.10706329345703,73.39939880371094,1.2923355102539062,1,71.26671600341797,71.95864868164062,0.6919326782226562,1
random_000,1,7,"36.250,17.500,1.562","23.125,10.625,0.312",69.05883026123047,69.48051452636719,0.42168426513671875,1,69.10719299316406,69.01028442382812,0.0969085693359375,1
random_000,1,8,"36.250,17.500,1.562","28.125,1.250,2.188",70.99079132080078,70.43964385986328,0.5511474609375,1,68.93196868896484,69.50772857666016,0.5757598876953125,1
random_000,1,9,"36.250,17.500,1.562","1.250,31.875,0.312",88.40631103515625,87.87798309326172,0.5283279418945312,1,81.50984954833984,81.46453094482422,0.045318603515625,1
random_000,1,10,"36.250,17.500,1.562","25.625,33.750,1.562",71.4033203125,71.73902893066406,0.3357086181640625,1,70.83271789550781,70.74027252197266,0.09244537353515625,1
random_000,1,11,"36.250,17.500,1.562","29.375,6.250,1.562",68.5942153930664,68.4337158203125,0.16049957275390625,1,68.217041015625,68.30363464355469,0.0865936279296875,1
random_000,1,12,"36.250,17.500,1.562","31.875,11.250,0.938",64.20426177978516,64.46599578857422,0.2617340087890625,1,63.46576690673828,63.38685607910156,0.07891082763671875,1
random_000,1,13,"36.250,17.500,1.562","24.375,10.000,1.562",68.63944244384766,68.88758850097656,0.24814605712890625,1,68.58741760253906,69.5744857788086,0.9870681762695312,1
random_000,1,14,"36.250,17.500,1.562","30.000,16.875,0.938",62.36393737792969,63.02375793457031,0.659820556640625,1,62.54669189453125,62.35844421386719,0.1882476806640625,1
random_000,1,15,"36.250,17.500,1.562","25.000,35.625,0.938",72.17431640625,72.8421859741211,0.6678695678710938,1,69.95953369140625,70.13993072509766,0.18039703369140625,1
random_000,1,16,"36.250,17.500,1.562","31.250,18.750,1.562",60.72126007080078,61.21940231323242,0.4981422424316406,1,60.80274963378906,60.64065933227539,0.16209030151367188,1
random_000,1,17,"36.250,17.500,1.562","30.625,12.500,0.312",64.03218841552734,64.63892364501953,0.6067352294921875,1,63.980934143066406,65.16722106933594,1.1862869262695312,1
random_000,1,18,"36.250,17.500,1.562","6.250,17.500,1.562",74.66040802001953,75.06031799316406,0.39990997314453125,1,73.10795593261719,73.36370086669922,0.25574493408203125,1
random_000,1,19,"36.250,17.500,1.562","8.750,11.250,1.562",77.69149780273438,76.37224578857422,1.3192520141601562,1,72.37527465820312,72.0735092163086,0.30176544189453125,1
random_000,1,20,"36.250,17.500,1.562","38.125,23.750,2.188",64.81588745117188,64.24343872070312,0.57244873046875,1,63.751869201660156,63.70653533935547,0.0453338623046875,1
random_000,1,21,"36.250,17.500,1.562","1.250,10.625,0.938",79.61918640136719,79.10993957519531,0.509246826171875,1,76.54210662841797,74.77529907226562,1.7668075561523438,1
random_000,1,22,"36.250,17.500,1.562","10.625,6.875,0.312",74.98867797851562,74.19757843017578,0.7910995483398438,1,72.312255859375,74.35879516601562,2.046539306640625,1
random_000,1,23,"36.250,17.500,1.562","25.625,2.500,0.312",70.83656311035156,70.17301940917969,0.663543701171875,1,69.6799087524414,68.36795043945312,1.3119583129882812,1
random_000,1,24,"36.250,17.500,1.562","28.125,26.875,0.938",68.23617553710938,67.94963073730469,0.2865447998046875,1,67.48235321044922,68.16703033447266,0.6846771240234375,1
random_000,1,25,"36.250,17.500,1.562","28.750,32.500,0.938",70.7913818359375,72.35254669189453,1.5611648559570312,1,70.63613891601562,73.818359375,3.182220458984375,1
random_000,1,26,"36.250,17.500,1.562","7.500,31.875,0.312",86.9762191772461,86.80949401855469,0.16672515869140625,1,81.36882781982422,82.04008483886719,0.6712570190429688,1
random_000,1,27,"36.250,17.500,1.562","28.750,12.500,0.312",65.38720703125,66.1618881225586,0.7746810913085938,1,65.23594665527344,65.51734161376953,0.28139495849609375,1
random_000,1,28,"36.250,17.500,1.562","5.000,32.500,2.188",87.38695526123047,88.14803314208984,0.761077880859375,1,80.73653411865234,81.45722961425781,0.7206954956054688,1
random_000,1,29,"36.250,17.500,1.562","28.125,33.125,0.312",70.81324768066406,71.81776428222656,1.0045166015625,1,71.15621948242188,71.45677947998047,0.30055999755859375,1
random_000,2,3,"35.000,13.750,2.188","35.625,20.000,0.938",62.28229904174805,62.65501403808594,0.3727149963378906,1,62.508323669433594,62.51793670654297,0.009613037109375,1
random_000,2,4,"35.000,13.750,2.188","18.125,29.375,1.562",86.51958465576172,86.14549255371094,0.37409210205078125,1,80.335693359375,80.60440826416016,0.26871490478515625,1
random_000,2,5,"35.000,13.750,2.188","18.125,12.500,2.188",69.9366455078125,70.17405700683594,0.2374114990234375,1,69.72151184082031,69.10655212402344,0.614959716796875,1
random_000,2,6,"35.000,13.750,2.188","26.250,36.250,0.312",73.23165130615234,73.54134368896484,0.3096923828125,1,71.59600067138672,71.71178436279297,0.11578369140625,1
random_000,2,7,"35.000,13.750,2.188","23.125,10.625,0.312",67.8454818725586,67.9409408569336,0.095458984375,1,67.96607971191406,68.16490936279297,0.19882965087890625,1
random_000,2,8,"35.000,13.750,2.188","28.125,1.250,2.188",68.94558715820312,68.6465835571289,0.29900360107421875,1,68.2279052734375,68.21168518066406,0.0162200927734375,1
random_000,2,9,"35.000,13.750,2.188","1.250,31.875,0.312",88.29793548583984,87.44712829589844,0.8508071899414062,1,83.14732360839844,84.1844482421875,1.0371246337890625,1
random_000,2,10,"35.000,13.750,2.188","25.625,33.750,1.562",72.46157836914062,72.5781478881836,0.11656951904296875,1,72.11929321289062,72.07442474365234,0.04486846923828125,1
random_000,2,11,"35.000,13.750,2.188","29.375,6.250,1.562",66.20695495605469,65.83268737792969,0.374267578125,1,65.4239730834961,65.80477905273438,0.38080596923828125,1
random_000,2,12,"35.000,13.750,2.188","31.875,11.250,0.938",59.75695037841797,59.73307800292969,0.02387237548828125,1,59.086952209472656,59.09770965576172,0.0107574462890625,1
random_000,2,13,"35.000,13.750,2.188","24.375,10.000,1.562",67.0438003540039,67.109619140625,0.06581878662109375,1,67.62311553955078,67.40023040771484,0.2228851318359375,1
random_000,2,14,"35.000,13.750,2.188","30.000,16.875,0.938",62.18145751953125,62.94126892089844,0.7598114013671875,1,62.10821533203125,62.084503173828125,0.023712158203125,1
random_000,2,15,"35.000,13.750,2.188","25.000,35.625,0.938",73.05738830566406,73.42443084716797,0.36704254150390625,1,70.70014190673828,70.08390808105469,0.6162338256835938,1
random_000,2,16,"35.000,13.750,2.188","31.250,18.750,1.562",62.27992630004883,63.433616638183594,1.1536903381347656,1,62.345088958740234,62.4107666015625,0.06567764282226562,1
random_000,2,17,"35.000,13.750,2.188","30.625,12.500,0.312",60.2593994140625,60.41232681274414,0.15292739868164062,1,60.42901611328125,60.42917251586914,0.000156402587890625,1
random_000,2,18,"35.000,13.750,2.188","6.250,17.500,1.562",74.31726837158203,74.91387939453125,0.5966110229492188,1,73.43211364746094,73.57583618164062,0.1437225341796875,1
random_000,2,19,"35.000,13.750,2.188","8.750,11.250,1.562",77.32659912109375,75.14844512939453,2.1781539916992188,1,73.28963470458984,72.77017211914062,0.5194625854492188,1
random_000,2,20,"35.000,13.750,2.188","38.125,23.750,2.188",72.80089569091797,67.58305358886719,5.217842102050781,1,67.42784118652344,67.46794128417969,0.04010009765625,1
random_000,2,21,"35.000,13.750,2.188","1.250,10.625,0.938",78.97248077392578,78.19833374023438,0.7741470336914062,1,75.12628936767578,75.71603393554688,0.5897445678710938,1
random_000,2,22,"35.000,13.750,2.188","10.625,6.875,0.312",73.78720092773438,73.2879409790039,0.49925994873046875,1,71.38489532470703,71.65961456298828,0.27471923828125,1
random_000,2,23,"35.000,13.750,2.188","25.625,2.500,0.312",69.0945053100586,68.59400177001953,0.5005035400390625,1,68.44345092773438,67.46512603759766,0.9783248901367188,1
random_000,2,24,"35.000,13.750,2.188","28.125,26.875,0.938",69.477294921875,69.22502136230469,0.2522735595703125,1,68.95915222167969,68.18998718261719,0.7691650390625,1
random_000,2,25,"35.000,13.750,2.188","28.750,32.500,0.938",71.89430236816406,72.03929901123047,0.14499664306640625,1,69.44518280029297,70.29949951171875,0.8543167114257812,1
random_000,2,26,"35.000,13.750,2.188","7.500,31.875,0.312",88.21022033691406,87.74191284179688,0.4683074951171875,1,80.5007553100586,79.79447937011719,0.7062759399414062,1
random_000,2,27,"35.000,13.750,2.188","28.750,12.500,0.312",62.76882553100586,63.12410354614258,0.35527801513671875,1,62.51548385620117,62.515525817871094,4.1961669921875e-05,1
random_000,2,28,"35.000,13.750,2.188","5.000,32.500,2.188",88.18042755126953,88.5584716796875,0.37804412841796875,1,82.91062927246094,82.5589828491211,0.35164642333984375,1
random_000,2,29,"35.000,13.750,2.188","28.125,33.125,0.312",71.82039642333984,72.30009460449219,0.47969818115234375,1,71.8372802734375,71.58717346191406,0.2501068115234375,1
random_000,3,4,"35.625,20.000,0.938","18.125,29.375,1.562",84.18057250976562,79.3824691772461,4.798103332519531,1,77.95072174072266,75.30166625976562,2.6490554809570312,1
random_000,3,5,"35.625,20.000,0.938","18.125,12.500,2.188",70.99095153808594,71.32941436767578,0.33846282958984375,1,69.98841094970703,70.08866882324219,0.10025787353515625,1
random_000,3,6,"35.625,20.000,0.938","26.250,36.250,0.312",73.23011016845703,74.92366027832031,1.6935501098632812,1,69.00369262695312,69.12713623046875,0.123443603515625,1
random_000,3,7,"35.625,20.000,0.938","23.125,10.625,0.312",69.46305847167969,69.75881958007812,0.2957611083984375,1,69.25860595703125,67.60006713867188,1.658538818359375,1
random_000,3,8,"35.625,20.000,0.938","28.125,1.250,2.188",72.02628326416016,71.07662200927734,0.9496612548828125,1,70.59513854980469,71.48677062988281,0.891632080078125,1
random_000,3,9,"35.625,20.000,0.938","1.250,31.875,0.312",87.22209167480469,87.28561401367188,0.0635223388671875,1,78.75553894042969,77.99821472167969,0.75732421875,1
random_000,3,10,"35.625,20.000,0.938","25.625,33.750,1.562",72.5315170288086,73.1699447631836,0.638427734375,1,70.86372375488281,70.77227783203125,0.0914459228515625,1
random_000,3,11,"35.625,20.000,0.938","29.375,6.250,1.562",69.63899993896484,69.09308624267578,0.5459136962890625,1,69.17908477783203,69.26741790771484,0.0883331298828125,1
random_000,3,12,"35.625,20.000,0.938","31.875,11.250,0.938",65.90380859375,65.83503723144531,0.0687713623046875,1,65.61785125732422,66.6953353881836,1.077484130859375,1
random_000,3,13,"35.625,20.000,0.938","24.375,10.000,1.562",69.18331146240234,69.364501953125,0.18119049072265625,1,68.00514221191406,68.9027099609375,0.8975677490234375,1
random_000,3,14,"35.625,20.000,0.938","30.000,16.875,0.938",62.60013961791992,62.74774169921875,0.14760208129882812,1,62.30424499511719,61.42385482788086,0.8803901672363281,1
random_000,3,15,"35.625,20.000,0.938","25.000,35.625,0.938",73.63541412353516,74.36074829101562,0.7253341674804688,1,69.31321716308594,69.10107421875,0.2121429443359375,1
random_000,3,16,"35.625,20.000,0.938","31.250,18.750,1.562",59.73514175415039,60.04064178466797,0.3055000305175781,1,59.29388427734375,59.34934997558594,0.0554656982421875,1
random_000,3,17,"35.625,20.000,0.938","30.625,12.500,0.312",65.42870330810547,65.58609771728516,0.1573944091796875,1,64.39065551757812,65.32327270507812,0.9326171875,1
random_000,3,18,"35.625,20.000,0.938","6.250,17.500,1.562",74.68788146972656,74.89842987060547,0.21054840087890625,1,72.92411041259766,71.74864959716797,1.1754608154296875,1
random_000,3,19,"35.625,20.000,0.938","8.750,11.250,1.562",77.78211975097656,76.88159942626953,0.9005203247070312,1,74.08503723144531,73.74962615966797,0.33541107177734375,1
random_000,3,20,"35.625,20.000,0.938","38.125,23.750,2.188",63.03571701049805,63.69021987915039,0.6545028686523438,1,62.47361755371094,63.16743469238281,0.693817138671875,1
random_000,3,21,"35.625,20.000,0.938","1.250,10.625,0.938",79.80891418457031,79.68335723876953,0.12555694580078125,1,77.33822631835938,79.00007629394531,1.6618499755859375,1
random_000,3,22,"35.625,20.000,0.938","10.625,6.875,0.312",75.94793701171875,74.23500061035156,1.7129364013671875,1,74.53492736816406,72.59150695800781,1.94342041015625,1
random_000,3,23,"35.625,20.000,0.938","25.625,2.500,0.312",71.70526885986328,70.83784484863281,0.8674240112304688,1,71.22980499267578,68.94673919677734,2.2830657958984375,1
random_000,3,24,"35.625,20.000,0.938","28.125,26.875,0.938",66.97386169433594,66.91477966308594,0.05908203125,1,65.45353698730469,66.51170349121094,1.05816650390625,1
random_000,3,25,"35.625,20.000,0.938","28.750,32.500,0.938",71.3001708984375,73.11156463623047,1.8113937377929688,1,71.56367492675781,71.52458953857422,0.03908538818359375,1
random_000,3,26,"35.625,20.000,0.938","7.500,31.875,0.312",83.83006286621094,82.90424346923828,0.9258193969726562,1,78.38179016113281,75.91864776611328,2.4631423950195312,1
random_000,3,27,"35.625,20.000,0.938","28.750,12.500,0.312",66.4144058227539,66.7359848022461,0.3215789794921875,1,65.56135559082031,65.24826049804688,0.3130950927734375,1
random_000,3,28,"35.625,20.000,0.938","5.000,32.500,2.188",83.78894805908203,85.22059631347656,1.4316482543945312,1,80.04467010498047,78.79647064208984,1.248199462890625,1
random_000,3,29,"35.625,20.000,0.938","28.125,33.125,0.312",71.83259582519531,72.91338348388672,1.0807876586914062,1,68.18777465820312,68.67875671386719,0.4909820556640625,1
random_000,4,5,"18.125,29.375,1.562","18.125,12.500,2.188",83.91133117675781,78.7042007446289,5.207130432128906,1,71.97651672363281,71.70198059082031,0.2745361328125,1
random_000,4,6,"18.125,29.375,1.562","26.250,36.250,0.312",73.0462417602539,72.00839233398438,1.0378494262695312,1,69.03072357177734,70.22418212890625,1.1934585571289062,1
random_000,4,7,"18.125,29.375,1.562","23.125,10.625,0.312",85.20683288574219,84.41806030273438,0.7887725830078125,1,72.81430053710938,72.8606948852539,0.04639434814453125,1
random_000,4,8,"18.125,29.375,1.562","28.125,1.250,2.188",81.66698455810547,89.0257568359375,7.358772277832031,1,79.11470794677734,78.0832290649414,1.0314788818359375,1
random_000,4,9,"18.125,29.375,1.562","1.250,31.875,0.312",68.61796569824219,68.36842346191406,0.249542236328125,1,67.08612060546875,67.44542694091797,0.35930633544921875,1
random_000,4,10,"18.125,29.375,1.562","25.625,33.750,1.562",68.98194122314453,68.40408325195312,0.5778579711914062,1,67.37606811523438,67.27764129638672,0.09842681884765625,1
random_000,4,11,"18.125,29.375,1.562","29.375,6.250,1.562",85.94437408447266,87.50126647949219,1.5568923950195312,1,77.21725463867188,76.5857925415039,0.6314620971679688,1
random_000,4,12,"18.125,29.375,1.562","31.875,11.250,0.938",85.2651596069336,84.82357788085938,0.44158172607421875,1,81.21651458740234,79.33000946044922,1.886505126953125,1
random_000,4,13,"18.125,29.375,1.562","24.375,10.000,1.562",86.35040283203125,85.42739868164062,0.923004150390625,1,75.14126586914062,74.98851013183594,0.1527557373046875,1
random_000,4,14,"18.125,29.375,1.562","30.000,16.875,0.938",83.36172485351562,81.15168762207031,2.2100372314453125,1,78.70232391357422,81.44346618652344,2.7411422729492188,1
random_000,4,15,"18.125,29.375,1.562","25.000,35.625,0.938",73.46892547607422,72.49435424804688,0.9745712280273438,1,74.5952377319336,73.50857543945312,1.0866622924804688,1
random_000,4,16,"18.125,29.375,1.562","31.250,18.750,1.562",84.28057861328125,83.43600463867188,0.844573974609375,1,79.11115264892578,78.47134399414062,0.6398086547851562,1
random_000,4,17,"18.125,29.375,1.562","30.625,12.500,0.312",84.95639038085938,83.61553192138672,1.3408584594726562,1,82.34778594970703,77.53922271728516,4.808563232421875,1
random_000,4,18,"18.125,29.375,1.562","6.250,17.500,1.562",78.73334503173828,80.74310302734375,2.0097579956054688,1,78.38729858398438,78.49449157714844,0.1071929931640625,1
random_000,4,19,"18.125,29.375,1.562","8.750,11.250,1.562",76.73138427734375,84.7708969116211,8.039512634277344,1,74.45637512207031,74.4322280883789,0.02414703369140625,1
random_000,4,20,"18.125,29.375,1.562","38.125,23.750,2.188",73.95864868164062,82.06002807617188,8.10137939453125,1,73.3060302734375,72.85645294189453,0.44957733154296875,1
random_000,4,21,"18.125,29.375,1.562","1.250,10.625,0.938",81.86540222167969,86.16380310058594,4.29840087890625,1,78.35542297363281,77.4548110961914,0.9006118774414062,1
random_000,4,22,"18.125,29.375,1.562","10.625,6.875,0.312",88.7228012084961,86.1878890991211,2.534912109375,1,76.95075225830078,77.58700561523438,0.6362533569335938,1
random_000,4,23,"18.125,29.375,1.562","25.625,2.500,0.312",95.10224151611328,87.71580505371094,7.386436462402344,1,76.0034408569336,75.61522674560547,0.388214111328125,1
random_000,4,24,"18.125,29.375,1.562","28.125,26.875,0.938",68.39286804199219,68.4984359741211,0.10556793212890625,1,66.74826049804688,66.60269165039062,0.14556884765625,1
random_000,4,25,"18.125,29.375,1.562","28.750,32.500,0.938",68.8514175415039,68.96894836425781,0.11753082275390625,1,66.78148651123047,66.43424987792969,0.34723663330078125,1
random_000,4,26,"18.125,29.375,1.562","7.500,31.875,0.312",66.10662078857422,66.2123031616211,0.105682373046875,1,64.35486602783203,64.32044219970703,0.034423828125,1
random_000,4,27,"18.125,29.375,1.562","28.750,12.500,0.312",84.35414123535156,79.38066864013672,4.973472595214844,1,73.48236083984375,74.00872039794922,0.5263595581054688,1
random_000,4,28,"18.125,29.375,1.562","5.000,32.500,2.188",67.28486633300781,67.2116470336914,0.07321929931640625,1,64.612548828125,64.28043365478516,0.33211517333984375,1
random_000,4,29,"18.125,29.375,1.562","28.125,33.125,0.312",68.92268371582031,69.0020980834961,0.07941436767578125,1,66.6722183227539,66.6833267211914,0.0111083984375,1
random_000,5,6,"18.125,12.500,2.188","26.250,36.250,0.312",87.8472671508789,86.2161636352539,1.631103515625,1,79.3110580444336,76.73478698730469,2.5762710571289062,1
random_000,5,7,"18.125,12.500,2.188","23.125,10.625,0.312",61.79328536987305,61.540958404541016,0.25232696533203125,1,61.658241271972656,61.65975570678711,0.001514434814453125,1
random_000,5,8,"18.125,12.500,2.188","28.125,1.250,2.188",74.17283630371094,72.46879577636719,1.70404052734375,1,70.41973876953125,70.37443542480469,0.0453033447265625,1
random_000,5,9,"18.125,12.500,2.188","1.250,31.875,0.312",85.44076538085938,81.72869873046875,3.712066650390625,1,79.70379638671875,79.50167083740234,0.20212554931640625,1
random_000,5,10,"18.125,12.500,2.188","25.625,33.750,1.562",86.90010833740234,85.9181137084961,0.98199462890625,1,80.27130126953125,78.49679565429688,1.774505615234375,1
random_000,5,11,"18.125,12.500,2.188","29.375,6.250,1.562",68.75674438476562,68.30731964111328,0.44942474365234375,1,68.70721435546875,68.67285919189453,0.03435516357421875,1
random_000,5,12,"18.125,12.500,2.188","31.875,11.250,0.938",68.48770141601562,68.56712341308594,0.0794219970703125,1,69.1084213256836,69.09070587158203,0.0177154541015625,1
random_000,5,13,"18.125,12.500,2.188","24.375,10.000,1.562",63.08331298828125,63.084171295166016,0.000858306884765625,1,62.74015808105469,62.80466079711914,0.06450271606445312,1
random_000,5,14,"18.125,12.500,2.188","30.000,16.875,0.938",67.76957702636719,68.01940155029297,0.24982452392578125,1,67.53755187988281,66.86061096191406,0.67694091796875,1
random_000,5,15,"18.125,12.500,2.188","25.000,35.625,0.938",87.99905395507812,87.8335952758789,0.16545867919921875,1,77.27406311035156,78.49012756347656,1.216064453125,1
random_000,5,16,"18.125,12.500,2.188","31.250,18.750,1.562",68.88656616210938,68.97415924072266,0.08759307861328125,1,68.61034393310547,68.01636505126953,0.5939788818359375,1
random_000,5,17,"18.125,12.500,2.188","30.625,12.500,0.312",67.7669448852539,67.97724914550781,0.21030426025390625,1,67.05645751953125,66.90337371826172,0.15308380126953125,1
random_000,5,18,"18.125,12.500,2.188","6.250,17.500,1.562",70.6188735961914,70.77117919921875,0.15230560302734375,1,68.03730010986328,68.4866943359375,0.44939422607421875,1
random_000,5,19,"18.125,12.500,2.188","8.750,11.250,1.562",67.3658676147461,67.01406860351562,0.35179901123046875,1,66.37937927246094,66.0978012084961,0.28157806396484375,1
random_000,5,20,"18.125,12.500,2.188","38.125,23.750,2.188",80.60741424560547,76.10743713378906,4.499977111816406,1,76.08817291259766,76.38190460205078,0.293731689453125,1
random_000,5,21,"18.125,12.500,2.188","1.250,10.625,0.938",71.5159912109375,74.39076232910156,2.8747711181640625,1,72.23372650146484,72.18771362304688,0.04601287841796875,1
random_000,5,22,"18.125,12.500,2.188","10.625,6.875,0.312",68.9024429321289,68.20258331298828,0.699859619140625,1,66.49578857421875,66.51124572753906,0.0154571533203125,1
random_000,5,23,"18.125,12.500,2.188","25.625,2.500,0.312",72.97676849365234,70.84373474121094,2.1330337524414062,1,70.73918914794922,70.6361312866211,0.103057861328125,1
random_000,5,24,"18.125,12.500,2.188","28.125,26.875,0.938",83.2599105834961,73.95877075195312,9.301139831542969,1,73.98107147216797,74.92655944824219,0.9454879760742188,1
random_000,5,25,"18.125,12.500,2.188","28.750,32.500,0.938",86.09489440917969,79.84712219238281,6.247772216796875,1,75.91020965576172,77.80116271972656,1.8909530639648438,1
random_000,5,26,"18.125,12.500,2.188","7.500,31.875,0.312",86.47196960449219,83.48432159423828,2.9876480102539062,1,76.11326599121094,76.3007583618164,0.18749237060546875,1
random_000,5,27,"18.125,12.500,2.188","28.750,12.500,0.312",66.67473602294922,66.88053131103516,0.2057952880859375,1,66.31925201416016,66.51980590820312,0.20055389404296875,1
random_000,5,28,"18.125,12.500,2.188","5.000,32.500,2.188",86.20500183105469,81.09857177734375,5.1064300537109375,1,77.45558166503906,77.68862915039062,0.2330474853515625,1
random_000,5,29,"18.125,12.500,2.188","28.125,33.125,0.312",86.1113052368164,82.41319274902344,3.6981124877929688,1,79.04710388183594,82.00867462158203,2.9615707397460938,1
random_000,6,7,"26.250,36.250,0.312","23.125,10.625,0.312",87.3210678100586,85.231201171875,2.0898666381835938,1,75.91837310791016,75.25874328613281,0.6596298217773438,1
random_000,6,8,"26.250,36.250,0.312","28.125,1.250,2.188",78.66436767578125,78.54399871826172,0.12036895751953125,1,75.22470092773438,75.64265441894531,0.4179534912109375,1
random_000,6,9,"26.250,36.250,0.312","1.250,31.875,0.312",73.20231628417969,73.35003662109375,0.1477203369140625,1,71.6989974975586,74.0927505493164,2.3937530517578125,1
random_000,6,10,"26.250,36.250,0.312","25.625,33.750,1.562",56.07341766357422,56.031578063964844,0.041839599609375,1,55.56264877319336,56.819091796875,1.2564430236816406,1
random_000,6,11,"26.250,36.250,0.312","29.375,6.250,1.562",76.9285888671875,77.36007690429688,0.431488037109375,1,73.03143310546875,74.0097885131836,0.9783554077148438,1
random_000,6,12,"26.250,36.250,0.312","31.875,11.250,0.938",74.2126693725586,74.0044174194336,0.208251953125,1,70.9267349243164,70.96400451660156,0.03726959228515625,1
random_000,6,13,"26.250,36.250,0.312","24.375,10.000,1.562",87.72270965576172,79.1587142944336,8.563995361328125,1,73.09132385253906,72.70804595947266,0.38327789306640625,1
random_000,6,14,"26.250,36.250,0.312","30.000,16.875,0.938",72.0078125,72.29815673828125,0.29034423828125,1,71.67830657958984,69.88098907470703,1.7973175048828125,1
random_000,6,15,"26.250,36.250,0.312","25.000,35.625,0.938",50.29153823852539,51.23223876953125,0.9407005310058594,1,48.68892288208008,48.68900680541992,8.392333984375e-05,1
random_000,6,16,"26.250,36.250,0.312","31.250,18.750,1.562",71.29088592529297,70.94967651367188,0.34120941162109375,1,69.89388275146484,70.96798706054688,1.0741043090820312,1
random_000,6,17,"26.250,36.250,0.312","30.625,12.500,0.312",73.65364074707031,74.09468078613281,0.4410400390625,1,75.32504272460938,74.60540008544922,0.7196426391601562,1
random_000,6,18,"26.250,36.250,0.312","6.250,17.500,1.562",86.16870880126953,88.60507202148438,2.4363632202148438,1,82.65425109863281,81.76785278320312,0.8863983154296875,1
random_000,6,19,"26.250,36.250,0.312","8.750,11.250,1.562",88.47359466552734,90.9945068359375,2.5209121704101562,1,82.13013458251953,83.2718505859375,1.1417160034179688,1
random_000,6,20,"26.250,36.250,0.312","38.125,23.750,2.188",69.97087860107422,69.10894012451172,0.8619384765625,1,68.38133239746094,69.81684112548828,1.4355087280273438,1
random_000,6,21,"26.250,36.250,0.312","1.250,10.625,0.938",87.00504302978516,91.29285430908203,4.287811279296875,1,82.42904663085938,82.77142333984375,0.342376708984375,1
random_000,6,22,"26.250,36.250,0.312","10.625,6.875,0.312",93.09561157226562,91.86433410644531,1.2312774658203125,1,85.37295532226562,83.90472412109375,1.468231201171875,1
random_000,6,23,"26.250,36.250,0.312","25.625,2.500,0.312",83.41979217529297,79.18477630615234,4.235015869140625,1,81.9011001586914,80.81365966796875,1.0874404907226562,1
random_000,6,24,"26.250,36.250,0.312","28.125,26.875,0.938",66.09326171875,65.75401306152344,0.3392486572265625,1,64.37692260742188,65.56607055664062,1.18914794921875,1
random_000,6,25,"26.250,36.250,0.312","28.750,32.500,0.938",60.032047271728516,60.64713668823242,0.6150894165039062,1,59.683895111083984,60.72832107543945,1.0444259643554688,1
random_000,6,26,"26.250,36.250,0.312","7.500,31.875,0.312",70.91896057128906,70.97117614746094,0.052215576171875,1,69.93339538574219,71.87836456298828,1.9449691772460938,1
random_000,6,27,"26.250,36.250,0.312","28.750,12.500,0.312",74.87184143066406,75.32820892333984,0.45636749267578125,1,73.9527816772461,76.12367248535156,2.1708908081054688,1
random_000,6,28,"26.250,36.250,0.312","5.000,32.500,2.188",72.44743347167969,72.0593032836914,0.38813018798828125,1,70.65591430664062,71.4275894165039,0.7716751098632812,1
random_000,6,29,"26.250,36.250,0.312","28.125,33.125,0.312",58.071231842041016,58.15248489379883,0.0812530517578125,1,58.00328826904297,57.9671516418457,0.036136627197265625,1
random_000,7,8,"23.125,10.625,0.312","28.125,1.250,2.188",69.59821319580078,69.01979064941406,0.5784225463867188,1,67.42196655273438,67.41588592529297,0.00608062744140625,1
random_000,7,9,"23.125,10.625,0.312","1.250,31.875,0.312",86.44795227050781,83.36334228515625,3.0846099853515625,1,78.65228271484375,79.51958465576172,0.8673019409179688,1
random_000,7,10,"23.125,10.625,0.312","25.625,33.750,1.562",84.52779388427734,86.70832824707031,2.1805343627929688,1,72.36664581298828,72.18245697021484,0.1841888427734375,1
random_000,7,11,"23.125,10.625,0.312","29.375,6.250,1.562",65.31407928466797,64.69676971435547,0.6173095703125,1,65.42498779296875,64.1915283203125,1.23345947265625,1
random_000,7,12,"23.125,10.625,0.312","31.875,11.250,0.938",65.29327392578125,65.33493041992188,0.041656494140625,1,65.30854034423828,65.27291107177734,0.0356292724609375,1
random_000,7,13,"23.125,10.625,0.312","24.375,10.000,1.562",52.67144012451172,52.37972640991211,0.2917137145996094,1,50.462345123291016,50.45946502685547,0.002880096435546875,1
random_000,7,14,"23.125,10.625,0.312","30.000,16.875,0.938",66.16551208496094,66.49981689453125,0.3343048095703125,1,66.81639099121094,65.71356201171875,1.1028289794921875,1
random_000,7,15,"23.125,10.625,0.312","25.000,35.625,0.938",84.51272583007812,87.60103607177734,3.0883102416992188,1,72.93855285644531,73.00726318359375,0.0687103271484375,1
random_000,7,16,"23.125,10.625,0.312","31.250,18.750,1.562",67.87052917480469,67.82327270507812,0.0472564697265625,1,66.54200744628906,67.6950912475586,1.1530838012695312,1
random_000,7,17,"23.125,10.625,0.312","30.625,12.500,0.312",64.11062622070312,64.27022552490234,0.15959930419921875,1,64.33837127685547,64.34359741210938,0.00522613525390625,1
random_000,7,18,"23.125,10.625,0.312","6.250,17.500,1.562",73.1069564819336,73.15314483642578,0.0461883544921875,1,70.81559753417969,70.43000793457031,0.385589599609375,1
random_000,7,19,"23.125,10.625,0.312","8.750,11.250,1.562",70.78984069824219,70.09544372558594,0.69439697265625,1,69.00762939453125,68.70808410644531,0.2995452880859375,1
random_000,7,20,"23.125,10.625,0.312","38.125,23.750,2.188",82.9159927368164,74.84690856933594,8.069084167480469,1,76.92025756835938,76.9659652709961,0.04570770263671875,1
random_000,7,21,"23.125,10.625,0.312","1.250,10.625,0.938",74.92269134521484,75.3851089477539,0.4624176025390625,1,70.8882827758789,71.47654724121094,0.5882644653320312,1
random_000,7,22,"23.125,10.625,0.312","10.625,6.875,0.312",68.6278076171875,67.8817367553711,0.7460708618164062,1,68.92403411865234,68.89130401611328,0.0327301025390625,1
random_000,7,23,"23.125,10.625,0.312","25.625,2.500,0.312",67.5674057006836,66.03052520751953,1.5368804931640625,1,64.33477783203125,64.41275787353516,0.07798004150390625,1
random_000,7,24,"23.125,10.625,0.312","28.125,26.875,0.938",82.12682342529297,72.03680419921875,10.090019226074219,1,70.04703521728516,69.86913299560547,0.1779022216796875,1
random_000,7,25,"23.125,10.625,0.312","28.750,32.500,0.938",83.78052520751953,75.14612579345703,8.6343994140625,1,72.4022445678711,72.84135437011719,0.43910980224609375,1
random_000,7,26,"23.125,10.625,0.312","7.500,31.875,0.312",87.75146484375,82.51152801513672,5.239936828613281,1,80.52590942382812,80.09832763671875,0.427581787109375,1
random_000,7,27,"23.125,10.625,0.312","28.750,12.500,0.312",61.971649169921875,62.05685043334961,0.08520126342773438,1,61.950828552246094,61.994510650634766,0.043682098388671875,1
random_000,7,28,"23.125,10.625,0.312","5.000,32.500,2.188",87.2439193725586,82.9321060180664,4.3118133544921875,1,78.13963317871094,79.0257339477539,0.8861007690429688,1
random_000,7,29,"23.125,10.625,0.312","28.125,33.125,0.312",84.2963638305664,79.6780014038086,4.6183624267578125,1,75.09113311767578,75.52276611328125,0.43163299560546875,1
random_000,8,9,"28.125,1.250,2.188","1.250,31.875,0.312",90.58914947509766,93.23097229003906,2.6418228149414062,1,84.2587661743164,84.0934066772461,0.1653594970703125,1
random_000,8,10,"28.125,1.250,2.188","25.625,33.750,1.562",78.00419616699219,78.12041473388672,0.11621856689453125,1,76.41261291503906,76.49424743652344,0.081634521484375,1
random_000,8,11,"28.125,1.250,2.188","29.375,6.250,1.562",60.67683410644531,61.41195297241211,0.7351188659667969,1,60.925628662109375,60.918914794921875,0.0067138671875,1
random_000,8,12,"28.125,1.250,2.188","31.875,11.250,0.938",67.01858520507812,67.28450775146484,0.26592254638671875,1,66.73863220214844,66.11805725097656,0.620574951171875,1
random_000,8,13,"28.125,1.250,2.188","24.375,10.000,1.562",66.43572235107422,66.03437042236328,0.4013519287109375,1,64.79859924316406,65.02230834960938,0.2237091064453125,1
random_000,8,14,"28.125,1.250,2.188","30.000,16.875,0.938",69.59774017333984,70.23944854736328,0.6417083740234375,1,70.08849334716797,69.33123779296875,0.7572555541992188,1
random_000,8,15,"28.125,1.250,2.188","25.000,35.625,0.938",78.43521118164062,79.8080062866211,1.3727951049804688,1,79.9205322265625,78.7806396484375,1.139892578125,1
random_000,8,16,"28.125,1.250,2.188","31.250,18.750,1.562",70.59113311767578,71.20240783691406,0.6112747192382812,1,70.58025360107422,69.56831359863281,1.0119400024414062,1
random_000,8,17,"28.125,1.250,2.188","30.625,12.500,0.312",67.58735656738281,67.9404067993164,0.35305023193359375,1,67.49496459960938,68.47540283203125,0.980438232421875,1
random_000,8,18,"28.125,1.250,2.188","6.250,17.500,1.562",81.44026947021484,84.99403381347656,3.5537643432617188,1,77.92234802246094,78.53731536865234,0.6149673461914062,1
random_000,8,19,"28.125,1.250,2.188","8.750,11.250,1.562",79.98141479492188,80.05184936523438,0.0704345703125,1,76.53245544433594,77.74344635009766,1.2109909057617188,1
random_000,8,20,"28.125,1.250,2.188","38.125,23.750,2.188",86.81116485595703,75.35759735107422,11.453567504882812,1,72.75910949707031,72.61103820800781,0.1480712890625,1
random_000,8,21,"28.125,1.250,2.188","1.250,10.625,0.938",77.13880157470703,77.87760925292969,0.7388076782226562,1,72.86317443847656,73.94563293457031,1.08245849609375,1
random_000,8,22,"28.125,1.250,2.188","10.625,6.875,0.312",72.09164428710938,73.17418670654297,1.0825424194335938,1,68.82183837890625,69.388671875,0.56683349609375,1
random_000,8,23,"28.125,1.250,2.188","25.625,2.500,0.312",58.100826263427734,56.876304626464844,1.2245216369628906,1,56.98207092285156,57.74302673339844,0.760955810546875,1
random_000,8,24,"28.125,1.250,2.188","28.125,26.875,0.938",75.88240814208984,75.71650695800781,0.16590118408203125,1,75.0198974609375,74.55741119384766,0.46248626708984375,1
random_000,8,25,"28.125,1.250,2.188","28.750,32.500,0.938",77.8290023803711,77.95723724365234,0.12823486328125,1,78.34123992919922,78.18937683105469,0.15186309814453125,1
random_000,8,26,"28.125,1.250,2.188","7.500,31.875,0.312",91.27538299560547,93.07763671875,1.8022537231445312,1,82.49505615234375,84.81571960449219,2.3206634521484375,1
random_000,8,27,"28.125,1.250,2.188","28.750,12.500,0.312",67.44913482666016,67.83695983886719,0.38782501220703125,1,67.685791015625,68.8856430053711,1.1998519897460938,1
random_000,8,28,"28.125,1.250,2.188","5.000,32.500,2.188",90.74560546875,93.63257598876953,2.8869705200195312,1,84.381591796875,85.0046157836914,0.6230239868164062,1
random_000,8,29,"28.125,1.250,2.188","28.125,33.125,0.312",77.57205963134766,77.97976684570312,0.40770721435546875,1,74.76261901855469,74.34231567382812,0.4203033447265625,1
random_000,9,10,"1.250,31.875,0.312","25.625,33.750,1.562",81.2610092163086,74.2828140258789,6.9781951904296875,1,71.637451171875,71.07127380371094,0.5661773681640625,1
random_000,9,11,"1.250,31.875,0.312","29.375,6.250,1.562",87.88673400878906,87.56732940673828,0.31940460205078125,1,80.84236145019531,81.23504638671875,0.3926849365234375,1
random_000,9,12,"1.250,31.875,0.312","31.875,11.250,0.938",87.11634826660156,88.3153305053711,1.1989822387695312,1,81.24629974365234,82.81273651123047,1.566436767578125,1
random_000,9,13,"1.250,31.875,0.312","24.375,10.000,1.562",83.63935852050781,86.80232238769531,3.1629638671875,1,79.15935516357422,78.39497375488281,0.7643814086914062,1
random_000,9,14,"1.250,31.875,0.312","30.000,16.875,0.938",86.05542755126953,86.06410217285156,0.00867462158203125,1,80.6071548461914,80.61624145507812,0.00908660888671875,1
random_000,9,15,"1.250,31.875,0.312","25.000,35.625,0.938",72.91993713378906,72.5181655883789,0.40177154541015625,1,68.29306030273438,68.8899154663086,0.5968551635742188,1
random_000,9,16,"1.250,31.875,0.312","31.250,18.750,1.562",86.91936492919922,86.15211486816406,0.7672500610351562,1,83.7971420288086,81.43436431884766,2.3627777099609375,1
random_000,9,17,"1.250,31.875,0.312","30.625,12.500,0.312",86.7442626953125,87.73064422607422,0.9863815307617188,1,82.11955261230469,81.4671401977539,0.6524124145507812,1
random_000,9,18,"1.250,31.875,0.312","6.250,17.500,1.562",78.41326904296875,77.43301391601562,0.980255126953125,1,73.10006713867188,71.74496459960938,1.3551025390625,1
random_000,9,19,"1.250,31.875,0.312","8.750,11.250,1.562",81.78695678710938,83.25743103027344,1.4704742431640625,1,74.76233673095703,74.18860626220703,0.57373046875,1
random_000,9,20,"1.250,31.875,0.312","38.125,23.750,2.188",85.72273254394531,83.99173736572266,1.7309951782226562,1,72.89116668701172,73.72868347167969,0.8375167846679688,1
random_000,9,21,"1.250,31.875,0.312","1.250,10.625,0.938",85.43592834472656,86.54975128173828,1.1138229370117188,1,76.21354675292969,69.94458770751953,6.268959045410156,1
random_000,9,22,"1.250,31.875,0.312","10.625,6.875,0.312",82.97352600097656,85.23057556152344,2.257049560546875,1,74.80868530273438,74.98876190185547,0.18007659912109375,1
random_000,9,23,"1.250,31.875,0.312","25.625,2.500,0.312",92.65248107910156,89.85416412353516,2.7983169555664062,1,86.3528823852539,88.35920715332031,2.0063247680664062,1
random_000,9,24,"1.250,31.875,0.312","28.125,26.875,0.938",84.94055938720703,76.23567962646484,8.704879760742188,1,73.74118041992188,73.79154205322266,0.05036163330078125,1
random_000,9,25,"1.250,31.875,0.312","28.750,32.500,0.938",83.4026870727539,75.42236328125,7.980323791503906,1,73.2863540649414,72.0474624633789,1.2388916015625,1
random_000,9,26,"1.250,31.875,0.312","7.500,31.875,0.312",60.988914489746094,61.22843551635742,0.23952102661132812,1,60.012115478515625,60.00292205810547,0.00919342041015625,1
random_000,9,27,"1.250,31.875,0.312","28.750,12.500,0.312",85.51188659667969,87.27648162841797,1.7645950317382812,1,80.25737762451172,81.71371459960938,1.4563369750976562,1
random_000,9,28,"1.250,31.875,0.312","5.000,32.500,2.188",58.81814956665039,59.30594253540039,0.48779296875,1,58.451229095458984,58.57732391357422,0.12609481811523438,1
random_000,9,29,"1.250,31.875,0.312","28.125,33.125,0.312",82.861328125,74.97308349609375,7.88824462890625,1,73.7098388671875,74.24443817138672,0.5345993041992188,1
random_000,10,11,"25.625,33.750,1.562","29.375,6.250,1.562",77.1460189819336,76.82624816894531,0.31977081298828125,1,76.12394714355469,76.27496337890625,0.1510162353515625,1
random_000,10,12,"25.625,33.750,1.562","31.875,11.250,0.938",74.3739242553711,74.05094146728516,0.3229827880859375,1,76.47956085205078,75.92924499511719,0.5503158569335938,1
random_000,10,13,"25.625,33.750,1.562","24.375,10.000,1.562",87.35282897949219,83.45213317871094,3.90069580078125,1,73.55107116699219,72.97926330566406,0.571807861328125,1
random_000,10,14,"25.625,33.750,1.562","30.000,16.875,0.938",72.19670104980469,72.9712905883789,0.7745895385742188,1,71.02239990234375,71.54019927978516,0.5177993774414062,1
random_000,10,15,"25.625,33.750,1.562","25.000,35.625,0.938",54.31730270385742,53.38811492919922,0.9291877746582031,1,52.85304260253906,52.86427307128906,0.01123046875,1
random_000,10,16,"25.625,33.750,1.562","31.250,18.750,1.562",69.99834442138672,70.17218017578125,0.17383575439453125,1,69.11902618408203,69.39141845703125,0.27239227294921875,1
random_000,10,17,"25.625,33.750,1.562","30.625,12.500,0.312",74.33622741699219,74.81705474853516,0.48082733154296875,1,70.7271499633789,70.59197235107422,0.1351776123046875,1
random_000,10,18,"25.625,33.750,1.562","6.250,17.500,1.562",84.79117584228516,88.64582061767578,3.854644775390625,1,80.47386932373047,83.34854888916016,2.8746795654296875,1
random_000,10,19,"25.625,33.750,1.562","8.750,11.250,1.562",88.21843719482422,90.57966613769531,2.3612289428710938,1,81.5213394165039,81.22367858886719,0.29766082763671875,1
random_000,10,20,"25.625,33.750,1.562","38.125,23.750,2.188",69.24882507324219,68.37826538085938,0.8705596923828125,1,65.54203033447266,65.741943359375,0.19991302490234375,1
random_000,10,21,"25.625,33.750,1.562","1.250,10.625,0.938",86.84672546386719,91.02900695800781,4.182281494140625,1,82.10609436035156,85.50836181640625,3.4022674560546875,1
random_000,10,22,"25.625,33.750,1.562","10.625,6.875,0.312",92.24983215332031,90.85517120361328,1.3946609497070312,1,86.49600219726562,83.80138397216797,2.6946182250976562,1
random_000,10,23,"25.625,33.750,1.562","25.625,2.500,0.312",83.48148345947266,80.87060546875,2.6108779907226562,1,75.51543426513672,78.3846435546875,2.8692092895507812,1
random_000,10,24,"25.625,33.750,1.562","28.125,26.875,0.938",64.0953140258789,63.63055419921875,0.46475982666015625,1,62.61109161376953,62.61654281616211,0.005451202392578125,1
random_000,10,25,"25.625,33.750,1.562","28.750,32.500,0.938",57.407989501953125,57.87964630126953,0.47165679931640625,1,57.352806091308594,57.37325668334961,0.020450592041015625,1
random_000,10,26,"25.625,33.750,1.562","7.500,31.875,0.312",72.08488464355469,79.23380279541016,7.148918151855469,1,71.19957733154297,70.51012420654297,0.689453125,1
random_000,10,27,"25.625,33.750,1.562","28.750,12.500,0.312",75.08697509765625,74.80491638183594,0.2820587158203125,1,70.71192932128906,70.46316528320312,0.2487640380859375,1
random_000,10,28,"25.625,33.750,1.562","5.000,32.500,2.188",73.22360229492188,81.08909606933594,7.8654937744140625,1,70.87039184570312,71.3295669555664,0.45917510986328125,1
random_000,10,29,"25.625,33.750,1.562","28.125,33.125,0.312",56.063899993896484,56.254573822021484,0.190673828125,1,55.84950256347656,55.85439682006836,0.004894256591796875,1
random_000,11,12,"29.375,6.250,1.562","31.875,11.250,0.938",61.744876861572266,62.20404052734375,0.4591636657714844,1,61.62348937988281,61.66231155395508,0.038822174072265625,1
random_000,11,13,"29.375,6.250,1.562","24.375,10.000,1.562",62.90201187133789,63.517635345458984,0.6156234741210938,1,62.55730056762695,62.56531524658203,0.008014678955078125,1
random_000,11,14,"29.375,6.250,1.562","30.000,16.875,0.938",66.885498046875,67.20653533935547,0.32103729248046875,1,66.71998596191406,66.72125244140625,0.0012664794921875,1
random_000,11,15,"29.375,6.250,1.562","25.000,35.625,0.938",77.2752914428711,85.58132934570312,8.306037902832031,1,74.65350341796875,73.6255111694336,1.0279922485351562,1
random_000,11,16,"29.375,6.250,1.562","31.250,18.750,1.562",68.21162414550781,68.40780639648438,0.1961822509765625,1,67.8653564453125,67.84061431884766,0.02474212646484375,1
random_000,11,17,"29.375,6.250,1.562","30.625,12.500,0.312",62.88037872314453,63.28614807128906,0.40576934814453125,1,62.866416931152344,62.88105010986328,0.0146331787109375,1
random_000,11,18,"29.375,6.250,1.562","6.250,17.500,1.562",76.216552734375,76.90943145751953,0.6928787231445312,1,73.13526916503906,73.41058349609375,0.2753143310546875,1
random_000,11,19,"29.375,6.250,1.562","8.750,11.250,1.562",74.92024993896484,74.3172607421875,0.6029891967773438,1,72.248046875,72.2640380859375,0.0159912109375,1
random_000,11,20,"29.375,6.250,1.562","38.125,23.750,2.188",83.13587951660156,73.10174560546875,10.034133911132812,1,73.2708740234375,73.38064575195312,0.109771728515625,1
random_000,11,21,"29.375,6.250,1.562","1.250,10.625,0.938",77.2638168334961,77.73501586914062,0.47119903564453125,1,72.88162994384766,73.17857360839844,0.29694366455078125,1
random_000,11,22,"29.375,6.250,1.562","10.625,6.875,0.312",70.8707504272461,71.63774108886719,0.7669906616210938,1,70.5322265625,70.36427307128906,0.1679534912109375,1
random_000,11,23,"29.375,6.250,1.562","25.625,2.500,0.312",62.7818603515625,61.72339630126953,1.0584640502929688,1,61.24103927612305,61.95323181152344,0.7121925354003906,1
random_000,11,24,"29.375,6.250,1.562","28.125,26.875,0.938",73.65699005126953,73.46995544433594,0.18703460693359375,1,71.19062805175781,71.23017883300781,0.03955078125,1
random_000,11,25,"29.375,6.250,1.562","28.750,32.500,0.938",74.88477325439453,74.70333099365234,0.1814422607421875,1,74.3777084350586,74.43440246582031,0.05669403076171875,1
random_000,11,26,"29.375,6.250,1.562","7.500,31.875,0.312",88.55391693115234,87.63353729248047,0.920379638671875,1,80.09352111816406,79.79356384277344,0.299957275390625,1
random_000,11,27,"29.375,6.250,1.562","28.750,12.500,0.312",62.87965393066406,63.16263198852539,0.2829780578613281,1,62.774681091308594,61.828250885009766,0.9464302062988281,1
random_000,11,28,"29.375,6.250,1.562","5.000,32.500,2.188",87.93549346923828,88.4967041015625,0.5612106323242188,1,81.80770111083984,81.78649139404297,0.021209716796875,1
random_000,11,29,"29.375,6.250,1.562","28.125,33.125,0.312",75.96923828125,76.56639862060547,0.5971603393554688,1,77.86878967285156,75.76268005371094,2.106109619140625,1
random_000,12,13,"31.875,11.250,0.938","24.375,10.000,1.562",64.03677368164062,64.1966781616211,0.15990447998046875,1,64.18090057373047,63.720558166503906,0.4603424072265625,1
random_000,12,14,"31.875,11.250,0.938","30.000,16.875,0.938",62.03738784790039,62.556304931640625,0.5189170837402344,1,62.019554138183594,61.97780990600586,0.041744232177734375,1
random_000,12,15,"31.875,11.250,0.938","25.000,35.625,0.938",75.43376922607422,75.50532531738281,0.07155609130859375,1,75.7226791381836,75.72750091552734,0.00482177734375,1
random_000,12,16,"31.875,11.250,0.938","31.250,18.750,1.562",64.16403198242188,64.46014404296875,0.296112060546875,1,63.779415130615234,63.93617630004883,0.15676116943359375,1
random_000,12,17,"31.875,11.250,0.938","30.625,12.500,0.312",52.29587173461914,52.37425231933594,0.07838058471679688,1,52.194522857666016,52.18903350830078,0.005489349365234375,1
random_000,12,18,"31.875,11.250,0.938","6.250,17.500,1.562",74.07019805908203,74.10476684570312,0.03456878662109375,1,71.864013671875,72.54473114013672,0.6807174682617188,1
random_000,12,19,"31.875,11.250,0.938","8.750,11.250,1.562",75.67735290527344,73.79986572265625,1.8774871826171875,1,72.03976440429688,71.49713134765625,0.542633056640625,1
random_000,12,20,"31.875,11.250,0.938","38.125,23.750,2.188",79.6109390258789,70.1466064453125,9.464332580566406,1,70.07283020019531,70.1556625366211,0.08283233642578125,1
random_000,12,21,"31.875,11.250,0.938","1.250,10.625,0.938",78.26276397705078,78.6417465209961,0.3789825439453125,1,72.98448181152344,75.43252563476562,2.4480438232421875,1
random_000,12,22,"31.875,11.250,0.938","10.625,6.875,0.312",72.43402099609375,71.7867431640625,0.64727783203125,1,71.00042724609375,72.74470520019531,1.7442779541015625,1
random_000,12,23,"31.875,11.250,0.938","25.625,2.500,0.312",67.3486099243164,67.31478881835938,0.03382110595703125,1,66.5383071899414,66.65856170654297,0.1202545166015625,1
random_000,12,24,"31.875,11.250,0.938","28.125,26.875,0.938",70.4169921875,70.08411407470703,0.33287811279296875,1,69.1941909790039,69.43235778808594,0.23816680908203125,1
random_000,12,25,"31.875,11.250,0.938","28.750,32.500,0.938",72.52371978759766,72.50690460205078,0.016815185546875,1,71.14175415039062,71.05148315429688,0.09027099609375,1
random_000,12,26,"31.875,11.250,0.938","7.500,31.875,0.312",88.29512023925781,87.37089538574219,0.924224853515625,1,81.27365112304688,83.8345718383789,2.5609207153320312,1
random_000,12,27,"31.875,11.250,0.938","28.750,12.500,0.312",57.33686065673828,57.458106994628906,0.121246337890625,1,57.416099548339844,57.43976974487305,0.023670196533203125,1
random_000,12,28,"31.875,11.250,0.938","5.000,32.500,2.188",88.18124389648438,87.88432312011719,0.2969207763671875,1,82.66341400146484,85.59928894042969,2.9358749389648438,1
random_000,12,29,"31.875,11.250,0.938","28.125,33.125,0.312",72.47577667236328,72.82417297363281,0.34839630126953125,1,70.98988342285156,71.15487670898438,0.1649932861328125,1
random_000,13,14,"24.375,10.000,1.562","30.000,16.875,0.938",65.78609466552734,66.37248992919922,0.586395263671875,1,64.42281341552734,65.48558044433594,1.0627670288085938,1
random_000,13,15,"24.375,10.000,1.562","25.000,35.625,0.938",82.25341796875,88.72721862792969,6.4738006591796875,1,75.43213653564453,76.05209350585938,0.6199569702148438,1
random_000,13,16,"24.375,10.000,1.562","31.250,18.750,1.562",67.58393096923828,67.5496826171875,0.03424835205078125,1,66.60211944580078,67.06851959228516,0.466400146484375,1
random_000,13,17,"24.375,10.000,1.562","30.625,12.500,0.312",63.14485549926758,63.22886276245117,0.08400726318359375,1,63.2154655456543,63.220542907714844,0.005077362060546875,1
random_000,13,18,"24.375,10.000,1.562","6.250,17.500,1.562",73.61823272705078,73.88391876220703,0.26568603515625,1,70.65621948242188,70.79376220703125,0.137542724609375,1
random_000,13,19,"24.375,10.000,1.562","8.750,11.250,1.562",71.29283142089844,70.91505432128906,0.377777099609375,1,69.69349670410156,69.61333465576172,0.08016204833984375,1
random_000,13,20,"24.375,10.000,1.562","38.125,23.750,2.188",83.23607635498047,74.39948272705078,8.836593627929688,1,74.24870300292969,74.6041030883789,0.35540008544921875,1
random_000,13,21,"24.375,10.000,1.562","1.250,10.625,0.938",75.44766998291016,76.2395248413086,0.7918548583984375,1,71.43312072753906,71.24480438232422,0.18831634521484375,1
random_000,13,22,"24.375,10.000,1.562","10.625,6.875,0.312",69.1261978149414,68.76103973388672,0.3651580810546875,1,67.99562072753906,66.59893798828125,1.3966827392578125,1
random_000,13,23,"24.375,10.000,1.562","25.625,2.500,0.312",66.02888488769531,65.21382904052734,0.8150558471679688,1,66.046630859375,67.99095916748047,1.9443283081054688,1
random_000,13,24,"24.375,10.000,1.562","28.125,26.875,0.938",81.41455078125,72.67405700683594,8.740493774414062,1,72.0450210571289,72.11064147949219,0.06562042236328125,1
random_000,13,25,"24.375,10.000,1.562","28.750,32.500,0.938",77.46331787109375,74.86952209472656,2.5937957763671875,1,74.81015014648438,74.40886688232422,0.40128326416015625,1
random_000,13,26,"24.375,10.000,1.562","7.500,31.875,0.312",88.05689239501953,83.03890991210938,5.017982482910156,1,78.16071319580078,79.119384765625,0.9586715698242188,1
random_000,13,27,"24.375,10.000,1.562","28.750,12.500,0.312",61.010379791259766,61.11397933959961,0.10359954833984375,1,61.672462463378906,60.94896697998047,0.7234954833984375,1
random_000,13,28,"24.375,10.000,1.562","5.000,32.500,2.188",87.50537872314453,83.58279418945312,3.9225845336914062,1,79.87162780761719,80.22381591796875,0.3521881103515625,1
random_000,13,29,"24.375,10.000,1.562","28.125,33.125,0.312",80.15902709960938,75.7001724243164,4.458854675292969,1,72.83402252197266,72.92920684814453,0.095184326171875,1
random_000,14,15,"30.000,16.875,0.938","25.000,35.625,0.938",73.745361328125,73.24490356445312,0.500457763671875,1,69.60774230957031,70.62831115722656,1.02056884765625,1
random_000,14,16,"30.000,16.875,0.938","31.250,18.750,1.562",54.11018753051758,55.02875900268555,0.9185714721679688,1,54.12522888183594,54.136749267578125,0.0115203857421875,1
random_000,14,17,"30.000,16.875,0.938","30.625,12.500,0.312",59.69844055175781,59.53664016723633,0.16180038452148438,1,59.61119079589844,59.601356506347656,0.00983428955078125,1
random_000,14,18,"30.000,16.875,0.938","6.250,17.500,1.562",72.90160369873047,72.74376678466797,0.1578369140625,1,71.7890853881836,71.6309814453125,0.15810394287109375,1
random_000,14,19,"30.000,16.875,0.938","8.750,11.250,1.562",74.89839172363281,73.43762969970703,1.4607620239257812,1,71.68885803222656,71.9906005859375,0.3017425537109375,1
random_000,14,20,"30.000,16.875,0.938","38.125,23.750,2.188",70.94237518310547,68.91742706298828,2.0249481201171875,1,69.8233642578125,70.01520538330078,0.19184112548828125,1
random_000,14,21,"30.000,16.875,0.938","1.250,10.625,0.938",77.24241638183594,76.3228988647461,0.9195175170898438,1,73.80743408203125,73.88551330566406,0.0780792236328125,1
random_000,14,22,"30.000,16.875,0.938","10.625,6.875,0.312",73.3011703491211,71.99054718017578,1.3106231689453125,1,69.00628662109375,70.63298797607422,1.6267013549804688,1
random_000,14,23,"30.000,16.875,0.938","25.625,2.500,0.312",69.70161437988281,69.34260559082031,0.3590087890625,1,69.89125061035156,69.75251770019531,0.13873291015625,1
random_000,14,24,"30.000,16.875,0.938","28.125,26.875,0.938",67.26725006103516,67.07826232910156,0.18898773193359375,1,66.4188232421875,66.40000915527344,0.0188140869140625,1
random_000,14,25,"30.000,16.875,0.938","28.750,32.500,0.938",70.2412338256836,70.15394592285156,0.08728790283203125,1,69.2549057006836,69.11808776855469,0.13681793212890625,1
random_000,14,26,"30.000,16.875,0.938","7.500,31.875,0.312",85.91372680664062,86.34237670898438,0.42864990234375,1,80.11386108398438,80.6685562133789,0.5546951293945312,1
random_000,14,27,"30.000,16.875,0.938","28.750,12.500,0.312",60.57866668701172,59.96785354614258,0.6108131408691406,1,59.92348098754883,59.903507232666016,0.0199737548828125,1
random_000,14,28,"30.000,16.875,0.938","5.000,32.500,2.188",85.98542785644531,87.02275848388672,1.0373306274414062,1,79.962890625,80.21874237060547,0.25585174560546875,1
random_000,14,29,"30.000,16.875,0.938","28.125,33.125,0.312",70.3261947631836,70.48976135253906,0.16356658935546875,1,69.83079528808594,69.67610168457031,0.154693603515625,1
random_000,15,16,"25.000,35.625,0.938","31.250,18.750,1.562",71.0009536743164,70.77828979492188,0.22266387939453125,1,68.92737579345703,68.97888946533203,0.051513671875,1
random_000,15,17,"25.000,35.625,0.938","30.625,12.500,0.312",75.60211181640625,75.23713684082031,0.3649749755859375,1,70.55519104003906,71.1517333984375,0.5965423583984375,1
random_000,15,18,"25.000,35.625,0.938","6.250,17.500,1.562",87.63433837890625,89.36829376220703,1.7339553833007812,1,82.27702331542969,82.62641906738281,0.349395751953125,1
random_000,15,19,"25.000,35.625,0.938","8.750,11.250,1.562",88.0844497680664,90.27841186523438,2.1939620971679688,1,81.01966094970703,80.41325378417969,0.6064071655273438,1
random_000,15,20,"25.000,35.625,0.938","38.125,23.750,2.188",70.29168701171875,69.13202667236328,1.1596603393554688,1,67.84355926513672,67.97978973388672,0.13623046875,1
random_000,15,21,"25.000,35.625,0.938","1.250,10.625,0.938",87.04389190673828,90.9317626953125,3.8878707885742188,1,83.3945083618164,83.4162826538086,0.0217742919921875,1
random_000,15,22,"25.000,35.625,0.938","10.625,6.875,0.312",93.16920471191406,91.43572998046875,1.7334747314453125,1,86.89299011230469,85.15837860107422,1.7346115112304688,1
random_000,15,23,"25.000,35.625,0.938","25.625,2.500,0.312",90.90300750732422,81.95703125,8.945976257324219,1,77.83328247070312,78.40987396240234,0.5765914916992188,1
random_000,15,24,"25.000,35.625,0.938","28.125,26.875,0.938",66.02800750732422,65.38977813720703,0.6382293701171875,1,63.492435455322266,63.971405029296875,0.4789695739746094,1
random_000,15,25,"25.000,35.625,0.938","28.750,32.500,0.938",60.95362091064453,61.68278503417969,0.7291641235351562,1,59.877071380615234,60.38878631591797,0.5117149353027344,1
random_000,15,26,"25.000,35.625,0.938","7.500,31.875,0.312",70.41775512695312,70.29837036132812,0.119384765625,1,68.57052612304688,66.91407775878906,1.6564483642578125,1
random_000,15,27,"25.000,35.625,0.938","28.750,12.500,0.312",78.36825561523438,75.32723236083984,3.0410232543945312,1,71.62238311767578,73.28321838378906,1.6608352661132812,1
random_000,15,28,"25.000,35.625,0.938","5.000,32.500,2.188",71.54719543457031,71.57080841064453,0.02361297607421875,1,69.16787719726562,68.65069580078125,0.517181396484375,1
random_000,15,29,"25.000,35.625,0.938","28.125,33.125,0.312",59.371315002441406,59.771915435791016,0.4006004333496094,1,58.59400939941406,58.12342071533203,0.47058868408203125,1
random_000,16,17,"31.250,18.750,1.562","30.625,12.500,0.312",62.82215118408203,62.744102478027344,0.0780487060546875,1,62.74217224121094,62.608665466308594,0.13350677490234375,1
random_000,16,18,"31.250,18.750,1.562","6.250,17.500,1.562",73.43799591064453,73.08560180664062,0.35239410400390625,1,72.73146057128906,73.08172607421875,0.3502655029296875,1
random_000,16,19,"31.250,18.750,1.562","8.750,11.250,1.562",75.7803726196289,74.47632598876953,1.304046630859375,1,71.27686309814453,71.025146484375,0.25171661376953125,1
random_000,16,20,"31.250,18.750,1.562","38.125,23.750,2.188",69.00747680664062,66.99832153320312,2.0091552734375,1,69.0899658203125,69.00135803222656,0.0886077880859375,1
random_000,16,21,"31.250,18.750,1.562","1.250,10.625,0.938",77.90867614746094,77.29319763183594,0.615478515625,1,74.21385192871094,73.59259033203125,0.6212615966796875,1
random_000,16,22,"31.250,18.750,1.562","10.625,6.875,0.312",74.42765045166016,72.97049713134766,1.4571533203125,1,73.24156951904297,72.56503295898438,0.6765365600585938,1
random_000,16,23,"31.250,18.750,1.562","25.625,2.500,0.312",70.67720794677734,70.42021942138672,0.256988525390625,1,69.90301513671875,69.61595153808594,0.2870635986328125,1
random_000,16,24,"31.250,18.750,1.562","28.125,26.875,0.938",65.47857666015625,65.80874633789062,0.330169677734375,1,65.63671875,64.77820587158203,0.8585128784179688,1
random_000,16,25,"31.250,18.750,1.562","28.750,32.500,0.938",69.21807098388672,69.17576599121094,0.04230499267578125,1,68.5329360961914,68.5296401977539,0.0032958984375,1
random_000,16,26,"31.250,18.750,1.562","7.500,31.875,0.312",85.85733032226562,87.85401916503906,1.9966888427734375,1,81.69246673583984,80.61006164550781,1.0824050903320312,1
random_000,16,27,"31.250,18.750,1.562","28.750,12.500,0.312",63.47874069213867,63.41698455810547,0.061756134033203125,1,63.133033752441406,63.09001541137695,0.043018341064453125,1
random_000,16,28,"31.250,18.750,1.562","5.000,32.500,2.188",86.49594116210938,88.46018981933594,1.9642486572265625,1,81.49667358398438,83.09638977050781,1.5997161865234375,1
random_000,16,29,"31.250,18.750,1.562","28.125,33.125,0.312",69.22624969482422,69.7158203125,0.48957061767578125,1,68.91572570800781,68.9086685180664,0.00705718994140625,1
random_000,17,18,"30.625,12.500,0.312","6.250,17.500,1.562",73.26113891601562,73.63516998291016,0.37403106689453125,1,70.31824493408203,70.34135437011719,0.02310943603515625,1
random_000,17,19,"30.625,12.500,0.312","8.750,11.250,1.562",74.98270416259766,73.17672729492188,1.8059768676757812,1,71.49154663085938,70.73494720458984,0.7565994262695312,1
random_000,17,20,"30.625,12.500,0.312","38.125,23.750,2.188",78.7477798461914,69.6191635131836,9.128616333007812,1,69.82090759277344,69.8655776977539,0.04467010498046875,1
random_000,17,21,"30.625,12.500,0.312","1.250,10.625,0.938",77.8187255859375,77.99374389648438,0.175018310546875,1,73.30172729492188,74.48394775390625,1.182220458984375,1
random_000,17,22,"30.625,12.500,0.312","10.625,6.875,0.312",72.2210464477539,71.32539367675781,0.8956527709960938,1,72.08543395996094,71.70867156982422,0.37676239013671875,1
random_000,17,23,"30.625,12.500,0.312","25.625,2.500,0.312",67.52763366699219,67.6044692993164,0.07683563232421875,1,67.50843811035156,67.60003662109375,0.0915985107421875,1
random_000,17,24,"30.625,12.500,0.312","28.125,26.875,0.938",69.68516540527344,69.7298812866211,0.04471588134765625,1,70.64525604248047,69.91729736328125,0.7279586791992188,1
random_000,17,25,"30.625,12.500,0.312","28.750,32.500,0.938",72.10909271240234,71.97725677490234,0.1318359375,1,70.09976959228516,70.45315551757812,0.35338592529296875,1
random_000,17,26,"30.625,12.500,0.312","7.500,31.875,0.312",87.72986602783203,87.21490478515625,0.5149612426757812,1,81.97068786621094,82.41703033447266,0.44634246826171875,1
random_000,17,27,"30.625,12.500,0.312","28.750,12.500,0.312",52.045249938964844,52.139549255371094,0.09429931640625,1,52.22429656982422,52.22676086425781,0.00246429443359375,1
random_000,17,28,"30.625,12.500,0.312","5.000,32.500,2.188",87.6249008178711,87.7996597290039,0.1747589111328125,1,80.20294189453125,79.46015930175781,0.7427825927734375,1
random_000,17,29,"30.625,12.500,0.312","28.125,33.125,0.312",72.12259674072266,72.5112075805664,0.38861083984375,1,71.98699188232422,71.49933624267578,0.4876556396484375,1
random_000,18,19,"6.250,17.500,1.562","8.750,11.250,1.562",62.57006072998047,63.04380798339844,0.47374725341796875,1,63.04208755493164,62.980506896972656,0.061580657958984375,1
random_000,18,20,"6.250,17.500,1.562","38.125,23.750,2.188",78.85832214355469,76.23118591308594,2.62713623046875,1,72.71931457519531,72.8331298828125,0.1138153076171875,1
random_000,18,21,"6.250,17.500,1.562","1.250,10.625,0.938",68.00676727294922,67.52373504638672,0.4830322265625,1,65.43661499023438,65.03011322021484,0.40650177001953125,1
random_000,18,22,"6.250,17.500,1.562","10.625,6.875,0.312",66.79405212402344,67.02738952636719,0.23333740234375,1,66.10266876220703,66.90907287597656,0.8064041137695312,1
random_000,18,23,"6.250,17.500,1.562","25.625,2.500,0.312",83.60369110107422,80.8912582397461,2.712432861328125,1,77.4990234375,76.45645904541016,1.0425643920898438,1
random_000,18,24,"6.250,17.500,1.562","28.125,26.875,0.938",89.16957092285156,81.47135162353516,7.698219299316406,1,78.90491485595703,79.99925231933594,1.0943374633789062,1
random_000,18,25,"6.250,17.500,1.562","28.750,32.500,0.938",90.17859649658203,85.89043426513672,4.2881622314453125,1,82.69715118408203,81.64733123779297,1.0498199462890625,1
random_000,18,26,"6.250,17.500,1.562","7.500,31.875,0.312",80.96817779541016,79.85026550292969,1.1179122924804688,1,72.01237487792969,71.840576171875,0.1717987060546875,1
random_000,18,27,"6.250,17.500,1.562","28.750,12.500,0.312",72.49742126464844,72.79815673828125,0.3007354736328125,1,69.53485107421875,69.45387268066406,0.0809783935546875,1
random_000,18,28,"6.250,17.500,1.562","5.000,32.500,2.188",80.43385314941406,79.83956909179688,0.5942840576171875,1,71.14497375488281,70.47122955322266,0.6737442016601562,1
random_000,18,29,"6.250,17.500,1.562","28.125,33.125,0.312",89.5923843383789,86.17826080322266,3.41412353515625,1,80.11618041992188,79.75466918945312,0.36151123046875,1
random_000,19,20,"8.750,11.250,1.562","38.125,23.750,2.188",87.84906768798828,85.34689331054688,2.5021743774414062,1,79.81049346923828,79.88218688964844,0.07169342041015625,1
random_000,19,21,"8.750,11.250,1.562","1.250,10.625,0.938",63.13994216918945,63.23598861694336,0.09604644775390625,1,62.70317459106445,62.78833770751953,0.08516311645507812,1
random_000,19,22,"8.750,11.250,1.562","10.625,6.875,0.312",60.22530746459961,60.14769744873047,0.07761001586914062,1,59.77192306518555,59.81819534301758,0.04627227783203125,1
random_000,19,23,"8.750,11.250,1.562","25.625,2.500,0.312",78.70246124267578,78.85270690917969,0.15024566650390625,1,75.99622344970703,73.95816802978516,2.038055419921875,1
random_000,19,24,"8.750,11.250,1.562","28.125,26.875,0.938",90.12285614013672,86.11917114257812,4.003684997558594,1,82.13286590576172,80.5096435546875,1.6232223510742188,1
random_000,19,25,"8.750,11.250,1.562","28.750,32.500,0.938",91.58379364013672,87.91445922851562,3.6693344116210938,1,82.04063415527344,82.44510650634766,0.40447235107421875,1
random_000,19,26,"8.750,11.250,1.562","7.500,31.875,0.312",85.61946868896484,84.01167297363281,1.6077957153320312,1,80.02381896972656,74.11697387695312,5.9068450927734375,1
random_000,19,27,"8.750,11.250,1.562","28.750,12.500,0.312",72.37128448486328,73.7941665649414,1.422882080078125,1,71.581298828125,70.98802185058594,0.5932769775390625,1
random_000,19,28,"8.750,11.250,1.562","5.000,32.500,2.188",85.25343322753906,83.97335052490234,1.2800827026367188,1,74.83738708496094,74.6630859375,0.1743011474609375,1
random_000,19,29,"8.750,11.250,1.562","28.125,33.125,0.312",91.12479400634766,88.78533172607422,2.3394622802734375,1,81.00700378417969,80.47787475585938,0.5291290283203125,1
random_000,20,21,"38.125,23.750,2.188","1.250,10.625,0.938",83.50740051269531,89.06755065917969,5.560150146484375,1,85.13034057617188,79.82386016845703,5.306480407714844,1
random_000,20,22,"38.125,23.750,2.188","10.625,6.875,0.312",85.24748992919922,87.53024291992188,2.2827529907226562,1,80.99363708496094,79.23945617675781,1.754180908203125,1
random_000,20,23,"38.125,23.750,2.188","25.625,2.500,0.312",75.36214447021484,86.21057891845703,10.848434448242188,1,74.92948913574219,75.76345825195312,0.8339691162109375,1
random_000,20,24,"38.125,23.750,2.188","28.125,26.875,0.938",65.77787017822266,66.5316162109375,0.7537460327148438,1,65.4087142944336,65.46202850341797,0.053314208984375,1
random_000,20,25,"38.125,23.750,2.188","28.750,32.500,0.938",67.37191772460938,67.62848663330078,0.25656890869140625,1,65.69815063476562,65.85553741455078,0.15738677978515625,1
random_000,20,26,"38.125,23.750,2.188","7.500,31.875,0.312",80.10781860351562,81.03373718261719,0.9259185791015625,1,73.35073852539062,72.04219818115234,1.3085403442382812,1
random_000,20,27,"38.125,23.750,2.188","28.750,12.500,0.312",70.93828582763672,79.70858001708984,8.770294189453125,1,71.63025665283203,71.59085845947266,0.039398193359375,1
random_000,20,28,"38.125,23.750,2.188","5.000,32.500,2.188",80.84955596923828,84.94060516357422,4.0910491943359375,1,75.3190689086914,71.58656311035156,3.7325057983398438,1
random_000,20,29,"38.125,23.750,2.188","28.125,33.125,0.312",67.68668365478516,68.12757873535156,0.44089508056640625,1,66.0885238647461,65.90455627441406,0.18396759033203125,1
random_000,21,22,"1.250,10.625,0.938","10.625,6.875,0.312",66.26248931884766,65.72057342529297,0.5419158935546875,1,65.01573181152344,65.91569519042969,0.89996337890625,1
random_000,21,23,"1.250,10.625,0.938","25.625,2.500,0.312",76.79108428955078,76.4796371459961,0.3114471435546875,1,79.1777572631836,73.37151336669922,5.806243896484375,1
random_000,21,24,"1.250,10.625,0.938","28.125,26.875,0.938",91.36112213134766,84.12487030029297,7.2362518310546875,1,80.86721801757812,81.73468780517578,0.8674697875976562,1
random_000,21,25,"1.250,10.625,0.938","28.750,32.500,0.938",92.81951141357422,88.10724639892578,4.7122650146484375,1,82.23704528808594,82.200927734375,0.0361175537109375,1
random_000,21,26,"1.250,10.625,0.938","7.500,31.875,0.312",86.93415832519531,84.94546508789062,1.9886932373046875,1,75.36557006835938,74.15560913085938,1.2099609375,1
random_000,21,27,"1.250,10.625,0.938","28.750,12.500,0.312",77.92864990234375,77.13689422607422,0.7917556762695312,1,73.82861328125,72.78640747070312,1.042205810546875,1
random_000,21,28,"1.250,10.625,0.938","5.000,32.500,2.188",87.4889907836914,87.14984893798828,0.339141845703125,1,73.98432922363281,84.03479766845703,10.050468444824219,1
random_000,21,29,"1.250,10.625,0.938","28.125,33.125,0.312",92.56919860839844,88.45413208007812,4.1150665283203125,1,84.01549530029297,83.43630981445312,0.5791854858398438,1
random_000,22,23,"10.625,6.875,0.312","25.625,2.500,0.312",72.15784454345703,70.93150329589844,1.2263412475585938,1,69.53614807128906,70.5880126953125,1.0518646240234375,1
random_000,22,24,"10.625,6.875,0.312","28.125,26.875,0.938",88.79196166992188,87.69013977050781,1.1018218994140625,1,79.01641845703125,79.51554107666016,0.49912261962890625,1
random_000,22,25,"10.625,6.875,0.312","28.750,32.500,0.938",90.96501922607422,91.00230407714844,0.03728485107421875,1,86.52626037597656,85.24047088623047,1.2857894897460938,1
random_000,22,26,"10.625,6.875,0.312","7.500,31.875,0.312",87.46028900146484,87.03533172607422,0.424957275390625,1,74.42064666748047,74.962890625,0.5422439575195312,1
random_000,22,27,"10.625,6.875,0.312","28.750,12.500,0.312",70.6390380859375,71.67589569091797,1.0368576049804688,1,72.18222045898438,72.06622314453125,0.115997314453125,1
random_000,22,28,"10.625,6.875,0.312","5.000,32.500,2.188",86.8021469116211,86.49075317382812,0.31139373779296875,1,75.08592224121094,75.6486587524414,0.5627365112304688,1
random_000,22,29,"10.625,6.875,0.312","28.125,33.125,0.312",90.80093383789062,91.12236022949219,0.3214263916015625,1,86.93975830078125,84.37423706054688,2.565521240234375,1
random_000,23,24,"25.625,2.500,0.312","28.125,26.875,0.938",77.77977752685547,75.9888687133789,1.7909088134765625,1,73.03235626220703,73.71774291992188,0.6853866577148438,1
random_000,23,25,"25.625,2.500,0.312","28.750,32.500,0.938",77.75868225097656,79.31419372558594,1.555511474609375,1,73.7367172241211,74.80426025390625,1.0675430297851562,1
random_000,23,26,"25.625,2.500,0.312","7.500,31.875,0.312",90.84138488769531,94.38365936279297,3.5422744750976562,1,84.29481506347656,85.65873718261719,1.363922119140625,1
random_000,23,27,"25.625,2.500,0.312","28.750,12.500,0.312",67.25699615478516,66.95857238769531,0.29842376708984375,1,66.47450256347656,66.46615600585938,0.0083465576171875,1
random_000,23,28,"25.625,2.500,0.312","5.000,32.500,2.188",90.17916870117188,94.17181396484375,3.992645263671875,1,83.38377380371094,85.54114532470703,2.1573715209960938,1
random_000,23,29,"25.625,2.500,0.312","28.125,33.125,0.312",77.74271392822266,79.27749633789062,1.5347824096679688,1,76.3237075805664,79.90721130371094,3.5835037231445312,1
random_000,24,25,"28.125,26.875,0.938","28.750,32.500,0.938",61.67411422729492,61.79898452758789,0.12487030029296875,1,61.87479019165039,61.3618049621582,0.5129852294921875,1
random_000,24,26,"28.125,26.875,0.938","7.500,31.875,0.312",74.20569610595703,83.73021697998047,9.524520874023438,1,71.85578918457031,69.2970962524414,2.5586929321289062,1
random_000,24,27,"28.125,26.875,0.938","28.750,12.500,0.312",70.69263458251953,70.81692504882812,0.12429046630859375,1,68.29764556884766,67.95243835449219,0.34520721435546875,1
random_000,24,28,"28.125,26.875,0.938","5.000,32.500,2.188",75.36022186279297,85.05180358886719,9.691581726074219,1,73.75652313232422,73.21736907958984,0.539154052734375,1
random_000,24,29,"28.125,26.875,0.938","28.125,33.125,0.312",62.4201545715332,62.61009216308594,0.18993759155273438,1,60.945823669433594,62.04459762573242,1.0987739562988281,1
random_000,25,26,"28.750,32.500,0.938","7.500,31.875,0.312",73.72288513183594,81.85688781738281,8.134002685546875,1,70.64108276367188,69.45050811767578,1.1905746459960938,1
random_000,25,27,"28.750,32.500,0.938","28.750,12.500,0.312",72.5735092163086,74.36996459960938,1.7964553833007812,1,78.96139526367188,80.68148803710938,1.7200927734375,1
random_000,25,28,"28.750,32.500,0.938","5.000,32.500,2.188",74.7807846069336,83.27980041503906,8.499015808105469,1,72.7342529296875,72.06585693359375,0.66839599609375,1
random_000,25,29,"28.750,32.500,0.938","28.125,33.125,0.312",47.25809860229492,47.35543441772461,0.0973358154296875,1,47.461551666259766,47.458740234375,0.002811431884765625,1
random_000,26,27,"7.500,31.875,0.312","28.750,12.500,0.312",85.83648681640625,87.2823715209961,1.4458847045898438,1,79.89896392822266,82.2503662109375,2.3514022827148438,1
random_000,26,28,"7.500,31.875,0.312","5.000,32.500,2.188",56.50347900390625,56.65437316894531,0.1508941650390625,1,53.88850402832031,53.88224792480469,0.006256103515625,1
random_000,26,29,"7.500,31.875,0.312","28.125,33.125,0.312",81.20393371582031,73.10102081298828,8.102912902832031,1,73.31783294677734,72.66645812988281,0.6513748168945312,1
random_000,27,28,"28.750,12.500,0.312","5.000,32.500,2.188",87.20771026611328,86.36955261230469,0.8381576538085938,1,79.24747467041016,80.42759704589844,1.1801223754882812,1
random_000,27,29,"28.750,12.500,0.312","28.125,33.125,0.312",73.97123718261719,73.818115234375,0.1531219482421875,1,74.32324981689453,71.97191619873047,2.3513336181640625,1
random_000,28,29,"5.000,32.500,2.188","28.125,33.125,0.312",82.72154998779297,74.1547622680664,8.566787719726562,1,72.8082275390625,73.44036865234375,0.63214111328125,1
random_001,0,1,"19.375,26.875,0.312","4.375,23.750,0.312",74.24739074707031,82.39302062988281,8.1456298828125,1,71.40790557861328,70.75821685791016,0.649688720703125,1
random_001,0,2,"19.375,26.875,0.312","2.500,13.125,1.562",85.287353515625,82.56029510498047,2.7270584106445312,1,77.279052734375,78.47010803222656,1.1910552978515625,1
random_001,0,3,"19.375,26.875,0.312","1.875,13.750,0.938",85.5614242553711,82.18411254882812,3.3773117065429688,1,77.40812683105469,77.21752166748047,0.19060516357421875,1
random_001,0,4,"19.375,26.875,0.312","31.250,31.250,0.312",67.5865478515625,68.02493286132812,0.438385009765625,1,67.94060516357422,67.87118530273438,0.06941986083984375,1
random_001,0,5,"19.375,26.875,0.312","19.375,35.625,1.562",65.13658905029297,64.53302764892578,0.6035614013671875,1,65.15226745605469,65.52738189697266,0.37511444091796875,1
random_001,0,6,"19.375,26.875,0.312","32.500,5.625,0.312",86.39086151123047,76.24324035644531,10.147621154785156,1,76.65917205810547,78.5651626586914,1.9059906005859375,1
random_001,0,7,"19.375,26.875,0.312","1.875,8.750,0.312",86.83773803710938,83.3551025390625,3.482635498046875,1,82.1894760131836,80.45115661621094,1.7383193969726562,1
random_001,0,8,"19.375,26.875,0.312","18.125,35.625,1.562",65.52806091308594,64.70325469970703,0.8248062133789062,1,65.15168762207031,65.3638916015625,0.2122039794921875,1
random_001,0,9,"19.375,26.875,0.312","26.875,16.250,0.938",68.63324737548828,68.0587158203125,0.5745315551757812,1,65.91118621826172,66.2841567993164,0.3729705810546875,1
random_001,0,10,"19.375,26.875,0.312","32.500,8.125,0.938",84.5203628540039,75.83618927001953,8.684173583984375,1,73.68305206298828,73.64376068115234,0.0392913818359375,1
random_001,0,11,"19.375,26.875,0.312","1.875,10.625,2.188",86.49556732177734,83.25648498535156,3.2390823364257812,1,79.63357543945312,80.11412048339844,0.4805450439453125,1
random_001,0,12,"19.375,26.875,0.312","19.375,13.750,0.312",68.03730773925781,69.51568603515625,1.4783782958984375,1,70.74095153808594,71.79627227783203,1.0553207397460938,1
random_001,0,13,"19.375,26.875,0.312","12.500,18.750,0.938",71.18439483642578,71.5506820678711,0.3662872314453125,1,69.48503112792969,70.44939422607422,0.9643630981445312,1
random_001,0,14,"19.375,26.875,0.312","5.000,6.250,1.562",88.87796783447266,84.90605163574219,3.9719161987304688,1,81.55487060546875,81.48530578613281,0.0695648193359375,1
random_001,0,15,"19.375,26.875,0.312","27.500,1.875,0.938",84.3191909790039,80.47956085205078,3.839630126953125,1,72.85960388183594,71.84516143798828,1.0144424438476562,1
random_001,0,16,"19.375,26.875,0.312","14.375,24.375,0.938",64.15287780761719,64.36027526855469,0.2073974609375,1,63.287620544433594,62.86532974243164,0.4222908020019531,1
random_001,0,17,"19.375,26.875,0.312","37.500,33.750,1.562",71.60911560058594,71.40105438232422,0.20806121826171875,1,71.76417541503906,71.8441390991211,0.07996368408203125,1
random_001,0,18,"19.375,26.875,0.312","5.000,1.875,0.938",89.46662139892578,85.0602035522461,4.4064178466796875,1,84.44622802734375,81.92645263671875,2.519775390625,1
random_001,0,19,"19.375,26.875,0.312","36.250,27.500,2.188",70.42276000976562,70.34935760498047,0.07340240478515625,1,69.7933349609375,70.14149475097656,0.3481597900390625,1
random_001,0,20,"19.375,26.875,0.312","33.750,23.125,1.562",69.19126892089844,69.36417388916016,0.17290496826171875,1,68.92251586914062,68.92204284667969,0.0004730224609375,1
random_001,0,21,"19.375,26.875,0.312","36.875,18.125,2.188",71.59949493408203,71.13770294189453,0.4617919921875,1,73.2554702758789,72.03134155273438,1.2241287231445312,1
random_001,0,22,"19.375,26.875,0.312","38.125,8.125,0.312",77.56707000732422,76.4955825805664,1.0714874267578125,1,76.16071319580078,77.14653015136719,0.9858169555664062,1
random_001,0,23,"19.375,26.875,0.312","28.125,13.125,1.562",70.19379425048828,69.60783386230469,0.5859603881835938,1,69.78428649902344,67.4040298461914,2.3802566528320312,1
random_001,0,24,"19.375,26.875,0.312","8.125,18.750,2.188",82.79727935791016,79.80398559570312,2.9932937622070312,1,73.26512908935547,72.95633697509766,0.3087921142578125,1
random_001,0,25,"19.375,26.875,0.312","4.375,1.250,0.312",89.31100463867188,85.12759399414062,4.18341064453125,1,84.64602661132812,83.93502044677734,0.7110061645507812,1
random_001,0,26,"19.375,26.875,0.312","1.250,3.125,0.938",87.89220428466797,84.8693618774414,3.0228424072265625,1,82.688232421875,81.86424255371094,0.8239898681640625,1
random_001,0,27,"19.375,26.875,0.312","19.375,10.000,1.562",71.51519775390625,71.786865234375,0.27166748046875,1,74.03646087646484,73.50294494628906,0.5335159301757812,1
random_001,0,28,"19.375,26.875,0.312","6.875,31.250,2.188",70.22195434570312,76.87069702148438,6.64874267578125,1,69.37227630615234,69.29351043701172,0.078765869140625,1
random_001,0,29,"19.375,26.875,0.312","7.500,26.875,0.312",68.68558502197266,78.23710632324219,9.551521301269531,1,67.46087646484375,68.91504669189453,1.4541702270507812,1
random_001,1,2,"4.375,23.750,0.312","2.500,13.125,1.562",66.4359130859375,65.3873291015625,1.048583984375,1,64.21554565429688,64.93502807617188,0.719482421875,1
random_001,1,3,"4.375,23.750,0.312","1.875,13.750,0.938",66.32894897460938,65.16667938232422,1.1622695922851562,1,65.55254364013672,64.78205871582031,0.7704849243164062,1
random_001,1,4,"4.375,23.750,0.312","31.250,31.250,0.312",80.40863037109375,83.36017608642578,2.9515457153320312,1,77.40953063964844,75.22468566894531,2.184844970703125,1
random_001,1,5,"4.375,23.750,0.312","19.375,35.625,1.562",70.716796875,71.21403503417969,0.4972381591796875,1,70.73342895507812,70.8463363647461,0.11290740966796875,1
random_001,1,6,"4.375,23.750,0.312","32.500,5.625,0.312",92.25157165527344,90.36705780029297,1.8845138549804688,1,86.552001953125,85.3145980834961,1.2374038696289062,1
random_001,1,7,"4.375,23.750,0.312","1.875,8.750,0.312",69.22805786132812,67.9757080078125,1.252349853515625,1,69.68226623535156,68.96023559570312,0.7220306396484375,1
random_001,1,8,"4.375,23.750,0.312","18.125,35.625,1.562",70.19158935546875,70.64924621582031,0.4576568603515625,1,72.09668731689453,71.81729125976562,0.27939605712890625,1
random_001,1,9,"4.375,23.750,0.312","26.875,16.250,0.938",83.52948760986328,86.80347442626953,3.27398681640625,1,74.0893783569336,74.22840118408203,0.1390228271484375,1
random_001,1,10,"4.375,23.750,0.312","32.500,8.125,0.938",89.40205383300781,88.1698989868164,1.2321548461914062,1,82.95921325683594,80.67752075195312,2.2816925048828125,1
random_001,1,11,"4.375,23.750,0.312","1.875,10.625,2.188",68.1181640625,66.96749877929688,1.150665283203125,1,65.83740997314453,66.32537841796875,0.48796844482421875,1
random_001,1,12,"4.375,23.750,0.312","19.375,13.750,0.312",81.36654663085938,85.00254821777344,3.6360015869140625,1,80.33523559570312,79.86725616455078,0.46797943115234375,1
random_001,1,13,"4.375,23.750,0.312","12.500,18.750,0.938",76.20594787597656,69.41805267333984,6.787895202636719,1,67.47775268554688,69.42835998535156,1.9506072998046875,1
random_001,1,14,"4.375,23.750,0.312","5.000,6.250,1.562",69.6023941040039,69.02330017089844,0.5790939331054688,1,68.85877227783203,68.04373931884766,0.815032958984375,1
random_001,1,15,"4.375,23.750,0.312","27.500,1.875,0.938",91.31436920166016,88.17853546142578,3.135833740234375,1,83.86961364746094,83.4520263671875,0.4175872802734375,1
random_001,1,16,"4.375,23.750,0.312","14.375,24.375,0.938",72.70249938964844,67.46997833251953,5.232521057128906,1,67.10843658447266,68.3378677368164,1.22943115234375,1
random_001,1,17,"4.375,23.750,0.312","37.500,33.750,1.562",82.88050079345703,85.43904876708984,2.5585479736328125,1,76.2633056640625,79.37013244628906,3.1068267822265625,1
random_001,1,18,"4.375,23.750,0.312","5.000,1.875,0.938",71.82769012451172,70.82616424560547,1.00152587890625,1,66.85814666748047,67.93696594238281,1.0788192749023438,1
random_001,1,19,"4.375,23.750,0.312","36.250,27.500,2.188",81.92280578613281,86.74331665039062,4.8205108642578125,1,76.07124328613281,80.11033630371094,4.039093017578125,1
random_001,1,20,"4.375,23.750,0.312","33.750,23.125,1.562",83.54940795898438,87.45791625976562,3.90850830078125,1,75.58484649658203,76.88996124267578,1.30511474609375,1
random_001,1,21,"4.375,23.750,0.312","36.875,18.125,2.188",82.71111297607422,87.31280517578125,4.601692199707031,1,77.17443084716797,76.23306274414062,0.9413681030273438,1
random_001,1,22,"4.375,23.750,0.312","38.125,8.125,0.312",89.18415832519531,88.86239624023438,0.3217620849609375,1,80.54203796386719,82.80918884277344,2.26715087890625,1
random_001,1,23,"4.375,23.750,0.312","28.125,13.125,1.562",84.38352966308594,88.55570983886719,4.17218017578125,1,78.41676330566406,79.69587707519531,1.27911376953125,1
random_001,1,24,"4.375,23.750,0.312","8.125,18.750,2.188",62.576114654541016,62.749752044677734,0.17363739013671875,1,61.288490295410156,61.8876953125,0.5992050170898438,1
random_001,1,25,"4.375,23.750,0.312","4.375,1.250,0.312",71.81629180908203,71.10101318359375,0.7152786254882812,1,72.00065612792969,70.38853454589844,1.61212158203125,1
random_001,1,26,"4.375,23.750,0.312","1.250,3.125,0.938",71.74533081054688,70.56118774414062,1.18414306640625,1,69.63306427001953,69.83692932128906,0.20386505126953125,1
random_001,1,27,"4.375,23.750,0.312","19.375,10.000,1.562",81.22621154785156,84.91006469726562,3.6838531494140625,1,76.92851257324219,78.00737762451172,1.0788650512695312,1
random_001,1,28,"4.375,23.750,0.312","6.875,31.250,2.188",64.23407745361328,63.67927169799805,0.5548057556152344,1,64.24951171875,64.22354125976562,0.025970458984375,1
random_001,1,29,"4.375,23.750,0.312","7.500,26.875,0.312",60.02946472167969,59.168922424316406,0.8605422973632812,1,59.596134185791016,58.668182373046875,0.9279518127441406,1
random_001,2,3,"2.500,13.125,1.562","1.875,13.750,0.938",47.062259674072266,48.368377685546875,1.3061180114746094,1,47.49592208862305,47.308841705322266,0.18708038330078125,1
random_001,2,4,"2.500,13.125,1.562","31.250,31.250,0.312",85.5011215209961,86.5594711303711,1.058349609375,1,78.0899658203125,78.69441223144531,0.6044464111328125,1
random_001,2,5,"2.500,13.125,1.562","19.375,35.625,1.562",77.69034576416016,82.04231262207031,4.351966857910156,1,75.8176040649414,76.37464904785156,0.5570449829101562,1
random_001,2,6,"2.500,13.125,1.562","32.500,5.625,0.312",89.31864929199219,85.8189468383789,3.4997024536132812,1,77.39362335205078,78.71966552734375,1.3260421752929688,1
random_001,2,7,"2.500,13.125,1.562","1.875,8.750,0.312",59.64385986328125,59.17253875732422,0.47132110595703125,1,58.181304931640625,57.85447692871094,0.3268280029296875,1
random_001,2,8,"2.500,13.125,1.562","18.125,35.625,1.562",76.88013458251953,80.52934265136719,3.6492080688476562,1,76.38560485839844,75.54671478271484,0.8388900756835938,1
random_001,2,9,"2.500,13.125,1.562","26.875,16.250,0.938",82.37155151367188,84.8506851196289,2.4791336059570312,1,76.93012237548828,80.87907409667969,3.9489517211914062,1
random_001,2,10,"2.500,13.125,1.562","32.500,8.125,0.938",88.84151458740234,86.34713745117188,2.4943771362304688,1,77.37059020996094,80.81927490234375,3.4486846923828125,1
random_001,2,11,"2.500,13.125,1.562","1.875,10.625,2.188",55.03878402709961,55.1245002746582,0.08571624755859375,1,54.91143035888672,55.20408630371094,0.29265594482421875,1
random_001,2,12,"2.500,13.125,1.562","19.375,13.750,0.312",74.7067642211914,80.69644165039062,5.989677429199219,1,70.85912322998047,70.58032989501953,0.2787933349609375,1
random_001,2,13,"2.500,13.125,1.562","12.500,18.750,0.938",78.30044555664062,70.17355346679688,8.12689208984375,1,69.47804260253906,69.66287231445312,0.1848297119140625,1
random_001,2,14,"2.500,13.125,1.562","5.000,6.250,1.562",62.71977996826172,62.897850036621094,0.178070068359375,1,62.46332550048828,62.844486236572266,0.3811607360839844,1
random_001,2,15,"2.500,13.125,1.562","27.500,1.875,0.938",88.55396270751953,84.73603057861328,3.81793212890625,1,79.99887084960938,79.81013488769531,0.1887359619140625,1
random_001,2,16,"2.500,13.125,1.562","14.375,24.375,0.938",77.4133071899414,74.31576538085938,3.0975418090820312,1,71.7081298828125,72.32640838623047,0.6182785034179688,1
random_001,2,17,"2.500,13.125,1.562","37.500,33.750,1.562",86.13043212890625,86.97431182861328,0.8438796997070312,1,82.5772705078125,83.80865478515625,1.23138427734375,1
random_001,2,18,"2.500,13.125,1.562","5.000,1.875,0.938",65.70952606201172,66.37379455566406,0.6642684936523438,1,65.1099853515625,65.00286865234375,0.10711669921875,1
random_001,2,19,"2.500,13.125,1.562","36.250,27.500,2.188",85.33210754394531,88.12083435058594,2.788726806640625,1,78.94576263427734,79.57459259033203,0.6288299560546875,1
random_001,2,20,"2.500,13.125,1.562","33.750,23.125,1.562",83.29545593261719,88.18084716796875,4.8853912353515625,1,76.70874786376953,77.897216796875,1.1884689331054688,1
random_001,2,21,"2.500,13.125,1.562","36.875,18.125,2.188",84.72772216796875,87.6202621459961,2.8925399780273438,1,83.55441284179688,81.20109558105469,2.3533172607421875,1
random_001,2,22,"2.500,13.125,1.562","38.125,8.125,0.312",88.09597778320312,86.75371551513672,1.3422622680664062,1,76.58058166503906,75.8036117553711,0.7769699096679688,1
random_001,2,23,"2.500,13.125,1.562","28.125,13.125,1.562",75.84697723388672,85.32157135009766,9.474594116210938,1,72.42523956298828,72.8316421508789,0.406402587890625,1
random_001,2,24,"2.500,13.125,1.562","8.125,18.750,2.188",63.19738006591797,63.99575424194336,0.7983741760253906,1,63.34337615966797,63.368614196777344,0.025238037109375,1
random_001,2,25,"2.500,13.125,1.562","4.375,1.250,0.312",66.00708770751953,66.75139617919922,0.7443084716796875,1,66.36354064941406,66.0753173828125,0.2882232666015625,1
random_001,2,26,"2.500,13.125,1.562","1.250,3.125,0.938",65.67568969726562,65.50666809082031,0.1690216064453125,1,63.6369514465332,63.64598083496094,0.009029388427734375,1
random_001,2,27,"2.500,13.125,1.562","19.375,10.000,1.562",76.07453155517578,78.504638671875,2.4301071166992188,1,71.19227600097656,71.22416687011719,0.031890869140625,1
random_001,2,28,"2.500,13.125,1.562","6.875,31.250,2.188",70.26183319091797,70.77017974853516,0.5083465576171875,1,70.6714096069336,70.98957824707031,0.31816864013671875,1
random_001,2,29,"2.500,13.125,1.562","7.500,26.875,0.312",67.35847473144531,68.74898529052734,1.3905105590820312,1,65.9931640625,66.64175415039062,0.648590087890625,1
random_001,3,4,"1.875,13.750,0.938","31.250,31.250,0.312",85.12470245361328,86.94879913330078,1.8240966796875,1,80.29666900634766,84.81830596923828,4.521636962890625,1
random_001,3,5,"1.875,13.750,0.938","19.375,35.625,1.562",77.33065032958984,81.78900909423828,4.4583587646484375,1,76.04966735839844,77.63455200195312,1.5848846435546875,1
random_001,3,6,"1.875,13.750,0.938","32.500,5.625,0.312",89.53874969482422,86.41400909423828,3.1247406005859375,1,78.88793182373047,78.68134307861328,0.2065887451171875,1
random_001,3,7,"1.875,13.750,0.938","1.875,8.750,0.312",60.47136306762695,60.10312271118164,0.3682403564453125,1,59.087223052978516,59.091304779052734,0.00408172607421875,1
random_001,3,8,"1.875,13.750,0.938","18.125,35.625,1.562",76.48181915283203,79.88577270507812,3.4039535522460938,1,74.43844604492188,74.23037719726562,0.20806884765625,1
random_001,3,9,"1.875,13.750,0.938","26.875,16.250,0.938",84.26914978027344,86.16998291015625,1.9008331298828125,1,77.31285858154297,78.65403747558594,1.3411788940429688,1
random_001,3,10,"1.875,13.750,0.938","32.500,8.125,0.938",88.80624389648438,86.88514709472656,1.9210968017578125,1,79.46072387695312,83.13066101074219,3.6699371337890625,1
random_001,3,11,"1.875,13.750,0.938","1.875,10.625,2.188",57.12969970703125,56.95033264160156,0.1793670654296875,1,55.936180114746094,55.934261322021484,0.001918792724609375,1
random_001,3,12,"1.875,13.750,0.938","19.375,13.750,0.312",77.01262664794922,81.05719757080078,4.0445709228515625,1,75.0622787475586,74.99848175048828,0.0637969970703125,1
random_001,3,13,"1.875,13.750,0.938","12.500,18.750,0.938",78.66474914550781,69.68621063232422,8.978538513183594,1,67.90213012695312,67.95426940917969,0.0521392822265625,1
random_001,3,14,"1.875,13.750,0.938","5.000,6.250,1.562",63.365814208984375,63.71202850341797,0.34621429443359375,1,63.934425354003906,63.88286590576172,0.0515594482421875,1
random_001,3,15,"1.875,13.750,0.938","27.500,1.875,0.938",88.90104675292969,85.38229370117188,3.5187530517578125,1,81.68488311767578,83.33580780029297,1.6509246826171875,1
random_001,3,16,"1.875,13.750,0.938","14.375,24.375,0.938",77.49752807617188,73.96724700927734,3.5302810668945312,1,69.87440490722656,70.51173400878906,0.6373291015625,1
random_001,3,17,"1.875,13.750,0.938","37.500,33.750,1.562",86.06938171386719,87.29193878173828,1.2225570678710938,1,79.44471740722656,85.45524597167969,6.010528564453125,1
random_001,3,18,"1.875,13.750,0.938","5.000,1.875,0.938",66.36492156982422,66.96703338623047,0.60211181640625,1,64.9820556640625,65.53306579589844,0.5510101318359375,1
random_001,3,19,"1.875,13.750,0.938","36.250,27.500,2.188",85.17400360107422,88.5919189453125,3.4179153442382812,1,79.32356262207031,79.97269439697266,0.6491317749023438,1
random_001,3,20,"1.875,13.750,0.938","33.750,23.125,1.562",83.27323150634766,88.97167205810547,5.6984405517578125,1,76.80437469482422,75.58997344970703,1.2144012451171875,1
random_001,3,21,"1.875,13.750,0.938","36.875,18.125,2.188",84.97040557861328,88.20069885253906,3.2302932739257812,1,81.11507415771484,82.65496826171875,1.5398941040039062,1
random_001,3,22,"1.875,13.750,0.938","38.125,8.125,0.312",87.96844482421875,87.31974792480469,0.6486968994140625,1,79.08222961425781,86.23595428466797,7.153724670410156,1
random_001,3,23,"1.875,13.750,0.938","28.125,13.125,1.562",76.23030853271484,86.45401000976562,10.223701477050781,1,75.64913940429688,76.90408325195312,1.25494384765625,1
random_001,3,24,"1.875,13.750,0.938","8.125,18.750,2.188",63.494266510009766,64.11709594726562,0.6228294372558594,1,63.6397705078125,63.619728088378906,0.02004241943359375,1
random_001,3,25,"1.875,13.750,0.938","4.375,1.250,0.312",66.6285171508789,67.42216491699219,0.7936477661132812,1,65.71930694580078,65.49419403076172,0.2251129150390625,1
random_001,3,26,"1.875,13.750,0.938","1.250,3.125,0.938",66.18983459472656,66.42776489257812,0.2379302978515625,1,63.199859619140625,63.18816375732422,0.01169586181640625,1
random_001,3,27,"1.875,13.750,0.938","19.375,10.000,1.562",78.14301300048828,78.26436614990234,0.1213531494140625,1,71.14026641845703,71.02720642089844,0.11305999755859375,1
random_001,3,28,"1.875,13.750,0.938","6.875,31.250,2.188",70.10935974121094,70.87371826171875,0.7643585205078125,1,69.6109390258789,69.73565673828125,0.12471771240234375,1
random_001,3,29,"1.875,13.750,0.938","7.500,26.875,0.312",67.2234115600586,68.75865173339844,1.5352401733398438,1,64.82913970947266,64.2642593383789,0.56488037109375,1
random_001,4,5,"31.250,31.250,0.312","19.375,35.625,1.562",70.86248779296875,69.531005859375,1.33148193359375,1,69.85408782958984,70.03508758544922,0.180999755859375,1
random_001,4,6,"31.250,31.250,0.312","32.500,5.625,0.312",74.15205383300781,73.17003631591797,0.9820175170898438,1,72.47222137451172,76.3768310546875,3.9046096801757812,1
random_001,4,7,"31.250,31.250,0.312","1.875,8.750,0.312",88.10484313964844,86.88067626953125,1.2241668701171875,1,86.82270050048828,84.27891540527344,2.5437850952148438,1
random_001,4,8,"31.250,31.250,0.312","18.125,35.625,1.562",71.2187728881836,70.21715545654297,1.001617431640625,1,71.18135070800781,69.99951171875,1.1818389892578125,1
random_001,4,9,"31.250,31.250,0.312","26.875,16.250,0.938",70.36280822753906,69.8621597290039,0.5006484985351562,1,67.51990509033203,67.78418731689453,0.2642822265625,1
random_001,4,10,"31.250,31.250,0.312","32.500,8.125,0.938",73.53752136230469,72.51335906982422,1.0241622924804688,1,70.18487548828125,70.19338989257812,0.008514404296875,1
random_001,4,11,"31.250,31.250,0.312","1.875,10.625,2.188",87.18846130371094,86.08667755126953,1.1017837524414062,1,83.56766510009766,79.93278503417969,3.6348800659179688,1
random_001,4,12,"31.250,31.250,0.312","19.375,13.750,0.312",71.5037612915039,71.66675567626953,0.162994384765625,1,73.96256256103516,74.31291198730469,0.35034942626953125,1
random_001,4,13,"31.250,31.250,0.312","12.500,18.750,0.938",78.48260498046875,76.1832504272461,2.2993545532226562,1,72.50227355957031,72.3492660522461,0.15300750732421875,1
random_001,4,14,"31.250,31.250,0.312","5.000,6.250,1.562",88.98085021972656,86.46762084960938,2.5132293701171875,1,83.78887176513672,83.74847412109375,0.04039764404296875,1
random_001,4,15,"31.250,31.250,0.312","27.500,1.875,0.938",75.16759490966797,74.79171752929688,0.37587738037109375,1,75.66326904296875,74.51078796386719,1.1524810791015625,1
random_001,4,16,"31.250,31.250,0.312","14.375,24.375,0.938",81.84132385253906,72.72785186767578,9.113471984863281,1,70.91227722167969,70.99541473388672,0.08313751220703125,1
random_001,4,17,"31.250,31.250,0.312","37.500,33.750,1.562",62.890193939208984,62.69481658935547,0.19537734985351562,1,62.44907760620117,62.51502990722656,0.06595230102539062,1
random_001,4,18,"31.250,31.250,0.312","5.000,1.875,0.938",88.67240905761719,84.89752197265625,3.7748870849609375,1,84.81636810302734,82.88688659667969,1.9294815063476562,1
random_001,4,19,"31.250,31.250,0.312","36.250,27.500,2.188",63.26424026489258,62.59589385986328,0.6683464050292969,1,62.179847717285156,62.19091033935547,0.0110626220703125,1
random_001,4,20,"31.250,31.250,0.312","33.750,23.125,1.562",65.13758087158203,65.15852355957031,0.02094268798828125,1,65.29205322265625,65.35393524169922,0.06188201904296875,1
random_001,4,21,"31.250,31.250,0.312","36.875,18.125,2.188",68.65682220458984,68.84678649902344,0.18996429443359375,1,66.94581604003906,66.8833236694336,0.06249237060546875,1
random_001,4,22,"31.250,31.250,0.312","38.125,8.125,0.312",73.06624603271484,72.76570129394531,0.30054473876953125,1,73.05998229980469,75.07658386230469,2.0166015625,1
random_001,4,23,"31.250,31.250,0.312","28.125,13.125,1.562",71.35523986816406,71.26416778564453,0.09107208251953125,1,69.58740997314453,70.72550964355469,1.1380996704101562,1
random_001,4,24,"31.250,31.250,0.312","8.125,18.750,2.188",85.38333892822266,81.9022445678711,3.4810943603515625,1,77.1718521118164,80.53489685058594,3.3630447387695312,1
random_001,4,25,"31.250,31.250,0.312","4.375,1.250,0.312",88.64109802246094,85.01705169677734,3.6240463256835938,1,85.39137268066406,81.75581359863281,3.63555908203125,1
random_001,4,26,"31.250,31.250,0.312","1.250,3.125,0.938",89.428466796875,87.13542175292969,2.2930450439453125,1,85.05611419677734,85.15997314453125,0.10385894775390625,1
random_001,4,27,"31.250,31.250,0.312","19.375,10.000,1.562",74.16808319091797,73.02581787109375,1.1422653198242188,1,70.92898559570312,71.67152404785156,0.7425384521484375,1
random_001,4,28,"31.250,31.250,0.312","6.875,31.250,2.188",74.65606689453125,80.87747955322266,6.221412658691406,1,73.02723693847656,79.10870361328125,6.0814666748046875,1
random_001,4,29,"31.250,31.250,0.312","7.500,26.875,0.312",74.91717529296875,75.42005920410156,0.5028839111328125,1,75.13970947265625,77.25595092773438,2.116241455078125,1
random_001,5,6,"19.375,35.625,1.562","32.500,5.625,0.312",86.47528839111328,78.23475646972656,8.240531921386719,1,76.30178833007812,75.50796508789062,0.7938232421875,1
random_001,5,7,"19.375,35.625,1.562","1.875,8.750,0.312",83.5489273071289,79.50482177734375,4.044105529785156,1,77.78052520751953,76.52101135253906,1.2595138549804688,1
random_001,5,8,"19.375,35.625,1.562","18.125,35.625,1.562",48.195770263671875,48.93901824951172,0.7432479858398438,1,48.751739501953125,48.749786376953125,0.001953125,1
random_001,5,9,"19.375,35.625,1.562","26.875,16.250,0.938",72.63587951660156,71.85946655273438,0.7764129638671875,1,71.33240509033203,71.0872802734375,0.24512481689453125,1
random_001,5,10,"19.375,35.625,1.562","32.500,8.125,0.938",84.3882064819336,77.83203125,6.556175231933594,1,74.63690185546875,74.71929168701172,0.08238983154296875,1
random_001,5,11,"19.375,35.625,1.562","1.875,10.625,2.188",82.78243255615234,78.74788665771484,4.0345458984375,1,77.04332733154297,76.67802429199219,0.36530303955078125,1
random_001,5,12,"19.375,35.625,1.562","19.375,13.750,0.312",72.80540466308594,75.14812469482422,2.3427200317382812,1,76.51620483398438,77.2558822631836,0.7396774291992188,1
random_001,5,13,"19.375,35.625,1.562","12.500,18.750,0.938",75.07290649414062,73.89749145507812,1.1754150390625,1,71.29456329345703,71.06891632080078,0.22564697265625,1
random_001,5,14,"19.375,35.625,1.562","5.000,6.250,1.562",88.54962158203125,81.68510437011719,6.8645172119140625,1,80.43678283691406,80.52796936035156,0.0911865234375,1
random_001,5,15,"19.375,35.625,1.562","27.500,1.875,0.938",86.39846801757812,80.5342788696289,5.864189147949219,1,77.21973419189453,76.55197143554688,0.6677627563476562,1
random_001,5,16,"19.375,35.625,1.562","14.375,24.375,0.938",72.05734252929688,71.74070739746094,0.3166351318359375,1,70.85875701904297,70.79671478271484,0.062042236328125,1
random_001,5,17,"19.375,35.625,1.562","37.500,33.750,1.562",81.69444274902344,77.14404296875,4.5503997802734375,1,71.3907470703125,71.74505615234375,0.35430908203125,1
random_001,5,18,"19.375,35.625,1.562","5.000,1.875,0.938",89.64815521240234,83.72119903564453,5.9269561767578125,1,83.2070083618164,82.33216857910156,0.8748397827148438,1
random_001,5,19,"19.375,35.625,1.562","36.250,27.500,2.188",73.94041442871094,74.51709747314453,0.5766830444335938,1,72.98961639404297,74.4089584350586,1.419342041015625,1
random_001,5,20,"19.375,35.625,1.562","33.750,23.125,1.562",71.347900390625,71.67672729492188,0.328826904296875,1,70.71289825439453,71.22086334228516,0.507965087890625,1
random_001,5,21,"19.375,35.625,1.562","36.875,18.125,2.188",73.13475799560547,73.03983306884766,0.0949249267578125,1,72.54790496826172,73.28848266601562,0.7405776977539062,1
random_001,5,22,"19.375,35.625,1.562","38.125,8.125,0.312",76.0035171508789,74.68852233886719,1.3149948120117188,1,74.34895324707031,72.2548599243164,2.0940933227539062,1
random_001,5,23,"19.375,35.625,1.562","28.125,13.125,1.562",73.43389892578125,73.02908325195312,0.404815673828125,1,71.8595199584961,71.9681625366211,0.108642578125,1
random_001,5,24,"19.375,35.625,1.562","8.125,18.750,2.188",83.08659362792969,76.11539459228516,6.971199035644531,1,75.89183044433594,76.82658386230469,0.93475341796875,1
random_001,5,25,"19.375,35.625,1.562","4.375,1.250,0.312",89.59370422363281,83.74659729003906,5.84710693359375,1,80.24491882324219,79.63827514648438,0.6066436767578125,1
random_001,5,26,"19.375,35.625,1.562","1.250,3.125,0.938",86.98866271972656,81.74866485595703,5.239997863769531,1,81.19485473632812,80.18553161621094,1.0093231201171875,1
random_001,5,27,"19.375,35.625,1.562","19.375,10.000,1.562",74.98721313476562,76.34124755859375,1.354034423828125,1,77.16485595703125,76.46681213378906,0.6980438232421875,1
random_001,5,28,"19.375,35.625,1.562","6.875,31.250,2.188",72.93693542480469,69.50686645507812,3.4300689697265625,1,70.13323211669922,69.5849838256836,0.548248291015625,1
random_001,5,29,"19.375,35.625,1.562","7.500,26.875,0.312",68.81475067138672,68.8218994140625,0.00714874267578125,1,69.16738891601562,69.16815948486328,0.00077056884765625,1
random_001,6,7,"32.500,5.625,0.312","1.875,8.750,0.312",85.25029754638672,88.7962875366211,3.545989990234375,1,80.00910949707031,81.32996368408203,1.3208541870117188,1
random_001,6,8,"32.500,5.625,0.312","18.125,35.625,1.562",78.29087829589844,87.06663513183594,8.7757568359375,1,75.10340881347656,75.841552734375,0.7381439208984375,1
random_001,6,9,"32.500,5.625,0.312","26.875,16.250,0.938",71.46435546875,73.61815643310547,2.1538009643554688,1,71.08914184570312,71.20252990722656,0.1133880615234375,1
random_001,6,10,"32.500,5.625,0.312","32.500,8.125,0.938",54.931983947753906,55.44178771972656,0.5098037719726562,1,53.23210144042969,53.27022933959961,0.038127899169921875,1
random_001,6,11,"32.500,5.625,0.312","1.875,10.625,2.188",85.58159637451172,89.30674743652344,3.7251510620117188,1,77.82830810546875,78.43148040771484,0.6031723022460938,1
random_001,6,12,"32.500,5.625,0.312","19.375,13.750,0.312",75.73255920410156,83.0250015258789,7.292442321777344,1,73.74868774414062,75.75566101074219,2.0069732666015625,1
random_001,6,13,"32.500,5.625,0.312","12.500,18.750,0.938",85.46924591064453,90.20960998535156,4.740364074707031,1,83.30769348144531,83.796142578125,0.4884490966796875,1
random_001,6,14,"32.500,5.625,0.312","5.000,6.250,1.562",84.61156463623047,88.30437469482422,3.69281005859375,1,76.96610260009766,75.98413848876953,0.981964111328125,1
random_001,6,15,"32.500,5.625,0.312","27.500,1.875,0.938",64.99547576904297,67.05351257324219,2.0580368041992188,1,65.31094360351562,65.41336822509766,0.10242462158203125,1
random_001,6,16,"32.500,5.625,0.312","14.375,24.375,0.938",84.68441009521484,87.71533203125,3.0309219360351562,1,80.4703369140625,81.03836822509766,0.5680313110351562,1
random_001,6,17,"32.500,5.625,0.312","37.500,33.750,1.562",73.97138977050781,74.29865264892578,0.32726287841796875,1,69.37388610839844,69.13859558105469,0.23529052734375,1
random_001,6,18,"32.500,5.625,0.312","5.000,1.875,0.938",85.54183959960938,86.21292877197266,0.6710891723632812,1,76.8020248413086,77.65907287597656,0.8570480346679688,1
random_001,6,19,"32.500,5.625,0.312","36.250,27.500,2.188",71.4539794921875,72.38720703125,0.9332275390625,1,70.1807861328125,70.55816650390625,0.37738037109375,1
random_001,6,20,"32.500,5.625,0.312","33.750,23.125,1.562",69.85730743408203,70.6026840209961,0.7453765869140625,1,71.84955596923828,71.12380981445312,0.7257461547851562,1
random_001,6,21,"32.500,5.625,0.312","36.875,18.125,2.188",66.84812927246094,67.80321502685547,0.9550857543945312,1,64.39202880859375,64.55941772460938,0.167388916015625,1
random_001,6,22,"32.500,5.625,0.312","38.125,8.125,0.312",61.2252311706543,61.733428955078125,0.5081977844238281,1,59.90038299560547,61.22382736206055,1.3234443664550781,1
random_001,6,23,"32.500,5.625,0.312","28.125,13.125,1.562",69.30208587646484,70.84176635742188,1.5396804809570312,1,68.99813079833984,69.81537628173828,0.8172454833984375,1
random_001,6,24,"32.500,5.625,0.312","8.125,18.750,2.188",88.646484375,91.56909942626953,2.9226150512695312,1,84.38410949707031,85.79974365234375,1.4156341552734375,1
random_001,6,25,"32.500,5.625,0.312","4.375,1.250,0.312",85.18807983398438,86.11888122558594,0.9308013916015625,1,77.75125122070312,86.22483825683594,8.473587036132812,1
random_001,6,26,"32.500,5.625,0.312","1.250,3.125,0.938",85.45716094970703,87.57312774658203,2.115966796875,1,78.70585632324219,79.61070251464844,0.90484619140625,1
random_001,6,27,"32.500,5.625,0.312","19.375,10.000,1.562",74.48936462402344,82.29191589355469,7.80255126953125,1,71.58792114257812,71.76007843017578,0.17215728759765625,1
random_001,6,28,"32.500,5.625,0.312","6.875,31.250,2.188",85.98064422607422,89.18115234375,3.2005081176757812,1,84.33319091796875,80.81582641601562,3.517364501953125,1
random_001,6,29,"32.500,5.625,0.312","7.500,26.875,0.312",87.18631744384766,90.5809097290039,3.39459228515625,1,83.04792785644531,84.68987274169922,1.6419448852539062,1
random_001,7,8,"1.875,8.750,0.312","18.125,35.625,1.562",77.79216766357422,82.71942138671875,4.927253723144531,1,77.01477813720703,75.86421966552734,1.1505584716796875,1
random_001,7,9,"1.875,8.750,0.312","26.875,16.250,0.938",79.92985534667969,83.609619140625,3.6797637939453125,1,76.24878692626953,76.82682037353516,0.578033447265625,1
random_001,7,10,"1.875,8.750,0.312","32.500,8.125,0.938",88.31336975097656,86.02951049804688,2.2838592529296875,1,76.79361724853516,77.59049224853516,0.796875,1
random_001,7,11,"1.875,8.750,0.312","1.875,10.625,2.188",54.70292663574219,55.08241271972656,0.379486083984375,1,54.6876335144043,54.68556213378906,0.002071380615234375,1
random_001,7,12,"1.875,8.750,0.312","19.375,13.750,0.312",73.67755126953125,81.01239013671875,7.3348388671875,1,70.75190734863281,71.52747344970703,0.7755661010742188,1
random_001,7,13,"1.875,8.750,0.312","12.500,18.750,0.938",80.09020233154297,72.8270034790039,7.2631988525390625,1,71.6606216430664,70.91252136230469,0.7481002807617188,1
random_001,7,14,"1.875,8.750,0.312","5.000,6.250,1.562",59.08291244506836,58.947357177734375,0.13555526733398438,1,58.97722625732422,59.03206253051758,0.054836273193359375,1
random_001,7,15,"1.875,8.750,0.312","27.500,1.875,0.938",86.66130065917969,82.07111358642578,4.590187072753906,1,78.00690460205078,76.235107421875,1.7717971801757812,1
random_001,7,16,"1.875,8.750,0.312","14.375,24.375,0.938",78.54049682617188,76.0331039428711,2.5073928833007812,1,70.63124084472656,71.73387145996094,1.102630615234375,1
random_001,7,17,"1.875,8.750,0.312","37.500,33.750,1.562",88.15553283691406,88.61531829833984,0.45978546142578125,1,83.22261810302734,83.5750961303711,0.35247802734375,1
random_001,7,18,"1.875,8.750,0.312","5.000,1.875,0.938",62.78571319580078,63.19919967651367,0.4134864807128906,1,62.97068786621094,62.920509338378906,0.05017852783203125,1
random_001,7,19,"1.875,8.750,0.312","36.250,27.500,2.188",86.48970794677734,89.32427978515625,2.8345718383789062,1,83.7077407836914,85.67122650146484,1.9634857177734375,1
random_001,7,20,"1.875,8.750,0.312","33.750,23.125,1.562",84.274658203125,89.27863311767578,5.003974914550781,1,81.45341491699219,84.10277557373047,2.6493606567382812,1
random_001,7,21,"1.875,8.750,0.312","36.875,18.125,2.188",81.92739868164062,87.66104125976562,5.733642578125,1,77.31661224365234,79.85580444335938,2.5391921997070312,1
random_001,7,22,"1.875,8.750,0.312","38.125,8.125,0.312",87.35672760009766,86.8552017211914,0.50152587890625,1,79.36215209960938,80.23007202148438,0.867919921875,1
random_001,7,23,"1.875,8.750,0.312","28.125,13.125,1.562",76.50665283203125,85.44204711914062,8.935394287109375,1,73.94973754882812,75.57093811035156,1.6212005615234375,1
random_001,7,24,"1.875,8.750,0.312","8.125,18.750,2.188",65.73800659179688,66.67386627197266,0.9358596801757812,1,63.359169006347656,63.40948486328125,0.05031585693359375,1
random_001,7,25,"1.875,8.750,0.312","4.375,1.250,0.312",62.90943908691406,63.72355270385742,0.8141136169433594,1,62.701087951660156,62.69529724121094,0.00579071044921875,1
random_001,7,26,"1.875,8.750,0.312","1.250,3.125,0.938",61.57417297363281,61.286895751953125,0.2872772216796875,1,58.74641799926758,59.14695358276367,0.40053558349609375,1
random_001,7,27,"1.875,8.750,0.312","19.375,10.000,1.562",74.98433685302734,79.02223205566406,4.037895202636719,1,71.16595458984375,71.70651245117188,0.540557861328125,1
random_001,7,28,"1.875,8.750,0.312","6.875,31.250,2.188",72.04545593261719,72.75101470947266,0.7055587768554688,1,71.66815948486328,72.37496185302734,0.7068023681640625,1
random_001,7,29,"1.875,8.750,0.312","7.500,26.875,0.312",69.47455596923828,71.08186340332031,1.6073074340820312,1,70.53852844238281,70.1252212524414,0.41330718994140625,1
random_001,8,9,"18.125,35.625,1.562","26.875,16.250,0.938",72.87238311767578,72.22917175292969,0.6432113647460938,1,71.71644592285156,72.20028686523438,0.4838409423828125,1
random_001,8,10,"18.125,35.625,1.562","32.500,8.125,0.938",85.15131378173828,77.99777221679688,7.153541564941406,1,76.26272583007812,76.23361206054688,0.02911376953125,1
random_001,8,11,"18.125,35.625,1.562","1.875,10.625,2.188",81.93431854248047,77.3823471069336,4.551971435546875,1,78.09080505371094,77.10291290283203,0.9878921508789062,1
random_001,8,12,"18.125,35.625,1.562","19.375,13.750,0.312",76.96379089355469,75.38521575927734,1.5785751342773438,1,75.7223129272461,75.37098693847656,0.35132598876953125,1
random_001,8,13,"18.125,35.625,1.562","12.500,18.750,0.938",74.10501861572266,72.35160827636719,1.7534103393554688,1,69.8749008178711,69.86156463623047,0.013336181640625,1
random_001,8,14,"18.125,35.625,1.562","5.000,6.250,1.562",85.92222595214844,78.850830078125,7.0713958740234375,1,77.0217514038086,76.89057159423828,0.1311798095703125,1
random_001,8,15,"18.125,35.625,1.562","27.500,1.875,0.938",86.50041198730469,81.13130187988281,5.369110107421875,1,76.68386840820312,77.5601577758789,0.8762893676757812,1
random_001,8,16,"18.125,35.625,1.562","14.375,24.375,0.938",70.92904663085938,70.68962860107422,0.23941802978515625,1,69.78236389160156,69.79010772705078,0.00774383544921875,1
random_001,8,17,"18.125,35.625,1.562","37.500,33.750,1.562",82.56200408935547,76.60755920410156,5.954444885253906,1,78.59976959228516,74.06210327148438,4.537666320800781,1
random_001,8,18,"18.125,35.625,1.562","5.000,1.875,0.938",85.43639373779297,81.33015441894531,4.106239318847656,1,81.7696304321289,79.91606140136719,1.8535690307617188,1
random_001,8,19,"18.125,35.625,1.562","36.250,27.500,2.188",74.70201873779297,74.91212463378906,0.21010589599609375,1,74.36231994628906,74.73341369628906,0.37109375,1
random_001,8,20,"18.125,35.625,1.562","33.750,23.125,1.562",71.81658172607422,71.85607147216797,0.03948974609375,1,72.0738525390625,72.48309326171875,0.40924072265625,1
random_001,8,21,"18.125,35.625,1.562","36.875,18.125,2.188",73.5467758178711,73.09187316894531,0.45490264892578125,1,71.5589370727539,71.52192687988281,0.03701019287109375,1
random_001,8,22,"18.125,35.625,1.562","38.125,8.125,0.312",76.21984100341797,74.57035827636719,1.6494827270507812,1,74.1152572631836,73.11805725097656,0.9972000122070312,1
random_001,8,23,"18.125,35.625,1.562","28.125,13.125,1.562",73.49151611328125,73.3792953491211,0.11222076416015625,1,72.51777648925781,72.81391906738281,0.296142578125,1
random_001,8,24,"18.125,35.625,1.562","8.125,18.750,2.188",82.89944458007812,74.58526611328125,8.314178466796875,1,76.31275939941406,76.21847534179688,0.0942840576171875,1
random_001,8,25,"18.125,35.625,1.562","4.375,1.250,0.312",84.58910369873047,80.04314422607422,4.54595947265625,1,79.81237030029297,77.89244842529297,1.919921875,1
random_001,8,26,"18.125,35.625,1.562","1.250,3.125,0.938",82.24359130859375,78.90233612060547,3.3412551879882812,1,79.17303466796875,80.63792419433594,1.4648895263671875,1
random_001,8,27,"18.125,35.625,1.562","19.375,10.000,1.562",76.94176483154297,76.40005493164062,0.5417098999023438,1,74.49356842041016,73.46871185302734,1.0248565673828125,1
random_001,8,28,"18.125,35.625,1.562","6.875,31.250,2.188",72.44734954833984,68.61038208007812,3.8369674682617188,1,69.76097106933594,69.1004867553711,0.6604843139648438,1
random_001,8,29,"18.125,35.625,1.562","7.500,26.875,0.312",68.23396301269531,68.1771011352539,0.05686187744140625,1,69.6219711303711,69.96810913085938,0.34613800048828125,1
random_001,9,10,"26.875,16.250,0.938","32.500,8.125,0.938",71.67901611328125,70.4205551147461,1.2584609985351562,1,71.4251937866211,70.98369598388672,0.441497802734375,1
random_001,9,11,"26.875,16.250,0.938","1.875,10.625,2.188",83.72868347167969,79.5301742553711,4.198509216308594,1,73.6719970703125,72.66045379638672,1.0115432739257812,1
random_001,9,12,"26.875,16.250,0.938","19.375,13.750,0.312",67.4484634399414,65.63077545166016,1.81768798828125,1,67.93328857421875,64.45803833007812,3.475250244140625,1
random_001,9,13,"26.875,16.250,0.938","12.500,18.750,0.938",79.57456970214844,70.6939926147461,8.880577087402344,1,70.71955108642578,70.50611877441406,0.21343231201171875,1
random_001,9,14,"26.875,16.250,0.938","5.000,6.250,1.562",86.2614974975586,80.43810272216797,5.823394775390625,1,79.84754180908203,79.25206756591797,0.5954742431640625,1
random_001,9,15,"26.875,16.250,0.938","27.500,1.875,0.938",68.44857788085938,68.65038299560547,0.20180511474609375,1,67.1051254272461,68.03015899658203,0.9250335693359375,1
random_001,9,16,"26.875,16.250,0.938","14.375,24.375,0.938",79.34162902832031,72.76780700683594,6.573822021484375,1,71.3429183959961,71.56050872802734,0.21759033203125,1
random_001,9,17,"26.875,16.250,0.938","37.500,33.750,1.562",71.47162628173828,71.52775573730469,0.05612945556640625,1,69.77925109863281,69.95504760742188,0.1757965087890625,1
random_001,9,18,"26.875,16.250,0.938","5.000,1.875,0.938",87.46981811523438,83.71355438232422,3.7562637329101562,1,81.9771728515625,81.24742126464844,0.7297515869140625,1
random_001,9,19,"26.875,16.250,0.938","36.250,27.500,2.188",68.84107971191406,69.3165283203125,0.4754486083984375,1,68.3524169921875,67.66243743896484,0.6899795532226562,1
random_001,9,20,"26.875,16.250,0.938","33.750,23.125,1.562",66.39042663574219,66.77751159667969,0.3870849609375,1,67.07527923583984,66.9981460571289,0.0771331787109375,1
random_001,9,21,"26.875,16.250,0.938","36.875,18.125,2.188",66.84739685058594,66.176513671875,0.6708831787109375,1,66.16677856445312,65.7590560913086,0.40772247314453125,1
random_001,9,22,"26.875,16.250,0.938","38.125,8.125,0.312",72.2416000366211,72.60480499267578,0.3632049560546875,1,70.44282531738281,70.2192611694336,0.22356414794921875,1
random_001,9,23,"26.875,16.250,0.938","28.125,13.125,1.562",57.839385986328125,57.17826461791992,0.6611213684082031,1,57.54424285888672,57.547874450683594,0.003631591796875,1
random_001,9,24,"26.875,16.250,0.938","8.125,18.750,2.188",86.3320541381836,75.63401794433594,10.698036193847656,1,72.96763610839844,72.9244384765625,0.0431976318359375,1
random_001,9,25,"26.875,16.250,0.938","4.375,1.250,0.312",87.5592041015625,83.90084075927734,3.6583633422851562,1,83.92670440673828,81.146728515625,2.7799758911132812,1
random_001,9,26,"26.875,16.250,0.938","1.250,3.125,0.938",86.62187194824219,82.19322204589844,4.42864990234375,1,81.3545150756836,79.41004180908203,1.9444732666015625,1
random_001,9,27,"26.875,16.250,0.938","19.375,10.000,1.562",70.89437866210938,69.76300048828125,1.131378173828125,1,68.49169158935547,67.4558334350586,1.035858154296875,1
random_001,9,28,"26.875,16.250,0.938","6.875,31.250,2.188",78.62596893310547,81.51607513427734,2.890106201171875,1,75.65963745117188,75.2498779296875,0.409759521484375,1
random_001,9,29,"26.875,16.250,0.938","7.500,26.875,0.312",83.71183013916016,81.10169982910156,2.6101303100585938,1,74.39053344726562,74.71678924560547,0.32625579833984375,1
random_001,10,11,"32.500,8.125,0.938","1.875,10.625,2.188",86.48849487304688,89.18408203125,2.695587158203125,1,78.42546844482422,78.95389556884766,0.5284271240234375,1
random_001,10,12,"32.500,8.125,0.938","19.375,13.750,0.312",70.982177734375,81.31427001953125,10.33209228515625,1,71.30538177490234,71.93965148925781,0.6342697143554688,1
random_001,10,13,"32.500,8.125,0.938","12.500,18.750,0.938",84.59899139404297,87.72650909423828,3.1275177001953125,1,78.38964080810547,77.84751892089844,0.5421218872070312,1
random_001,10,14,"32.500,8.125,0.938","5.000,6.250,1.562",86.21398162841797,88.18694305419922,1.97296142578125,1,83.32096862792969,78.33767700195312,4.9832916259765625,1
random_001,10,15,"32.500,8.125,0.938","27.500,1.875,0.938",68.29682922363281,69.2993392944336,1.0025100708007812,1,67.360107421875,67.55589294433594,0.1957855224609375,1
random_001,10,16,"32.500,8.125,0.938","14.375,24.375,0.938",84.76023864746094,86.41160583496094,1.6513671875,1,80.91647338867188,82.88111877441406,1.9646453857421875,1
random_001,10,17,"32.500,8.125,0.938","37.500,33.750,1.562",73.30835723876953,73.83011627197266,0.521759033203125,1,74.4657211303711,74.22911071777344,0.23661041259765625,1
random_001,10,18,"32.500,8.125,0.938","5.000,1.875,0.938",86.9578857421875,85.8333740234375,1.12451171875,1,80.4248046875,78.93496704101562,1.489837646484375,1
random_001,10,19,"32.500,8.125,0.938","36.250,27.500,2.188",70.5669174194336,71.68045043945312,1.1135330200195312,1,68.46722412109375,68.69695281982422,0.22972869873046875,1
random_001,10,20,"32.500,8.125,0.938","33.750,23.125,1.562",68.72267150878906,69.50191497802734,0.7792434692382812,1,70.88908386230469,70.25733184814453,0.6317520141601562,1
random_001,10,21,"32.500,8.125,0.938","36.875,18.125,2.188",65.46517944335938,66.37896728515625,0.913787841796875,1,64.65278625488281,64.60636901855469,0.046417236328125,1
random_001,10,22,"32.500,8.125,0.938","38.125,8.125,0.312",60.94530487060547,61.22456741333008,0.2792625427246094,1,60.45759582519531,60.42479705810547,0.03279876708984375,1
random_001,10,23,"32.500,8.125,0.938","28.125,13.125,1.562",67.67923736572266,68.09300994873047,0.4137725830078125,1,67.45196533203125,67.76786041259766,0.31589508056640625,1
random_001,10,24,"32.500,8.125,0.938","8.125,18.750,2.188",88.94668579101562,90.88815307617188,1.94146728515625,1,84.0306167602539,84.55326080322266,0.52264404296875,1
random_001,10,25,"32.500,8.125,0.938","4.375,1.250,0.312",87.24581909179688,85.61186981201172,1.6339492797851562,1,81.06614685058594,78.8466567993164,2.2194900512695312,1
random_001,10,26,"32.500,8.125,0.938","1.250,3.125,0.938",86.5093002319336,87.02001190185547,0.510711669921875,1,81.43639373779297,79.57887268066406,1.8575210571289062,1
random_001,10,27,"32.500,8.125,0.938","19.375,10.000,1.562",71.91563415527344,82.20660400390625,10.290969848632812,1,70.40227508544922,70.49333953857422,0.091064453125,1
random_001,10,28,"32.500,8.125,0.938","6.875,31.250,2.188",86.78280639648438,88.139404296875,1.356597900390625,1,84.92435455322266,86.06297302246094,1.1386184692382812,1
random_001,10,29,"32.500,8.125,0.938","7.500,26.875,0.312",88.12580871582031,90.23477172851562,2.1089630126953125,1,85.33120727539062,84.55956268310547,0.7716445922851562,1
random_001,11,12,"1.875,10.625,2.188","19.375,13.750,0.312",74.34306335449219,80.91886901855469,6.5758056640625,1,70.0128402709961,70.01316833496094,0.00032806396484375,1
random_001,11,13,"1.875,10.625,2.188","12.500,18.750,0.938",79.510986328125,71.74467468261719,7.7663116455078125,1,78.32002258300781,72.39488220214844,5.925140380859375,1
random_001,11,14,"1.875,10.625,2.188","5.000,6.250,1.562",60.744842529296875,60.732242584228516,0.012599945068359375,1,60.875030517578125,60.8979377746582,0.022907257080078125,1
random_001,11,15,"1.875,10.625,2.188","27.500,1.875,0.938",87.19190979003906,83.5352783203125,3.6566314697265625,1,78.57820129394531,78.18324279785156,0.39495849609375,1
random_001,11,16,"1.875,10.625,2.188","14.375,24.375,0.938",78.22984313964844,75.48180389404297,2.7480392456054688,1,73.91194152832031,71.9747314453125,1.9372100830078125,1
random_001,11,17,"1.875,10.625,2.188","37.500,33.750,1.562",86.2919921875,87.3157730102539,1.0237808227539062,1,79.34190368652344,81.46648406982422,2.1245803833007812,1
random_001,11,18,"1.875,10.625,2.188","5.000,1.875,0.938",64.0829849243164,64.64849853515625,0.5655136108398438,1,64.09032440185547,64.13658142089844,0.04625701904296875,1
random_001,11,19,"1.875,10.625,2.188","36.250,27.500,2.188",86.77677154541016,88.89248657226562,2.1157150268554688,1,84.64663696289062,84.16548156738281,0.4811553955078125,1
random_001,11,20,"1.875,10.625,2.188","33.750,23.125,1.562",84.52708435058594,88.96793365478516,4.440849304199219,1,82.16815185546875,82.74720764160156,0.5790557861328125,1
random_001,11,21,"1.875,10.625,2.188","36.875,18.125,2.188",80.21180725097656,87.0956802368164,6.883872985839844,1,83.57112884521484,77.27580261230469,6.295326232910156,1
random_001,11,22,"1.875,10.625,2.188","38.125,8.125,0.312",87.99526977539062,87.0286636352539,0.9666061401367188,1,78.28582000732422,78.23235321044922,0.053466796875,1
random_001,11,23,"1.875,10.625,2.188","28.125,13.125,1.562",76.22758483886719,85.72933197021484,9.501747131347656,1,73.49755859375,73.51683044433594,0.0192718505859375,1
random_001,11,24,"1.875,10.625,2.188","8.125,18.750,2.188",64.4179916381836,65.53450775146484,1.11651611328125,1,63.414772033691406,65.4754867553711,2.0607147216796875,1
random_001,11,25,"1.875,10.625,2.188","4.375,1.250,0.312",64.43035888671875,65.1364517211914,0.7060928344726562,1,64.28740692138672,64.3315200805664,0.0441131591796875,1
random_001,11,26,"1.875,10.625,2.188","1.250,3.125,0.938",63.52680206298828,63.2729377746582,0.2538642883300781,1,63.87643814086914,63.58537673950195,0.2910614013671875,1
random_001,11,27,"1.875,10.625,2.188","19.375,10.000,1.562",75.8778076171875,78.5982437133789,2.7204360961914062,1,69.70095825195312,69.9105453491211,0.20958709716796875,1
random_001,11,28,"1.875,10.625,2.188","6.875,31.250,2.188",71.28104400634766,72.04377746582031,0.7627334594726562,1,70.0160903930664,69.80379486083984,0.2122955322265625,1
random_001,11,29,"1.875,10.625,2.188","7.500,26.875,0.312",68.62976837158203,70.20838928222656,1.5786209106445312,1,68.85823059082031,68.80616760253906,0.05206298828125,1
random_001,12,13,"19.375,13.750,0.312","12.500,18.750,0.938",72.38580322265625,72.89111328125,0.50531005859375,1,71.49348449707031,71.48374938964844,0.009735107421875,1
random_001,12,14,"19.375,13.750,0.312","5.000,6.250,1.562",80.4940414428711,72.23722839355469,8.256813049316406,1,72.28495788574219,72.25894927978516,0.02600860595703125,1
random_001,12,15,"19.375,13.750,0.312","27.500,1.875,0.938",77.81710815429688,72.3398208618164,5.477287292480469,1,70.2085189819336,71.11799621582031,0.9094772338867188,1
random_001,12,16,"19.375,13.750,0.312","14.375,24.375,0.938",73.87584686279297,75.7188491821289,1.8430023193359375,1,72.6441650390625,72.21144104003906,0.4327239990234375,1
random_001,12,17,"19.375,13.750,0.312","37.500,33.750,1.562",73.566162109375,73.15927124023438,0.406890869140625,1,71.97205352783203,71.0514144897461,0.9206390380859375,1
random_001,12,18,"19.375,13.750,0.312","5.000,1.875,0.938",80.6404800415039,76.64228820800781,3.9981918334960938,1,72.7268295288086,72.70088958740234,0.02593994140625,1
random_001,12,19,"19.375,13.750,0.312","36.250,27.500,2.188",71.83747863769531,71.60399627685547,0.23348236083984375,1,73.04671478271484,73.28661346435547,0.239898681640625,1
random_001,12,20,"19.375,13.750,0.312","33.750,23.125,1.562",70.18960571289062,70.69589233398438,0.50628662109375,1,72.12848663330078,72.1827621459961,0.0542755126953125,1
random_001,12,21,"19.375,13.750,0.312","36.875,18.125,2.188",73.55500030517578,72.65808868408203,0.89691162109375,1,73.59129333496094,72.894775390625,0.6965179443359375,1
random_001,12,22,"19.375,13.750,0.312","38.125,8.125,0.312",83.21060180664062,75.47992706298828,7.730674743652344,1,75.35538482666016,75.33139038085938,0.02399444580078125,1
random_001,12,23,"19.375,13.750,0.312","28.125,13.125,1.562",65.44491577148438,65.52456665039062,0.07965087890625,1,65.4161148071289,65.47378540039062,0.05767059326171875,1
random_001,12,24,"19.375,13.750,0.312","8.125,18.750,2.188",82.56928253173828,76.11333465576172,6.4559478759765625,1,75.6613998413086,80.10102081298828,4.4396209716796875,1
random_001,12,25,"19.375,13.750,0.312","4.375,1.250,0.312",80.84097290039062,76.78668212890625,4.054290771484375,1,74.63198852539062,75.09671020507812,0.4647216796875,1
random_001,12,26,"19.375,13.750,0.312","1.250,3.125,0.938",79.83290100097656,75.2479248046875,4.5849761962890625,1,73.66575622558594,71.55760955810547,2.1081466674804688,1
random_001,12,27,"19.375,13.750,0.312","19.375,10.000,1.562",58.922115325927734,58.389854431152344,0.5322608947753906,1,58.486881256103516,58.48936462402344,0.002483367919921875,1
random_001,12,28,"19.375,13.750,0.312","6.875,31.250,2.188",82.68144226074219,83.10086822509766,0.41942596435546875,1,78.4061508178711,78.17157745361328,0.2345733642578125,1
random_001,12,29,"19.375,13.750,0.312","7.500,26.875,0.312",84.93669128417969,82.5616226196289,2.3750686645507812,1,82.3873291015625,81.18251037597656,1.2048187255859375,1
random_001,13,14,"12.500,18.750,0.938","5.000,6.250,1.562",76.99810791015625,80.19708251953125,3.198974609375,1,74.67801666259766,73.70440673828125,0.9736099243164062,1
random_001,13,15,"12.500,18.750,0.938","27.500,1.875,0.938",88.67752838134766,82.50015258789062,6.177375793457031,1,78.4563217163086,80.21434020996094,1.7580184936523438,1
random_001,13,16,"12.500,18.750,0.938","14.375,24.375,0.938",60.602989196777344,60.9354362487793,0.3324470520019531,1,60.18302536010742,59.58915710449219,0.5938682556152344,1
random_001,13,17,"12.500,18.750,0.938","37.500,33.750,1.562",78.25265502929688,80.91360473632812,2.66094970703125,1,75.47511291503906,78.1081771850586,2.6330642700195312,1
random_001,13,18,"12.500,18.750,0.938","5.000,1.875,0.938",78.37968444824219,81.50489044189453,3.1252059936523438,1,74.44776153564453,74.83429718017578,0.38653564453125,1
random_001,13,19,"12.500,18.750,0.938","36.250,27.500,2.188",76.07524871826172,83.24533081054688,7.170082092285156,1,74.51350402832031,74.21967315673828,0.29383087158203125,1
random_001,13,20,"12.500,18.750,0.938","33.750,23.125,1.562",73.68805694580078,83.66902923583984,9.980972290039062,1,73.58409881591797,73.25777435302734,0.326324462890625,1
random_001,13,21,"12.500,18.750,0.938","36.875,18.125,2.188",75.59310913085938,86.01264190673828,10.419532775878906,1,75.16915893554688,82.64800262451172,7.478843688964844,1
random_001,13,22,"12.500,18.750,0.938","38.125,8.125,0.312",87.32074737548828,85.18113708496094,2.1396102905273438,1,76.82807159423828,76.57597351074219,0.25209808349609375,1
random_001,13,23,"12.500,18.750,0.938","28.125,13.125,1.562",74.30538177490234,80.94400024414062,6.638618469238281,1,76.68936157226562,74.11444854736328,2.5749130249023438,1
random_001,13,24,"12.500,18.750,0.938","8.125,18.750,2.188",60.748374938964844,61.02753829956055,0.2791633605957031,1,60.84371566772461,60.54637145996094,0.2973442077636719,1
random_001,13,25,"12.500,18.750,0.938","4.375,1.250,0.312",78.86628723144531,81.42874145507812,2.5624542236328125,1,75.53518676757812,73.43182373046875,2.103363037109375,1
random_001,13,26,"12.500,18.750,0.938","1.250,3.125,0.938",75.8062515258789,80.51725006103516,4.71099853515625,1,75.2188491821289,72.89790344238281,2.3209457397460938,1
random_001,13,27,"12.500,18.750,0.938","19.375,10.000,1.562",71.60919189453125,72.4030532836914,0.7938613891601562,1,70.57747650146484,69.01347351074219,1.5640029907226562,1
random_001,13,28,"12.500,18.750,0.938","6.875,31.250,2.188",71.984619140625,72.00386810302734,0.01924896240234375,1,71.01775360107422,71.4783935546875,0.46063995361328125,1
random_001,13,29,"12.500,18.750,0.938","7.500,26.875,0.312",70.5744400024414,70.43247985839844,0.14196014404296875,1,70.59893798828125,69.53601837158203,1.0629196166992188,1
random_001,14,15,"5.000,6.250,1.562","27.500,1.875,0.938",85.60538482666016,79.64952850341797,5.9558563232421875,1,75.5978012084961,80.2779541015625,4.680152893066406,1
random_001,14,16,"5.000,6.250,1.562","14.375,24.375,0.938",78.44078826904297,76.51654052734375,1.9242477416992188,1,74.44329833984375,74.37739562988281,0.0659027099609375,1
random_001,14,17,"5.000,6.250,1.562","37.500,33.750,1.562",87.01573181152344,89.11119079589844,2.095458984375,1,82.41031646728516,83.55834197998047,1.1480255126953125,1
random_001,14,18,"5.000,6.250,1.562","5.000,1.875,0.938",59.221893310546875,58.88520050048828,0.33669281005859375,1,58.9226188659668,58.71311950683594,0.20949935913085938,1
random_001,14,19,"5.000,6.250,1.562","36.250,27.500,2.188",83.56945037841797,88.77324676513672,5.20379638671875,1,81.94129943847656,82.75355529785156,0.812255859375,1
random_001,14,20,"5.000,6.250,1.562","33.750,23.125,1.562",79.44115447998047,88.8684310913086,9.427276611328125,1,78.72566986083984,79.6812744140625,0.9556045532226562,1
random_001,14,21,"5.000,6.250,1.562","36.875,18.125,2.188",82.08343505859375,88.7458724975586,6.662437438964844,1,79.31216430664062,78.9567642211914,0.35540008544921875,1
random_001,14,22,"5.000,6.250,1.562","38.125,8.125,0.312",87.48182678222656,86.67415618896484,0.8076705932617188,1,78.83740234375,81.77193450927734,2.9345321655273438,1
random_001,14,23,"5.000,6.250,1.562","28.125,13.125,1.562",75.77084350585938,84.55221557617188,8.7813720703125,1,72.54666137695312,73.81826782226562,1.2716064453125,1
random_001,14,24,"5.000,6.250,1.562","8.125,18.750,2.188",66.55831909179688,66.8905029296875,0.332183837890625,1,66.15837860107422,66.0921630859375,0.06621551513671875,1
random_001,14,25,"5.000,6.250,1.562","4.375,1.250,0.312",60.237953186035156,59.86758041381836,0.3703727722167969,1,59.847076416015625,59.84744644165039,0.000370025634765625,1
random_001,14,26,"5.000,6.250,1.562","1.250,3.125,0.938",60.167381286621094,60.81454849243164,0.6471672058105469,1,60.0921630859375,60.023406982421875,0.068756103515625,1
random_001,14,27,"5.000,6.250,1.562","19.375,10.000,1.562",71.3286361694336,74.49465942382812,3.1660232543945312,1,68.99823760986328,69.04022979736328,0.0419921875,1
random_001,14,28,"5.000,6.250,1.562","6.875,31.250,2.188",72.74646759033203,72.9433364868164,0.196868896484375,1,71.06095123291016,71.26395416259766,0.2030029296875,1
random_001,14,29,"5.000,6.250,1.562","7.500,26.875,0.312",70.29023742675781,71.2746810913086,0.9844436645507812,1,68.90947723388672,69.12024688720703,0.2107696533203125,1
random_001,15,16,"27.500,1.875,0.938","14.375,24.375,0.938",83.42738342285156,86.80696105957031,3.37957763671875,1,81.43763732910156,79.14602661132812,2.2916107177734375,1
random_001,15,17,"27.500,1.875,0.938","37.500,33.750,1.562",78.04197692871094,79.6246337890625,1.5826568603515625,1,76.93888854980469,82.81546783447266,5.876579284667969,1
random_001,15,18,"27.500,1.875,0.938","5.000,1.875,0.938",78.66007232666016,83.10930633544922,4.4492340087890625,1,71.47093200683594,71.48542022705078,0.01448822021484375,1
random_001,15,19,"27.500,1.875,0.938","36.250,27.500,2.188",76.22673034667969,78.3043212890625,2.0775909423828125,1,75.83544921875,75.05110931396484,0.7843399047851562,1
random_001,15,20,"27.500,1.875,0.938","33.750,23.125,1.562",74.53797149658203,76.58851623535156,2.0505447387695312,1,74.20938110351562,73.57475280761719,0.6346282958984375,1
random_001,15,21,"27.500,1.875,0.938","36.875,18.125,2.188",75.06173706054688,75.03260803222656,0.0291290283203125,1,72.62873840332031,72.3032455444336,0.32549285888671875,1
random_001,15,22,"27.500,1.875,0.938","38.125,8.125,0.312",69.32719421386719,70.47351837158203,1.1463241577148438,1,66.58795166015625,66.928955078125,0.34100341796875,1
random_001,15,23,"27.500,1.875,0.938","28.125,13.125,1.562",65.95317840576172,66.47960662841797,0.52642822265625,1,67.48736572265625,66.74375915527344,0.7436065673828125,1
random_001,15,24,"27.500,1.875,0.938","8.125,18.750,2.188",86.99227905273438,89.80525970458984,2.8129806518554688,1,83.76900482177734,83.41764831542969,0.35135650634765625,1
random_001,15,25,"27.500,1.875,0.938","4.375,1.250,0.312",78.5465316772461,83.25759887695312,4.711067199707031,1,77.63573455810547,70.52032470703125,7.115409851074219,1
random_001,15,26,"27.500,1.875,0.938","1.250,3.125,0.938",79.8043212890625,85.0245132446289,5.220191955566406,1,77.57223510742188,73.99055480957031,3.5816802978515625,1
random_001,15,27,"27.500,1.875,0.938","19.375,10.000,1.562",70.72547149658203,78.39308166503906,7.667610168457031,1,69.82861328125,69.61613464355469,0.2124786376953125,1
random_001,15,28,"27.500,1.875,0.938","6.875,31.250,2.188",87.96315002441406,90.876953125,2.9138031005859375,1,83.03578186035156,81.12786865234375,1.9079132080078125,1
random_001,15,29,"27.500,1.875,0.938","7.500,26.875,0.312",89.08379364013672,92.13648986816406,3.0526962280273438,1,82.9000015258789,84.07725524902344,1.1772537231445312,1
random_001,16,17,"14.375,24.375,0.938","37.500,33.750,1.562",75.94306945800781,84.45803833007812,8.514968872070312,1,76.48274993896484,79.26238250732422,2.779632568359375,1
random_001,16,18,"14.375,24.375,0.938","5.000,1.875,0.938",81.31439971923828,80.49067687988281,0.8237228393554688,1,76.1467056274414,76.85591125488281,0.7092056274414062,1
random_001,16,19,"14.375,24.375,0.938","36.250,27.500,2.188",74.20584106445312,84.8906478881836,10.684806823730469,1,74.43219757080078,75.20182800292969,0.7696304321289062,1
random_001,16,20,"14.375,24.375,0.938","33.750,23.125,1.562",73.02312469482422,83.80412292480469,10.780998229980469,1,71.75296020507812,72.82118225097656,1.0682220458984375,1
random_001,16,21,"14.375,24.375,0.938","36.875,18.125,2.188",74.9819564819336,84.49369812011719,9.511741638183594,1,76.4780502319336,83.39244079589844,6.914390563964844,1
random_001,16,22,"14.375,24.375,0.938","38.125,8.125,0.312",83.19213104248047,84.55900573730469,1.3668746948242188,1,78.72965240478516,82.8329086303711,4.1032562255859375,1
random_001,16,23,"14.375,24.375,0.938","28.125,13.125,1.562",76.20050048828125,81.40557861328125,5.205078125,1,73.16487121582031,74.37013244628906,1.20526123046875,1
random_001,16,24,"14.375,24.375,0.938","8.125,18.750,2.188",69.63157653808594,68.7908935546875,0.8406829833984375,1,68.75553894042969,68.8215560913086,0.06601715087890625,1
random_001,16,25,"14.375,24.375,0.938","4.375,1.250,0.312",81.81978607177734,80.47675323486328,1.3430328369140625,1,78.87427520751953,76.17239379882812,2.7018814086914062,1
random_001,16,26,"14.375,24.375,0.938","1.250,3.125,0.938",77.25910186767578,79.01411437988281,1.7550125122070312,1,77.61532592773438,79.31121826171875,1.695892333984375,1
random_001,16,27,"14.375,24.375,0.938","19.375,10.000,1.562",79.21432495117188,75.41764068603516,3.7966842651367188,1,73.21401977539062,72.635009765625,0.579010009765625,1
random_001,16,28,"14.375,24.375,0.938","6.875,31.250,2.188",65.79769134521484,66.16696166992188,0.36927032470703125,1,66.0711441040039,65.93468475341797,0.1364593505859375,1
random_001,16,29,"14.375,24.375,0.938","7.500,26.875,0.312",64.83621215820312,66.01333618164062,1.1771240234375,1,63.47949981689453,63.35859298706055,0.12090682983398438,1
random_001,17,18,"37.500,33.750,1.562","5.000,1.875,0.938",88.8745346069336,85.01321411132812,3.8613204956054688,1,83.82513427734375,86.05178833007812,2.226654052734375,1
random_001,17,19,"37.500,33.750,1.562","36.250,27.500,2.188",62.113746643066406,62.478084564208984,0.3643379211425781,1,61.17469787597656,61.19084167480469,0.016143798828125,1
random_001,17,20,"37.500,33.750,1.562","33.750,23.125,1.562",66.73148345947266,66.92494201660156,0.19345855712890625,1,65.51171112060547,65.67089080810547,0.1591796875,1
random_001,17,21,"37.500,33.750,1.562","36.875,18.125,2.188",69.06706237792969,69.1920166015625,0.1249542236328125,1,70.18205261230469,70.06709289550781,0.114959716796875,1
random_001,17,22,"37.500,33.750,1.562","38.125,8.125,0.312",73.34768676757812,73.28759002685547,0.06009674072265625,1,75.79977416992188,75.69915008544922,0.10062408447265625,1
random_001,17,23,"37.500,33.750,1.562","28.125,13.125,1.562",72.46358489990234,72.50330352783203,0.0397186279296875,1,69.76641845703125,70.35935974121094,0.5929412841796875,1
random_001,17,24,"37.500,33.750,1.562","8.125,18.750,2.188",86.45868682861328,83.78646850585938,2.6722183227539062,1,79.0342788696289,77.82990264892578,1.204376220703125,1
random_001,17,25,"37.500,33.750,1.562","4.375,1.250,0.312",88.85459899902344,85.21327209472656,3.641326904296875,1,87.14999389648438,84.078369140625,3.071624755859375,1
random_001,17,26,"37.500,33.750,1.562","1.250,3.125,0.938",89.66121673583984,87.82560729980469,1.8356094360351562,1,87.0155029296875,85.33695983886719,1.6785430908203125,1
random_001,17,27,"37.500,33.750,1.562","19.375,10.000,1.562",77.70576477050781,76.90748596191406,0.79827880859375,1,75.55033874511719,76.9859619140625,1.4356231689453125,1
random_001,17,28,"37.500,33.750,1.562","6.875,31.250,2.188",84.89649200439453,87.39244079589844,2.4959487915039062,1,79.04319763183594,82.39432525634766,3.3511276245117188,1
random_001,17,29,"37.500,33.750,1.562","7.500,26.875,0.312",79.35667419433594,79.82636260986328,0.46968841552734375,1,81.04244232177734,76.5326919555664,4.5097503662109375,1
random_001,18,19,"5.000,1.875,0.938","36.250,27.500,2.188",84.78865814208984,89.196044921875,4.407386779785156,1,82.17399597167969,83.05923461914062,0.8852386474609375,1
random_001,18,20,"5.000,1.875,0.938","33.750,23.125,1.562",83.4344253540039,88.88890075683594,5.454475402832031,1,84.44294738769531,81.428955078125,3.0139923095703125,1
random_001,18,21,"5.000,1.875,0.938","36.875,18.125,2.188",85.4740982055664,89.85224151611328,4.378143310546875,1,82.4699478149414,82.86796569824219,0.39801788330078125,1
random_001,18,22,"5.000,1.875,0.938","38.125,8.125,0.312",85.24986267089844,86.87641906738281,1.626556396484375,1,79.40104675292969,77.53587341308594,1.86517333984375,1
random_001,18,23,"5.000,1.875,0.938","28.125,13.125,1.562",79.72428894042969,85.61898803710938,5.8946990966796875,1,75.88442993164062,76.82714080810547,0.9427108764648438,1
random_001,18,24,"5.000,1.875,0.938","8.125,18.750,2.188",68.57417297363281,69.41653442382812,0.8423614501953125,1,67.30443572998047,68.24771118164062,0.9432754516601562,1
random_001,18,25,"5.000,1.875,0.938","4.375,1.250,0.312",47.764949798583984,46.7263298034668,1.0386199951171875,1,47.43764877319336,46.061790466308594,1.3758583068847656,1
random_001,18,26,"5.000,1.875,0.938","1.250,3.125,0.938",58.18766784667969,58.12730407714844,0.06036376953125,1,57.59212875366211,57.64470672607422,0.052577972412109375,1
random_001,18,27,"5.000,1.875,0.938","19.375,10.000,1.562",76.70259094238281,80.32151794433594,3.618927001953125,1,74.28981018066406,74.33941650390625,0.0496063232421875,1
random_001,18,28,"5.000,1.875,0.938","6.875,31.250,2.188",73.95465850830078,74.5732421875,0.6185836791992188,1,72.37422180175781,72.15884399414062,0.2153778076171875,1
random_001,18,29,"5.000,1.875,0.938","7.500,26.875,0.312",71.80504608154297,73.21511840820312,1.4100723266601562,1,70.71369934082031,70.21910095214844,0.494598388671875,1
random_001,19,20,"36.250,27.500,2.188","33.750,23.125,1.562",60.82078552246094,60.4864501953125,0.3343353271484375,1,60.3685417175293,60.400943756103516,0.03240203857421875,1
random_001,19,21,"36.250,27.500,2.188","36.875,18.125,2.188",65.37446594238281,65.1685791015625,0.2058868408203125,1,64.83012390136719,64.77932739257812,0.0507965087890625,1
random_001,19,22,"36.250,27.500,2.188","38.125,8.125,0.312",71.10700225830078,70.69158935546875,0.41541290283203125,1,71.13801574707031,71.00840759277344,0.129608154296875,1
random_001,19,23,"36.250,27.500,2.188","28.125,13.125,1.562",70.43986511230469,70.00477600097656,0.435089111328125,1,70.34384155273438,69.88031768798828,0.46352386474609375,1
random_001,19,24,"36.250,27.500,2.188","8.125,18.750,2.188",88.50772094726562,82.32676696777344,6.1809539794921875,1,76.1949691772461,77.33735656738281,1.1423873901367188,1
random_001,19,25,"36.250,27.500,2.188","4.375,1.250,0.312",89.08982849121094,85.01486206054688,4.0749664306640625,1,83.37213134765625,83.48948669433594,0.1173553466796875,1
random_001,19,26,"36.250,27.500,2.188","1.250,3.125,0.938",88.28358459472656,84.28360748291016,3.9999771118164062,1,80.94702911376953,80.4012451171875,0.5457839965820312,1
random_001,19,27,"36.250,27.500,2.188","19.375,10.000,1.562",77.77133178710938,76.382080078125,1.389251708984375,1,75.33406066894531,76.25960540771484,0.9255447387695312,1
random_001,19,28,"36.250,27.500,2.188","6.875,31.250,2.188",80.53990936279297,77.9560546875,2.5838546752929688,1,73.53522491455078,73.97419738769531,0.43897247314453125,1
random_001,19,29,"36.250,27.500,2.188","7.500,26.875,0.312",82.4772720336914,76.9686050415039,5.5086669921875,1,75.87006378173828,75.8667221069336,0.0033416748046875,1
random_001,20,21,"33.750,23.125,1.562","36.875,18.125,2.188",62.2467155456543,61.853759765625,0.3929557800292969,1,61.719520568847656,61.677669525146484,0.041851043701171875,1
random_001,20,22,"33.750,23.125,1.562","38.125,8.125,0.312",69.16183471679688,69.1839828491211,0.02214813232421875,1,69.27021789550781,69.9027328491211,0.6325149536132812,1
random_001,20,23,"33.750,23.125,1.562","28.125,13.125,1.562",67.90641021728516,67.83891296386719,0.06749725341796875,1,67.4587631225586,67.98217010498047,0.523406982421875,1
random_001,20,24,"33.750,23.125,1.562","8.125,18.750,2.188",89.09632110595703,79.46678161621094,9.629539489746094,1,74.9836654663086,74.99083709716797,0.007171630859375,1
random_001,20,25,"33.750,23.125,1.562","4.375,1.250,0.312",88.96609497070312,83.64623260498047,5.319862365722656,1,83.30494689941406,80.80149841308594,2.503448486328125,1
random_001,20,26,"33.750,23.125,1.562","1.250,3.125,0.938",88.52967834472656,80.29080963134766,8.238868713378906,1,79.0671615600586,78.81208038330078,0.2550811767578125,1
random_001,20,27,"33.750,23.125,1.562","19.375,10.000,1.562",75.7984848022461,74.96539306640625,0.8330917358398438,1,76.24584197998047,75.00859069824219,1.2372512817382812,1
random_001,20,28,"33.750,23.125,1.562","6.875,31.250,2.188",78.40603637695312,76.88956451416016,1.5164718627929688,1,76.32964324951172,76.10855865478516,0.2210845947265625,1
random_001,20,29,"33.750,23.125,1.562","7.500,26.875,0.312",85.19292449951172,76.68531799316406,8.507606506347656,1,73.20500183105469,72.89483642578125,0.3101654052734375,1
random_001,21,22,"36.875,18.125,2.188","38.125,8.125,0.312",65.38922119140625,64.96924591064453,0.41997528076171875,1,64.73025512695312,65.23040771484375,0.500152587890625,1
random_001,21,23,"36.875,18.125,2.188","28.125,13.125,1.562",69.942626953125,69.38986206054688,0.552764892578125,1,68.91572570800781,68.94642639160156,0.03070068359375,1
random_001,21,24,"36.875,18.125,2.188","8.125,18.750,2.188",89.35621643066406,80.34749603271484,9.008720397949219,1,76.16797637939453,87.8182373046875,11.650260925292969,1
random_001,21,25,"36.875,18.125,2.188","4.375,1.250,0.312",89.74404907226562,85.63312530517578,4.110923767089844,1,82.28645324707031,81.83902740478516,0.44742584228515625,1
random_001,21,26,"36.875,18.125,2.188","1.250,3.125,0.938",88.49385833740234,83.77106475830078,4.7227935791015625,1,81.74640655517578,80.02923583984375,1.7171707153320312,1
random_001,21,27,"36.875,18.125,2.188","19.375,10.000,1.562",75.05735778808594,74.0268783569336,1.0304794311523438,1,75.02007293701172,74.8532485961914,0.1668243408203125,1
random_001,21,28,"36.875,18.125,2.188","6.875,31.250,2.188",79.41629028320312,79.39989471435547,0.01639556884765625,1,79.78892517089844,77.95295715332031,1.835968017578125,1
random_001,21,29,"36.875,18.125,2.188","7.500,26.875,0.312",85.12183380126953,80.55781555175781,4.564018249511719,1,76.72991943359375,77.25534057617188,0.525421142578125,1
random_001,22,23,"38.125,8.125,0.312","28.125,13.125,1.562",70.59158325195312,69.33900451660156,1.2525787353515625,1,68.32837677001953,68.56444549560547,0.2360687255859375,1
random_001,22,24,"38.125,8.125,0.312","8.125,18.750,2.188",89.52269744873047,89.61126708984375,0.08856964111328125,1,80.71727752685547,80.90691375732422,0.18963623046875,1
random_001,22,25,"38.125,8.125,0.312","4.375,1.250,0.312",86.72809600830078,85.34867095947266,1.379425048828125,1,80.91370391845703,81.6196517944336,0.7059478759765625,1
random_001,22,26,"38.125,8.125,0.312","1.250,3.125,0.938",86.93943786621094,86.76580047607422,0.17363739013671875,1,77.33229064941406,78.92402648925781,1.59173583984375,1
random_001,22,27,"38.125,8.125,0.312","19.375,10.000,1.562",77.21855163574219,84.9808578491211,7.762306213378906,1,72.68453979492188,73.22098541259766,0.5364456176757812,1
random_001,22,28,"38.125,8.125,0.312","6.875,31.250,2.188",84.21903991699219,85.51634216308594,1.29730224609375,1,85.00491333007812,82.51628875732422,2.4886245727539062,1
random_001,22,29,"38.125,8.125,0.312","7.500,26.875,0.312",85.99873352050781,87.65139770507812,1.6526641845703125,1,86.89192962646484,84.1830825805664,2.7088470458984375,1
random_001,23,24,"28.125,13.125,1.562","8.125,18.750,2.188",87.2803726196289,78.75218200683594,8.528190612792969,1,73.26475524902344,72.18525695800781,1.079498291015625,1
random_001,23,25,"28.125,13.125,1.562","4.375,1.250,0.312",85.5136489868164,80.07579040527344,5.437858581542969,1,78.74935150146484,77.02053833007812,1.7288131713867188,1
random_001,23,26,"28.125,13.125,1.562","1.250,3.125,0.938",84.44984436035156,78.00331115722656,6.446533203125,1,72.25623321533203,73.33352661132812,1.0772933959960938,1
random_001,23,27,"28.125,13.125,1.562","19.375,10.000,1.562",65.5035629272461,65.47046661376953,0.0330963134765625,1,65.6517105102539,65.78711700439453,0.135406494140625,1
random_001,23,28,"28.125,13.125,1.562","6.875,31.250,2.188",79.9965591430664,81.80278778076172,1.8062286376953125,1,77.65711975097656,77.84679412841797,0.18967437744140625,1
random_001,23,29,"28.125,13.125,1.562","7.500,26.875,0.312",86.04518127441406,84.15237426757812,1.8928070068359375,1,78.39407348632812,76.8409652709961,1.5531082153320312,1
random_001,24,25,"8.125,18.750,2.188","4.375,1.250,0.312",69.52579498291016,68.8735580444336,0.6522369384765625,1,69.52708435058594,67.85841369628906,1.668670654296875,1
random_001,24,26,"8.125,18.750,2.188","1.250,3.125,0.938",69.59607696533203,68.3008041381836,1.2952728271484375,1,70.05436706542969,68.71497344970703,1.3393936157226562,1
random_001,24,27,"8.125,18.750,2.188","19.375,10.000,1.562",76.5146255493164,82.23197174072266,5.71734619140625,1,76.05040740966797,76.23422241210938,0.18381500244140625,1
random_001,24,28,"8.125,18.750,2.188","6.875,31.250,2.188",67.2289810180664,66.6587142944336,0.5702667236328125,1,65.67084503173828,65.46074676513672,0.2100982666015625,1
random_001,24,29,"8.125,18.750,2.188","7.500,26.875,0.312",64.04142761230469,63.9006233215332,0.14080429077148438,1,63.35948944091797,63.133338928222656,0.2261505126953125,1
random_001,25,26,"4.375,1.250,0.312","1.250,3.125,0.938",57.297386169433594,57.50514602661133,0.20775985717773438,1,56.22848129272461,56.834102630615234,0.605621337890625,1
random_001,25,27,"4.375,1.250,0.312","19.375,10.000,1.562",77.0528564453125,80.44546508789062,3.392608642578125,1,73.5035629272461,74.1554946899414,0.6519317626953125,1
random_001,25,28,"4.375,1.250,0.312","6.875,31.250,2.188",74.1047134399414,74.55606842041016,0.45135498046875,1,71.18787384033203,71.98302459716797,0.7951507568359375,1
random_001,25,29,"4.375,1.250,0.312","7.500,26.875,0.312",72.02949523925781,73.2533187866211,1.2238235473632812,1,72.12186431884766,75.05599975585938,2.9341354370117188,1
random_001,26,27,"1.250,3.125,0.938","19.375,10.000,1.562",76.28813934326172,77.33805847167969,1.0499191284179688,1,70.83889770507812,70.18504333496094,0.6538543701171875,1
random_001,26,28,"1.250,3.125,0.938","6.875,31.250,2.188",73.64749145507812,74.48636627197266,0.8388748168945312,1,71.57949829101562,71.58705139160156,0.0075531005859375,1
random_001,26,29,"1.250,3.125,0.938","7.500,26.875,0.312",71.52545166015625,73.09548950195312,1.570037841796875,1,70.061767578125,69.45242309570312,0.609344482421875,1
random_001,27,28,"19.375,10.000,1.562","6.875,31.250,2.188",86.0307388305664,85.50277709960938,0.5279617309570312,1,78.87132263183594,81.21223449707031,2.340911865234375,1
random_001,27,29,"19.375,10.000,1.562","7.500,26.875,0.312",85.78529357910156,83.42996978759766,2.3553237915039062,1,77.68433380126953,79.36918640136719,1.6848526000976562,1
random_001,28,29,"6.875,31.250,2.188","7.500,26.875,0.312",59.94248580932617,60.08132553100586,0.1388397216796875,1,60.407352447509766,60.408668518066406,0.001316070556640625,1
random_002,0,1,"30.000,32.500,2.188","7.500,5.625,0.312",84.31562042236328,85.32672119140625,1.0111007690429688,1,77.18650817871094,76.9371109008789,0.24939727783203125,1
random_002,0,2,"30.000,32.500,2.188","29.375,9.375,2.188",73.25752258300781,72.79733276367188,0.4601898193359375,1,71.85659790039062,71.85658264160156,1.52587890625e-05,1
random_002,0,3,"30.000,32.500,2.188","30.625,29.375,0.312",57.927120208740234,57.678863525390625,0.24825668334960938,1,56.56039810180664,56.561248779296875,0.000850677490234375,1
random_002,0,4,"30.000,32.500,2.188","30.625,20.625,2.188",67.07061767578125,67.32758331298828,0.25696563720703125,1,66.3169937133789,66.38911437988281,0.07212066650390625,1
random_002,0,5,"30.000,32.500,2.188","5.625,3.750,0.938",83.61489868164062,85.32569885253906,1.7108001708984375,1,77.99654388427734,78.04022979736328,0.0436859130859375,1
random_002,0,6,"30.000,32.500,2.188","30.625,12.500,1.562",72.32205200195312,71.69286346435547,0.6291885375976562,1,70.23686218261719,70.20024108886719,0.03662109375,1
random_002,0,7,"30.000,32.500,2.188","25.000,23.125,2.188",66.61397552490234,67.10852813720703,0.4945526123046875,1,66.23033142089844,66.19152069091797,0.03881072998046875,1
random_002,0,8,"30.000,32.500,2.188","10.625,6.875,0.938",84.18022155761719,84.83755493164062,0.6573333740234375,1,79.85125732421875,79.01200103759766,0.8392562866210938,1
random_002,0,9,"30.000,32.500,2.188","27.500,25.000,0.312",64.00504302978516,64.54136657714844,0.5363235473632812,1,63.9649772644043,63.96660232543945,0.00162506103515625,1
random_002,0,10,"30.000,32.500,2.188","21.250,18.750,0.938",70.14725494384766,69.77961730957031,0.36763763427734375,1,68.23594665527344,68.46154022216797,0.22559356689453125,1
random_002,0,11,"30.000,32.500,2.188","16.250,14.375,0.312",82.3022232055664,81.54873657226562,0.7534866333007812,1,76.50254821777344,77.51180267333984,1.0092544555664062,1
random_002,0,12,"30.000,32.500,2.188","11.250,4.375,1.562",84.53494262695312,84.14112854003906,0.3938140869140625,1,78.87407684326172,78.96157836914062,0.08750152587890625,1
random_002,0,13,"30.000,32.500,2.188","8.125,10.000,0.312",85.43981170654297,86.6074447631836,1.167633056640625,1,79.17168426513672,78.6910171508789,0.4806671142578125,1
random_002,0,14,"30.000,32.500,2.188","21.250,3.750,0.938",75.66907501220703,74.14765167236328,1.52142333984375,1,72.88273620605469,73.23403930664062,0.3513031005859375,1
random_002,0,15,"30.000,32.500,2.188","35.625,29.375,1.562",66.75682830810547,64.63350677490234,2.123321533203125,1,64.72998809814453,64.58277893066406,0.14720916748046875,1
random_002,0,16,"30.000,32.500,2.188","28.125,4.375,2.188",74.80852508544922,73.80281829833984,1.005706787109375,1,73.27770233154297,70.73812866210938,2.5395736694335938,1
random_002,0,17,"30.000,32.500,2.188","31.875,16.250,2.188",70.49110412597656,70.00772857666016,0.48337554931640625,1,69.77534484863281,69.17992401123047,0.5954208374023438,1
random_002,0,18,"30.000,32.500,2.188","16.250,5.000,1.562",87.91329956054688,84.29754638671875,3.615753173828125,1,80.3182601928711,79.8163833618164,0.5018768310546875,1
random_002,0,19,"30.000,32.500,2.188","28.125,26.875,0.312",62.084327697753906,62.08000183105469,0.00432586669921875,1,61.920440673828125,61.8870735168457,0.033367156982421875,1
random_002,0,20,"30.000,32.500,2.188","9.375,3.125,1.562",83.37987518310547,84.54793548583984,1.168060302734375,1,79.78248596191406,79.02808380126953,0.7544021606445312,1
random_002,0,21,"30.000,32.500,2.188","11.250,19.375,0.938",82.91716003417969,84.82135772705078,1.9041976928710938,1,78.75566101074219,79.68726348876953,0.9316024780273438,1
random_002,0,22,"30.000,32.500,2.188","37.500,26.250,1.562",69.70499420166016,69.72016906738281,0.01517486572265625,1,69.38861846923828,69.6917724609375,0.30315399169921875,1
random_002,0,23,"30.000,32.500,2.188","14.375,36.875,0.312",70.08380889892578,71.00269317626953,0.91888427734375,1,70.05068969726562,69.16305541992188,0.88763427734375,1
random_002,0,24,"30.000,32.500,2.188","29.375,37.500,1.562",60.078948974609375,59.863746643066406,0.21520233154296875,1,60.21098327636719,59.21847915649414,0.9925041198730469,1
random_002,0,25,"30.000,32.500,2.188","10.625,5.000,1.562",84.1111068725586,84.77069091796875,0.6595840454101562,1,78.34520721435547,77.5557861328125,0.7894210815429688,1
random_002,0,26,"30.000,32.500,2.188","20.625,24.375,0.312",68.03772735595703,68.10778045654297,0.0700531005859375,1,67.20596313476562,67.1064453125,0.099517822265625,1
random_002,0,27,"30.000,32.500,2.188","8.750,21.250,0.312",83.99675750732422,84.4443130493164,0.4475555419921875,1,79.30854034423828,77.88717651367188,1.4213638305664062,1
random_002,0,28,"30.000,32.500,2.188","9.375,8.125,2.188",84.78772735595703,86.09286499023438,1.3051376342773438,1,78.71882629394531,78.74954986572266,0.03072357177734375,1
random_002,0,29,"30.000,32.500,2.188","35.625,30.000,2.188",66.57534790039062,63.339599609375,3.235748291015625,1,63.85675811767578,63.895729064941406,0.038970947265625,1
random_002,1,2,"7.500,5.625,0.312","29.375,9.375,2.188",85.38124084472656,80.94534301757812,4.4358978271484375,1,75.95722961425781,73.7659912109375,2.1912384033203125,1
random_002,1,3,"7.500,5.625,0.312","30.625,29.375,0.312",85.03453826904297,82.2273178100586,2.807220458984375,1,83.55536651611328,81.57612609863281,1.9792404174804688,1
random_002,1,4,"7.500,5.625,0.312","30.625,20.625,2.188",82.86737060546875,81.19561004638672,1.6717605590820312,1,77.77359771728516,81.5947265625,3.8211288452148438,1
random_002,1,5,"7.500,5.625,0.312","5.625,3.750,0.938",55.43478012084961,55.940242767333984,0.505462646484375,1,55.430076599121094,55.24300003051758,0.18707656860351562,1
random_002,1,6,"7.500,5.625,0.312","30.625,12.500,1.562",85.02874755859375,81.3808364868164,3.6479110717773438,1,74.35870361328125,75.71627044677734,1.3575668334960938,1
random_002,1,7,"7.500,5.625,0.312","25.000,23.125,2.188",84.03567504882812,79.75263977050781,4.2830352783203125,1,78.0257568359375,77.56640625,0.4593505859375,1
random_002,1,8,"7.500,5.625,0.312","10.625,6.875,0.938",57.681907653808594,57.38945007324219,0.29245758056640625,1,57.345130920410156,57.3002815246582,0.044849395751953125,1
random_002,1,9,"7.500,5.625,0.312","27.500,25.000,0.312",84.04528045654297,80.88422393798828,3.1610565185546875,1,78.88899993896484,76.02877807617188,2.8602218627929688,1
random_002,1,10,"7.500,5.625,0.312","21.250,18.750,0.938",83.82096099853516,76.3853988647461,7.4355621337890625,1,72.63995361328125,72.2706527709961,0.36930084228515625,1
random_002,1,11,"7.500,5.625,0.312","16.250,14.375,0.312",67.67566680908203,67.70751953125,0.03185272216796875,1,68.0506820678711,67.90567779541016,0.1450042724609375,1
random_002,1,12,"7.500,5.625,0.312","11.250,4.375,1.562",58.8416862487793,58.746315002441406,0.09537124633789062,1,58.744537353515625,58.76932144165039,0.024784088134765625,1
random_002,1,13,"7.500,5.625,0.312","8.125,10.000,0.312",58.95501708984375,59.52112579345703,0.5661087036132812,1,58.50237274169922,59.445823669433594,0.943450927734375,1
random_002,1,14,"7.500,5.625,0.312","21.250,3.750,0.938",79.53726196289062,70.32384490966797,9.213417053222656,1,71.98958587646484,68.73320007324219,3.2563858032226562,1
random_002,1,15,"7.500,5.625,0.312","35.625,29.375,1.562",86.50997924804688,85.21944427490234,1.2905349731445312,1,80.22612762451172,80.42403411865234,0.197906494140625,1
random_002,1,16,"7.500,5.625,0.312","28.125,4.375,2.188",86.4736328125,78.93614196777344,7.5374908447265625,1,75.29110717773438,74.65852355957031,0.6325836181640625,1
random_002,1,17,"7.500,5.625,0.312","31.875,16.250,2.188",84.55158996582031,81.76422882080078,2.7873611450195312,1,77.42509460449219,77.5083999633789,0.08330535888671875,1
random_002,1,18,"7.500,5.625,0.312","16.250,5.000,1.562",64.63219451904297,64.36109161376953,0.2711029052734375,1,63.99481964111328,63.916099548339844,0.0787200927734375,1
random_002,1,19,"7.500,5.625,0.312","28.125,26.875,0.312",84.55189514160156,81.7821044921875,2.7697906494140625,1,81.833984375,81.42792510986328,0.40605926513671875,1
random_002,1,20,"7.500,5.625,0.312","9.375,3.125,1.562",57.02079772949219,56.94157791137695,0.07921981811523438,1,57.09030532836914,57.046302795410156,0.044002532958984375,1
random_002,1,21,"7.500,5.625,0.312","11.250,19.375,0.938",78.793212890625,71.12776947021484,7.665443420410156,1,71.78836059570312,68.97073364257812,2.817626953125,1
random_002,1,22,"7.500,5.625,0.312","37.500,26.250,1.562",85.6249008178711,85.0140609741211,0.61083984375,1,79.59593963623047,80.05062103271484,0.454681396484375,1
random_002,1,23,"7.500,5.625,0.312","14.375,36.875,0.312",85.928466796875,88.01466369628906,2.0861968994140625,1,78.654296875,77.79240417480469,0.8618927001953125,1
random_002,1,24,"7.500,5.625,0.312","29.375,37.500,1.562",86.21855926513672,83.96302032470703,2.2555389404296875,1,79.74293518066406,81.0788345336914,1.3358993530273438,1
random_002,1,25,"7.500,5.625,0.312","10.625,5.000,1.562",57.46337890625,57.362728118896484,0.10065078735351562,1,57.56910705566406,57.573585510253906,0.00447845458984375,1
random_002,1,26,"7.500,5.625,0.312","20.625,24.375,0.312",85.07101440429688,79.12630462646484,5.944709777832031,1,79.95732879638672,77.83515167236328,2.1221771240234375,1
random_002,1,27,"7.500,5.625,0.312","8.750,21.250,0.312",78.05303955078125,76.96736145019531,1.0856781005859375,1,71.8473892211914,71.04745483398438,0.7999343872070312,1
random_002,1,28,"7.500,5.625,0.312","9.375,8.125,2.188",58.07332229614258,58.38119888305664,0.3078765869140625,1,56.97889709472656,57.91463851928711,0.9357414245605469,1
random_002,1,29,"7.500,5.625,0.312","35.625,30.000,2.188",86.651611328125,85.47239685058594,1.1792144775390625,1,80.73687744140625,79.99421691894531,0.7426605224609375,1
random_002,2,3,"29.375,9.375,2.188","30.625,29.375,0.312",71.56787109375,72.2127456665039,0.6448745727539062,1,71.99620056152344,71.84205627441406,0.154144287109375,1
random_002,2,4,"29.375,9.375,2.188","30.625,20.625,2.188",66.23051452636719,66.76636505126953,0.5358505249023438,1,65.77436065673828,66.63934326171875,0.8649826049804688,1
random_002,2,5,"29.375,9.375,2.188","5.625,3.750,0.938",81.09281921386719,84.39614868164062,3.3033294677734375,1,80.04187774658203,78.55570983886719,1.4861679077148438,1
random_002,2,6,"29.375,9.375,2.188","30.625,12.500,1.562",57.24870681762695,57.244075775146484,0.00463104248046875,1,57.118492126464844,57.331459045410156,0.2129669189453125,1
random_002,2,7,"29.375,9.375,2.188","25.000,23.125,2.188",69.42117309570312,69.67155456542969,0.2503814697265625,1,69.2759780883789,69.38825988769531,0.11228179931640625,1
random_002,2,8,"29.375,9.375,2.188","10.625,6.875,0.938",80.98979187011719,85.50982666015625,4.5200347900390625,1,70.2236557006836,72.81636810302734,2.59271240234375,1
random_002,2,9,"29.375,9.375,2.188","27.500,25.000,0.312",69.8644790649414,70.2379150390625,0.37343597412109375,1,68.22850799560547,67.97325897216797,0.2552490234375,1
random_002,2,10,"29.375,9.375,2.188","21.250,18.750,0.938",72.80598449707031,73.29042053222656,0.48443603515625,1,71.10785675048828,69.73841857910156,1.3694381713867188,1
random_002,2,11,"29.375,9.375,2.188","16.250,14.375,0.312",83.77039337158203,85.03382110595703,1.263427734375,1,71.32660675048828,71.35578918457031,0.02918243408203125,1
random_002,2,12,"29.375,9.375,2.188","11.250,4.375,1.562",80.19091033935547,83.85868835449219,3.6677780151367188,1,77.7601318359375,79.5458755493164,1.7857437133789062,1
random_002,2,13,"29.375,9.375,2.188","8.125,10.000,0.312",81.1297607421875,87.12788391113281,5.9981231689453125,1,76.17573547363281,76.87982940673828,0.7040939331054688,1
random_002,2,14,"29.375,9.375,2.188","21.250,3.750,0.938",70.0272216796875,70.81378173828125,0.78656005859375,1,68.4681396484375,68.42623901367188,0.041900634765625,1
random_002,2,15,"29.375,9.375,2.188","35.625,29.375,1.562",76.20509338378906,75.25723266601562,0.9478607177734375,1,72.47374725341797,71.21098327636719,1.2627639770507812,1
random_002,2,16,"29.375,9.375,2.188","28.125,4.375,2.188",59.87305450439453,59.74979782104492,0.12325668334960938,1,59.23637390136719,59.193931579589844,0.04244232177734375,1
random_002,2,17,"29.375,9.375,2.188","31.875,16.250,2.188",62.59617233276367,62.953067779541016,0.35689544677734375,1,62.65279769897461,62.943634033203125,0.2908363342285156,1
random_002,2,18,"29.375,9.375,2.188","16.250,5.000,1.562",78.5907974243164,82.3466796875,3.7558822631835938,1,71.74298095703125,81.13955688476562,9.396575927734375,1
random_002,2,19,"29.375,9.375,2.188","28.125,26.875,0.312",70.5787353515625,71.17454528808594,0.5958099365234375,1,70.60786437988281,70.5262680053711,0.08159637451171875,1
random_002,2,20,"29.375,9.375,2.188","9.375,3.125,1.562",79.86112213134766,83.33478546142578,3.473663330078125,1,74.94381713867188,74.6812744140625,0.262542724609375,1
random_002,2,21,"29.375,9.375,2.188","11.250,19.375,0.938",83.95708465576172,86.57415771484375,2.6170730590820312,1,75.4532470703125,81.1368637084961,5.683616638183594,1
random_002,2,22,"29.375,9.375,2.188","37.500,26.250,1.562",70.97874450683594,70.71028900146484,0.26845550537109375,1,71.29235076904297,70.63056182861328,0.6617889404296875,1
random_002,2,23,"29.375,9.375,2.188","14.375,36.875,0.312",80.23216247558594,84.82137298583984,4.589210510253906,1,74.14740753173828,74.43389892578125,0.28649139404296875,1
random_002,2,24,"29.375,9.375,2.188","29.375,37.500,1.562",74.10867309570312,74.5270004272461,0.41832733154296875,1,71.98190307617188,72.54484558105469,0.5629425048828125,1
random_002,2,25,"29.375,9.375,2.188","10.625,5.000,1.562",80.62724304199219,83.5825424194336,2.9552993774414062,1,76.81269836425781,78.33436584472656,1.52166748046875,1
random_002,2,26,"29.375,9.375,2.188","20.625,24.375,0.312",74.36959838867188,75.32878875732422,0.9591903686523438,1,72.69025421142578,72.54561614990234,0.1446380615234375,1
random_002,2,27,"29.375,9.375,2.188","8.750,21.250,0.312",82.32420349121094,87.27021789550781,4.946014404296875,1,76.8459243774414,77.70890808105469,0.8629837036132812,1
random_002,2,28,"29.375,9.375,2.188","9.375,8.125,2.188",81.26934051513672,86.52946472167969,5.260124206542969,1,75.70667266845703,75.13299560546875,0.5736770629882812,1
random_002,2,29,"29.375,9.375,2.188","35.625,30.000,2.188",76.48963928222656,75.35623931884766,1.1333999633789062,1,72.1545181274414,72.37272644042969,0.21820831298828125,1
random_002,3,4,"30.625,29.375,0.312","30.625,20.625,2.188",64.97833251953125,64.7421875,0.23614501953125,1,64.60272979736328,63.617706298828125,0.9850234985351562,1
random_002,3,5,"30.625,29.375,0.312","5.625,3.750,0.938",82.3398666381836,84.79330444335938,2.4534378051757812,1,78.28695678710938,77.96302032470703,0.32393646240234375,1
random_002,3,6,"30.625,29.375,0.312","30.625,12.500,1.562",71.0364990234375,70.2405776977539,0.7959213256835938,1,71.4969711303711,71.82086181640625,0.32389068603515625,1
random_002,3,7,"30.625,29.375,0.312","25.000,23.125,2.188",65.26786041259766,65.31668090820312,0.04882049560546875,1,63.678199768066406,64.01050567626953,0.332305908203125,1
random_002,3,8,"30.625,29.375,0.312","10.625,6.875,0.938",82.1464614868164,84.44886016845703,2.302398681640625,1,77.76007080078125,77.33663940429688,0.423431396484375,1
random_002,3,9,"30.625,29.375,0.312","27.500,25.000,0.312",61.052886962890625,61.0401496887207,0.012737274169921875,1,59.54613494873047,59.53050231933594,0.01563262939453125,1
random_002,3,10,"30.625,29.375,0.312","21.250,18.750,0.938",69.32005310058594,68.6713638305664,0.6486892700195312,1,66.60826873779297,66.53837585449219,0.06989288330078125,1
random_002,3,11,"30.625,29.375,0.312","16.250,14.375,0.312",81.22698974609375,80.00398254394531,1.2230072021484375,1,75.46971893310547,78.65702819824219,3.1873092651367188,1
random_002,3,12,"30.625,29.375,0.312","11.250,4.375,1.562",82.8028564453125,83.82621765136719,1.0233612060546875,1,76.40644836425781,77.43791198730469,1.031463623046875,1
random_002,3,13,"30.625,29.375,0.312","8.125,10.000,0.312",83.372314453125,85.08029174804688,1.707977294921875,1,79.59909057617188,79.4899673461914,0.10912322998046875,1
random_002,3,14,"30.625,29.375,0.312","21.250,3.750,0.938",74.90568542480469,73.45162200927734,1.4540634155273438,1,71.14119720458984,70.68097686767578,0.4602203369140625,1
random_002,3,15,"30.625,29.375,0.312","35.625,29.375,1.562",62.79622268676758,61.33072280883789,1.4654998779296875,1,61.80583572387695,62.54878234863281,0.7429466247558594,1
random_002,3,16,"30.625,29.375,0.312","28.125,4.375,2.188",73.92622375488281,72.8250961303711,1.1011276245117188,1,72.95980072021484,74.32907104492188,1.3692703247070312,1
random_002,3,17,"30.625,29.375,0.312","31.875,16.250,2.188",68.7690200805664,68.19187927246094,0.5771408081054688,1,66.17253112792969,66.60318756103516,0.43065643310546875,1
random_002,3,18,"30.625,29.375,0.312","16.250,5.000,1.562",86.85539245605469,83.37134552001953,3.4840469360351562,1,78.56168365478516,78.81716918945312,0.25548553466796875,1
random_002,3,19,"30.625,29.375,0.312","28.125,26.875,0.312",57.6898193359375,57.73370361328125,0.04388427734375,1,57.66938781738281,58.29161834716797,0.6222305297851562,1
random_002,3,20,"30.625,29.375,0.312","9.375,3.125,1.562",81.98450469970703,83.97465515136719,1.9901504516601562,1,77.35734558105469,78.80149841308594,1.44415283203125,1
random_002,3,21,"30.625,29.375,0.312","11.250,19.375,0.938",81.87821960449219,86.33631896972656,4.458099365234375,1,74.60501098632812,72.07210540771484,2.5329055786132812,1
random_002,3,22,"30.625,29.375,0.312","37.500,26.250,1.562",66.57075500488281,66.28966522216797,0.28108978271484375,1,66.56373596191406,66.10670471191406,0.45703125,1
random_002,3,23,"30.625,29.375,0.312","14.375,36.875,0.312",70.64874267578125,71.26959991455078,0.6208572387695312,1,70.61158752441406,71.84908294677734,1.2374954223632812,1
random_002,3,24,"30.625,29.375,0.312","29.375,37.500,1.562",63.94184112548828,63.58292007446289,0.3589210510253906,1,62.04119110107422,62.62986755371094,0.5886764526367188,1
random_002,3,25,"30.625,29.375,0.312","10.625,5.000,1.562",82.07830810546875,84.296630859375,2.21832275390625,1,76.79045867919922,79.2671127319336,2.476654052734375,1
random_002,3,26,"30.625,29.375,0.312","20.625,24.375,0.312",67.44092559814453,66.95672607421875,0.48419952392578125,1,67.18946075439453,67.25067901611328,0.06121826171875,1
random_002,3,27,"30.625,29.375,0.312","8.750,21.250,0.312",82.43643951416016,85.08023834228516,2.643798828125,1,78.89073944091797,83.90110778808594,5.010368347167969,1
random_002,3,28,"30.625,29.375,0.312","9.375,8.125,2.188",82.80040740966797,85.93983459472656,3.1394271850585938,1,76.92120361328125,77.16454315185547,0.24333953857421875,1
random_002,3,29,"30.625,29.375,0.312","35.625,30.000,2.188",63.04771423339844,61.980682373046875,1.0670318603515625,1,62.63340377807617,62.565616607666016,0.06778717041015625,1
random_002,4,5,"30.625,20.625,2.188","5.625,3.750,0.938",80.7812728881836,82.50293731689453,1.7216644287109375,1,78.11430358886719,78.23859405517578,0.12429046630859375,1
random_002,4,6,"30.625,20.625,2.188","30.625,12.500,1.562",64.26529693603516,63.945098876953125,0.32019805908203125,1,63.967002868652344,64.07295989990234,0.10595703125,1
random_002,4,7,"30.625,20.625,2.188","25.000,23.125,2.188",61.97381591796875,62.42653274536133,0.4527168273925781,1,62.102996826171875,62.0905876159668,0.012409210205078125,1
random_002,4,8,"30.625,20.625,2.188","10.625,6.875,0.938",81.27084350585938,81.87730407714844,0.6064605712890625,1,76.96784210205078,77.36295318603516,0.395111083984375,1
random_002,4,9,"30.625,20.625,2.188","27.500,25.000,0.312",61.315513610839844,61.918399810791016,0.6028861999511719,1,61.40937423706055,61.57870864868164,0.16933441162109375,1
random_002,4,10,"30.625,20.625,2.188","21.250,18.750,0.938",66.1159896850586,65.8512954711914,0.2646942138671875,1,66.50308227539062,65.98208618164062,0.52099609375,1
random_002,4,11,"30.625,20.625,2.188","16.250,14.375,0.312",82.95153045654297,72.77664947509766,10.174880981445312,1,81.33000183105469,71.01982879638672,10.310173034667969,1
random_002,4,12,"30.625,20.625,2.188","11.250,4.375,1.562",82.61982727050781,82.09634399414062,0.5234832763671875,1,77.64578247070312,78.64038848876953,0.9946060180664062,1
random_002,4,13,"30.625,20.625,2.188","8.125,10.000,0.312",81.15096282958984,84.77912139892578,3.6281585693359375,1,75.21253967285156,76.44525146484375,1.2327117919921875,1
random_002,4,14,"30.625,20.625,2.188","21.250,3.750,0.938",76.330078125,76.01248931884766,0.31758880615234375,1,73.93502807617188,71.810791015625,2.124237060546875,1
random_002,4,15,"30.625,20.625,2.188","35.625,29.375,1.562",71.44697570800781,69.82688903808594,1.620086669921875,1,70.12268829345703,69.94267272949219,0.18001556396484375,1
random_002,4,16,"30.625,20.625,2.188","28.125,4.375,2.188",69.97247314453125,68.9727554321289,0.9997177124023438,1,68.41371154785156,68.13079071044922,0.28292083740234375,1
random_002,4,17,"30.625,20.625,2.188","31.875,16.250,2.188",59.5230827331543,59.5238037109375,0.000720977783203125,1,59.76080322265625,59.232147216796875,0.528656005859375,1
random_002,4,18,"30.625,20.625,2.188","16.250,5.000,1.562",85.40499114990234,81.54472351074219,3.8602676391601562,1,79.66316986083984,80.49504089355469,0.8318710327148438,1
random_002,4,19,"30.625,20.625,2.188","28.125,26.875,0.312",63.09345245361328,63.11579895019531,0.02234649658203125,1,63.12672424316406,63.12165832519531,0.00506591796875,1
random_002,4,20,"30.625,20.625,2.188","9.375,3.125,1.562",81.91419982910156,82.32111358642578,0.40691375732421875,1,77.73733520507812,78.05610656738281,0.3187713623046875,1
random_002,4,21,"30.625,20.625,2.188","11.250,19.375,0.938",83.87283325195312,87.73490905761719,3.8620758056640625,1,71.72427368164062,72.24505615234375,0.520782470703125,1
random_002,4,22,"30.625,20.625,2.188","37.500,26.250,1.562",69.35552215576172,68.50322723388672,0.852294921875,1,67.93904113769531,67.8841552734375,0.0548858642578125,1
random_002,4,23,"30.625,20.625,2.188","14.375,36.875,0.312",72.391357421875,72.76683807373047,0.37548065185546875,1,71.30317687988281,71.09146118164062,0.2117156982421875,1
random_002,4,24,"30.625,20.625,2.188","29.375,37.500,1.562",69.95989990234375,69.86842346191406,0.0914764404296875,1,69.18946075439453,69.21973419189453,0.0302734375,1
random_002,4,25,"30.625,20.625,2.188","10.625,5.000,1.562",81.86495971679688,82.42756652832031,0.5626068115234375,1,76.45922088623047,77.65705871582031,1.1978378295898438,1
random_002,4,26,"30.625,20.625,2.188","20.625,24.375,0.312",66.99041748046875,67.02812957763672,0.03771209716796875,1,67.90504455566406,66.86084747314453,1.0441970825195312,1
random_002,4,27,"30.625,20.625,2.188","8.750,21.250,0.312",83.62429809570312,87.0926284790039,3.4683303833007812,1,78.06614685058594,74.99372100830078,3.0724258422851562,1
random_002,4,28,"30.625,20.625,2.188","9.375,8.125,2.188",81.3740463256836,84.6038818359375,3.2298355102539062,1,76.73216247558594,76.78954315185547,0.05738067626953125,1
random_002,4,29,"30.625,20.625,2.188","35.625,30.000,2.188",71.85151672363281,69.91168212890625,1.9398345947265625,1,70.97118377685547,70.81647491455078,0.1547088623046875,1
random_002,5,6,"5.625,3.750,0.938","30.625,12.500,1.562",84.36907196044922,81.47265625,2.8964157104492188,1,76.70399475097656,77.29906463623047,0.5950698852539062,1
random_002,5,7,"5.625,3.750,0.938","25.000,23.125,2.188",83.62747192382812,80.19755554199219,3.4299163818359375,1,75.82612609863281,76.4589614868164,0.6328353881835938,1
random_002,5,8,"5.625,3.750,0.938","10.625,6.875,0.938",62.406768798828125,61.81834411621094,0.5884246826171875,1,61.33673095703125,61.07517623901367,0.2615547180175781,1
random_002,5,9,"5.625,3.750,0.938","27.500,25.000,0.312",83.68107604980469,81.01945495605469,2.66162109375,1,78.14456176757812,77.66969299316406,0.4748687744140625,1
random_002,5,10,"5.625,3.750,0.938","21.250,18.750,0.938",82.60355377197266,77.34920501708984,5.2543487548828125,1,74.26448059082031,75.26980590820312,1.0053253173828125,1
random_002,5,11,"5.625,3.750,0.938","16.250,14.375,0.312",68.41432189941406,69.31729888916016,0.9029769897460938,1,68.1196517944336,67.85767364501953,0.2619781494140625,1
random_002,5,12,"5.625,3.750,0.938","11.250,4.375,1.562",61.050594329833984,61.03254699707031,0.018047332763671875,1,60.45200729370117,60.39087677001953,0.061130523681640625,1
random_002,5,13,"5.625,3.750,0.938","8.125,10.000,0.312",62.85359191894531,63.19963073730469,0.346038818359375,1,62.40277099609375,62.53883361816406,0.1360626220703125,1
random_002,5,14,"5.625,3.750,0.938","21.250,3.750,0.938",80.91188049316406,71.78242492675781,9.12945556640625,1,70.94509887695312,70.54650115966797,0.39859771728515625,1
random_002,5,15,"5.625,3.750,0.938","35.625,29.375,1.562",86.5274658203125,85.47288513183594,1.0545806884765625,1,83.22560119628906,82.54045104980469,0.685150146484375,1
random_002,5,16,"5.625,3.750,0.938","28.125,4.375,2.188",86.52467346191406,79.43215942382812,7.0925140380859375,1,77.67950439453125,78.48716735839844,0.8076629638671875,1
random_002,5,17,"5.625,3.750,0.938","31.875,16.250,2.188",84.69392395019531,82.52911376953125,2.1648101806640625,1,85.587890625,77.72726440429688,7.860626220703125,1
random_002,5,18,"5.625,3.750,0.938","16.250,5.000,1.562",65.94129180908203,65.60354614257812,0.33774566650390625,1,64.63255310058594,65.83946228027344,1.2069091796875,1
random_002,5,19,"5.625,3.750,0.938","28.125,26.875,0.312",84.01021575927734,81.70989990234375,2.3003158569335938,1,77.21543884277344,77.32384490966797,0.10840606689453125,1
random_002,5,20,"5.625,3.750,0.938","9.375,3.125,1.562",57.78107452392578,58.150123596191406,0.369049072265625,1,58.10318374633789,58.02178192138672,0.08140182495117188,1
random_002,5,21,"5.625,3.750,0.938","11.250,19.375,0.938",78.99403381347656,72.73043060302734,6.263603210449219,1,70.5614242553711,70.82843017578125,0.26700592041015625,1
random_002,5,22,"5.625,3.750,0.938","37.500,26.250,1.562",85.54331970214844,85.28295135498047,0.26036834716796875,1,81.55311584472656,81.38705444335938,0.1660614013671875,1
random_002,5,23,"5.625,3.750,0.938","14.375,36.875,0.312",85.86813354492188,87.70601654052734,1.8378829956054688,1,75.1456527709961,76.38040924072266,1.2347564697265625,1
random_002,5,24,"5.625,3.750,0.938","29.375,37.500,1.562",87.26226043701172,85.22881317138672,2.033447265625,1,82.09110260009766,82.01551818847656,0.07558441162109375,1
random_002,5,25,"5.625,3.750,0.938","10.625,5.000,1.562",60.524906158447266,60.51067352294922,0.014232635498046875,1,60.77388000488281,60.6888427734375,0.0850372314453125,1
random_002,5,26,"5.625,3.750,0.938","20.625,24.375,0.312",84.05366516113281,80.20516967773438,3.8484954833984375,1,77.11426544189453,81.83768463134766,4.723419189453125,1
random_002,5,27,"5.625,3.750,0.938","8.750,21.250,0.312",78.59075927734375,75.75528717041016,2.8354721069335938,1,70.36390686035156,69.45713806152344,0.906768798828125,1
random_002,5,28,"5.625,3.750,0.938","9.375,8.125,2.188",62.34218215942383,62.159324645996094,0.18285751342773438,1,61.641075134277344,61.47358703613281,0.16748809814453125,1
random_002,5,29,"5.625,3.750,0.938","35.625,30.000,2.188",86.6961669921875,85.6767807006836,1.0193862915039062,1,82.05010986328125,82.2177963256836,0.16768646240234375,1
random_002,6,7,"30.625,12.500,1.562","25.000,23.125,2.188",67.86734771728516,68.3187255859375,0.45137786865234375,1,66.9697036743164,66.88927459716797,0.0804290771484375,1
random_002,6,8,"30.625,12.500,1.562","10.625,6.875,0.938",80.76412963867188,84.98229217529297,4.218162536621094,1,75.07830810546875,74.47671508789062,0.601593017578125,1
random_002,6,9,"30.625,12.500,1.562","27.500,25.000,0.312",68.33345031738281,68.68867492675781,0.355224609375,1,68.59326171875,67.97148132324219,0.6217803955078125,1
random_002,6,10,"30.625,12.500,1.562","21.250,18.750,0.938",69.53628540039062,70.19206237792969,0.6557769775390625,1,67.89079284667969,67.4500732421875,0.4407196044921875,1
random_002,6,11,"30.625,12.500,1.562","16.250,14.375,0.312",84.25146484375,84.068603515625,0.182861328125,1,83.98583221435547,71.94772338867188,12.038108825683594,1
random_002,6,12,"30.625,12.500,1.562","11.250,4.375,1.562",82.21868896484375,84.44386291503906,2.2251739501953125,1,77.96368408203125,78.81489562988281,0.8512115478515625,1
random_002,6,13,"30.625,12.500,1.562","8.125,10.000,0.312",80.81495666503906,86.43391418457031,5.61895751953125,1,72.90223693847656,77.05361938476562,4.1513824462890625,1
random_002,6,14,"30.625,12.500,1.562","21.250,3.750,0.938",72.96543884277344,73.19992065429688,0.2344818115234375,1,71.4954605102539,71.65364074707031,0.15818023681640625,1
random_002,6,15,"30.625,12.500,1.562","35.625,29.375,1.562",74.73478698730469,73.77342224121094,0.96136474609375,1,72.26284790039062,72.07017517089844,0.1926727294921875,1
random_002,6,16,"30.625,12.500,1.562","28.125,4.375,2.188",63.84531021118164,64.12034606933594,0.2750358581542969,1,63.759063720703125,62.94838333129883,0.8106803894042969,1
random_002,6,17,"30.625,12.500,1.562","31.875,16.250,2.188",58.06338119506836,58.53457260131836,0.47119140625,1,58.44798278808594,58.45121765136719,0.00323486328125,1
random_002,6,18,"30.625,12.500,1.562","16.250,5.000,1.562",81.48762512207031,82.32282257080078,0.8351974487304688,1,77.3463134765625,79.927734375,2.5814208984375,1
random_002,6,19,"30.625,12.500,1.562","28.125,26.875,0.312",69.19414520263672,69.78189849853516,0.5877532958984375,1,70.82210540771484,70.66002655029297,0.162078857421875,1
random_002,6,20,"30.625,12.500,1.562","9.375,3.125,1.562",82.50823974609375,83.91818237304688,1.409942626953125,1,78.11929321289062,80.90745544433594,2.7881622314453125,1
random_002,6,21,"30.625,12.500,1.562","11.250,19.375,0.938",84.15357971191406,86.08006286621094,1.926483154296875,1,73.28800201416016,73.8306884765625,0.5426864624023438,1
random_002,6,22,"30.625,12.500,1.562","37.500,26.250,1.562",69.66425323486328,69.71642303466797,0.0521697998046875,1,68.31612396240234,68.28985595703125,0.02626800537109375,1
random_002,6,23,"30.625,12.500,1.562","14.375,36.875,0.312",75.1739273071289,75.58978271484375,0.41585540771484375,1,70.104248046875,71.53620147705078,1.4319534301757812,1
random_002,6,24,"30.625,12.500,1.562","29.375,37.500,1.562",73.11434936523438,73.94227600097656,0.8279266357421875,1,71.0432357788086,71.28997039794922,0.246734619140625,1
random_002,6,25,"30.625,12.500,1.562","10.625,5.000,1.562",81.94441223144531,83.7905502319336,1.8461380004882812,1,76.06058502197266,83.2401351928711,7.1795501708984375,1
random_002,6,26,"30.625,12.500,1.562","20.625,24.375,0.312",69.33323669433594,70.2713851928711,0.9381484985351562,1,69.35491180419922,69.24955749511719,0.10535430908203125,1
random_002,6,27,"30.625,12.500,1.562","8.750,21.250,0.312",82.66735076904297,86.56578826904297,3.8984375,1,79.86013793945312,74.17235565185547,5.687782287597656,1
random_002,6,28,"30.625,12.500,1.562","9.375,8.125,2.188",81.14484405517578,86.33485412597656,5.190010070800781,1,79.88006591796875,75.01554107666016,4.864524841308594,1
random_002,6,29,"30.625,12.500,1.562","35.625,30.000,2.188",75.16648864746094,73.94076538085938,1.2257232666015625,1,71.30946350097656,70.79220581054688,0.5172576904296875,1
random_002,7,8,"25.000,23.125,2.188","10.625,6.875,0.938",79.41078186035156,83.9032211303711,4.492439270019531,1,77.24526977539062,76.98255920410156,0.2627105712890625,1
random_002,7,9,"25.000,23.125,2.188","27.500,25.000,0.312",58.33873748779297,58.052635192871094,0.286102294921875,1,57.039451599121094,57.933998107910156,0.8945465087890625,1
random_002,7,10,"25.000,23.125,2.188","21.250,18.750,0.938",62.33807373046875,61.986263275146484,0.3518104553222656,1,61.56462097167969,61.38639450073242,0.17822647094726562,1
random_002,7,11,"25.000,23.125,2.188","16.250,14.375,0.312",74.51429748535156,73.72261810302734,0.7916793823242188,1,72.11991882324219,72.00320434570312,0.1167144775390625,1
random_002,7,12,"25.000,23.125,2.188","11.250,4.375,1.562",79.77333068847656,83.74624633789062,3.9729156494140625,1,78.24727630615234,78.78236389160156,0.5350875854492188,1
random_002,7,13,"25.000,23.125,2.188","8.125,10.000,0.312",80.78868103027344,85.17102813720703,4.382347106933594,1,75.1534194946289,76.02993774414062,0.8765182495117188,1
random_002,7,14,"25.000,23.125,2.188","21.250,3.750,0.938",71.96231079101562,71.33405303955078,0.6282577514648438,1,69.93440246582031,69.20513916015625,0.7292633056640625,1
random_002,7,15,"25.000,23.125,2.188","35.625,29.375,1.562",81.52107238769531,71.38308715820312,10.137985229492188,1,70.48431396484375,70.39103698730469,0.0932769775390625,1
random_002,7,16,"25.000,23.125,2.188","28.125,4.375,2.188",73.48798370361328,72.96861267089844,0.5193710327148438,1,67.64260864257812,73.79622650146484,6.153617858886719,1
random_002,7,17,"25.000,23.125,2.188","31.875,16.250,2.188",66.38021087646484,65.84044647216797,0.539764404296875,1,66.08074951171875,66.17594146728516,0.09519195556640625,1
random_002,7,18,"25.000,23.125,2.188","16.250,5.000,1.562",86.40106201171875,81.42532348632812,4.975738525390625,1,77.74838256835938,77.8031005859375,0.054718017578125,1
random_002,7,19,"25.000,23.125,2.188","28.125,26.875,0.312",60.90252685546875,61.24408721923828,0.34156036376953125,1,60.86029052734375,60.816349029541016,0.043941497802734375,1
random_002,7,20,"25.000,23.125,2.188","9.375,3.125,1.562",79.72147369384766,83.5578842163086,3.8364105224609375,1,77.37161254882812,78.10899353027344,0.7373809814453125,1
random_002,7,21,"25.000,23.125,2.188","11.250,19.375,0.938",81.15141296386719,85.36843872070312,4.2170257568359375,1,70.680419921875,70.96942138671875,0.28900146484375,1
random_002,7,22,"25.000,23.125,2.188","37.500,26.250,1.562",80.77692413330078,69.97933197021484,10.797592163085938,1,70.07351684570312,69.9819107055664,0.09160614013671875,1
random_002,7,23,"25.000,23.125,2.188","14.375,36.875,0.312",70.74066162109375,71.03240966796875,0.291748046875,1,70.29943084716797,69.91593933105469,0.38349151611328125,1
random_002,7,24,"25.000,23.125,2.188","29.375,37.500,1.562",69.35865783691406,69.22247314453125,0.1361846923828125,1,68.30754089355469,68.13724517822266,0.17029571533203125,1
random_002,7,25,"25.000,23.125,2.188","10.625,5.000,1.562",79.28077697753906,83.75483703613281,4.47406005859375,1,77.66072082519531,78.15487670898438,0.4941558837890625,1
random_002,7,26,"25.000,23.125,2.188","20.625,24.375,0.312",60.37702178955078,60.037025451660156,0.339996337890625,1,60.36349868774414,60.144859313964844,0.21863937377929688,1
random_002,7,27,"25.000,23.125,2.188","8.750,21.250,0.312",81.93464660644531,85.57801818847656,3.64337158203125,1,71.04782104492188,71.15080261230469,0.1029815673828125,1
random_002,7,28,"25.000,23.125,2.188","9.375,8.125,2.188",79.99139404296875,85.03729248046875,5.0458984375,1,74.96861267089844,75.0501480102539,0.08153533935546875,1
random_002,7,29,"25.000,23.125,2.188","35.625,30.000,2.188",81.44734954833984,71.90776062011719,9.539588928222656,1,70.79624938964844,70.38033294677734,0.41591644287109375,1
random_002,8,9,"10.625,6.875,0.938","27.500,25.000,0.312",83.47522735595703,80.75698852539062,2.7182388305664062,1,77.87156677246094,76.35566711425781,1.515899658203125,1
random_002,8,10,"10.625,6.875,0.938","21.250,18.750,0.938",83.94779205322266,75.2137680053711,8.734024047851562,1,74.41881561279297,74.82437896728516,0.4055633544921875,1
random_002,8,11,"10.625,6.875,0.938","16.250,14.375,0.312",65.82465362548828,65.71654510498047,0.1081085205078125,1,64.19541931152344,65.27190399169922,1.0764846801757812,1
random_002,8,12,"10.625,6.875,0.938","11.250,4.375,1.562",55.09630584716797,55.28694534301758,0.19063949584960938,1,55.15339660644531,55.168243408203125,0.0148468017578125,1
random_002,8,13,"10.625,6.875,0.938","8.125,10.000,0.312",58.72532272338867,59.53672790527344,0.8114051818847656,1,58.20860290527344,58.656944274902344,0.44834136962890625,1
random_002,8,14,"10.625,6.875,0.938","21.250,3.750,0.938",77.9193115234375,70.0131607055664,7.906150817871094,1,68.04541015625,67.27244567871094,0.7729644775390625,1
random_002,8,15,"10.625,6.875,0.938","35.625,29.375,1.562",86.44911193847656,84.77655792236328,1.6725540161132812,1,81.18777465820312,81.92347717285156,0.7357025146484375,1
random_002,8,16,"10.625,6.875,0.938","28.125,4.375,2.188",85.28741455078125,79.13004302978516,6.157371520996094,1,79.14391326904297,75.07854461669922,4.06536865234375,1
random_002,8,17,"10.625,6.875,0.938","31.875,16.250,2.188",84.18451690673828,81.1307373046875,3.0537796020507812,1,77.9179458618164,76.35176086425781,1.5661849975585938,1
random_002,8,18,"10.625,6.875,0.938","16.250,5.000,1.562",61.75138473510742,61.217063903808594,0.5343208312988281,1,62.742408752441406,62.417301177978516,0.3251075744628906,1
random_002,8,19,"10.625,6.875,0.938","28.125,26.875,0.312",84.17236328125,81.50495147705078,2.6674118041992188,1,77.15035247802734,76.39059448242188,0.7597579956054688,1
random_002,8,20,"10.625,6.875,0.938","9.375,3.125,1.562",58.98112106323242,58.749671936035156,0.23144912719726562,1,58.59795379638672,58.83570861816406,0.23775482177734375,1
random_002,8,21,"10.625,6.875,0.938","11.250,19.375,0.938",77.89302825927734,69.78807830810547,8.104949951171875,1,67.79267883300781,68.09954071044922,0.30686187744140625,1
random_002,8,22,"10.625,6.875,0.938","37.500,26.250,1.562",85.64618682861328,84.8331298828125,0.8130569458007812,1,79.60026550292969,80.92607116699219,1.3258056640625,1
random_002,8,23,"10.625,6.875,0.938","14.375,36.875,0.312",86.84553527832031,87.14224243164062,0.2967071533203125,1,76.27213287353516,75.22702026367188,1.0451126098632812,1
random_002,8,24,"10.625,6.875,0.938","29.375,37.500,1.562",85.30577850341797,83.70458221435547,1.6011962890625,1,78.73835754394531,80.242919921875,1.5045623779296875,1
random_002,8,25,"10.625,6.875,0.938","10.625,5.000,1.562",52.865638732910156,52.92354202270508,0.057903289794921875,1,52.67652893066406,52.67900085449219,0.002471923828125,1
random_002,8,26,"10.625,6.875,0.938","20.625,24.375,0.312",85.40089416503906,77.41263580322266,7.988258361816406,1,74.7796401977539,78.85740661621094,4.077766418457031,1
random_002,8,27,"10.625,6.875,0.938","8.750,21.250,0.312",77.7710189819336,77.5260009765625,0.24501800537109375,1,69.83914947509766,68.00274658203125,1.8364028930664062,1
random_002,8,28,"10.625,6.875,0.938","9.375,8.125,2.188",53.470211029052734,55.24835205078125,1.7781410217285156,1,53.48162078857422,53.41851043701172,0.0631103515625,1
random_002,8,29,"10.625,6.875,0.938","35.625,30.000,2.188",86.5923843383789,85.06763458251953,1.524749755859375,1,81.86952209472656,81.84490966796875,0.0246124267578125,1
random_002,9,10,"27.500,25.000,0.312","21.250,18.750,0.938",65.83610534667969,65.01366424560547,0.8224411010742188,1,64.74581146240234,64.82333374023438,0.07752227783203125,1
random_002,9,11,"27.500,25.000,0.312","16.250,14.375,0.312",80.1531982421875,75.3364028930664,4.816795349121094,1,73.7284927368164,75.0367202758789,1.3082275390625,1
random_002,9,12,"27.500,25.000,0.312","11.250,4.375,1.562",81.4468002319336,82.9761734008789,1.5293731689453125,1,76.14749145507812,77.68370819091797,1.5362167358398438,1
random_002,9,13,"27.500,25.000,0.312","8.125,10.000,0.312",81.77348327636719,84.72235107421875,2.9488677978515625,1,75.55757141113281,78.98741912841797,3.4298477172851562,1
random_002,9,14,"27.500,25.000,0.312","21.250,3.750,0.938",72.95796203613281,71.96371459960938,0.9942474365234375,1,70.12094116210938,68.57026672363281,1.5506744384765625,1
random_002,9,15,"27.500,25.000,0.312","35.625,29.375,1.562",77.32561492919922,68.07219696044922,9.25341796875,1,67.72554779052734,67.28147888183594,0.44406890869140625,1
random_002,9,16,"27.500,25.000,0.312","28.125,4.375,2.188",72.2862777709961,71.39862060546875,0.8876571655273438,1,70.62865447998047,71.72337341308594,1.0947189331054688,1
random_002,9,17,"27.500,25.000,0.312","31.875,16.250,2.188",66.37428283691406,66.04439544677734,0.32988739013671875,1,66.54682922363281,66.47593688964844,0.070892333984375,1
random_002,9,18,"27.500,25.000,0.312","16.250,5.000,1.562",86.2930679321289,81.38324737548828,4.909820556640625,1,78.42057037353516,77.96742248535156,0.45314788818359375,1
random_002,9,19,"27.500,25.000,0.312","28.125,26.875,0.312",52.66607666015625,52.81032180786133,0.14424514770507812,1,52.672916412353516,51.74176788330078,0.9311485290527344,1
random_002,9,20,"27.500,25.000,0.312","9.375,3.125,1.562",80.83615112304688,83.24968719482422,2.4135360717773438,1,77.16670227050781,78.16639709472656,0.99969482421875,1
random_002,9,21,"27.500,25.000,0.312","11.250,19.375,0.938",82.08626556396484,85.99752044677734,3.9112548828125,1,71.31194305419922,70.66233825683594,0.6496047973632812,1
random_002,9,22,"27.500,25.000,0.312","37.500,26.250,1.562",76.90153503417969,67.58829498291016,9.313240051269531,1,66.0206527709961,65.98448181152344,0.03617095947265625,1
random_002,9,23,"27.500,25.000,0.312","14.375,36.875,0.312",70.54242706298828,70.42959594726562,0.11283111572265625,1,70.901611328125,72.08784484863281,1.1862335205078125,1
random_002,9,24,"27.500,25.000,0.312","29.375,37.500,1.562",67.81149291992188,67.2952880859375,0.516204833984375,1,67.11128234863281,67.6222152709961,0.5109329223632812,1
random_002,9,25,"27.500,25.000,0.312","10.625,5.000,1.562",80.6838150024414,83.23875427246094,2.5549392700195312,1,75.7081298828125,77.29856872558594,1.5904388427734375,1
random_002,9,26,"27.500,25.000,0.312","20.625,24.375,0.312",63.38123321533203,63.02309036254883,0.3581428527832031,1,63.02220153808594,61.60551071166992,1.4166908264160156,1
random_002,9,27,"27.500,25.000,0.312","8.750,21.250,0.312",82.22134399414062,85.56021881103516,3.3388748168945312,1,73.16788482666016,75.8577651977539,2.68988037109375,1
random_002,9,28,"27.500,25.000,0.312","9.375,8.125,2.188",81.18877410888672,84.96311950683594,3.7743453979492188,1,75.73515319824219,75.08887481689453,0.6462783813476562,1
random_002,9,29,"27.500,25.000,0.312","35.625,30.000,2.188",77.38545989990234,68.9813003540039,8.404159545898438,1,68.30947875976562,68.33486938476562,0.025390625,1
random_002,10,11,"21.250,18.750,0.938","16.250,14.375,0.312",67.73970031738281,68.40010070800781,0.660400390625,1,66.4747314453125,65.77455139160156,0.7001800537109375,1
random_002,10,12,"21.250,18.750,0.938","11.250,4.375,1.562",75.48153686523438,83.38545227050781,7.9039154052734375,1,74.28765869140625,73.55769348144531,0.7299652099609375,1
random_002,10,13,"21.250,18.750,0.938","8.125,10.000,0.312",75.70503234863281,85.69477081298828,9.989738464355469,1,72.14442443847656,70.6992416381836,1.4451828002929688,1
random_002,10,14,"21.250,18.750,0.938","21.250,3.750,0.938",69.21342468261719,68.74101257324219,0.472412109375,1,66.8117904663086,68.11164855957031,1.2998580932617188,1
random_002,10,15,"21.250,18.750,0.938","35.625,29.375,1.562",84.56454467773438,74.40007019042969,10.164474487304688,1,78.48773956298828,73.24049377441406,5.247245788574219,1
random_002,10,16,"21.250,18.750,0.938","28.125,4.375,2.188",78.49097442626953,74.09100341796875,4.399971008300781,1,71.77796173095703,72.92347717285156,1.1455154418945312,1
random_002,10,17,"21.250,18.750,0.938","31.875,16.250,2.188",67.16288757324219,67.21309661865234,0.05020904541015625,1,67.17594909667969,67.23761749267578,0.06166839599609375,1
random_002,10,18,"21.250,18.750,0.938","16.250,5.000,1.562",84.7833480834961,78.93037414550781,5.852973937988281,1,74.6192398071289,74.25948333740234,0.3597564697265625,1
random_002,10,19,"21.250,18.750,0.938","28.125,26.875,0.312",66.46221923828125,67.30526733398438,0.843048095703125,1,66.27046203613281,66.75955200195312,0.4890899658203125,1
random_002,10,20,"21.250,18.750,0.938","9.375,3.125,1.562",76.26322937011719,82.96055603027344,6.69732666015625,1,73.96076202392578,73.77388000488281,0.18688201904296875,1
random_002,10,21,"21.250,18.750,0.938","11.250,19.375,0.938",67.70411682128906,80.52569580078125,12.821578979492188,1,67.42732238769531,68.2285385131836,0.8012161254882812,1
random_002,10,22,"21.250,18.750,0.938","37.500,26.250,1.562",83.04646301269531,73.8768081665039,9.169654846191406,1,72.13360595703125,72.01116943359375,0.1224365234375,1
random_002,10,23,"21.250,18.750,0.938","14.375,36.875,0.312",76.09278869628906,79.75045776367188,3.6576690673828125,1,72.78170013427734,72.81997680664062,0.03827667236328125,1
random_002,10,24,"21.250,18.750,0.938","29.375,37.500,1.562",71.38402557373047,71.75852966308594,0.37450408935546875,1,69.50234985351562,69.1478271484375,0.354522705078125,1
random_002,10,25,"21.250,18.750,0.938","10.625,5.000,1.562",75.49276733398438,83.53079986572266,8.038032531738281,1,75.202880859375,74.96402740478516,0.23885345458984375,1
random_002,10,26,"21.250,18.750,0.938","20.625,24.375,0.312",61.232025146484375,61.71933364868164,0.4873085021972656,1,59.79742431640625,59.86693572998047,0.06951141357421875,1
random_002,10,27,"21.250,18.750,0.938","8.750,21.250,0.312",69.5149154663086,83.68119049072266,14.166275024414062,1,68.46749114990234,68.94145965576172,0.473968505859375,1
random_002,10,28,"21.250,18.750,0.938","9.375,8.125,2.188",75.7439956665039,85.97955322265625,10.235557556152344,1,73.90020751953125,73.52899169921875,0.3712158203125,1
random_002,10,29,"21.250,18.750,0.938","35.625,30.000,2.188",83.88948059082031,74.65005493164062,9.239425659179688,1,73.74639129638672,73.20182800292969,0.5445632934570312,1
random_002,11,12,"16.250,14.375,0.312","11.250,4.375,1.562",67.24539947509766,67.06317901611328,0.182220458984375,1,65.6460189819336,65.96472930908203,0.3187103271484375,1
random_002,11,13,"16.250,14.375,0.312","8.125,10.000,0.312",65.338623046875,65.5765380859375,0.2379150390625,1,63.68474578857422,63.71139144897461,0.026645660400390625,1
random_002,11,14,"16.250,14.375,0.312","21.250,3.750,0.938",72.67692565917969,72.82434844970703,0.14742279052734375,1,71.85577392578125,70.39643096923828,1.4593429565429688,1
random_002,11,15,"16.250,14.375,0.312","35.625,29.375,1.562",85.77873992919922,83.11116790771484,2.667572021484375,1,77.96134185791016,78.8816146850586,0.9202728271484375,1
random_002,11,16,"16.250,14.375,0.312","28.125,4.375,2.188",84.35569763183594,79.90424346923828,4.451454162597656,1,76.43182373046875,81.4510269165039,5.019203186035156,1
random_002,11,17,"16.250,14.375,0.312","31.875,16.250,2.188",74.09842681884766,83.77384948730469,9.675422668457031,1,77.45967102050781,73.28372192382812,4.1759490966796875,1
random_002,11,18,"16.250,14.375,0.312","16.250,5.000,1.562",77.82215118408203,66.8493423461914,10.972808837890625,1,65.57048034667969,65.62653350830078,0.05605316162109375,1
random_002,11,19,"16.250,14.375,0.312","28.125,26.875,0.312",76.70156860351562,80.18201446533203,3.4804458618164062,1,75.3579330444336,74.83881378173828,0.5191192626953125,1
random_002,11,20,"16.250,14.375,0.312","9.375,3.125,1.562",68.6192626953125,68.03858184814453,0.5806808471679688,1,67.75699615478516,67.79244232177734,0.0354461669921875,1
random_002,11,21,"16.250,14.375,0.312","11.250,19.375,0.938",63.544620513916016,63.70956039428711,0.16493988037109375,1,62.876068115234375,62.408973693847656,0.46709442138671875,1
random_002,11,22,"16.250,14.375,0.312","37.500,26.250,1.562",84.86788940429688,84.29847717285156,0.5694122314453125,1,76.38055419921875,77.50267791748047,1.1221237182617188,1
random_002,11,23,"16.250,14.375,0.312","14.375,36.875,0.312",83.75630950927734,84.44570922851562,0.6893997192382812,1,73.60389709472656,71.94990539550781,1.65399169921875,1
random_002,11,24,"16.250,14.375,0.312","29.375,37.500,1.562",82.61202239990234,83.27549743652344,0.6634750366210938,1,75.75904846191406,75.53307342529297,0.22597503662109375,1
random_002,11,25,"16.250,14.375,0.312","10.625,5.000,1.562",67.0268325805664,66.97567749023438,0.05115509033203125,1,65.45848083496094,66.6351318359375,1.1766510009765625,1
random_002,11,26,"16.250,14.375,0.312","20.625,24.375,0.312",72.5893325805664,72.06562805175781,0.5237045288085938,1,71.30704498291016,71.71308135986328,0.406036376953125,1
random_002,11,27,"16.250,14.375,0.312","8.750,21.250,0.312",66.32694244384766,66.57654571533203,0.249603271484375,1,64.6488037109375,64.39507293701172,0.25373077392578125,1
random_002,11,28,"16.250,14.375,0.312","9.375,8.125,2.188",65.84465026855469,65.56389617919922,0.28075408935546875,1,64.84933471679688,65.24069213867188,0.391357421875,1
random_002,11,29,"16.250,14.375,0.312","35.625,30.000,2.188",85.46807861328125,83.39523315429688,2.072845458984375,1,81.40025329589844,79.08948516845703,2.3107681274414062,1
random_002,12,13,"11.250,4.375,1.562","8.125,10.000,0.312",62.64240646362305,62.98020935058594,0.3378028869628906,1,62.4044189453125,62.50083923339844,0.0964202880859375,1
random_002,12,14,"11.250,4.375,1.562","21.250,3.750,0.938",77.37931823730469,67.6861572265625,9.693161010742188,1,64.84291076660156,64.52134704589844,0.321563720703125,1
random_002,12,15,"11.250,4.375,1.562","35.625,29.375,1.562",86.26972961425781,85.70042419433594,0.569305419921875,1,81.98210906982422,82.6839599609375,0.7018508911132812,1
random_002,12,16,"11.250,4.375,1.562","28.125,4.375,2.188",85.50718688964844,76.80229949951172,8.704887390136719,1,72.6695556640625,80.60594177246094,7.9363861083984375,1
random_002,12,17,"11.250,4.375,1.562","31.875,16.250,2.188",85.35482025146484,83.35210418701172,2.002716064453125,1,81.12288665771484,82.03250885009766,0.9096221923828125,1
random_002,12,18,"11.250,4.375,1.562","16.250,5.000,1.562",59.354820251464844,59.57744216918945,0.22262191772460938,1,60.026859283447266,60.008296966552734,0.01856231689453125,1
random_002,12,19,"11.250,4.375,1.562","28.125,26.875,0.312",83.47449493408203,82.13023376464844,1.3442611694335938,1,77.12398529052734,76.10999298095703,1.0139923095703125,1
random_002,12,20,"11.250,4.375,1.562","9.375,3.125,1.562",54.1436767578125,54.053688049316406,0.08998870849609375,1,53.709373474121094,53.708343505859375,0.00102996826171875,1
random_002,12,21,"11.250,4.375,1.562","11.250,19.375,0.938",78.31587982177734,71.13639068603516,7.1794891357421875,1,69.51172637939453,69.42857360839844,0.08315277099609375,1
random_002,12,22,"11.250,4.375,1.562","37.500,26.250,1.562",85.80830383300781,85.75920867919922,0.04909515380859375,1,82.35740661621094,82.00483703613281,0.352569580078125,1
random_002,12,23,"11.250,4.375,1.562","14.375,36.875,0.312",86.24906921386719,87.74276733398438,1.4936981201171875,1,76.24510192871094,74.96853637695312,1.2765655517578125,1
random_002,12,24,"11.250,4.375,1.562","29.375,37.500,1.562",85.10025024414062,84.38052368164062,0.7197265625,1,79.02075958251953,79.09892272949219,0.07816314697265625,1
random_002,12,25,"11.250,4.375,1.562","10.625,5.000,1.562",45.43512725830078,46.07624435424805,0.6411170959472656,1,45.70413589477539,45.71420669555664,0.01007080078125,1
random_002,12,26,"11.250,4.375,1.562","20.625,24.375,0.312",85.13218688964844,77.9212417602539,7.210945129394531,1,76.55924987792969,76.6048355102539,0.04558563232421875,1
random_002,12,27,"11.250,4.375,1.562","8.750,21.250,0.312",77.75699615478516,74.18834686279297,3.5686492919921875,1,69.42431640625,70.58331298828125,1.15899658203125,1
random_002,12,28,"11.250,4.375,1.562","9.375,8.125,2.188",59.42842483520508,59.470977783203125,0.042552947998046875,1,58.96915054321289,58.97364807128906,0.004497528076171875,1
random_002,12,29,"11.250,4.375,1.562","35.625,30.000,2.188",86.2340316772461,85.9033432006836,0.3306884765625,1,82.35897827148438,83.59056091308594,1.2315826416015625,1
random_002,13,14,"8.125,10.000,0.312","21.250,3.750,0.938",79.3245620727539,75.27435302734375,4.050209045410156,1,72.88690948486328,70.8105239868164,2.076385498046875,1
random_002,13,15,"8.125,10.000,0.312","35.625,29.375,1.562",87.69375610351562,85.00292205810547,2.6908340454101562,1,79.3821029663086,79.67294311523438,0.29084014892578125,1
random_002,13,16,"8.125,10.000,0.312","28.125,4.375,2.188",86.72821044921875,77.78839111328125,8.9398193359375,1,76.48192596435547,76.5758056640625,0.09387969970703125,1
random_002,13,17,"8.125,10.000,0.312","31.875,16.250,2.188",85.48385620117188,80.63340759277344,4.8504486083984375,1,79.1800765991211,76.55816650390625,2.6219100952148438,1
random_002,13,18,"8.125,10.000,0.312","16.250,5.000,1.562",68.70797729492188,67.75439453125,0.953582763671875,1,67.32080078125,68.76272583007812,1.441925048828125,1
random_002,13,19,"8.125,10.000,0.312","28.125,26.875,0.312",85.03805541992188,82.69786834716797,2.3401870727539062,1,82.02755737304688,80.19916534423828,1.8283920288085938,1
random_002,13,20,"8.125,10.000,0.312","9.375,3.125,1.562",63.58467102050781,63.19917678833008,0.3854942321777344,1,63.20233917236328,63.13911056518555,0.06322860717773438,1
random_002,13,21,"8.125,10.000,0.312","11.250,19.375,0.938",78.4769515991211,73.43145751953125,5.045494079589844,1,67.81283569335938,67.15271759033203,0.6601181030273438,1
random_002,13,22,"8.125,10.000,0.312","37.500,26.250,1.562",86.61396789550781,84.44828033447266,2.1656875610351562,1,84.088623046875,78.18939971923828,5.899223327636719,1
random_002,13,23,"8.125,10.000,0.312","14.375,36.875,0.312",86.29031372070312,87.61844635009766,1.3281326293945312,1,76.17192840576172,77.43987274169922,1.2679443359375,1
random_002,13,24,"8.125,10.000,0.312","29.375,37.500,1.562",87.96246337890625,85.22023010253906,2.7422332763671875,1,80.37654113769531,79.5029296875,0.8736114501953125,1
random_002,13,25,"8.125,10.000,0.312","10.625,5.000,1.562",62.11675262451172,61.499698638916016,0.6170539855957031,1,61.29850769042969,61.48246765136719,0.1839599609375,1
random_002,13,26,"8.125,10.000,0.312","20.625,24.375,0.312",85.44517517089844,81.21808624267578,4.227088928222656,1,79.7513198852539,81.6433334350586,1.8920135498046875,1
random_002,13,27,"8.125,10.000,0.312","8.750,21.250,0.312",78.74018859863281,77.2491455078125,1.4910430908203125,1,67.7771224975586,66.43255615234375,1.3445663452148438,1
random_002,13,28,"8.125,10.000,0.312","9.375,8.125,2.188",56.15495300292969,56.689395904541016,0.5344429016113281,1,58.09846878051758,56.04884719848633,2.04962158203125,1
random_002,13,29,"8.125,10.000,0.312","35.625,30.000,2.188",87.7419204711914,85.33866119384766,2.40325927734375,1,80.30951690673828,80.27711486816406,0.03240203857421875,1
random_002,14,15,"21.250,3.750,0.938","35.625,29.375,1.562",81.87621307373047,82.91212463378906,1.0359115600585938,1,77.49991607666016,76.96053314208984,0.5393829345703125,1
random_002,14,16,"21.250,3.750,0.938","28.125,4.375,2.188",65.92475891113281,64.19329833984375,1.7314605712890625,1,63.56840515136719,63.74065017700195,0.17224502563476562,1
random_002,14,17,"21.250,3.750,0.938","31.875,16.250,2.188",75.29181671142578,75.45614624023438,0.16432952880859375,1,70.4305191040039,70.02706909179688,0.40345001220703125,1
random_002,14,18,"21.250,3.750,0.938","16.250,5.000,1.562",62.70322036743164,63.041099548339844,0.3378791809082031,1,61.33560562133789,61.28358840942383,0.0520172119140625,1
random_002,14,19,"21.250,3.750,0.938","28.125,26.875,0.312",72.59796905517578,73.69286346435547,1.0948944091796875,1,71.78327941894531,72.34712219238281,0.5638427734375,1
random_002,14,20,"21.250,3.750,0.938","9.375,3.125,1.562",69.11439514160156,78.66436004638672,9.549964904785156,1,66.31377410888672,66.35888671875,0.04511260986328125,1
random_002,14,21,"21.250,3.750,0.938","11.250,19.375,0.938",76.35603332519531,85.3014907836914,8.945457458496094,1,74.8162612915039,73.65083312988281,1.1654281616210938,1
random_002,14,22,"21.250,3.750,0.938","37.500,26.250,1.562",81.05039978027344,82.90283966064453,1.8524398803710938,1,76.49744415283203,75.62460327148438,0.8728408813476562,1
random_002,14,23,"21.250,3.750,0.938","14.375,36.875,0.312",82.48223114013672,86.78480529785156,4.302574157714844,1,77.72032165527344,78.20710754394531,0.486785888671875,1
random_002,14,24,"21.250,3.750,0.938","29.375,37.500,1.562",75.44123840332031,76.65666961669922,1.2154312133789062,1,73.41535186767578,72.76239013671875,0.6529617309570312,1
random_002,14,25,"21.250,3.750,0.938","10.625,5.000,1.562",68.32926940917969,78.1153335571289,9.786064147949219,1,66.40374755859375,70.20513916015625,3.8013916015625,1
random_002,14,26,"21.250,3.750,0.938","20.625,24.375,0.312",71.71912384033203,72.27876281738281,0.5596389770507812,1,67.91653442382812,68.88898468017578,0.9724502563476562,1
random_002,14,27,"21.250,3.750,0.938","8.750,21.250,0.312",79.83891296386719,85.28904724121094,5.45013427734375,1,73.50370788574219,74.22731018066406,0.723602294921875,1
random_002,14,28,"21.250,3.750,0.938","9.375,8.125,2.188",73.6619873046875,79.336181640625,5.6741943359375,1,70.88301849365234,71.69451904296875,0.8115005493164062,1
random_002,14,29,"21.250,3.750,0.938","35.625,30.000,2.188",82.01582336425781,83.03657531738281,1.020751953125,1,78.60888671875,77.79177856445312,0.817108154296875,1
random_002,15,16,"35.625,29.375,1.562","28.125,4.375,2.188",77.76114654541016,77.05009460449219,0.7110519409179688,1,73.60302734375,73.69647979736328,0.09345245361328125,1
random_002,15,17,"35.625,29.375,1.562","31.875,16.250,2.188",71.82185363769531,72.41020202636719,0.588348388671875,1,69.6008071899414,69.57957458496094,0.02123260498046875,1
random_002,15,18,"35.625,29.375,1.562","16.250,5.000,1.562",88.4739990234375,87.49856567382812,0.975433349609375,1,85.16282653808594,84.9007797241211,0.26204681396484375,1
random_002,15,19,"35.625,29.375,1.562","28.125,26.875,0.312",65.99656677246094,75.63043212890625,9.633865356445312,1,66.97830963134766,66.00018310546875,0.9781265258789062,1
random_002,15,20,"35.625,29.375,1.562","9.375,3.125,1.562",85.38300323486328,86.12918090820312,0.7461776733398438,1,84.3998031616211,82.45492553710938,1.9448776245117188,1
random_002,15,21,"35.625,29.375,1.562","11.250,19.375,0.938",83.75163269042969,89.21391296386719,5.4622802734375,1,77.6123046875,78.42159271240234,0.8092880249023438,1
random_002,15,22,"35.625,29.375,1.562","37.500,26.250,1.562",56.97294998168945,57.383121490478516,0.4101715087890625,1,56.72698974609375,56.74563980102539,0.018650054931640625,1
random_002,15,23,"35.625,29.375,1.562","14.375,36.875,0.312",73.92545318603516,87.75968170166016,13.834228515625,1,72.77784729003906,72.7959213256836,0.01807403564453125,1
random_002,15,24,"35.625,29.375,1.562","29.375,37.500,1.562",69.66385650634766,70.1088638305664,0.44500732421875,1,70.05347442626953,69.19108581542969,0.8623886108398438,1
random_002,15,25,"35.625,29.375,1.562","10.625,5.000,1.562",85.01020812988281,86.32450866699219,1.314300537109375,1,82.90492248535156,81.8180923461914,1.0868301391601562,1
random_002,15,26,"35.625,29.375,1.562","20.625,24.375,0.312",72.29342651367188,84.97408294677734,12.680656433105469,1,72.78510284423828,71.48397827148438,1.3011245727539062,1
random_002,15,27,"35.625,29.375,1.562","8.750,21.250,0.312",84.06471252441406,88.99263000488281,4.92791748046875,1,75.64180755615234,84.73435974121094,9.092552185058594,1
random_002,15,28,"35.625,29.375,1.562","9.375,8.125,2.188",84.94731140136719,87.04547882080078,2.0981674194335938,1,84.40324401855469,80.72127532958984,3.6819686889648438,1
random_002,15,29,"35.625,29.375,1.562","35.625,30.000,2.188",45.62265396118164,51.70726776123047,6.084613800048828,1,45.527923583984375,45.52793502807617,1.1444091796875e-05,1
random_002,16,17,"28.125,4.375,2.188","31.875,16.250,2.188",66.71317291259766,67.10910034179688,0.39592742919921875,1,66.08036041259766,66.86026763916016,0.7799072265625,1
random_002,16,18,"28.125,4.375,2.188","16.250,5.000,1.562",71.99483489990234,81.6327133178711,9.63787841796875,1,69.60231018066406,76.14762878417969,6.545318603515625,1
random_002,16,19,"28.125,4.375,2.188","28.125,26.875,0.312",72.1220703125,73.00994873046875,0.88787841796875,1,70.87458801269531,70.71346282958984,0.16112518310546875,1
random_002,16,20,"28.125,4.375,2.188","9.375,3.125,1.562",78.7332534790039,85.57681274414062,6.843559265136719,1,72.76246643066406,72.69139862060547,0.07106781005859375,1
random_002,16,21,"28.125,4.375,2.188","11.250,19.375,0.938",81.59382629394531,86.50553894042969,4.911712646484375,1,79.44343566894531,82.44647216796875,3.0030364990234375,1
random_002,16,22,"28.125,4.375,2.188","37.500,26.250,1.562",72.27261352539062,72.34571838378906,0.0731048583984375,1,73.32892608642578,73.42803192138672,0.0991058349609375,1
random_002,16,23,"28.125,4.375,2.188","14.375,36.875,0.312",81.45147705078125,88.24860382080078,6.797126770019531,1,74.04440307617188,74.65555572509766,0.6111526489257812,1
random_002,16,24,"28.125,4.375,2.188","29.375,37.500,1.562",75.1502685546875,75.67149353027344,0.5212249755859375,1,72.30367279052734,72.62931060791016,0.3256378173828125,1
random_002,16,25,"28.125,4.375,2.188","10.625,5.000,1.562",77.17994689941406,85.71052551269531,8.53057861328125,1,69.67949676513672,68.8867416381836,0.792755126953125,1
random_002,16,26,"28.125,4.375,2.188","20.625,24.375,0.312",75.63069152832031,79.3231201171875,3.6924285888671875,1,71.32414245605469,71.72123718261719,0.3970947265625,1
random_002,16,27,"28.125,4.375,2.188","8.750,21.250,0.312",82.27262878417969,87.84268188476562,5.5700531005859375,1,80.34161376953125,78.19410705566406,2.1475067138671875,1
random_002,16,28,"28.125,4.375,2.188","9.375,8.125,2.188",79.59745788574219,85.2786865234375,5.6812286376953125,1,81.27603149414062,81.45237731933594,0.1763458251953125,1
random_002,16,29,"28.125,4.375,2.188","35.625,30.000,2.188",77.15384674072266,77.79829406738281,0.6444473266601562,1,77.01741790771484,76.34722137451172,0.670196533203125,1
random_002,17,18,"31.875,16.250,2.188","16.250,5.000,1.562",83.42411041259766,82.57085418701172,0.8532562255859375,1,80.61942291259766,80.59678649902344,0.02263641357421875,1
random_002,17,19,"31.875,16.250,2.188","28.125,26.875,0.312",67.22737121582031,67.29503631591797,0.06766510009765625,1,67.4220199584961,68.5401840209961,1.1181640625,1
random_002,17,20,"31.875,16.250,2.188","9.375,3.125,1.562",83.79976654052734,85.22337341308594,1.4236068725585938,1,80.81349182128906,79.81269073486328,1.0008010864257812,1
random_002,17,21,"31.875,16.250,2.188","11.250,19.375,0.938",84.21077728271484,86.39657592773438,2.1857986450195312,1,73.5459976196289,73.22600555419922,0.3199920654296875,1
random_002,17,22,"31.875,16.250,2.188","37.500,26.250,1.562",67.86600494384766,67.18257904052734,0.6834259033203125,1,65.74018859863281,66.20063018798828,0.46044158935546875,1
random_002,17,23,"31.875,16.250,2.188","14.375,36.875,0.312",73.80567932128906,74.08112335205078,0.27544403076171875,1,72.46358489990234,73.01129150390625,0.5477066040039062,1
random_002,17,24,"31.875,16.250,2.188","29.375,37.500,1.562",71.80657196044922,72.54131317138672,0.7347412109375,1,70.78186798095703,70.41879272460938,0.36307525634765625,1
random_002,17,25,"31.875,16.250,2.188","10.625,5.000,1.562",81.92841339111328,84.57650756835938,2.6480941772460938,1,82.75740051269531,77.2465591430664,5.510841369628906,1
random_002,17,26,"31.875,16.250,2.188","20.625,24.375,0.312",68.90652465820312,69.15570831298828,0.24918365478515625,1,68.11033630371094,68.03790283203125,0.0724334716796875,1
random_002,17,27,"31.875,16.250,2.188","8.750,21.250,0.312",83.27194213867188,86.7664794921875,3.494537353515625,1,74.00730895996094,76.06320190429688,2.0558929443359375,1
random_002,17,28,"31.875,16.250,2.188","9.375,8.125,2.188",81.21658325195312,85.64274597167969,4.4261627197265625,1,83.11904907226562,76.3742446899414,6.744804382324219,1
random_002,17,29,"31.875,16.250,2.188","35.625,30.000,2.188",72.73180389404297,72.05442810058594,0.6773757934570312,1,70.2419204711914,71.085693359375,0.8437728881835938,1
random_002,18,19,"16.250,5.000,1.562","28.125,26.875,0.312",82.21734619140625,86.7191162109375,4.50177001953125,1,78.24103546142578,77.73381042480469,0.5072250366210938,1
random_002,18,20,"16.250,5.000,1.562","9.375,3.125,1.562",62.10917663574219,61.64398956298828,0.46518707275390625,1,62.06965637207031,60.81394958496094,1.255706787109375,1
random_002,18,21,"16.250,5.000,1.562","11.250,19.375,0.938",75.64202880859375,84.57099914550781,8.928970336914062,1,71.04268646240234,75.02606201171875,3.9833755493164062,1
random_002,18,22,"16.250,5.000,1.562","37.500,26.250,1.562",87.22727966308594,88.99955749511719,1.77227783203125,1,84.27143859863281,85.238037109375,0.9665985107421875,1
random_002,18,23,"16.250,5.000,1.562","14.375,36.875,0.312",87.1692123413086,90.5870361328125,3.4178237915039062,1,74.33149719238281,74.22830963134766,0.10318756103515625,1
random_002,18,24,"16.250,5.000,1.562","29.375,37.500,1.562",85.49845886230469,87.57989501953125,2.0814361572265625,1,81.63774108886719,81.62701416015625,0.0107269287109375,1
random_002,18,25,"16.250,5.000,1.562","10.625,5.000,1.562",60.42937469482422,60.45747756958008,0.028102874755859375,1,60.98834228515625,60.966453552246094,0.02188873291015625,1
random_002,18,26,"16.250,5.000,1.562","20.625,24.375,0.312",84.43470764160156,87.94648742675781,3.51177978515625,1,76.56629943847656,76.51417541503906,0.0521240234375,1
random_002,18,27,"16.250,5.000,1.562","8.750,21.250,0.312",77.80189514160156,84.80517578125,7.0032806396484375,1,76.09505462646484,72.95361328125,3.1414413452148438,1
random_002,18,28,"16.250,5.000,1.562","9.375,8.125,2.188",63.41508483886719,64.3216552734375,0.9065704345703125,1,65.18209075927734,65.42662811279297,0.244537353515625,1
random_002,18,29,"16.250,5.000,1.562","35.625,30.000,2.188",87.61286926269531,88.73831176757812,1.1254425048828125,1,85.61721801757812,86.84894561767578,1.2317276000976562,1
random_002,19,20,"28.125,26.875,0.312","9.375,3.125,1.562",81.36279296875,83.68400573730469,2.3212127685546875,1,75.69339752197266,77.53032684326172,1.8369293212890625,1
random_002,19,21,"28.125,26.875,0.312","11.250,19.375,0.938",81.93933868408203,86.36813354492188,4.428794860839844,1,71.18130493164062,72.40736389160156,1.2260589599609375,1
random_002,19,22,"28.125,26.875,0.312","37.500,26.250,1.562",75.38060760498047,66.87308502197266,8.507522583007812,1,66.27730560302734,66.26905822753906,0.00824737548828125,1
random_002,19,23,"28.125,26.875,0.312","14.375,36.875,0.312",70.16828918457031,70.26266479492188,0.0943756103515625,1,70.77708435058594,71.99356842041016,1.2164840698242188,1
random_002,19,24,"28.125,26.875,0.312","29.375,37.500,1.562",66.3662109375,65.97432708740234,0.39188385009765625,1,65.61917114257812,66.13810729980469,0.5189361572265625,1
random_002,19,25,"28.125,26.875,0.312","10.625,5.000,1.562",81.44245147705078,83.87450408935547,2.4320526123046875,1,75.52608489990234,75.83063507080078,0.3045501708984375,1
random_002,19,26,"28.125,26.875,0.312","20.625,24.375,0.312",64.58267974853516,63.8974609375,0.6852188110351562,1,62.91164016723633,64.29036712646484,1.3787269592285156,1
random_002,19,27,"28.125,26.875,0.312","8.750,21.250,0.312",81.6475830078125,85.32557678222656,3.6779937744140625,1,73.97109985351562,73.6795883178711,0.29151153564453125,1
random_002,19,28,"28.125,26.875,0.312","9.375,8.125,2.188",82.08333587646484,85.70689392089844,3.6235580444335938,1,76.72545623779297,76.7162857055664,0.0091705322265625,1
random_002,19,29,"28.125,26.875,0.312","35.625,30.000,2.188",75.62371826171875,67.0036392211914,8.620079040527344,1,66.42829132080078,65.90145874023438,0.5268325805664062,1
random_002,20,21,"9.375,3.125,1.562","11.250,19.375,0.938",79.1889877319336,72.08514404296875,7.103843688964844,1,71.67462158203125,70.1454086303711,1.5292129516601562,1
random_002,20,22,"9.375,3.125,1.562","37.500,26.250,1.562",85.6937484741211,85.34805297851562,0.34569549560546875,1,82.22763061523438,82.50559997558594,0.2779693603515625,1
random_002,20,23,"9.375,3.125,1.562","14.375,36.875,0.312",86.92864990234375,87.7196044921875,0.79095458984375,1,75.11199188232422,74.71371459960938,0.39827728271484375,1
random_002,20,24,"9.375,3.125,1.562","29.375,37.500,1.562",85.476806640625,83.7713851928711,1.7054214477539062,1,80.00642395019531,80.2683334350586,0.26190948486328125,1
random_002,20,25,"9.375,3.125,1.562","10.625,5.000,1.562",54.059722900390625,53.90141296386719,0.1583099365234375,1,53.7544059753418,53.769527435302734,0.0151214599609375,1
random_002,20,26,"9.375,3.125,1.562","20.625,24.375,0.312",84.84886932373047,78.05609893798828,6.7927703857421875,1,77.70462799072266,77.39381408691406,0.31081390380859375,1
random_002,20,27,"9.375,3.125,1.562","8.750,21.250,0.312",78.53008270263672,73.52118682861328,5.0088958740234375,1,71.23258972167969,71.83341217041016,0.6008224487304688,1
random_002,20,28,"9.375,3.125,1.562","9.375,8.125,2.188",60.49522399902344,60.644554138183594,0.14933013916015625,1,60.473270416259766,60.44257354736328,0.030696868896484375,1
random_002,20,29,"9.375,3.125,1.562","35.625,30.000,2.188",86.20437622070312,85.53086853027344,0.6735076904296875,1,83.47281646728516,81.95313262939453,1.519683837890625,1
random_002,21,22,"11.250,19.375,0.938","37.500,26.250,1.562",89.0611343383789,84.28593444824219,4.775199890136719,1,85.20138549804688,77.32071685791016,7.880668640136719,1
random_002,21,23,"11.250,19.375,0.938","14.375,36.875,0.312",82.07037353515625,83.15557861328125,1.085205078125,1,69.55889892578125,71.62860107421875,2.0697021484375,1
random_002,21,24,"11.250,19.375,0.938","29.375,37.500,1.562",86.25972747802734,83.33488464355469,2.9248428344726562,1,78.5321273803711,78.8063735961914,0.2742462158203125,1
random_002,21,25,"11.250,19.375,0.938","10.625,5.000,1.562",70.83607482910156,78.8281478881836,7.992073059082031,1,69.2584228515625,74.02692413330078,4.768501281738281,1
random_002,21,26,"11.250,19.375,0.938","20.625,24.375,0.312",81.2824478149414,70.45421600341797,10.828231811523438,1,70.0657730102539,69.02030181884766,1.04547119140625,1
random_002,21,27,"11.250,19.375,0.938","8.750,21.250,0.312",56.83294677734375,56.45087432861328,0.38207244873046875,1,56.70726013183594,56.72092056274414,0.013660430908203125,1
random_002,21,28,"11.250,19.375,0.938","9.375,8.125,2.188",72.51141357421875,78.1476058959961,5.636192321777344,1,68.5208740234375,67.92242431640625,0.59844970703125,1
random_002,21,29,"11.250,19.375,0.938","35.625,30.000,2.188",88.79881286621094,83.97061920166016,4.828193664550781,1,84.6627197265625,76.793701171875,7.8690185546875,1
random_002,22,23,"37.500,26.250,1.562","14.375,36.875,0.312",74.92347717285156,86.12509155273438,11.201614379882812,1,73.35148620605469,72.5696029663086,0.7818832397460938,1
random_002,22,24,"37.500,26.250,1.562","29.375,37.500,1.562",72.96466827392578,72.58969116210938,0.37497711181640625,1,71.47898864746094,71.5602035522461,0.08121490478515625,1
random_002,22,25,"37.500,26.250,1.562","10.625,5.000,1.562",85.12071228027344,85.478271484375,0.3575592041015625,1,81.1248779296875,79.99394989013672,1.1309280395507812,1
random_002,22,26,"37.500,26.250,1.562","20.625,24.375,0.312",72.52568817138672,84.18263244628906,11.656944274902344,1,73.04289245605469,73.2803726196289,0.23748016357421875,1
random_002,22,27,"37.500,26.250,1.562","8.750,21.250,0.312",84.6615219116211,89.01870727539062,4.357185363769531,1,75.70722961425781,75.77722930908203,0.06999969482421875,1
random_002,22,28,"37.500,26.250,1.562","9.375,8.125,2.188",84.7597427368164,86.0508804321289,1.2911376953125,1,79.27049255371094,80.75431823730469,1.48382568359375,1
random_002,22,29,"37.500,26.250,1.562","35.625,30.000,2.188",58.24645233154297,58.14503860473633,0.10141372680664062,1,58.12954330444336,58.1330451965332,0.00350189208984375,1
random_002,23,24,"14.375,36.875,0.312","29.375,37.500,1.562",82.78083038330078,70.84588623046875,11.934944152832031,1,71.76107025146484,70.00546264648438,1.7556076049804688,1
random_002,23,25,"14.375,36.875,0.312","10.625,5.000,1.562",87.77784729003906,86.7126693725586,1.0651779174804688,1,74.54345703125,77.4585189819336,2.9150619506835938,1
random_002,23,26,"14.375,36.875,0.312","20.625,24.375,0.312",73.9120864868164,72.69966125488281,1.2124252319335938,1,71.97962188720703,73.69026184082031,1.7106399536132812,1
random_002,23,27,"14.375,36.875,0.312","8.750,21.250,0.312",72.6639175415039,71.98133087158203,0.682586669921875,1,72.6585693359375,72.66304779052734,0.00447845458984375,1
random_002,23,28,"14.375,36.875,0.312","9.375,8.125,2.188",87.49349975585938,87.26979064941406,0.2237091064453125,1,75.67662811279297,75.75202178955078,0.0753936767578125,1
random_002,23,29,"14.375,36.875,0.312","35.625,30.000,2.188",88.53359985351562,73.93616485595703,14.597434997558594,1,73.9576644897461,75.00806427001953,1.0503997802734375,1
random_002,24,25,"29.375,37.500,1.562","10.625,5.000,1.562",83.62506866455078,85.35617065429688,1.7311019897460938,1,81.71833038330078,78.90084838867188,2.8174819946289062,1
random_002,24,26,"29.375,37.500,1.562","20.625,24.375,0.312",69.35437774658203,69.55913543701172,0.2047576904296875,1,70.03047180175781,69.3621826171875,0.6682891845703125,1
random_002,24,27,"29.375,37.500,1.562","8.750,21.250,0.312",84.44329833984375,86.12045288085938,1.677154541015625,1,80.25226593017578,79.10535430908203,1.14691162109375,1
random_002,24,28,"29.375,37.500,1.562","9.375,8.125,2.188",83.91726684570312,86.94080352783203,3.0235366821289062,1,79.40650177001953,79.39399719238281,0.01250457763671875,1
random_002,24,29,"29.375,37.500,1.562","35.625,30.000,2.188",69.8454818725586,68.9941177368164,0.8513641357421875,1,68.81100463867188,68.98686218261719,0.1758575439453125,1
random_002,25,26,"10.625,5.000,1.562","20.625,24.375,0.312",85.2196044921875,77.49541473388672,7.724189758300781,1,76.21997833251953,76.01976013183594,0.20021820068359375,1
random_002,25,27,"10.625,5.000,1.562","8.750,21.250,0.312",78.2612075805664,75.34363555908203,2.917572021484375,1,69.4854736328125,70.3575210571289,0.8720474243164062,1
random_002,25,28,"10.625,5.000,1.562","9.375,8.125,2.188",57.416648864746094,57.66868209838867,0.2520332336425781,1,57.306026458740234,57.305789947509766,0.00023651123046875,1
random_002,25,29,"10.625,5.000,1.562","35.625,30.000,2.188",86.48733520507812,85.25814819335938,1.22918701171875,1,82.00421142578125,82.1956787109375,0.19146728515625,1
random_002,26,27,"20.625,24.375,0.312","8.750,21.250,0.312",73.48448944091797,82.6138687133789,9.129379272460938,1,68.64537048339844,69.49920654296875,0.8538360595703125,1
random_002,26,28,"20.625,24.375,0.312","9.375,8.125,2.188",78.25462341308594,86.14128875732422,7.886665344238281,1,76.23773193359375,77.52741241455078,1.2896804809570312,1
random_002,26,29,"20.625,24.375,0.312","35.625,30.000,2.188",85.35147857666016,72.5504379272461,12.801040649414062,1,71.64422607421875,70.67506408691406,0.9691619873046875,1
random_002,27,28,"8.750,21.250,0.312","9.375,8.125,2.188",79.44815063476562,78.22737121582031,1.2207794189453125,1,68.45089721679688,69.56600189208984,1.1151046752929688,1
random_002,27,29,"8.750,21.250,0.312","35.625,30.000,2.188",88.91836547851562,84.92410278320312,3.9942626953125,1,83.62931823730469,81.14716339111328,2.4821548461914062,1
random_002,28,29,"9.375,8.125,2.188","35.625,30.000,2.188",87.13986206054688,85.26792907714844,1.8719329833984375,1,82.02836608886719,82.0883560180664,0.05998992919921875,1
random_003,0,1,"4.375,33.125,0.312","13.125,27.500,2.188",70.3144760131836,71.79534149169922,1.480865478515625,1,72.48921203613281,71.82921600341797,0.6599960327148438,1
random_003,0,2,"4.375,33.125,0.312","5.000,20.625,0.312",74.1152572631836,81.68299865722656,7.567741394042969,1,71.83700561523438,70.5000228881836,1.3369827270507812,1
random_003,0,3,"4.375,33.125,0.312","11.250,23.125,2.188",70.849365234375,79.44074249267578,8.591377258300781,1,70.31095886230469,70.27999114990234,0.03096771240234375,1
random_003,0,4,"4.375,33.125,0.312","25.000,11.875,2.188",78.78510284423828,88.93021392822266,10.145111083984375,1,75.78124237060547,76.92801666259766,1.1467742919921875,1
random_003,0,5,"4.375,33.125,0.312","37.500,1.250,2.188",91.40182495117188,91.21920776367188,0.1826171875,1,84.0367431640625,84.27180480957031,0.2350616455078125,1
random_003,0,6,"4.375,33.125,0.312","20.625,31.875,1.562",80.43898010253906,72.42720794677734,8.011772155761719,1,74.71918487548828,70.067626953125,4.651557922363281,1
random_003,0,7,"4.375,33.125,0.312","7.500,26.250,0.938",66.26737976074219,76.29193878173828,10.024559020996094,1,65.30467224121094,65.04781341552734,0.25685882568359375,1
random_003,0,8,"4.375,33.125,0.312","23.750,35.000,0.938",79.90998077392578,76.20930480957031,3.7006759643554688,1,68.6637191772461,70.30277252197266,1.6390533447265625,1
random_003,0,9,"4.375,33.125,0.312","18.750,6.250,0.312",87.68672180175781,88.97058868408203,1.2838668823242188,1,83.10383605957031,85.24031066894531,2.136474609375,1
random_003,0,10,"4.375,33.125,0.312","38.125,11.875,0.938",90.86366271972656,91.93253326416016,1.0688705444335938,1,89.23332977294922,87.45210266113281,1.7812271118164062,1
random_003,0,11,"4.375,33.125,0.312","28.125,11.875,0.312",79.14259338378906,89.44967651367188,10.307083129882812,1,82.09117126464844,80.34351348876953,1.7476577758789062,1
random_003,0,12,"4.375,33.125,0.312","35.000,3.125,1.562",90.70293426513672,91.41830444335938,0.7153701782226562,1,85.14595794677734,84.74969482421875,0.39626312255859375,1
random_003,0,13,"4.375,33.125,0.312","5.000,18.125,1.562",73.00814056396484,83.34940338134766,10.341262817382812,1,72.41484832763672,72.76275634765625,0.34790802001953125,1
random_003,0,14,"4.375,33.125,0.312","14.375,8.750,0.938",89.21747589111328,89.88861846923828,0.671142578125,1,76.3647689819336,78.2883529663086,1.923583984375,1
random_003,0,15,"4.375,33.125,0.312","14.375,6.250,0.312",93.85670471191406,92.71939086914062,1.1373138427734375,1,84.72001647949219,83.06794738769531,1.652069091796875,1
random_003,0,16,"4.375,33.125,0.312","14.375,30.625,0.312",68.66919708251953,70.12313842773438,1.4539413452148438,1,67.45333862304688,66.893310546875,0.560028076171875,1
random_003,0,17,"4.375,33.125,0.312","21.875,12.500,2.188",78.06549072265625,89.1610107421875,11.09552001953125,1,75.92414093017578,76.64537048339844,0.7212295532226562,1
random_003,0,18,"4.375,33.125,0.312","28.750,30.625,2.188",80.98052215576172,87.21786499023438,6.237342834472656,1,77.44900512695312,76.33439636230469,1.1146087646484375,1
random_003,0,19,"4.375,33.125,0.312","25.625,16.250,0.312",78.33001708984375,89.65754699707031,11.327529907226562,1,82.04238891601562,81.22676849365234,0.8156204223632812,1
random_003,0,20,"4.375,33.125,0.312","10.625,30.000,0.938",67.73406982421875,68.57610321044922,0.8420333862304688,1,67.05821228027344,66.66039276123047,0.39781951904296875,1
random_003,0,21,"4.375,33.125,0.312","13.750,36.875,1.562",64.1097183227539,65.14742279052734,1.0377044677734375,1,64.56988525390625,64.28286743164062,0.287017822265625,1
random_003,0,22,"4.375,33.125,0.312","20.000,12.500,2.188",77.5791244506836,88.72535705566406,11.146232604980469,1,76.13459777832031,76.02959442138672,0.10500335693359375,1
random_003,0,23,"4.375,33.125,0.312","34.375,35.000,0.938",78.20604705810547,80.91978454589844,2.7137374877929688,1,75.60968017578125,75.71263885498047,0.10295867919921875,1
random_003,0,24,"4.375,33.125,0.312","29.375,10.000,0.312",79.27510833740234,88.90106201171875,9.625953674316406,1,79.39060974121094,79.46788787841797,0.07727813720703125,1
random_003,0,25,"4.375,33.125,0.312","34.375,16.875,2.188",91.42569732666016,91.73284912109375,0.30715179443359375,1,83.38156127929688,86.63819885253906,3.2566375732421875,1
random_003,0,26,"4.375,33.125,0.312","10.625,20.625,0.938",70.8447494506836,80.58317565917969,9.738426208496094,1,70.2498779296875,69.30802917480469,0.9418487548828125,1
random_003,0,27,"4.375,33.125,0.312","11.875,16.875,0.938",73.054443359375,83.25709533691406,10.202651977539062,1,70.93421936035156,70.42308044433594,0.511138916015625,1
random_003,0,28,"4.375,33.125,0.312","15.000,26.875,2.188",71.47594451904297,73.16890716552734,1.692962646484375,1,70.16487121582031,70.23876190185547,0.07389068603515625,1
random_003,0,29,"4.375,33.125,0.312","6.250,3.750,0.312",78.69783020019531,87.97708892822266,9.279258728027344,1,81.21134948730469,75.36053466796875,5.8508148193359375,1
random_003,1,2,"13.125,27.500,2.188","5.000,20.625,0.312",67.09172821044922,66.79263305664062,0.29909515380859375,1,68.0184097290039,66.68145751953125,1.3369522094726562,1
random_003,1,3,"13.125,27.500,2.188","11.250,23.125,2.188",60.598487854003906,59.97345733642578,0.625030517578125,1,59.678192138671875,59.69655990600586,0.018367767333984375,1
random_003,1,4,"13.125,27.500,2.188","25.000,11.875,2.188",71.52501678466797,72.0481185913086,0.523101806640625,1,71.76982116699219,72.08881378173828,0.31899261474609375,1
random_003,1,5,"13.125,27.500,2.188","37.500,1.250,2.188",91.12036895751953,84.37150573730469,6.748863220214844,1,83.28665161132812,81.96514892578125,1.321502685546875,1
random_003,1,6,"13.125,27.500,2.188","20.625,31.875,1.562",70.13558197021484,68.33271026611328,1.8028717041015625,1,77.90048217773438,67.6890640258789,10.211418151855469,1
random_003,1,7,"13.125,27.500,2.188","7.500,26.250,0.938",62.08109664916992,61.85805130004883,0.22304534912109375,1,61.90088653564453,61.996543884277344,0.0956573486328125,1
random_003,1,8,"13.125,27.500,2.188","23.750,35.000,0.938",81.25746154785156,78.3749771118164,2.8824844360351562,1,79.62982177734375,77.79402160644531,1.8358001708984375,1
random_003,1,9,"13.125,27.500,2.188","18.750,6.250,0.312",73.10655212402344,72.96815490722656,0.138397216796875,1,73.31698608398438,73.04129791259766,0.27568817138671875,1
random_003,1,10,"13.125,27.500,2.188","38.125,11.875,0.938",88.98823547363281,85.98616027832031,3.0020751953125,1,81.70947265625,81.72102355957031,0.0115509033203125,1
random_003,1,11,"13.125,27.500,2.188","28.125,11.875,0.312",72.46334075927734,72.88053131103516,0.4171905517578125,1,72.90762329101562,71.83245849609375,1.075164794921875,1
random_003,1,12,"13.125,27.500,2.188","35.000,3.125,1.562",90.38993072509766,84.18879699707031,6.201133728027344,1,83.78407287597656,81.9722900390625,1.8117828369140625,1
random_003,1,13,"13.125,27.500,2.188","5.000,18.125,1.562",68.0780258178711,67.86641693115234,0.21160888671875,1,67.0077896118164,66.94856262207031,0.05922698974609375,1
random_003,1,14,"13.125,27.500,2.188","14.375,8.750,0.938",80.86983489990234,73.14141845703125,7.728416442871094,1,71.23162841796875,71.42120361328125,0.1895751953125,1
random_003,1,15,"13.125,27.500,2.188","14.375,6.250,0.312",90.78321838378906,76.3302993774414,14.452919006347656,1,76.33073425292969,75.11580657958984,1.2149276733398438,1
random_003,1,16,"13.125,27.500,2.188","14.375,30.625,0.312",58.90217971801758,58.624237060546875,0.2779426574707031,1,58.33610153198242,57.403785705566406,0.9323158264160156,1
random_003,1,17,"13.125,27.500,2.188","21.875,12.500,2.188",70.5224609375,71.1932373046875,0.6707763671875,1,70.34772491455078,70.52123260498047,0.1735076904296875,1
random_003,1,18,"13.125,27.500,2.188","28.750,30.625,2.188",71.76676940917969,72.26741027832031,0.500640869140625,1,71.15510559082031,71.77610778808594,0.621002197265625,1
random_003,1,19,"13.125,27.500,2.188","25.625,16.250,0.312",70.66241455078125,70.81328582763672,0.15087127685546875,1,70.01304626464844,69.36876678466797,0.6442794799804688,1
random_003,1,20,"13.125,27.500,2.188","10.625,30.000,0.938",58.291648864746094,58.934814453125,0.6431655883789062,1,57.75049591064453,57.73664093017578,0.01385498046875,1
random_003,1,21,"13.125,27.500,2.188","13.750,36.875,1.562",65.67157745361328,65.75223541259766,0.080657958984375,1,65.52015686035156,65.57730102539062,0.0571441650390625,1
random_003,1,22,"13.125,27.500,2.188","20.000,12.500,2.188",70.27069854736328,70.50065612792969,0.22995758056640625,1,70.36654663085938,70.46356964111328,0.09702301025390625,1
random_003,1,23,"13.125,27.500,2.188","34.375,35.000,0.938",75.6642837524414,80.92337036132812,5.259086608886719,1,75.83706665039062,75.61715698242188,0.21990966796875,1
random_003,1,24,"13.125,27.500,2.188","29.375,10.000,0.312",73.00904846191406,73.54161071777344,0.532562255859375,1,70.557373046875,70.69145965576172,0.13408660888671875,1
random_003,1,25,"13.125,27.500,2.188","34.375,16.875,2.188",90.08004760742188,84.73011779785156,5.3499298095703125,1,85.65327453613281,81.0887222290039,4.564552307128906,1
random_003,1,26,"13.125,27.500,2.188","10.625,20.625,0.938",63.93114471435547,64.43266296386719,0.5015182495117188,1,64.094970703125,64.0770034790039,0.01796722412109375,1
random_003,1,27,"13.125,27.500,2.188","11.875,16.875,0.938",67.2149429321289,66.81571197509766,0.39923095703125,1,64.88966369628906,65.04191589355469,0.152252197265625,1
random_003,1,28,"13.125,27.500,2.188","15.000,26.875,2.188",53.56209182739258,54.406314849853516,0.8442230224609375,1,52.565399169921875,52.68370819091797,0.11830902099609375,1
random_003,1,29,"13.125,27.500,2.188","6.250,3.750,0.312",82.34744262695312,80.83011627197266,1.5173263549804688,1,74.70582580566406,75.85225677490234,1.1464309692382812,1
random_003,2,3,"5.000,20.625,0.312","11.250,23.125,2.188",63.325218200683594,64.47417449951172,1.148956298828125,1,62.5450553894043,62.486351013183594,0.058704376220703125,1
random_003,2,4,"5.000,20.625,0.312","25.000,11.875,2.188",72.46784210205078,72.55655670166016,0.088714599609375,1,73.84584045410156,71.38862609863281,2.45721435546875,1
random_003,2,5,"5.000,20.625,0.312","37.500,1.250,2.188",90.53201293945312,86.13053131103516,4.401481628417969,1,84.45853424072266,82.31239318847656,2.1461410522460938,1
random_003,2,6,"5.000,20.625,0.312","20.625,31.875,1.562",82.77146911621094,75.35316467285156,7.418304443359375,1,77.89183044433594,73.65452575683594,4.2373046875,1
random_003,2,7,"5.000,20.625,0.312","7.500,26.250,0.938",62.292964935302734,63.113914489746094,0.8209495544433594,1,62.840599060058594,62.809757232666016,0.030841827392578125,1
random_003,2,8,"5.000,20.625,0.312","23.750,35.000,0.938",86.79645538330078,82.10977935791016,4.686676025390625,1,78.43610382080078,77.74641418457031,0.6896896362304688,1
random_003,2,9,"5.000,20.625,0.312","18.750,6.250,0.312",80.66873931884766,80.06341552734375,0.6053237915039062,1,76.30487060546875,75.95919799804688,0.345672607421875,1
random_003,2,10,"5.000,20.625,0.312","38.125,11.875,0.938",89.21088409423828,80.27496337890625,8.935920715332031,1,75.81927490234375,75.99003601074219,0.1707611083984375,1
random_003,2,11,"5.000,20.625,0.312","28.125,11.875,0.312",73.59477996826172,73.60628509521484,0.011505126953125,1,76.18292999267578,73.560302734375,2.6226272583007812,1
random_003,2,12,"5.000,20.625,0.312","35.000,3.125,1.562",89.67542266845703,85.4503173828125,4.225105285644531,1,81.46534729003906,80.60700988769531,0.85833740234375,1
random_003,2,13,"5.000,20.625,0.312","5.000,18.125,1.562",55.51297378540039,55.39656066894531,0.11641311645507812,1,55.56997299194336,55.57756805419922,0.007595062255859375,1
random_003,2,14,"5.000,20.625,0.312","14.375,8.750,0.938",76.30915069580078,76.60022735595703,0.29107666015625,1,73.47726440429688,72.46337127685547,1.0138931274414062,1
random_003,2,15,"5.000,20.625,0.312","14.375,6.250,0.312",85.78155517578125,79.00792694091797,6.773628234863281,1,77.77742004394531,81.08186340332031,3.304443359375,1
random_003,2,16,"5.000,20.625,0.312","14.375,30.625,0.312",68.39990234375,68.32359313964844,0.0763092041015625,1,68.71450805664062,68.64266204833984,0.07184600830078125,1
random_003,2,17,"5.000,20.625,0.312","21.875,12.500,2.188",71.9308853149414,71.878173828125,0.05271148681640625,1,72.32023620605469,72.63990783691406,0.319671630859375,1
random_003,2,18,"5.000,20.625,0.312","28.750,30.625,2.188",76.9114990234375,77.74254608154297,0.8310470581054688,1,77.01220703125,75.47120666503906,1.5410003662109375,1
random_003,2,19,"5.000,20.625,0.312","25.625,16.250,0.312",72.75201416015625,72.79337310791016,0.04135894775390625,1,75.97393798828125,74.04695129394531,1.9269866943359375,1
random_003,2,20,"5.000,20.625,0.312","10.625,30.000,0.938",66.88951110839844,66.9612808227539,0.07176971435546875,1,67.39973449707031,66.7515869140625,0.6481475830078125,1
random_003,2,21,"5.000,20.625,0.312","13.750,36.875,1.562",70.57604217529297,70.13636779785156,0.43967437744140625,1,71.06490325927734,71.7705078125,0.7056045532226562,1
random_003,2,22,"5.000,20.625,0.312","20.000,12.500,2.188",73.63963317871094,74.47573852539062,0.8361053466796875,1,72.89129638671875,72.80818176269531,0.0831146240234375,1
random_003,2,23,"5.000,20.625,0.312","34.375,35.000,0.938",76.6260757446289,75.5477523803711,1.0783233642578125,1,75.30224609375,74.83819580078125,0.46405029296875,1
random_003,2,24,"5.000,20.625,0.312","29.375,10.000,0.312",74.13994598388672,74.1781997680664,0.0382537841796875,1,73.71977996826172,76.2685775756836,2.548797607421875,1
random_003,2,25,"5.000,20.625,0.312","34.375,16.875,2.188",90.1994857788086,81.09364318847656,9.105842590332031,1,82.0323257446289,78.28546142578125,3.7468643188476562,1
random_003,2,26,"5.000,20.625,0.312","10.625,20.625,0.938",62.75465393066406,61.93522644042969,0.819427490234375,1,62.13870620727539,62.09382629394531,0.044879913330078125,1
random_003,2,27,"5.000,20.625,0.312","11.875,16.875,0.938",64.31597900390625,63.771888732910156,0.5440902709960938,1,63.54755783081055,63.295928955078125,0.2516288757324219,1
random_003,2,28,"5.000,20.625,0.312","15.000,26.875,2.188",67.76214599609375,67.66219329833984,0.09995269775390625,1,67.52728271484375,67.7513656616211,0.22408294677734375,1
random_003,2,29,"5.000,20.625,0.312","6.250,3.750,0.312",69.37848663330078,68.4594497680664,0.919036865234375,1,68.4309310913086,68.51898956298828,0.0880584716796875,1
random_003,3,4,"11.250,23.125,2.188","25.000,11.875,2.188",70.78570556640625,71.08132934570312,0.295623779296875,1,71.16646575927734,70.99765014648438,0.16881561279296875,1
random_003,3,5,"11.250,23.125,2.188","37.500,1.250,2.188",88.22063446044922,83.25846099853516,4.9621734619140625,1,80.16429138183594,80.45883178710938,0.2945404052734375,1
random_003,3,6,"11.250,23.125,2.188","20.625,31.875,1.562",76.49453735351562,72.12691497802734,4.367622375488281,1,76.45259857177734,71.78434753417969,4.668251037597656,1
random_003,3,7,"11.250,23.125,2.188","7.500,26.250,0.938",61.03626251220703,62.011619567871094,0.9753570556640625,1,60.75565719604492,60.309452056884766,0.44620513916015625,1
random_003,3,8,"11.250,23.125,2.188","23.750,35.000,0.938",84.6031494140625,79.07815551757812,5.524993896484375,1,77.70106506347656,77.4006118774414,0.30045318603515625,1
random_003,3,9,"11.250,23.125,2.188","18.750,6.250,0.312",74.46430206298828,73.75323486328125,0.7110671997070312,1,71.75701904296875,71.43164825439453,0.32537078857421875,1
random_003,3,10,"11.250,23.125,2.188","38.125,11.875,0.938",87.2212905883789,78.34723663330078,8.874053955078125,1,75.6385726928711,74.52066040039062,1.1179122924804688,1
random_003,3,11,"11.250,23.125,2.188","28.125,11.875,0.312",71.95440673828125,72.14195251464844,0.1875457763671875,1,70.81098175048828,71.57426452636719,0.7632827758789062,1
random_003,3,12,"11.250,23.125,2.188","35.000,3.125,1.562",87.66290283203125,82.59172058105469,5.0711822509765625,1,79.02947235107422,80.66521453857422,1.6357421875,1
random_003,3,13,"11.250,23.125,2.188","5.000,18.125,1.562",68.61983489990234,68.33585357666016,0.2839813232421875,1,68.21344757080078,68.258544921875,0.04509735107421875,1
random_003,3,14,"11.250,23.125,2.188","14.375,8.750,0.938",77.12928009033203,71.02046966552734,6.1088104248046875,1,69.77952575683594,70.54058074951172,0.7610549926757812,1
random_003,3,15,"11.250,23.125,2.188","14.375,6.250,0.312",85.80004119873047,73.99517059326172,11.80487060546875,1,72.57807922363281,73.0931625366211,0.5150833129882812,1
random_003,3,16,"11.250,23.125,2.188","14.375,30.625,0.312",65.31361389160156,65.15398406982422,0.15962982177734375,1,64.63804626464844,64.20050048828125,0.4375457763671875,1
random_003,3,17,"11.250,23.125,2.188","21.875,12.500,2.188",69.54322052001953,69.82732391357422,0.2841033935546875,1,68.24922180175781,68.8052978515625,0.5560760498046875,1
random_003,3,18,"11.250,23.125,2.188","28.750,30.625,2.188",73.92418670654297,74.84820556640625,0.9240188598632812,1,73.78964233398438,74.62548828125,0.835845947265625,1
random_003,3,19,"11.250,23.125,2.188","25.625,16.250,0.312",70.1416015625,70.17619323730469,0.0345916748046875,1,68.84616088867188,69.02796173095703,0.18180084228515625,1
random_003,3,20,"11.250,23.125,2.188","10.625,30.000,0.938",63.630313873291016,63.65589904785156,0.025585174560546875,1,63.335784912109375,63.29471206665039,0.041072845458984375,1
random_003,3,21,"11.250,23.125,2.188","13.750,36.875,1.562",68.65666198730469,68.66935729980469,0.0126953125,1,68.91851806640625,68.61444854736328,0.30406951904296875,1
random_003,3,22,"11.250,23.125,2.188","20.000,12.500,2.188",69.0562973022461,69.02070617675781,0.03559112548828125,1,68.20845794677734,68.6100082397461,0.40155029296875,1
random_003,3,23,"11.250,23.125,2.188","34.375,35.000,0.938",74.81946563720703,74.54801177978516,0.271453857421875,1,74.76901245117188,74.93867492675781,0.1696624755859375,1
random_003,3,24,"11.250,23.125,2.188","29.375,10.000,0.312",72.59053039550781,72.79802703857422,0.20749664306640625,1,68.55339813232422,69.46528625488281,0.9118881225585938,1
random_003,3,25,"11.250,23.125,2.188","34.375,16.875,2.188",88.8038558959961,76.4080810546875,12.395774841308594,1,79.80615234375,73.78137969970703,6.024772644042969,1
random_003,3,26,"11.250,23.125,2.188","10.625,20.625,0.938",55.81597137451172,55.609779357910156,0.2061920166015625,1,55.474090576171875,55.47283172607422,0.00125885009765625,1
random_003,3,27,"11.250,23.125,2.188","11.875,16.875,0.938",62.949466705322266,62.44950866699219,0.4999580383300781,1,62.52354049682617,62.62826919555664,0.10472869873046875,1
random_003,3,28,"11.250,23.125,2.188","15.000,26.875,2.188",61.704769134521484,62.016151428222656,0.3113822937011719,1,60.90641403198242,60.777381896972656,0.12903213500976562,1
random_003,3,29,"11.250,23.125,2.188","6.250,3.750,0.312",78.57334899902344,80.48617553710938,1.9128265380859375,1,76.43048095703125,74.576904296875,1.85357666015625,1
random_003,4,5,"25.000,11.875,2.188","37.500,1.250,2.188",78.94422912597656,76.80709075927734,2.1371383666992188,1,76.40048217773438,76.09260559082031,0.3078765869140625,1
random_003,4,6,"25.000,11.875,2.188","20.625,31.875,1.562",79.88634490966797,82.30516052246094,2.4188156127929688,1,70.22650909423828,72.48543548583984,2.2589263916015625,1
random_003,4,7,"25.000,11.875,2.188","7.500,26.250,0.938",72.83502960205078,72.74284362792969,0.09218597412109375,1,72.59429168701172,73.66483306884766,1.0705413818359375,1
random_003,4,8,"25.000,11.875,2.188","23.750,35.000,0.938",88.46733856201172,85.44514465332031,3.0221939086914062,1,78.29017639160156,78.02217102050781,0.26800537109375,1
random_003,4,9,"25.000,11.875,2.188","18.750,6.250,0.312",65.62479400634766,65.28516387939453,0.339630126953125,1,64.18531799316406,64.32262420654297,0.13730621337890625,1
random_003,4,10,"25.000,11.875,2.188","38.125,11.875,0.938",69.6923599243164,69.96158599853516,0.26922607421875,1,68.21036529541016,68.35316467285156,0.14279937744140625,1
random_003,4,11,"25.000,11.875,2.188","28.125,11.875,0.312",58.62367248535156,57.86076354980469,0.762908935546875,1,56.841087341308594,56.825870513916016,0.015216827392578125,1
random_003,4,12,"25.000,11.875,2.188","35.000,3.125,1.562",77.43597412109375,75.23558807373047,2.2003860473632812,1,74.2379379272461,73.94361114501953,0.2943267822265625,1
random_003,4,13,"25.000,11.875,2.188","5.000,18.125,1.562",76.7257080078125,75.56938171386719,1.1563262939453125,1,77.69076538085938,77.62948608398438,0.061279296875,1
random_003,4,14,"25.000,11.875,2.188","14.375,8.750,0.938",67.1328125,66.5880355834961,0.5447769165039062,1,67.16986083984375,67.64735412597656,0.4774932861328125,1
random_003,4,15,"25.000,11.875,2.188","14.375,6.250,0.312",68.3960952758789,67.54965209960938,0.8464431762695312,1,66.9282455444336,67.59187316894531,0.6636276245117188,1
random_003,4,16,"25.000,11.875,2.188","14.375,30.625,0.312",73.02397155761719,73.22604370117188,0.2020721435546875,1,71.74139404296875,73.2938461303711,1.5524520874023438,1
random_003,4,17,"25.000,11.875,2.188","21.875,12.500,2.188",56.88363265991211,57.129234313964844,0.24560165405273438,1,56.53225326538086,56.55302047729492,0.0207672119140625,1
random_003,4,18,"25.000,11.875,2.188","28.750,30.625,2.188",79.259521484375,80.64048767089844,1.3809661865234375,1,72.30119323730469,71.23159790039062,1.0695953369140625,1
random_003,4,19,"25.000,11.875,2.188","25.625,16.250,0.312",60.17637252807617,60.25273895263672,0.07636642456054688,1,60.24089050292969,60.35810089111328,0.11721038818359375,1
random_003,4,20,"25.000,11.875,2.188","10.625,30.000,0.938",73.37561798095703,72.83643341064453,0.5391845703125,1,74.7153091430664,74.07189178466797,0.6434173583984375,1
random_003,4,21,"25.000,11.875,2.188","13.750,36.875,1.562",88.03482055664062,85.44108581542969,2.5937347412109375,1,78.97077941894531,79.70872497558594,0.737945556640625,1
random_003,4,22,"25.000,11.875,2.188","20.000,12.500,2.188",60.33914566040039,60.86289978027344,0.5237541198730469,1,60.68629837036133,60.21257781982422,0.4737205505371094,1
random_003,4,23,"25.000,11.875,2.188","34.375,35.000,0.938",83.43795013427734,81.74553680419922,1.692413330078125,1,76.19386291503906,77.40050506591797,1.2066421508789062,1
random_003,4,24,"25.000,11.875,2.188","29.375,10.000,0.312",60.5473747253418,60.340641021728516,0.20673370361328125,1,60.06781005859375,60.14484786987305,0.07703781127929688,1
random_003,4,25,"25.000,11.875,2.188","34.375,16.875,2.188",71.06739807128906,71.01264953613281,0.05474853515625,1,67.28629302978516,69.06256103515625,1.7762680053710938,1
random_003,4,26,"25.000,11.875,2.188","10.625,20.625,0.938",70.39314270019531,70.49354553222656,0.10040283203125,1,71.21427154541016,71.4052963256836,0.1910247802734375,1
random_003,4,27,"25.000,11.875,2.188","11.875,16.875,0.938",70.10009765625,69.82394409179688,0.276153564453125,1,71.84654998779297,72.768798828125,0.9222488403320312,1
random_003,4,28,"25.000,11.875,2.188","15.000,26.875,2.188",71.56904602050781,70.91883087158203,0.6502151489257812,1,71.7691421508789,71.4736099243164,0.2955322265625,1
random_003,4,29,"25.000,11.875,2.188","6.250,3.750,0.312",83.34550476074219,77.34054565429688,6.0049591064453125,1,76.02488708496094,76.22452545166016,0.19963836669921875,1
random_003,5,6,"37.500,1.250,2.188","20.625,31.875,1.562",87.09762573242188,93.05785369873047,5.960227966308594,1,83.40130615234375,83.65751647949219,0.2562103271484375,1
random_003,5,7,"37.500,1.250,2.188","7.500,26.250,0.938",84.78117370605469,89.1501693725586,4.368995666503906,1,81.13053131103516,83.74187469482422,2.6113433837890625,1
random_003,5,8,"37.500,1.250,2.188","23.750,35.000,0.938",89.13347625732422,97.6242446899414,8.490768432617188,1,85.25112915039062,84.96246337890625,0.288665771484375,1
random_003,5,9,"37.500,1.250,2.188","18.750,6.250,0.312",72.2076644897461,78.3777847290039,6.1701202392578125,1,71.37561798095703,70.57145690917969,0.8041610717773438,1
random_003,5,10,"37.500,1.250,2.188","38.125,11.875,0.938",64.4730453491211,64.82159423828125,0.34854888916015625,1,63.15258026123047,63.118431091308594,0.034149169921875,1
random_003,5,11,"37.500,1.250,2.188","28.125,11.875,0.312",72.54969024658203,74.78948974609375,2.2397994995117188,1,70.63103485107422,70.5547866821289,0.0762481689453125,1
random_003,5,12,"37.500,1.250,2.188","35.000,3.125,1.562",56.354637145996094,56.14828872680664,0.20634841918945312,1,54.60006332397461,54.53515625,0.06490707397460938,1
random_003,5,13,"37.500,1.250,2.188","5.000,18.125,1.562",86.12551879882812,90.31669616699219,4.1911773681640625,1,83.92037963867188,85.48168182373047,1.5613021850585938,1
random_003,5,14,"37.500,1.250,2.188","14.375,8.750,0.938",75.47250366210938,84.28931427001953,8.816810607910156,1,73.42484283447266,73.69670867919922,0.2718658447265625,1
random_003,5,15,"37.500,1.250,2.188","14.375,6.250,0.312",72.95771026611328,82.25476837158203,9.29705810546875,1,75.549560546875,75.80327606201172,0.25371551513671875,1
random_003,5,16,"37.500,1.250,2.188","14.375,30.625,0.312",88.60308837890625,90.07540130615234,1.4723129272460938,1,86.07733154296875,82.45604705810547,3.6212844848632812,1
random_003,5,17,"37.500,1.250,2.188","21.875,12.500,2.188",77.87020874023438,82.09606170654297,4.225852966308594,1,76.08000946044922,76.83094787597656,0.7509384155273438,1
random_003,5,18,"37.500,1.250,2.188","28.750,30.625,2.188",82.12159729003906,83.05439758300781,0.93280029296875,1,77.47296142578125,78.23088836669922,0.7579269409179688,1
random_003,5,19,"37.500,1.250,2.188","25.625,16.250,0.312",74.10125732421875,77.20504760742188,3.103790283203125,1,75.48490142822266,75.70895385742188,0.22405242919921875,1
random_003,5,20,"37.500,1.250,2.188","10.625,30.000,0.938",85.19720458984375,90.31314086914062,5.115936279296875,1,81.98336791992188,81.91583251953125,0.067535400390625,1
random_003,5,21,"37.500,1.250,2.188","13.750,36.875,1.562",92.7964859008789,96.19413757324219,3.3976516723632812,1,88.97975158691406,89.52635955810547,0.5466079711914062,1
random_003,5,22,"37.500,1.250,2.188","20.000,12.500,2.188",78.44840240478516,83.48829650878906,5.039894104003906,1,78.09013366699219,77.1909408569336,0.8991928100585938,1
random_003,5,23,"37.500,1.250,2.188","34.375,35.000,0.938",75.20568084716797,75.87750244140625,0.6718215942382812,1,75.2985610961914,73.85440826416016,1.44415283203125,1
random_003,5,24,"37.500,1.250,2.188","29.375,10.000,0.312",73.69715881347656,74.47918701171875,0.7820281982421875,1,72.982666015625,72.72602844238281,0.2566375732421875,1
random_003,5,25,"37.500,1.250,2.188","34.375,16.875,2.188",67.84349060058594,68.412841796875,0.5693511962890625,1,66.9813232421875,67.3177261352539,0.33640289306640625,1
random_003,5,26,"37.500,1.250,2.188","10.625,20.625,0.938",82.8926773071289,88.169189453125,5.276512145996094,1,82.83908081054688,82.75274658203125,0.086334228515625,1
random_003,5,27,"37.500,1.250,2.188","11.875,16.875,0.938",85.95777893066406,89.20851135253906,3.250732421875,1,81.98431396484375,81.6042251586914,0.38008880615234375,1
random_003,5,28,"37.500,1.250,2.188","15.000,26.875,2.188",82.4760971069336,91.52742767333984,9.05133056640625,1,79.740234375,82.57659149169922,2.8363571166992188,1
random_003,5,29,"37.500,1.250,2.188","6.250,3.750,0.312",82.99195861816406,84.20599365234375,1.2140350341796875,1,79.87651824951172,76.36370849609375,3.5128097534179688,1
random_003,6,7,"20.625,31.875,1.562","7.500,26.250,0.938",72.12919616699219,80.97224426269531,8.843048095703125,1,70.7313232421875,77.63182067871094,6.9004974365234375,1
random_003,6,8,"20.625,31.875,1.562","23.750,35.000,0.938",63.8330078125,63.01643371582031,0.8165740966796875,1,63.31517791748047,63.50345230102539,0.18827438354492188,1
random_003,6,9,"20.625,31.875,1.562","18.750,6.250,0.312",75.4057846069336,79.29257202148438,3.8867874145507812,1,75.09049224853516,73.23760223388672,1.8528900146484375,1
random_003,6,10,"20.625,31.875,1.562","38.125,11.875,0.938",89.99581909179688,84.3745346069336,5.621284484863281,1,80.23106384277344,80.81935119628906,0.588287353515625,1
random_003,6,11,"20.625,31.875,1.562","28.125,11.875,0.312",80.41863250732422,81.58273315429688,1.1641006469726562,1,71.79254150390625,71.54267120361328,0.24987030029296875,1
random_003,6,12,"20.625,31.875,1.562","35.000,3.125,1.562",92.35800170898438,86.76222229003906,5.5957794189453125,1,81.0411148071289,80.46627044677734,0.5748443603515625,1
random_003,6,13,"20.625,31.875,1.562","5.000,18.125,1.562",79.56776428222656,83.61678314208984,4.049018859863281,1,76.8827896118164,78.22962188720703,1.346832275390625,1
random_003,6,14,"20.625,31.875,1.562","14.375,8.750,0.938",73.17559051513672,74.29118347167969,1.1155929565429688,1,73.08406066894531,72.49986267089844,0.584197998046875,1
random_003,6,15,"20.625,31.875,1.562","14.375,6.250,0.312",91.62809753417969,79.12213134765625,12.505966186523438,1,78.50411987304688,71.6922378540039,6.811882019042969,1
random_003,6,16,"20.625,31.875,1.562","14.375,30.625,0.312",64.04840087890625,66.88701629638672,2.8386154174804688,1,63.23741912841797,75.03069305419922,11.79327392578125,1
random_003,6,17,"20.625,31.875,1.562","21.875,12.500,2.188",83.02757263183594,74.3733139038086,8.654258728027344,1,73.36297607421875,73.69248962402344,0.3295135498046875,1
random_003,6,18,"20.625,31.875,1.562","28.750,30.625,2.188",64.5510482788086,63.312416076660156,1.2386322021484375,1,63.89911651611328,64.15113067626953,0.25201416015625,1
random_003,6,19,"20.625,31.875,1.562","25.625,16.250,0.312",80.37633514404297,75.87367248535156,4.502662658691406,1,71.75497436523438,71.23235321044922,0.5226211547851562,1
random_003,6,20,"20.625,31.875,1.562","10.625,30.000,0.938",67.66996765136719,78.71055603027344,11.04058837890625,1,67.61498260498047,77.55150604248047,9.9365234375,1
random_003,6,21,"20.625,31.875,1.562","13.750,36.875,1.562",68.30320739746094,75.0362777709961,6.733070373535156,1,68.24441528320312,74.90677642822266,6.662361145019531,1
random_003,6,22,"20.625,31.875,1.562","20.000,12.500,2.188",75.98643493652344,74.76679992675781,1.219635009765625,1,71.57573699951172,71.1915283203125,0.38420867919921875,1
random_003,6,23,"20.625,31.875,1.562","34.375,35.000,0.938",70.8453598022461,70.46294403076172,0.382415771484375,1,70.56932830810547,68.25328063964844,2.3160476684570312,1
random_003,6,24,"20.625,31.875,1.562","29.375,10.000,0.312",80.0776596069336,83.08097839355469,3.0033187866210938,1,74.01914978027344,74.1303482055664,0.11119842529296875,1
random_003,6,25,"20.625,31.875,1.562","34.375,16.875,2.188",87.26263427734375,83.02489471435547,4.237739562988281,1,79.469970703125,79.58876037597656,0.1187896728515625,1
random_003,6,26,"20.625,31.875,1.562","10.625,20.625,0.938",73.01920318603516,76.73338317871094,3.7141799926757812,1,72.36739349365234,78.58503723144531,6.217643737792969,1
random_003,6,27,"20.625,31.875,1.562","11.875,16.875,0.938",73.50354766845703,76.40252685546875,2.8989791870117188,1,71.9132308959961,75.30074310302734,3.38751220703125,1
random_003,6,28,"20.625,31.875,1.562","15.000,26.875,2.188",67.9311294555664,68.94749450683594,1.0163650512695312,1,67.51927185058594,75.79529571533203,8.276023864746094,1
random_003,6,29,"20.625,31.875,1.562","6.250,3.750,0.312",92.10691833496094,86.27008819580078,5.836830139160156,1,81.98532104492188,80.28614807128906,1.6991729736328125,1
random_003,7,8,"7.500,26.250,0.938","23.750,35.000,0.938",84.63395690917969,82.05528259277344,2.57867431640625,1,78.8551254272461,77.8167724609375,1.0383529663085938,1
random_003,7,9,"7.500,26.250,0.938","18.750,6.250,0.312",80.13041687011719,76.05097198486328,4.079444885253906,1,73.86111450195312,75.23396301269531,1.3728485107421875,1
random_003,7,10,"7.500,26.250,0.938","38.125,11.875,0.938",88.15283966064453,80.22394561767578,7.92889404296875,1,83.21907806396484,78.96237182617188,4.256706237792969,1
random_003,7,11,"7.500,26.250,0.938","28.125,11.875,0.312",73.766845703125,73.81944274902344,0.0525970458984375,1,71.63278198242188,72.99055480957031,1.3577728271484375,1
random_003,7,12,"7.500,26.250,0.938","35.000,3.125,1.562",88.43632507324219,84.29120635986328,4.145118713378906,1,81.28511047363281,81.28338623046875,0.0017242431640625,1
random_003,7,13,"7.500,26.250,0.938","5.000,18.125,1.562",64.93559265136719,65.0540542602539,0.11846160888671875,1,64.92615509033203,64.88318634033203,0.04296875,1
random_003,7,14,"7.500,26.250,0.938","14.375,8.750,0.938",84.19879150390625,74.58800506591797,9.610786437988281,1,71.87027740478516,72.01016998291016,0.139892578125,1
random_003,7,15,"7.500,26.250,0.938","14.375,6.250,0.312",89.12533569335938,79.3215560913086,9.803779602050781,1,73.53738403320312,76.838134765625,3.300750732421875,1
random_003,7,16,"7.500,26.250,0.938","14.375,30.625,0.312",64.78012084960938,65.20449829101562,0.42437744140625,1,64.56689453125,64.46227264404297,0.10462188720703125,1
random_003,7,17,"7.500,26.250,0.938","21.875,12.500,2.188",71.82447052001953,71.98236083984375,0.15789031982421875,1,71.52947235107422,71.65782165527344,0.12834930419921875,1
random_003,7,18,"7.500,26.250,0.938","28.750,30.625,2.188",75.15111541748047,74.70471954345703,0.4463958740234375,1,72.67091369628906,72.70057678222656,0.0296630859375,1
random_003,7,19,"7.500,26.250,0.938","25.625,16.250,0.312",72.4405746459961,72.35454559326172,0.086029052734375,1,70.07818603515625,71.64891052246094,1.5707244873046875,1
random_003,7,20,"7.500,26.250,0.938","10.625,30.000,0.938",60.70081329345703,61.44173812866211,0.7409248352050781,1,60.34286880493164,59.97825241088867,0.36461639404296875,1
random_003,7,21,"7.500,26.250,0.938","13.750,36.875,1.562",67.96403503417969,67.20386505126953,0.7601699829101562,1,67.69269561767578,66.95404815673828,0.7386474609375,1
random_003,7,22,"7.500,26.250,0.938","20.000,12.500,2.188",71.3886947631836,71.44782257080078,0.0591278076171875,1,70.82159423828125,70.77306365966797,0.04853057861328125,1
random_003,7,23,"7.500,26.250,0.938","34.375,35.000,0.938",78.62792205810547,77.56471252441406,1.0632095336914062,1,78.00536346435547,79.13116455078125,1.1258010864257812,1
random_003,7,24,"7.500,26.250,0.938","29.375,10.000,0.312",74.38482666015625,74.25188446044922,0.13294219970703125,1,71.47683715820312,71.78734588623047,0.31050872802734375,1
random_003,7,25,"7.500,26.250,0.938","34.375,16.875,2.188",89.9512710571289,79.20821380615234,10.743057250976562,1,79.90387725830078,74.88521575927734,5.0186614990234375,1
random_003,7,26,"7.500,26.250,0.938","10.625,20.625,0.938",63.877891540527344,63.35966873168945,0.5182228088378906,1,61.511985778808594,62.449302673339844,0.93731689453125,1
random_003,7,27,"7.500,26.250,0.938","11.875,16.875,0.938",67.06163787841797,66.68594360351562,0.37569427490234375,1,66.88723754882812,66.09832000732422,0.7889175415039062,1
random_003,7,28,"7.500,26.250,0.938","15.000,26.875,2.188",64.26734924316406,63.97083282470703,0.29651641845703125,1,64.32195281982422,63.9901008605957,0.3318519592285156,1
random_003,7,29,"7.500,26.250,0.938","6.250,3.750,0.312",72.40135192871094,72.40369415283203,0.00234222412109375,1,70.69352722167969,71.78252410888672,1.0889968872070312,1
random_003,8,9,"23.750,35.000,0.938","18.750,6.250,0.312",89.47541046142578,90.1402359008789,0.664825439453125,1,75.51322174072266,77.04859924316406,1.5353775024414062,1
random_003,8,10,"23.750,35.000,0.938","38.125,11.875,0.938",89.74391174316406,85.2960205078125,4.4478912353515625,1,82.16248321533203,81.48410034179688,0.6783828735351562,1
random_003,8,11,"23.750,35.000,0.938","28.125,11.875,0.312",84.8633804321289,87.44618225097656,2.5828018188476562,1,73.1219482421875,72.49911499023438,0.622833251953125,1
random_003,8,12,"23.750,35.000,0.938","35.000,3.125,1.562",95.23359680175781,89.38774871826172,5.845848083496094,1,83.94033813476562,84.74777221679688,0.80743408203125,1
random_003,8,13,"23.750,35.000,0.938","5.000,18.125,1.562",84.50418853759766,88.85501098632812,4.350822448730469,1,80.85295104980469,81.45218658447266,0.5992355346679688,1
random_003,8,14,"23.750,35.000,0.938","14.375,8.750,0.938",82.89089965820312,90.04564666748047,7.154747009277344,1,77.75851440429688,81.93096160888672,4.172447204589844,1
random_003,8,15,"23.750,35.000,0.938","14.375,6.250,0.312",93.57484436035156,91.21125793457031,2.36358642578125,1,82.08357238769531,81.41159057617188,0.6719818115234375,1
random_003,8,16,"23.750,35.000,0.938","14.375,30.625,0.312",77.301513671875,76.65109252929688,0.650421142578125,1,75.75234985351562,74.79048919677734,0.9618606567382812,1
random_003,8,17,"23.750,35.000,0.938","21.875,12.500,2.188",86.75092315673828,88.45642852783203,1.70550537109375,1,74.74575805664062,75.65149688720703,0.9057388305664062,1
random_003,8,18,"23.750,35.000,0.938","28.750,30.625,2.188",67.24422454833984,66.01746368408203,1.2267608642578125,1,67.70285034179688,67.25782012939453,0.44503021240234375,1
random_003,8,19,"23.750,35.000,0.938","25.625,16.250,0.312",83.24801635742188,84.97628021240234,1.7282638549804688,1,74.64131927490234,74.27685546875,0.36446380615234375,1
random_003,8,20,"23.750,35.000,0.938","10.625,30.000,0.938",77.85224151611328,80.06969451904297,2.2174530029296875,1,75.20287322998047,78.59031677246094,3.3874435424804688,1
random_003,8,21,"23.750,35.000,0.938","13.750,36.875,1.562",66.81145477294922,67.75806427001953,0.9466094970703125,1,65.95264434814453,68.01518249511719,2.0625381469726562,1
random_003,8,22,"23.750,35.000,0.938","20.000,12.500,2.188",85.610107421875,88.912353515625,3.30224609375,1,76.39620971679688,76.86647033691406,0.4702606201171875,1
random_003,8,23,"23.750,35.000,0.938","34.375,35.000,0.938",66.04914093017578,65.66648864746094,0.38265228271484375,1,67.02256774902344,66.7334213256836,0.28914642333984375,1
random_003,8,24,"23.750,35.000,0.938","29.375,10.000,0.312",84.2308578491211,87.912353515625,3.6814956665039062,1,75.63475799560547,82.2257080078125,6.590950012207031,1
random_003,8,25,"23.750,35.000,0.938","34.375,16.875,2.188",86.4787368774414,85.41654968261719,1.0621871948242188,1,78.39366149902344,77.29393005371094,1.0997314453125,1
random_003,8,26,"23.750,35.000,0.938","10.625,20.625,0.938",79.00568389892578,84.91470336914062,5.909019470214844,1,77.51663970947266,77.74859619140625,0.23195648193359375,1
random_003,8,27,"23.750,35.000,0.938","11.875,16.875,0.938",77.9434814453125,86.70777130126953,8.764289855957031,1,73.7587890625,76.47132110595703,2.7125320434570312,1
random_003,8,28,"23.750,35.000,0.938","15.000,26.875,2.188",75.79324340820312,81.21627807617188,5.42303466796875,1,75.11145782470703,75.18064880371094,0.06919097900390625,1
random_003,8,29,"23.750,35.000,0.938","6.250,3.750,0.312",94.10096740722656,90.983154296875,3.1178131103515625,1,83.72328186035156,83.53741455078125,0.1858673095703125,1
random_003,9,10,"18.750,6.250,0.312","38.125,11.875,0.938",80.55933380126953,73.972412109375,6.586921691894531,1,71.16070556640625,70.82593536376953,0.33477020263671875,1
random_003,9,11,"18.750,6.250,0.312","28.125,11.875,0.312",66.44680786132812,66.95487976074219,0.5080718994140625,1,66.43460083007812,66.87052917480469,0.4359283447265625,1
random_003,9,12,"18.750,6.250,0.312","35.000,3.125,1.562",77.88325500488281,70.953369140625,6.9298858642578125,1,71.64605712890625,70.99295043945312,0.653106689453125,1
random_003,9,13,"18.750,6.250,0.312","5.000,18.125,1.562",79.85668182373047,77.1055908203125,2.7510910034179688,1,73.0308837890625,73.78825378417969,0.7573699951171875,1
random_003,9,14,"18.750,6.250,0.312","14.375,8.750,0.938",61.73870849609375,62.67128372192383,0.9325752258300781,1,61.058265686035156,61.14238739013672,0.0841217041015625,1
random_003,9,15,"18.750,6.250,0.312","14.375,6.250,0.312",59.167179107666016,59.04152297973633,0.1256561279296875,1,58.64580535888672,58.65602111816406,0.01021575927734375,1
random_003,9,16,"18.750,6.250,0.312","14.375,30.625,0.312",73.7422103881836,74.1766128540039,0.4344024658203125,1,76.02164459228516,76.1800765991211,0.1584320068359375,1
random_003,9,17,"18.750,6.250,0.312","21.875,12.500,2.188",63.928802490234375,64.41731262207031,0.4885101318359375,1,64.37933349609375,64.28935241699219,0.0899810791015625,1
random_003,9,18,"18.750,6.250,0.312","28.750,30.625,2.188",84.46910858154297,83.74089050292969,0.7282180786132812,1,78.62322998046875,75.58842468261719,3.0348052978515625,1
random_003,9,19,"18.750,6.250,0.312","25.625,16.250,0.312",67.5990219116211,68.1396255493164,0.5406036376953125,1,67.72982025146484,67.90544128417969,0.17562103271484375,1
random_003,9,20,"18.750,6.250,0.312","10.625,30.000,0.938",74.13311767578125,74.06462860107422,0.06848907470703125,1,71.31694030761719,71.38896179199219,0.072021484375,1
random_003,9,21,"18.750,6.250,0.312","13.750,36.875,1.562",77.80863189697266,78.56672668457031,0.7580947875976562,1,78.55915832519531,76.32854461669922,2.2306137084960938,1
random_003,9,22,"18.750,6.250,0.312","20.000,12.500,2.188",63.01778030395508,63.36504364013672,0.3472633361816406,1,62.54140853881836,62.50822067260742,0.0331878662109375,1
random_003,9,23,"18.750,6.250,0.312","34.375,35.000,0.938",85.8467025756836,87.15437316894531,1.3076705932617188,1,80.30126953125,80.47652435302734,0.17525482177734375,1
random_003,9,24,"18.750,6.250,0.312","29.375,10.000,0.312",67.27888488769531,67.07621765136719,0.202667236328125,1,67.46126556396484,67.5660400390625,0.10477447509765625,1
random_003,9,25,"18.750,6.250,0.312","34.375,16.875,2.188",80.91688537597656,74.71344757080078,6.203437805175781,1,75.57525634765625,74.42756652832031,1.1476898193359375,1
random_003,9,26,"18.750,6.250,0.312","10.625,20.625,0.938",72.95087432861328,73.9834976196289,1.032623291015625,1,70.21050262451172,69.9718017578125,0.23870086669921875,1
random_003,9,27,"18.750,6.250,0.312","11.875,16.875,0.938",72.48896026611328,71.75003051757812,0.7389297485351562,1,69.85504150390625,70.4062271118164,0.5511856079101562,1
random_003,9,28,"18.750,6.250,0.312","15.000,26.875,2.188",72.7376480102539,72.61609649658203,0.121551513671875,1,73.33450317382812,72.23137664794922,1.1031265258789062,1
random_003,9,29,"18.750,6.250,0.312","6.250,3.750,0.312",69.89442443847656,68.73538208007812,1.1590423583984375,1,67.04827880859375,67.41903686523438,0.370758056640625,1
random_003,10,11,"38.125,11.875,0.938","28.125,11.875,0.312",67.93938446044922,67.2463607788086,0.693023681640625,1,69.03565216064453,68.92732238769531,0.10832977294921875,1
random_003,10,12,"38.125,11.875,0.938","35.000,3.125,1.562",64.25413513183594,63.802650451660156,0.45148468017578125,1,63.21833038330078,63.17975616455078,0.03857421875,1
random_003,10,13,"38.125,11.875,0.938","5.000,18.125,1.562",80.1910629272461,88.58061218261719,8.389549255371094,1,75.42164611816406,83.16571044921875,7.7440643310546875,1
random_003,10,14,"38.125,11.875,0.938","14.375,8.750,0.938",74.33036041259766,83.9022445678711,9.571884155273438,1,74.6534652709961,74.23667907714844,0.41678619384765625,1
random_003,10,15,"38.125,11.875,0.938","14.375,6.250,0.312",74.66741180419922,82.61372375488281,7.946311950683594,1,71.95458984375,72.05296325683594,0.0983734130859375,1
random_003,10,16,"38.125,11.875,0.938","14.375,30.625,0.312",86.332275390625,89.09840393066406,2.7661285400390625,1,83.58013153076172,86.14968872070312,2.5695571899414062,1
random_003,10,17,"38.125,11.875,0.938","21.875,12.500,2.188",71.78924560546875,75.62037658691406,3.8311309814453125,1,69.87875366210938,70.27372741699219,0.3949737548828125,1
random_003,10,18,"38.125,11.875,0.938","28.750,30.625,2.188",75.59928131103516,76.7713851928711,1.1721038818359375,1,74.17910766601562,75.13422393798828,0.9551162719726562,1
random_003,10,19,"38.125,11.875,0.938","25.625,16.250,0.312",70.54637908935547,70.22773742675781,0.31864166259765625,1,68.72430419921875,69.68110656738281,0.9568023681640625,1
random_003,10,20,"38.125,11.875,0.938","10.625,30.000,0.938",85.95330810546875,88.59791564941406,2.6446075439453125,1,84.32562255859375,82.69085693359375,1.634765625,1
random_003,10,21,"38.125,11.875,0.938","13.750,36.875,1.562",92.90795135498047,93.59371948242188,0.6857681274414062,1,96.22904968261719,90.14167022705078,6.087379455566406,1
random_003,10,22,"38.125,11.875,0.938","20.000,12.500,2.188",72.50166320800781,80.14022827148438,7.6385650634765625,1,70.34757232666016,70.7195816040039,0.37200927734375,1
random_003,10,23,"38.125,11.875,0.938","34.375,35.000,0.938",72.1562728881836,72.41524505615234,0.25897216796875,1,73.58060455322266,74.14605712890625,0.5654525756835938,1
random_003,10,24,"38.125,11.875,0.938","29.375,10.000,0.312",67.6806411743164,66.10277557373047,1.5778656005859375,1,67.78617858886719,67.89857482910156,0.112396240234375,1
random_003,10,25,"38.125,11.875,0.938","34.375,16.875,2.188",61.37376403808594,61.885047912597656,0.5112838745117188,1,60.84537124633789,60.809959411621094,0.035411834716796875,1
random_003,10,26,"38.125,11.875,0.938","10.625,20.625,0.938",77.96949768066406,86.93876647949219,8.969268798828125,1,76.66649627685547,78.27960968017578,1.6131134033203125,1
random_003,10,27,"38.125,11.875,0.938","11.875,16.875,0.938",77.27412414550781,86.19488525390625,8.920761108398438,1,74.5505142211914,74.62432098388672,0.0738067626953125,1
random_003,10,28,"38.125,11.875,0.938","15.000,26.875,2.188",86.419921875,89.5627212524414,3.1427993774414062,1,82.33940124511719,82.52371978759766,0.18431854248046875,1
random_003,10,29,"38.125,11.875,0.938","6.250,3.750,0.312",88.11898803710938,83.91548919677734,4.203498840332031,1,81.1136703491211,77.3242416381836,3.7894287109375,1
random_003,11,12,"28.125,11.875,0.312","35.000,3.125,1.562",74.79631805419922,72.83024597167969,1.9660720825195312,1,71.1982421875,72.38341522216797,1.1851730346679688,1
random_003,11,13,"28.125,11.875,0.312","5.000,18.125,1.562",77.51654052734375,75.02660369873047,2.4899368286132812,1,72.94745635986328,72.70359802246094,0.24385833740234375,1
random_003,11,14,"28.125,11.875,0.312","14.375,8.750,0.938",69.07288360595703,68.31029510498047,0.7625885009765625,1,67.47490692138672,67.44025421142578,0.0346527099609375,1
random_003,11,15,"28.125,11.875,0.312","14.375,6.250,0.312",69.7313232421875,68.71600341796875,1.01531982421875,1,69.7729721069336,70.16368103027344,0.39070892333984375,1
random_003,11,16,"28.125,11.875,0.312","14.375,30.625,0.312",82.17459869384766,80.29551696777344,1.8790817260742188,1,78.0693130493164,77.56280517578125,0.5065078735351562,1
random_003,11,17,"28.125,11.875,0.312","21.875,12.500,2.188",62.62070083618164,63.04314041137695,0.4224395751953125,1,62.74967956542969,62.23379135131836,0.5158882141113281,1
random_003,11,18,"28.125,11.875,0.312","28.750,30.625,2.188",75.56291198730469,80.0890884399414,4.526176452636719,1,71.96237182617188,72.2951889038086,0.33281707763671875,1
random_003,11,19,"28.125,11.875,0.312","25.625,16.250,0.312",60.66802978515625,60.6722297668457,0.004199981689453125,1,59.14765167236328,59.188758850097656,0.041107177734375,1
random_003,11,20,"28.125,11.875,0.312","10.625,30.000,0.938",74.1337890625,73.62186431884766,0.5119247436523438,1,71.98710632324219,71.8217544555664,0.16535186767578125,1
random_003,11,21,"28.125,11.875,0.312","13.750,36.875,1.562",88.40241241455078,83.49807739257812,4.904335021972656,1,77.95294189453125,76.13687133789062,1.816070556640625,1
random_003,11,22,"28.125,11.875,0.312","20.000,12.500,2.188",64.58292388916016,64.77779388427734,0.1948699951171875,1,64.3791732788086,64.3855972290039,0.0064239501953125,1
random_003,11,23,"28.125,11.875,0.312","34.375,35.000,0.938",81.94231414794922,81.06653594970703,0.8757781982421875,1,77.6106948852539,75.742431640625,1.8682632446289062,1
random_003,11,24,"28.125,11.875,0.312","29.375,10.000,0.312",53.37834167480469,53.529510498046875,0.1511688232421875,1,53.14452362060547,53.098724365234375,0.04579925537109375,1
random_003,11,25,"28.125,11.875,0.312","34.375,16.875,2.188",69.25690460205078,68.6308364868164,0.626068115234375,1,67.13455963134766,67.54553985595703,0.410980224609375,1
random_003,11,26,"28.125,11.875,0.312","10.625,20.625,0.938",71.62274932861328,71.630615234375,0.00786590576171875,1,69.21553802490234,71.01161193847656,1.7960739135742188,1
random_003,11,27,"28.125,11.875,0.312","11.875,16.875,0.938",71.2944564819336,70.19949340820312,1.0949630737304688,1,67.43943786621094,67.74657440185547,0.30713653564453125,1
random_003,11,28,"28.125,11.875,0.312","15.000,26.875,2.188",72.6080322265625,72.07953643798828,0.5284957885742188,1,70.97205352783203,71.22026062011719,0.24820709228515625,1
random_003,11,29,"28.125,11.875,0.312","6.250,3.750,0.312",83.84597778320312,75.86968994140625,7.976287841796875,1,78.94039916992188,79.00279235839844,0.0623931884765625,1
random_003,12,13,"35.000,3.125,1.562","5.000,18.125,1.562",86.63597106933594,89.65010833740234,3.0141372680664062,1,81.8795394897461,82.75331115722656,0.8737716674804688,1
random_003,12,14,"35.000,3.125,1.562","14.375,8.750,0.938",74.13773345947266,84.17266845703125,10.034934997558594,1,72.64026641845703,72.65785217285156,0.01758575439453125,1
random_003,12,15,"35.000,3.125,1.562","14.375,6.250,0.312",72.13111114501953,82.44105529785156,10.309944152832031,1,70.6559829711914,71.03327941894531,0.37729644775390625,1
random_003,12,16,"35.000,3.125,1.562","14.375,30.625,0.312",89.4767837524414,89.81472778320312,0.33794403076171875,1,84.89208984375,83.96442413330078,0.9276657104492188,1
random_003,12,17,"35.000,3.125,1.562","21.875,12.500,2.188",76.39701843261719,80.88148498535156,4.484466552734375,1,77.7906494140625,75.197021484375,2.5936279296875,1
random_003,12,18,"35.000,3.125,1.562","28.750,30.625,2.188",81.88662719726562,82.0386962890625,0.152069091796875,1,78.07685089111328,79.03800964355469,0.9611587524414062,1
random_003,12,19,"35.000,3.125,1.562","25.625,16.250,0.312",74.62544250488281,76.86981201171875,2.2443695068359375,1,78.21698760986328,74.58134460449219,3.6356430053710938,1
random_003,12,20,"35.000,3.125,1.562","10.625,30.000,0.938",84.82093811035156,89.53834533691406,4.7174072265625,1,82.80719757080078,85.02822875976562,2.2210311889648438,1
random_003,12,21,"35.000,3.125,1.562","13.750,36.875,1.562",91.96536254882812,94.0416488647461,2.0762863159179688,1,89.99156951904297,89.83488464355469,0.15668487548828125,1
random_003,12,22,"35.000,3.125,1.562","20.000,12.500,2.188",77.09801483154297,82.52743530273438,5.429420471191406,1,74.36141967773438,74.71231842041016,0.35089874267578125,1
random_003,12,23,"35.000,3.125,1.562","34.375,35.000,0.938",74.86265563964844,75.57880401611328,0.7161483764648438,1,70.35980224609375,70.31084442138672,0.04895782470703125,1
random_003,12,24,"35.000,3.125,1.562","29.375,10.000,0.312",72.3241958618164,72.8751220703125,0.5509262084960938,1,71.32185363769531,70.11040496826172,1.2114486694335938,1
random_003,12,25,"35.000,3.125,1.562","34.375,16.875,2.188",66.91753387451172,67.05677032470703,0.1392364501953125,1,66.63520050048828,66.45780944824219,0.17739105224609375,1
random_003,12,26,"35.000,3.125,1.562","10.625,20.625,0.938",82.10551452636719,87.5948257446289,5.489311218261719,1,77.3228988647461,78.74076080322266,1.4178619384765625,1
random_003,12,27,"35.000,3.125,1.562","11.875,16.875,0.938",85.16038513183594,88.0335693359375,2.8731842041015625,1,80.11703491210938,81.67728424072266,1.5602493286132812,1
random_003,12,28,"35.000,3.125,1.562","15.000,26.875,2.188",84.62974548339844,91.34579467773438,6.7160491943359375,1,81.40084075927734,82.21038818359375,0.8095474243164062,1
random_003,12,29,"35.000,3.125,1.562","6.250,3.750,0.312",82.97817993164062,83.9373779296875,0.959197998046875,1,73.9046859741211,73.91824340820312,0.01355743408203125,1
random_003,13,14,"5.000,18.125,1.562","14.375,8.750,0.938",72.2566146850586,73.33251190185547,1.075897216796875,1,71.95475006103516,72.01339721679688,0.05864715576171875,1
random_003,13,15,"5.000,18.125,1.562","14.375,6.250,0.312",83.23564147949219,78.13560485839844,5.10003662109375,1,77.03358459472656,78.17338562011719,1.139801025390625,1
random_003,13,16,"5.000,18.125,1.562","14.375,30.625,0.312",69.47422790527344,69.71098327636719,0.23675537109375,1,68.8717041015625,70.48444366455078,1.6127395629882812,1
random_003,13,17,"5.000,18.125,1.562","21.875,12.500,2.188",74.99266815185547,74.46340942382812,0.5292587280273438,1,72.236572265625,72.09622192382812,0.140350341796875,1
random_003,13,18,"5.000,18.125,1.562","28.750,30.625,2.188",82.2870864868164,81.38314056396484,0.9039459228515625,1,77.13072967529297,77.8969497680664,0.7662200927734375,1
random_003,13,19,"5.000,18.125,1.562","25.625,16.250,0.312",72.13717651367188,72.50659942626953,0.36942291259765625,1,71.43666076660156,71.49775695800781,0.06109619140625,1
random_003,13,20,"5.000,18.125,1.562","10.625,30.000,0.938",68.34178924560547,68.32015991210938,0.02162933349609375,1,67.80207824707031,68.20232391357422,0.40024566650390625,1
random_003,13,21,"5.000,18.125,1.562","13.750,36.875,1.562",71.90034484863281,71.95536041259766,0.05501556396484375,1,72.05757141113281,72.283447265625,0.2258758544921875,1
random_003,13,22,"5.000,18.125,1.562","20.000,12.500,2.188",75.61849212646484,75.8093490600586,0.19085693359375,1,74.70160675048828,74.70973205566406,0.00812530517578125,1
random_003,13,23,"5.000,18.125,1.562","34.375,35.000,0.938",83.91822052001953,81.12452697753906,2.7936935424804688,1,77.8245620727539,78.72588348388672,0.9013214111328125,1
random_003,13,24,"5.000,18.125,1.562","29.375,10.000,0.312",78.4437484741211,79.91674041748047,1.472991943359375,1,74.41290283203125,76.46134948730469,2.0484466552734375,1
random_003,13,25,"5.000,18.125,1.562","34.375,16.875,2.188",90.00804901123047,77.84797668457031,12.160072326660156,1,82.96504974365234,77.51188659667969,5.453163146972656,1
random_003,13,26,"5.000,18.125,1.562","10.625,20.625,0.938",63.55740737915039,62.277061462402344,1.2803459167480469,1,61.609893798828125,61.59894561767578,0.01094818115234375,1
random_003,13,27,"5.000,18.125,1.562","11.875,16.875,0.938",62.80438232421875,63.069175720214844,0.26479339599609375,1,63.60715866088867,63.366294860839844,0.24086380004882812,1
random_003,13,28,"5.000,18.125,1.562","15.000,26.875,2.188",71.75402069091797,71.8470687866211,0.093048095703125,1,70.10118103027344,70.28208923339844,0.180908203125,1
random_003,13,29,"5.000,18.125,1.562","6.250,3.750,0.312",67.86857604980469,67.41675567626953,0.45182037353515625,1,67.80657196044922,67.08296966552734,0.723602294921875,1
random_003,14,15,"14.375,8.750,0.938","14.375,6.250,0.312",57.82477569580078,55.325035095214844,2.4997406005859375,1,56.14091491699219,56.564781188964844,0.42386627197265625,1
random_003,14,16,"14.375,8.750,0.938","14.375,30.625,0.312",74.658447265625,76.64942932128906,1.9909820556640625,1,72.72303009033203,74.45809936523438,1.7350692749023438,1
random_003,14,17,"14.375,8.750,0.938","21.875,12.500,2.188",64.20233154296875,64.81295776367188,0.610626220703125,1,64.4854965209961,64.399658203125,0.08583831787109375,1
random_003,14,18,"14.375,8.750,0.938","28.750,30.625,2.188",84.0620346069336,81.97183227539062,2.0902023315429688,1,77.35169982910156,77.74211120605469,0.390411376953125,1
random_003,14,19,"14.375,8.750,0.938","25.625,16.250,0.312",67.58720397949219,68.17488861083984,0.5876846313476562,1,66.2584457397461,65.97488403320312,0.28356170654296875,1
random_003,14,20,"14.375,8.750,0.938","10.625,30.000,0.938",74.42124938964844,85.30992889404297,10.888679504394531,1,72.7968978881836,73.45844268798828,0.6615447998046875,1
random_003,14,21,"14.375,8.750,0.938","13.750,36.875,1.562",76.52116394042969,87.9654541015625,11.444290161132812,1,76.45472717285156,76.19287109375,0.2618560791015625,1
random_003,14,22,"14.375,8.750,0.938","20.000,12.500,2.188",62.81292724609375,63.103485107421875,0.290557861328125,1,62.32448959350586,62.25551223754883,0.06897735595703125,1
random_003,14,23,"14.375,8.750,0.938","34.375,35.000,0.938",86.5346450805664,85.10565185546875,1.4289932250976562,1,80.35267639160156,81.47354888916016,1.1208724975585938,1
random_003,14,24,"14.375,8.750,0.938","29.375,10.000,0.312",69.35676574707031,69.83040618896484,0.47364044189453125,1,69.09562683105469,67.45399475097656,1.641632080078125,1
random_003,14,25,"14.375,8.750,0.938","34.375,16.875,2.188",84.08280944824219,76.66081237792969,7.4219970703125,1,76.52191162109375,75.68707275390625,0.8348388671875,1
random_003,14,26,"14.375,8.750,0.938","10.625,20.625,0.938",69.58686828613281,70.96416473388672,1.3772964477539062,1,68.48511505126953,68.51399230957031,0.02887725830078125,1
random_003,14,27,"14.375,8.750,0.938","11.875,16.875,0.938",68.07942962646484,66.95095825195312,1.1284713745117188,1,64.52386474609375,65.6674575805664,1.1435928344726562,1
random_003,14,28,"14.375,8.750,0.938","15.000,26.875,2.188",73.1954345703125,73.3280258178711,0.13259124755859375,1,70.60704040527344,70.19828796386719,0.40875244140625,1
random_003,14,29,"14.375,8.750,0.938","6.250,3.750,0.312",73.08179473876953,73.88445281982422,0.8026580810546875,1,73.0704116821289,73.20140838623047,0.1309967041015625,1
random_003,15,16,"14.375,6.250,0.312","14.375,30.625,0.312",78.53535461425781,91.22176361083984,12.686408996582031,1,78.36229705810547,76.42699432373047,1.935302734375,1
random_003,15,17,"14.375,6.250,0.312","21.875,12.500,2.188",69.53025817871094,69.76882934570312,0.2385711669921875,1,68.55811309814453,68.89151763916016,0.333404541015625,1
random_003,15,18,"14.375,6.250,0.312","28.750,30.625,2.188",85.75122833251953,91.2978515625,5.546623229980469,1,79.49114990234375,82.16853332519531,2.6773834228515625,1
random_003,15,19,"14.375,6.250,0.312","25.625,16.250,0.312",72.05378723144531,72.89680480957031,0.843017578125,1,76.00912475585938,74.94210815429688,1.0670166015625,1
random_003,15,20,"14.375,6.250,0.312","10.625,30.000,0.938",77.50091552734375,91.26237487792969,13.761459350585938,1,73.82733154296875,74.23310089111328,0.40576934814453125,1
random_003,15,21,"14.375,6.250,0.312","13.750,36.875,1.562",79.29646301269531,94.0866470336914,14.790184020996094,1,79.5683822631836,75.97746276855469,3.5909194946289062,1
random_003,15,22,"14.375,6.250,0.312","20.000,12.500,2.188",68.7728042602539,69.73111724853516,0.95831298828125,1,68.87413024902344,69.98472595214844,1.110595703125,1
random_003,15,23,"14.375,6.250,0.312","34.375,35.000,0.938",88.33588409423828,90.57093811035156,2.2350540161132812,1,82.95645904541016,84.41838073730469,1.4619216918945312,1
random_003,15,24,"14.375,6.250,0.312","29.375,10.000,0.312",69.39335632324219,69.51201629638672,0.11865997314453125,1,70.07637786865234,69.25852966308594,0.8178482055664062,1
random_003,15,25,"14.375,6.250,0.312","34.375,16.875,2.188",82.66488647460938,77.53463745117188,5.1302490234375,1,75.16474914550781,76.05429077148438,0.8895416259765625,1
random_003,15,26,"14.375,6.250,0.312","10.625,20.625,0.938",75.36593627929688,83.8260269165039,8.460090637207031,1,78.45490264892578,70.32456970214844,8.130332946777344,1
random_003,15,27,"14.375,6.250,0.312","11.875,16.875,0.938",78.6297607421875,80.71467590332031,2.0849151611328125,1,76.36813354492188,69.9189453125,6.449188232421875,1
random_003,15,28,"14.375,6.250,0.312","15.000,26.875,2.188",76.5975341796875,89.60433197021484,13.006797790527344,1,72.30918884277344,75.61376190185547,3.3045730590820312,1
random_003,15,29,"14.375,6.250,0.312","6.250,3.750,0.312",66.13215637207031,65.99156188964844,0.140594482421875,1,64.29253387451172,63.9887580871582,0.3037757873535156,1
random_003,16,17,"14.375,30.625,0.312","21.875,12.500,2.188",71.7760009765625,71.93458557128906,0.1585845947265625,1,72.59545135498047,71.76615905761719,0.8292922973632812,1
random_003,16,18,"14.375,30.625,0.312","28.750,30.625,2.188",70.83441162109375,71.40914916992188,0.574737548828125,1,68.44478607177734,68.99739074707031,0.5526046752929688,1
random_003,16,19,"14.375,30.625,0.312","25.625,16.250,0.312",80.56236267089844,79.93280029296875,0.6295623779296875,1,74.341796875,75.82608032226562,1.484283447265625,1
random_003,16,20,"14.375,30.625,0.312","10.625,30.000,0.938",58.02824020385742,58.197994232177734,0.1697540283203125,1,57.586483001708984,58.453758239746094,0.8672752380371094,1
random_003,16,21,"14.375,30.625,0.312","13.750,36.875,1.562",62.517215728759766,63.09372329711914,0.576507568359375,1,62.90750503540039,62.925148010253906,0.017642974853515625,1
random_003,16,22,"14.375,30.625,0.312","20.000,12.500,2.188",71.63997650146484,71.53392791748047,0.106048583984375,1,71.74781799316406,71.78874206542969,0.040924072265625,1
random_003,16,23,"14.375,30.625,0.312","34.375,35.000,0.938",77.34527587890625,81.48338317871094,4.1381072998046875,1,72.55095672607422,73.42033386230469,0.8693771362304688,1
random_003,16,24,"14.375,30.625,0.312","29.375,10.000,0.312",80.42249298095703,83.09156799316406,2.6690750122070312,1,77.16908264160156,76.91754150390625,0.2515411376953125,1
random_003,16,25,"14.375,30.625,0.312","34.375,16.875,2.188",88.96631622314453,85.98259735107422,2.9837188720703125,1,81.64846801757812,81.34850311279297,0.29996490478515625,1
random_003,16,26,"14.375,30.625,0.312","10.625,20.625,0.938",66.85639953613281,67.3049087524414,0.44850921630859375,1,66.79243469238281,66.25434875488281,0.5380859375,1
random_003,16,27,"14.375,30.625,0.312","11.875,16.875,0.938",69.41940307617188,68.87596130371094,0.5434417724609375,1,66.23394012451172,66.91212463378906,0.6781845092773438,1
random_003,16,28,"14.375,30.625,0.312","15.000,26.875,2.188",59.19336700439453,59.31266403198242,0.11929702758789062,1,59.47222137451172,59.17725372314453,0.2949676513671875,1
random_003,16,29,"14.375,30.625,0.312","6.250,3.750,0.312",84.56443786621094,80.17765808105469,4.38677978515625,1,78.11769104003906,76.71482849121094,1.402862548828125,1
random_003,17,18,"21.875,12.500,2.188","28.750,30.625,2.188",82.15835571289062,81.24436950683594,0.9139862060546875,1,73.0986328125,72.02030181884766,1.0783309936523438,1
random_003,17,19,"21.875,12.500,2.188","25.625,16.250,0.312",61.97401428222656,62.09446716308594,0.120452880859375,1,61.80629348754883,61.59318923950195,0.213104248046875,1
random_003,17,20,"21.875,12.500,2.188","10.625,30.000,0.938",72.70769500732422,72.10319519042969,0.6044998168945312,1,71.77347564697266,71.64641571044922,0.1270599365234375,1
random_003,17,21,"21.875,12.500,2.188","13.750,36.875,1.562",76.6564712524414,76.8018569946289,0.1453857421875,1,75.39618682861328,75.12904357910156,0.26714324951171875,1
random_003,17,22,"21.875,12.500,2.188","20.000,12.500,2.188",52.98991775512695,51.994049072265625,0.9958686828613281,1,52.22400665283203,52.16878890991211,0.055217742919921875,1
random_003,17,23,"21.875,12.500,2.188","34.375,35.000,0.938",85.47154998779297,81.89793395996094,3.5736160278320312,1,79.78846740722656,79.54060363769531,0.24786376953125,1
random_003,17,24,"21.875,12.500,2.188","29.375,10.000,0.312",64.68894958496094,64.03573608398438,0.6532135009765625,1,63.87971878051758,63.629295349121094,0.2504234313964844,1
random_003,17,25,"21.875,12.500,2.188","34.375,16.875,2.188",79.53336334228516,73.13963317871094,6.393730163574219,1,69.30810546875,70.09829711914062,0.790191650390625,1
random_003,17,26,"21.875,12.500,2.188","10.625,20.625,0.938",68.92080688476562,69.04112243652344,0.1203155517578125,1,69.6439208984375,69.80536651611328,0.16144561767578125,1
random_003,17,27,"21.875,12.500,2.188","11.875,16.875,0.938",69.79548645019531,69.67089080810547,0.12459564208984375,1,67.55095672607422,67.62702178955078,0.0760650634765625,1
random_003,17,28,"21.875,12.500,2.188","15.000,26.875,2.188",70.55703735351562,69.96571350097656,0.5913238525390625,1,70.75191497802734,70.98881530761719,0.23690032958984375,1
random_003,17,29,"21.875,12.500,2.188","6.250,3.750,0.312",81.92852783203125,77.17926788330078,4.749259948730469,1,76.20494079589844,75.49531555175781,0.709625244140625,1
random_003,18,19,"28.750,30.625,2.188","25.625,16.250,0.312",78.25381469726562,71.57849884033203,6.675315856933594,1,74.83956909179688,68.99751281738281,5.8420562744140625,1
random_003,18,20,"28.750,30.625,2.188","10.625,30.000,0.938",73.41053771972656,72.85809326171875,0.5524444580078125,1,71.45513153076172,71.42894744873047,0.02618408203125,1
random_003,18,21,"28.750,30.625,2.188","13.750,36.875,1.562",82.04293823242188,78.7612533569336,3.2816848754882812,1,76.11979675292969,77.32920837402344,1.20941162109375,1
random_003,18,22,"28.750,30.625,2.188","20.000,12.500,2.188",80.72280883789062,82.37507629394531,1.6522674560546875,1,74.32344055175781,72.94683837890625,1.3766021728515625,1
random_003,18,23,"28.750,30.625,2.188","34.375,35.000,0.938",65.24821472167969,67.0419692993164,1.7937545776367188,1,65.45909118652344,65.31083679199219,0.14825439453125,1
random_003,18,24,"28.750,30.625,2.188","29.375,10.000,0.312",80.17982482910156,78.02395629882812,2.1558685302734375,1,74.14567565917969,73.73040008544922,0.41527557373046875,1
random_003,18,25,"28.750,30.625,2.188","34.375,16.875,2.188",74.58721160888672,73.1676254272461,1.419586181640625,1,72.39118957519531,72.04901885986328,0.34217071533203125,1
random_003,18,26,"28.750,30.625,2.188","10.625,20.625,0.938",76.20598602294922,74.90634155273438,1.2996444702148438,1,72.9474868774414,72.60758209228516,0.33990478515625,1
random_003,18,27,"28.750,30.625,2.188","11.875,16.875,0.938",80.786865234375,81.47782135009766,0.6909561157226562,1,73.31181335449219,77.35484313964844,4.04302978515625,1
random_003,18,28,"28.750,30.625,2.188","15.000,26.875,2.188",70.13549041748047,69.79792022705078,0.3375701904296875,1,74.4000473022461,74.86920928955078,0.4691619873046875,1
random_003,18,29,"28.750,30.625,2.188","6.250,3.750,0.312",97.49188232421875,88.94992065429688,8.541961669921875,1,85.25225830078125,85.24935913085938,0.002899169921875,1
random_003,19,20,"25.625,16.250,0.312","10.625,30.000,0.938",72.3860855102539,72.30464172363281,0.08144378662109375,1,69.25668334960938,69.18253326416016,0.07415008544921875,1
random_003,19,21,"25.625,16.250,0.312","13.750,36.875,1.562",84.28608703613281,84.546630859375,0.2605438232421875,1,76.48055267333984,75.79496765136719,0.6855850219726562,1
random_003,19,22,"25.625,16.250,0.312","20.000,12.500,2.188",63.66450500488281,63.671913146972656,0.00740814208984375,1,63.669010162353516,63.714298248291016,0.0452880859375,1
random_003,19,23,"25.625,16.250,0.312","34.375,35.000,0.938",81.81881713867188,80.25328826904297,1.5655288696289062,1,75.82852935791016,77.41683959960938,1.5883102416992188,1
random_003,19,24,"25.625,16.250,0.312","29.375,10.000,0.312",63.38969421386719,63.41004180908203,0.02034759521484375,1,61.739044189453125,61.74485778808594,0.0058135986328125,1
random_003,19,25,"25.625,16.250,0.312","34.375,16.875,2.188",66.94397735595703,66.73151397705078,0.21246337890625,1,65.87279510498047,65.70069122314453,0.1721038818359375,1
random_003,19,26,"25.625,16.250,0.312","10.625,20.625,0.938",69.84423828125,69.75922393798828,0.08501434326171875,1,67.34601593017578,67.75515747070312,0.40914154052734375,1
random_003,19,27,"25.625,16.250,0.312","11.875,16.875,0.938",69.36345672607422,68.36909484863281,0.9943618774414062,1,66.88943481445312,67.0732650756836,0.18383026123046875,1
random_003,19,28,"25.625,16.250,0.312","15.000,26.875,2.188",72.58211517333984,74.00674438476562,1.4246292114257812,1,68.19781494140625,75.99359893798828,7.795783996582031,1
random_003,19,29,"25.625,16.250,0.312","6.250,3.750,0.312",85.049072265625,79.04117584228516,6.007896423339844,1,80.84944152832031,77.91564178466797,2.9337997436523438,1
random_003,20,21,"10.625,30.000,0.938","13.750,36.875,1.562",64.08769226074219,63.61856460571289,0.4691276550292969,1,64.04821014404297,63.408145904541016,0.6400642395019531,1
random_003,20,22,"10.625,30.000,0.938","20.000,12.500,2.188",71.93605041503906,72.1853256225586,0.24927520751953125,1,71.79259490966797,70.89759826660156,0.8949966430664062,1
random_003,20,23,"10.625,30.000,0.938","34.375,35.000,0.938",80.9267807006836,80.91092681884766,0.0158538818359375,1,71.33013153076172,74.41648864746094,3.0863571166992188,1
random_003,20,24,"10.625,30.000,0.938","29.375,10.000,0.312",74.08659362792969,74.62905883789062,0.5424652099609375,1,73.15888214111328,72.3328857421875,0.8259963989257812,1
random_003,20,25,"10.625,30.000,0.938","34.375,16.875,2.188",89.4017105102539,83.90753173828125,5.494178771972656,1,82.0003662109375,79.8330078125,2.1673583984375,1
random_003,20,26,"10.625,30.000,0.938","10.625,20.625,0.938",65.99317932128906,66.13388061523438,0.1407012939453125,1,66.70039367675781,66.68739318847656,0.01300048828125,1
random_003,20,27,"10.625,30.000,0.938","11.875,16.875,0.938",68.79467010498047,68.61255645751953,0.1821136474609375,1,67.89326477050781,68.78614044189453,0.8928756713867188,1
random_003,20,28,"10.625,30.000,0.938","15.000,26.875,2.188",62.21312713623047,61.639163970947266,0.5739631652832031,1,61.19474411010742,61.24415588378906,0.049411773681640625,1
random_003,20,29,"10.625,30.000,0.938","6.250,3.750,0.312",75.15167999267578,74.31227111816406,0.8394088745117188,1,72.94556427001953,72.97604370117188,0.03047943115234375,1
random_003,21,22,"13.750,36.875,1.562","20.000,12.500,2.188",75.83541107177734,76.21864318847656,0.38323211669921875,1,75.03804016113281,75.40869140625,0.3706512451171875,1
random_003,21,23,"13.750,36.875,1.562","34.375,35.000,0.938",73.58755493164062,79.27599334716797,5.688438415527344,1,72.68302154541016,73.15798950195312,0.47496795654296875,1
random_003,21,24,"13.750,36.875,1.562","29.375,10.000,0.312",84.56607818603516,88.50254821777344,3.9364700317382812,1,77.13917541503906,77.23059844970703,0.09142303466796875,1
random_003,21,25,"13.750,36.875,1.562","34.375,16.875,2.188",91.86199951171875,92.93871307373047,1.0767135620117188,1,87.17890930175781,88.37688446044922,1.1979751586914062,1
random_003,21,26,"13.750,36.875,1.562","10.625,20.625,0.938",69.9295654296875,70.09442138671875,0.16485595703125,1,70.41891479492188,70.28604125976562,0.13287353515625,1
random_003,21,27,"13.750,36.875,1.562","11.875,16.875,0.938",72.09162139892578,71.77261352539062,0.31900787353515625,1,70.87982940673828,72.01409149169922,1.1342620849609375,1
random_003,21,28,"13.750,36.875,1.562","15.000,26.875,2.188",67.78361511230469,67.01470947265625,0.7689056396484375,1,67.21607971191406,66.20246124267578,1.0136184692382812,1
random_003,21,29,"13.750,36.875,1.562","6.250,3.750,0.312",85.97040557861328,80.38842010498047,5.5819854736328125,1,79.09107971191406,77.73039245605469,1.360687255859375,1
random_003,22,23,"20.000,12.500,2.188","34.375,35.000,0.938",86.03050231933594,82.49066925048828,3.5398330688476562,1,78.85279083251953,78.46782684326172,0.3849639892578125,1
random_003,22,24,"20.000,12.500,2.188","29.375,10.000,0.312",66.26383972167969,65.47855377197266,0.7852859497070312,1,65.36249542236328,65.18778991699219,0.17470550537109375,1
random_003,22,25,"20.000,12.500,2.188","34.375,16.875,2.188",80.79769897460938,71.92456817626953,8.873130798339844,1,74.37376403808594,72.18211364746094,2.191650390625,1
random_003,22,26,"20.000,12.500,2.188","10.625,20.625,0.938",68.06928253173828,68.32678985595703,0.25750732421875,1,66.63844299316406,67.61078643798828,0.9723434448242188,1
random_003,22,27,"20.000,12.500,2.188","11.875,16.875,0.938",69.67578887939453,69.38566589355469,0.29012298583984375,1,71.5675277709961,71.49722290039062,0.07030487060546875,1
random_003,22,28,"20.000,12.500,2.188","15.000,26.875,2.188",69.88973999023438,69.78970336914062,0.10003662109375,1,68.39443969726562,68.8875503540039,0.49311065673828125,1
random_003,22,29,"20.000,12.500,2.188","6.250,3.750,0.312",80.43030548095703,76.81277465820312,3.6175308227539062,1,76.14126586914062,74.89862823486328,1.2426376342773438,1
random_003,23,24,"34.375,35.000,0.938","29.375,10.000,0.312",81.72797393798828,81.5009765625,0.22699737548828125,1,78.62494659423828,78.74889373779297,0.1239471435546875,1
random_003,23,25,"34.375,35.000,0.938","34.375,16.875,2.188",69.65913391113281,69.75445556640625,0.0953216552734375,1,67.31414794921875,67.57310485839844,0.2589569091796875,1
random_003,23,26,"34.375,35.000,0.938","10.625,20.625,0.938",78.0743408203125,79.8467025756836,1.7723617553710938,1,75.34022521972656,74.26889038085938,1.0713348388671875,1
random_003,23,27,"34.375,35.000,0.938","11.875,16.875,0.938",84.82939147949219,85.79670715332031,0.967315673828125,1,84.75077819824219,79.90494537353516,4.845832824707031,1
random_003,23,28,"34.375,35.000,0.938","15.000,26.875,2.188",76.21456146240234,74.82611083984375,1.3884506225585938,1,75.57696533203125,75.24109649658203,0.33586883544921875,1
random_003,23,29,"34.375,35.000,0.938","6.250,3.750,0.312",97.49197387695312,92.368896484375,5.123077392578125,1,89.6023941040039,89.77473449707031,0.17234039306640625,1
random_003,24,25,"29.375,10.000,0.312","34.375,16.875,2.188",70.08732604980469,69.45423889160156,0.633087158203125,1,68.64329528808594,68.3797607421875,0.2635345458984375,1
random_003,24,26,"29.375,10.000,0.312","10.625,20.625,0.938",72.24369049072266,72.41598510742188,0.17229461669921875,1,68.6155014038086,70.31404113769531,1.6985397338867188,1
random_003,24,27,"29.375,10.000,0.312","11.875,16.875,0.938",72.06563568115234,71.67454528808594,0.39109039306640625,1,71.01876831054688,73.14803314208984,2.1292648315429688,1
random_003,24,28,"29.375,10.000,0.312","15.000,26.875,2.188",73.32571411132812,72.55242919921875,0.773284912109375,1,70.85569763183594,70.14561462402344,0.7100830078125,1
random_003,24,29,"29.375,10.000,0.312","6.250,3.750,0.312",84.45372772216797,75.46585083007812,8.987876892089844,1,81.35731506347656,77.14193725585938,4.2153778076171875,1
random_003,25,26,"34.375,16.875,2.188","10.625,20.625,0.938",75.7158432006836,87.78943634033203,12.073593139648438,1,75.73938751220703,82.94921875,7.209831237792969,1
random_003,25,27,"34.375,16.875,2.188","11.875,16.875,0.938",74.81182098388672,86.87399291992188,12.062171936035156,1,73.94904327392578,76.22138214111328,2.2723388671875,1
random_003,25,28,"34.375,16.875,2.188","15.000,26.875,2.188",85.85588073730469,89.95264434814453,4.096763610839844,1,80.718505859375,79.12913513183594,1.5893707275390625,1
random_003,25,29,"34.375,16.875,2.188","6.250,3.750,0.312",89.0730972290039,84.89867401123047,4.1744232177734375,1,81.12285614013672,83.69403076171875,2.5711746215820312,1
random_003,26,27,"10.625,20.625,0.938","11.875,16.875,0.938",58.701786041259766,58.451290130615234,0.25049591064453125,1,58.67693328857422,58.66744613647461,0.009487152099609375,1
random_003,26,28,"10.625,20.625,0.938","15.000,26.875,2.188",65.4405517578125,64.87305450439453,0.5674972534179688,1,64.0230712890625,63.901451110839844,0.12162017822265625,1
random_003,26,29,"10.625,20.625,0.938","6.250,3.750,0.312",76.91913604736328,79.10826110839844,2.1891250610351562,1,72.42863464355469,72.0350570678711,0.39357757568359375,1
random_003,27,28,"11.875,16.875,0.938","15.000,26.875,2.188",66.64724731445312,66.915283203125,0.268035888671875,1,64.09254455566406,63.827396392822266,0.2651481628417969,1
random_003,27,29,"11.875,16.875,0.938","6.250,3.750,0.312",76.1524429321289,81.3788070678711,5.2263641357421875,1,74.39736938476562,73.12157440185547,1.2757949829101562,1
random_003,28,29,"15.000,26.875,2.188","6.250,3.750,0.312",83.30384826660156,80.71595001220703,2.5878982543945312,1,77.52130889892578,75.9295883178711,1.5917205810546875,1
random_004,0,1,"3.125,23.125,0.938","27.500,32.500,1.562",81.3341293334961,81.07584381103516,0.2582855224609375,1,74.03500366210938,74.68387603759766,0.6488723754882812,1
random_004,0,2,"3.125,23.125,0.938","17.500,28.750,1.562",79.83472442626953,72.63572692871094,7.198997497558594,1,70.41163635253906,70.60844421386719,0.196807861328125,1
random_004,0,3,"3.125,23.125,0.938","31.250,9.375,0.312",84.80950927734375,83.16072845458984,1.6487808227539062,1,76.12104034423828,75.67893981933594,0.44210052490234375,1
random_004,0,4,"3.125,23.125,0.938","7.500,30.625,0.312",68.58291625976562,69.26817321777344,0.6852569580078125,1,68.95323944091797,67.9662857055664,0.9869537353515625,1
random_004,0,5,"3.125,23.125,0.938","35.625,10.000,2.188",87.634521484375,86.5069808959961,1.1275405883789062,1,77.35835266113281,78.38557434082031,1.0272216796875,1
random_004,0,6,"3.125,23.125,0.938","8.125,24.375,1.562",60.26847457885742,60.77003479003906,0.5015602111816406,1,59.180870056152344,60.531829833984375,1.3509597778320312,1
random_004,0,7,"3.125,23.125,0.938","25.625,35.000,0.938",80.91434478759766,81.66934967041016,0.7550048828125,1,74.85494232177734,78.38557434082031,3.5306320190429688,1
random_004,0,8,"3.125,23.125,0.938","37.500,21.250,0.938",86.20441436767578,83.25125885009766,2.953155517578125,1,74.20148468017578,76.9985580444336,2.7970733642578125,1
random_004,0,9,"3.125,23.125,0.938","26.875,1.250,1.562",92.76425170898438,85.68246459960938,7.081787109375,1,81.68412017822266,81.40043640136719,0.28368377685546875,1
random_004,0,10,"3.125,23.125,0.938","23.125,11.250,1.562",85.21617126464844,81.2748794555664,3.9412918090820312,1,78.27068328857422,76.6474380493164,1.6232452392578125,1
random_004,0,11,"3.125,23.125,0.938","15.000,10.625,0.938",83.34818267822266,75.21684265136719,8.131340026855469,1,72.85169219970703,72.78138732910156,0.07030487060546875,1
random_004,0,12,"3.125,23.125,0.938","25.000,31.250,0.938",82.69940948486328,80.30278015136719,2.3966293334960938,1,73.21074676513672,72.96759796142578,0.2431488037109375,1
random_004,0,13,"3.125,23.125,0.938","22.500,20.625,0.312",86.44230651855469,74.32949829101562,12.112808227539062,1,70.52791595458984,70.54737854003906,0.01946258544921875,1
random_004,0,14,"3.125,23.125,0.938","34.375,21.875,1.562",84.9249267578125,82.68054962158203,2.2443771362304688,1,74.48793029785156,80.57518768310547,6.087257385253906,1
random_004,0,15,"3.125,23.125,0.938","4.375,32.500,2.188",67.48570251464844,68.36705780029297,0.8813552856445312,1,66.5864028930664,66.35791778564453,0.228485107421875,1
random_004,0,16,"3.125,23.125,0.938","26.875,31.875,0.312",82.53044128417969,81.63035583496094,0.90008544921875,1,71.92716979980469,74.78890991210938,2.8617401123046875,1
random_004,0,17,"3.125,23.125,0.938","31.875,36.875,0.938",88.99639892578125,84.53477478027344,4.4616241455078125,1,78.23959350585938,79.16317749023438,0.923583984375,1
random_004,0,18,"3.125,23.125,0.938","16.875,3.750,2.188",89.1883773803711,84.27754211425781,4.910835266113281,1,80.17620849609375,79.87628173828125,0.2999267578125,1
random_004,0,19,"3.125,23.125,0.938","18.125,27.500,0.938",79.8031234741211,75.17222595214844,4.630897521972656,1,75.7507553100586,74.3943862915039,1.3563690185546875,1
random_004,0,20,"3.125,23.125,0.938","3.750,37.500,0.938",70.74382019042969,76.93872833251953,6.194908142089844,1,70.36119079589844,70.25861358642578,0.10257720947265625,1
random_004,0,21,"3.125,23.125,0.938","24.375,6.875,1.562",87.09194946289062,82.1973648071289,4.894584655761719,1,76.67996215820312,76.66410064697266,0.01586151123046875,1
random_004,0,22,"3.125,23.125,0.938","22.500,3.750,1.562",91.69768524169922,84.59070587158203,7.1069793701171875,1,79.02068328857422,78.29560852050781,0.7250747680664062,1
random_004,0,23,"3.125,23.125,0.938","25.625,3.750,0.938",92.80076599121094,85.21473693847656,7.586029052734375,1,81.41133117675781,84.10408020019531,2.6927490234375,1
random_004,0,24,"3.125,23.125,0.938","35.625,28.750,0.312",84.82508087158203,85.68724060058594,0.8621597290039062,1,74.07659912109375,75.24945068359375,1.1728515625,1
random_004,0,25,"3.125,23.125,0.938","13.125,23.750,0.312",66.42610931396484,66.01399230957031,0.41211700439453125,1,65.92509460449219,66.90186309814453,0.9767684936523438,1
random_004,0,26,"3.125,23.125,0.938","1.250,1.250,0.312",88.80262756347656,87.67845153808594,1.124176025390625,1,80.3639144897461,76.61211395263672,3.751800537109375,1
random_004,0,27,"3.125,23.125,0.938","36.250,25.000,0.312",85.35533142089844,82.81379699707031,2.541534423828125,1,71.75816345214844,72.0987777709961,0.34061431884765625,1
random_004,0,28,"3.125,23.125,0.938","25.000,2.500,2.188",91.68086242675781,85.2764892578125,6.4043731689453125,1,83.04725646972656,82.24940490722656,0.7978515625,1
random_004,0,29,"3.125,23.125,0.938","4.375,9.375,0.938",83.58379364013672,80.28901672363281,3.2947769165039062,1,71.00564575195312,70.95752716064453,0.04811859130859375,1
random_004,1,2,"27.500,32.500,1.562","17.500,28.750,1.562",67.94232940673828,68.44071197509766,0.498382568359375,1,68.46125030517578,68.5057144165039,0.044464111328125,1
random_004,1,3,"27.500,32.500,1.562","31.250,9.375,0.312",87.99019622802734,78.62994384765625,9.360252380371094,1,72.26380920410156,73.6141586303711,1.3503494262695312,1
random_004,1,4,"27.500,32.500,1.562","7.500,30.625,0.312",72.3156509399414,72.55770111083984,0.2420501708984375,1,73.593017578125,74.91051483154297,1.3174972534179688,1
random_004,1,5,"27.500,32.500,1.562","35.625,10.000,2.188",89.32624816894531,79.25711822509766,10.069129943847656,1,75.59243774414062,75.88519287109375,0.292755126953125,1
random_004,1,6,"27.500,32.500,1.562","8.125,24.375,1.562",83.44169616699219,81.87698364257812,1.5647125244140625,1,75.55032348632812,76.68721008300781,1.1368865966796875,1
random_004,1,7,"27.500,32.500,1.562","25.625,35.000,0.938",56.71731948852539,56.878841400146484,0.16152191162109375,1,55.904747009277344,55.89519119262695,0.009555816650390625,1
random_004,1,8,"27.500,32.500,1.562","37.500,21.250,0.938",73.37959289550781,73.64350128173828,0.26390838623046875,1,70.72511291503906,70.57213592529297,0.15297698974609375,1
random_004,1,9,"27.500,32.500,1.562","26.875,1.250,1.562",96.20220947265625,77.94184875488281,18.260360717773438,1,75.107177734375,74.86687469482422,0.24030303955078125,1
random_004,1,10,"27.500,32.500,1.562","23.125,11.250,1.562",72.59303283691406,72.87227630615234,0.27924346923828125,1,71.90208435058594,71.603515625,0.2985687255859375,1
random_004,1,11,"27.500,32.500,1.562","15.000,10.625,0.938",91.63127899169922,84.89356231689453,6.7377166748046875,1,80.37161254882812,79.84471893310547,0.5268936157226562,1
random_004,1,12,"27.500,32.500,1.562","25.000,31.250,0.938",55.90821838378906,56.05453872680664,0.14632034301757812,1,56.12678909301758,56.125396728515625,0.001392364501953125,1
random_004,1,13,"27.500,32.500,1.562","22.500,20.625,0.312",67.2616958618164,67.87031555175781,0.6086196899414062,1,67.57628631591797,66.86780548095703,0.7084808349609375,1
random_004,1,14,"27.500,32.500,1.562","34.375,21.875,1.562",72.29861450195312,71.92878723144531,0.3698272705078125,1,68.73051452636719,68.72923278808594,0.00128173828125,1
random_004,1,15,"27.500,32.500,1.562","4.375,32.500,2.188",73.16877746582031,73.02068328857422,0.14809417724609375,1,69.62159729003906,69.48754119873047,0.13405609130859375,1
random_004,1,16,"27.500,32.500,1.562","26.875,31.875,0.312",51.04927062988281,50.61540222167969,0.433868408203125,1,51.82414627075195,51.82424545288086,9.918212890625e-05,1
random_004,1,17,"27.500,32.500,1.562","31.875,36.875,0.938",68.40882873535156,67.07540130615234,1.3334274291992188,1,75.45121765136719,66.40980529785156,9.041412353515625,1
random_004,1,18,"27.500,32.500,1.562","16.875,3.750,2.188",92.64273071289062,86.3122329711914,6.330497741699219,1,80.12828063964844,81.63394165039062,1.5056610107421875,1
random_004,1,19,"27.500,32.500,1.562","18.125,27.500,0.938",68.63550567626953,69.62995910644531,0.9944534301757812,1,67.5196304321289,67.38166809082031,0.13796234130859375,1
random_004,1,20,"27.500,32.500,1.562","3.750,37.500,0.938",73.50641632080078,73.32453155517578,0.181884765625,1,74.52960968017578,73.498291015625,1.0313186645507812,1
random_004,1,21,"27.500,32.500,1.562","24.375,6.875,1.562",74.18435668945312,74.15138244628906,0.0329742431640625,1,73.41893768310547,73.65328979492188,0.23435211181640625,1
random_004,1,22,"27.500,32.500,1.562","22.500,3.750,1.562",94.30012512207031,77.80325317382812,16.496871948242188,1,77.24705505371094,77.11956787109375,0.1274871826171875,1
random_004,1,23,"27.500,32.500,1.562","25.625,3.750,0.938",95.68789672851562,76.92312622070312,18.7647705078125,1,75.38603973388672,74.80546569824219,0.5805740356445312,1
random_004,1,24,"27.500,32.500,1.562","35.625,28.750,0.312",64.96319580078125,65.2230453491211,0.25984954833984375,1,63.4630012512207,63.40370178222656,0.059299468994140625,1
random_004,1,25,"27.500,32.500,1.562","13.125,23.750,0.312",82.0208969116211,80.34593200683594,1.6749649047851562,1,74.14553833007812,73.42119598388672,0.7243423461914062,1
random_004,1,26,"27.500,32.500,1.562","1.250,1.250,0.312",91.82374572753906,89.29914855957031,2.52459716796875,1,79.6894760131836,80.71563720703125,1.0261611938476562,1
random_004,1,27,"27.500,32.500,1.562","36.250,25.000,0.312",67.59557342529297,67.22540283203125,0.37017059326171875,1,67.23326873779297,67.78626251220703,0.5529937744140625,1
random_004,1,28,"27.500,32.500,1.562","25.000,2.500,2.188",95.7294692993164,77.3930435180664,18.33642578125,1,76.32559967041016,75.96956634521484,0.3560333251953125,1
random_004,1,29,"27.500,32.500,1.562","4.375,9.375,0.938",91.75880432128906,89.19926452636719,2.559539794921875,1,85.77577209472656,82.94615173339844,2.829620361328125,1
random_004,2,3,"17.500,28.750,1.562","31.250,9.375,0.312",82.92402648925781,84.15526580810547,1.2312393188476562,1,74.61917114257812,74.15066528320312,0.468505859375,1
random_004,2,4,"17.500,28.750,1.562","7.500,30.625,0.312",67.70415496826172,76.33126831054688,8.627113342285156,1,65.4942855834961,65.47827911376953,0.0160064697265625,1
random_004,2,5,"17.500,28.750,1.562","35.625,10.000,2.188",89.34271240234375,86.58062744140625,2.7620849609375,1,78.65746307373047,79.6954345703125,1.0379714965820312,1
random_004,2,6,"17.500,28.750,1.562","8.125,24.375,1.562",70.2779769897461,70.60887145996094,0.33089447021484375,1,70.301025390625,68.54046630859375,1.76055908203125,1
random_004,2,7,"17.500,28.750,1.562","25.625,35.000,0.938",66.34217834472656,66.737548828125,0.3953704833984375,1,65.8727035522461,65.54808807373047,0.324615478515625,1
random_004,2,8,"17.500,28.750,1.562","37.500,21.250,0.938",76.12213897705078,83.55487060546875,7.432731628417969,1,73.15548706054688,73.42461395263672,0.26912689208984375,1
random_004,2,9,"17.500,28.750,1.562","26.875,1.250,1.562",97.0214614868164,85.4669418334961,11.554519653320312,1,82.5701904296875,82.74697875976562,0.176788330078125,1
random_004,2,10,"17.500,28.750,1.562","23.125,11.250,1.562",85.88368225097656,77.01774597167969,8.865936279296875,1,75.42550659179688,76.91632080078125,1.490814208984375,1
random_004,2,11,"17.500,28.750,1.562","15.000,10.625,0.938",87.40312957763672,73.09124755859375,14.311882019042969,1,71.88853454589844,71.20747375488281,0.681060791015625,1
random_004,2,12,"17.500,28.750,1.562","25.000,31.250,0.938",65.65538787841797,65.79747009277344,0.14208221435546875,1,65.00899505615234,65.1054458618164,0.0964508056640625,1
random_004,2,13,"17.500,28.750,1.562","22.500,20.625,0.312",71.25836944580078,70.07170867919922,1.1866607666015625,1,68.79804992675781,69.27763366699219,0.479583740234375,1
random_004,2,14,"17.500,28.750,1.562","34.375,21.875,1.562",73.70011901855469,83.08798217773438,9.387863159179688,1,71.08763122558594,71.55860137939453,0.47097015380859375,1
random_004,2,15,"17.500,28.750,1.562","4.375,32.500,2.188",70.6714859008789,76.291259765625,5.619773864746094,1,67.88632202148438,67.67022705078125,0.216094970703125,1
random_004,2,16,"17.500,28.750,1.562","26.875,31.875,0.312",67.59707641601562,67.67290496826172,0.07582855224609375,1,65.37904357910156,65.26960754394531,0.10943603515625,1
random_004,2,17,"17.500,28.750,1.562","31.875,36.875,0.938",83.53534698486328,72.15017700195312,11.385169982910156,1,72.66879272460938,72.42312622070312,0.24566650390625,1
random_004,2,18,"17.500,28.750,1.562","16.875,3.750,2.188",94.96208190917969,81.56795501708984,13.394126892089844,1,74.53985595703125,74.39983367919922,0.14002227783203125,1
random_004,2,19,"17.500,28.750,1.562","18.125,27.500,0.938",50.94954299926758,50.660423278808594,0.2891197204589844,1,50.270912170410156,50.43573760986328,0.164825439453125,1
random_004,2,20,"17.500,28.750,1.562","3.750,37.500,0.938",73.34928131103516,73.02900695800781,0.32027435302734375,1,70.62045288085938,70.94058990478516,0.32013702392578125,1
random_004,2,21,"17.500,28.750,1.562","24.375,6.875,1.562",87.95990753173828,81.17847442626953,6.78143310546875,1,77.74510192871094,76.47341918945312,1.2716827392578125,1
random_004,2,22,"17.500,28.750,1.562","22.500,3.750,1.562",94.7261962890625,84.01753997802734,10.708656311035156,1,82.9124526977539,79.86238861083984,3.0500640869140625,1
random_004,2,23,"17.500,28.750,1.562","25.625,3.750,0.938",96.85260772705078,85.20378112792969,11.648826599121094,1,81.9205093383789,81.4217758178711,0.4987335205078125,1
random_004,2,24,"17.500,28.750,1.562","35.625,28.750,0.312",72.44721984863281,78.63562774658203,6.188407897949219,1,72.53852844238281,72.72732543945312,0.1887969970703125,1
random_004,2,25,"17.500,28.750,1.562","13.125,23.750,0.312",67.84226989746094,67.27468872070312,0.5675811767578125,1,66.21401977539062,65.57325744628906,0.6407623291015625,1
random_004,2,26,"17.500,28.750,1.562","1.250,1.250,0.312",90.9962158203125,83.020751953125,7.9754638671875,1,74.7823715209961,73.0644760131836,1.7178955078125,1
random_004,2,27,"17.500,28.750,1.562","36.250,25.000,0.312",81.29317474365234,82.40283966064453,1.1096649169921875,1,73.22393798828125,73.75833892822266,0.5344009399414062,1
random_004,2,28,"17.500,28.750,1.562","25.000,2.500,2.188",96.64574432373047,85.54263305664062,11.103111267089844,1,81.42459106445312,81.78530883789062,0.3607177734375,1
random_004,2,29,"17.500,28.750,1.562","4.375,9.375,0.938",89.71836853027344,79.41636657714844,10.302001953125,1,77.6326904296875,78.07640838623047,0.44371795654296875,1
random_004,3,4,"31.250,9.375,0.312","7.500,30.625,0.312",86.61141204833984,88.33946990966797,1.728057861328125,1,80.80540466308594,81.85577392578125,1.0503692626953125,1
random_004,3,5,"31.250,9.375,0.312","35.625,10.000,2.188",59.613502502441406,59.36516571044922,0.2483367919921875,1,59.344322204589844,59.321407318115234,0.022914886474609375,1
random_004,3,6,"31.250,9.375,0.312","8.125,24.375,1.562",85.86287689208984,86.58396911621094,0.7210922241210938,1,75.5015640258789,75.0527114868164,0.4488525390625,1
random_004,3,7,"31.250,9.375,0.312","25.625,35.000,0.938",77.17255401611328,86.19439697265625,9.021842956542969,1,72.00606536865234,71.84416961669922,0.161895751953125,1
random_004,3,8,"31.250,9.375,0.312","37.500,21.250,0.938",70.71188354492188,77.1236343383789,6.411750793457031,1,69.96147155761719,69.34431457519531,0.617156982421875,1
random_004,3,9,"31.250,9.375,0.312","26.875,1.250,1.562",70.23773193359375,73.25078582763672,3.0130538940429688,1,66.53208923339844,66.5326156616211,0.00052642822265625,1
random_004,3,10,"31.250,9.375,0.312","23.125,11.250,1.562",64.84296417236328,64.514892578125,0.32807159423828125,1,64.4234619140625,64.88041687011719,0.4569549560546875,1
random_004,3,11,"31.250,9.375,0.312","15.000,10.625,0.938",68.8424072265625,69.14991760253906,0.3075103759765625,1,67.67634582519531,67.7967300415039,0.12038421630859375,1
random_004,3,12,"31.250,9.375,0.312","25.000,31.250,0.938",78.78146362304688,87.65921020507812,8.87774658203125,1,72.4165267944336,73.0530776977539,0.6365509033203125,1
random_004,3,13,"31.250,9.375,0.312","22.500,20.625,0.312",68.26139831542969,68.87535858154297,0.6139602661132812,1,67.28488159179688,68.29051208496094,1.0056304931640625,1
random_004,3,14,"31.250,9.375,0.312","34.375,21.875,1.562",69.91374969482422,77.60342407226562,7.689674377441406,1,68.49288940429688,68.66362762451172,0.17073822021484375,1
random_004,3,15,"31.250,9.375,0.312","4.375,32.500,2.188",85.23184967041016,89.01615142822266,3.7843017578125,1,78.01200103759766,77.34894561767578,0.663055419921875,1
random_004,3,16,"31.250,9.375,0.312","26.875,31.875,0.312",76.1041488647461,85.75293731689453,9.648788452148438,1,75.86874389648438,72.65390014648438,3.21484375,1
random_004,3,17,"31.250,9.375,0.312","31.875,36.875,0.938",89.28324890136719,89.36083221435547,0.07758331298828125,1,75.65235900878906,77.64452362060547,1.9921646118164062,1
random_004,3,18,"31.250,9.375,0.312","16.875,3.750,2.188",73.61164093017578,73.7665786743164,0.154937744140625,1,73.19232177734375,72.41107177734375,0.78125,1
random_004,3,19,"31.250,9.375,0.312","18.125,27.500,0.938",84.95329284667969,81.46810150146484,3.4851913452148438,1,75.59882354736328,76.21475219726562,0.6159286499023438,1
random_004,3,20,"31.250,9.375,0.312","3.750,37.500,0.938",87.25215911865234,89.61778259277344,2.3656234741210938,1,82.65201568603516,82.43981170654297,0.2122039794921875,1
random_004,3,21,"31.250,9.375,0.312","24.375,6.875,1.562",63.105201721191406,62.81965637207031,0.28554534912109375,1,61.84077453613281,62.41096115112305,0.5701866149902344,1
random_004,3,22,"31.250,9.375,0.312","22.500,3.750,1.562",70.86370849609375,70.58077239990234,0.28293609619140625,1,70.20996856689453,69.03519439697266,1.174774169921875,1
random_004,3,23,"31.250,9.375,0.312","25.625,3.750,0.938",69.10984802246094,68.5701675415039,0.5396804809570312,1,68.43290710449219,68.43980407714844,0.00689697265625,1
random_004,3,24,"31.250,9.375,0.312","35.625,28.750,0.312",76.38481140136719,83.21139526367188,6.8265838623046875,1,73.90675354003906,73.42118072509766,0.48557281494140625,1
random_004,3,25,"31.250,9.375,0.312","13.125,23.750,0.312",84.74776458740234,82.65220642089844,2.0955581665039062,1,78.79537963867188,74.43798065185547,4.357398986816406,1
random_004,3,26,"31.250,9.375,0.312","1.250,1.250,0.312",76.75330352783203,76.63217163085938,0.12113189697265625,1,77.9283676147461,77.81451416015625,0.11385345458984375,1
random_004,3,27,"31.250,9.375,0.312","36.250,25.000,0.312",72.32960510253906,80.15257263183594,7.822967529296875,1,69.99703216552734,69.334228515625,0.6628036499023438,1
random_004,3,28,"31.250,9.375,0.312","25.000,2.500,2.188",70.20545196533203,70.7398452758789,0.534393310546875,1,68.6302490234375,67.80834197998047,0.8219070434570312,1
random_004,3,29,"31.250,9.375,0.312","4.375,9.375,0.938",73.54060363769531,73.3701171875,0.1704864501953125,1,71.41889190673828,69.9867172241211,1.4321746826171875,1
random_004,4,5,"7.500,30.625,0.312","35.625,10.000,2.188",90.8773422241211,90.96539306640625,0.08805084228515625,1,80.9648208618164,81.47602081298828,0.511199951171875,1
random_004,4,6,"7.500,30.625,0.312","8.125,24.375,1.562",62.97100830078125,62.51530838012695,0.4556999206542969,1,61.66962432861328,61.69515609741211,0.025531768798828125,1
random_004,4,7,"7.500,30.625,0.312","25.625,35.000,0.938",71.0625228881836,70.96256256103516,0.0999603271484375,1,69.17523193359375,69.06099700927734,0.11423492431640625,1
random_004,4,8,"7.500,30.625,0.312","37.500,21.250,0.938",86.1683578491211,86.17301177978516,0.0046539306640625,1,75.78117370605469,76.19099426269531,0.409820556640625,1
random_004,4,9,"7.500,30.625,0.312","26.875,1.250,1.562",95.18940734863281,87.30131530761719,7.888092041015625,1,79.11680603027344,80.31904602050781,1.202239990234375,1
random_004,4,10,"7.500,30.625,0.312","23.125,11.250,1.562",89.57555389404297,83.34822845458984,6.227325439453125,1,80.39794158935547,78.28373718261719,2.1142044067382812,1
random_004,4,11,"7.500,30.625,0.312","15.000,10.625,0.938",89.05033874511719,74.39143371582031,14.658905029296875,1,71.46527099609375,71.55135345458984,0.08608245849609375,1
random_004,4,12,"7.500,30.625,0.312","25.000,31.250,0.938",72.39698028564453,72.19188690185547,0.2050933837890625,1,70.40850830078125,70.88157653808594,0.4730682373046875,1
random_004,4,13,"7.500,30.625,0.312","22.500,20.625,0.312",85.2568359375,81.86869812011719,3.3881378173828125,1,83.30176544189453,78.82220458984375,4.479560852050781,1
random_004,4,14,"7.500,30.625,0.312","34.375,21.875,1.562",84.94512939453125,86.11602020263672,1.1708908081054688,1,75.039306640625,74.33798217773438,0.701324462890625,1
random_004,4,15,"7.500,30.625,0.312","4.375,32.500,2.188",58.77411651611328,58.82284164428711,0.048725128173828125,1,59.992897033691406,59.973445892333984,0.019451141357421875,1
random_004,4,16,"7.500,30.625,0.312","26.875,31.875,0.312",72.49336242675781,72.77639770507812,0.2830352783203125,1,73.98423767089844,73.8401107788086,0.14412689208984375,1
random_004,4,17,"7.500,30.625,0.312","31.875,36.875,0.938",87.51463317871094,75.30084228515625,12.213790893554688,1,73.1429672241211,72.15312957763672,0.989837646484375,1
random_004,4,18,"7.500,30.625,0.312","16.875,3.750,2.188",94.33258819580078,81.7966537475586,12.535934448242188,1,78.2443618774414,77.77653503417969,0.46782684326171875,1
random_004,4,19,"7.500,30.625,0.312","18.125,27.500,0.938",76.5069580078125,68.81682586669922,7.690132141113281,1,68.94237518310547,69.08161926269531,0.13924407958984375,1
random_004,4,20,"7.500,30.625,0.312","3.750,37.500,0.938",64.22844696044922,63.82360076904297,0.40484619140625,1,63.98515701293945,63.41671371459961,0.5684432983398438,1
random_004,4,21,"7.500,30.625,0.312","24.375,6.875,1.562",90.29792785644531,82.74903869628906,7.54888916015625,1,76.4286117553711,75.8073501586914,0.6212615966796875,1
random_004,4,22,"7.500,30.625,0.312","22.500,3.750,1.562",94.68498992919922,86.84355163574219,7.841438293457031,1,78.94547271728516,79.87237548828125,0.9269027709960938,1
random_004,4,23,"7.500,30.625,0.312","25.625,3.750,0.938",95.59998321533203,86.16883087158203,9.43115234375,1,79.81829071044922,79.84339904785156,0.02510833740234375,1
random_004,4,24,"7.500,30.625,0.312","35.625,28.750,0.312",80.50946807861328,82.67891693115234,2.1694488525390625,1,77.97806549072266,76.06824493408203,1.909820556640625,1
random_004,4,25,"7.500,30.625,0.312","13.125,23.750,0.312",65.19642639160156,65.67642211914062,0.4799957275390625,1,63.94090270996094,64.734130859375,0.7932281494140625,1
random_004,4,26,"7.500,30.625,0.312","1.250,1.250,0.312",91.99838256835938,88.16431427001953,3.8340682983398438,1,79.85685729980469,79.33847045898438,0.5183868408203125,1
random_004,4,27,"7.500,30.625,0.312","36.250,25.000,0.312",85.4446029663086,85.79808807373047,0.353485107421875,1,79.20217895507812,81.60363006591797,2.4014511108398438,1
random_004,4,28,"7.500,30.625,0.312","25.000,2.500,2.188",94.9393539428711,86.82549285888672,8.113861083984375,1,79.94650268554688,81.03321838378906,1.0867156982421875,1
random_004,4,29,"7.500,30.625,0.312","4.375,9.375,0.938",90.6290283203125,85.16648864746094,5.4625396728515625,1,75.59498596191406,73.0921630859375,2.5028228759765625,1
random_004,5,6,"35.625,10.000,2.188","8.125,24.375,1.562",86.93043518066406,87.97311401367188,1.0426788330078125,1,81.40807342529297,82.1146469116211,0.706573486328125,1
random_004,5,7,"35.625,10.000,2.188","25.625,35.000,0.938",79.1640625,89.14303588867188,9.978973388671875,1,76.59880065917969,80.53241729736328,3.9336166381835938,1
random_004,5,8,"35.625,10.000,2.188","37.500,21.250,0.938",68.24441528320312,76.5153579711914,8.270942687988281,1,67.53599548339844,67.72147369384766,0.18547821044921875,1
random_004,5,9,"35.625,10.000,2.188","26.875,1.250,1.562",71.0171127319336,72.20899963378906,1.1918869018554688,1,70.18778991699219,70.27059936523438,0.0828094482421875,1
random_004,5,10,"35.625,10.000,2.188","23.125,11.250,1.562",67.77564239501953,67.12872314453125,0.6469192504882812,1,66.75028991699219,67.01237487792969,0.2620849609375,1
random_004,5,11,"35.625,10.000,2.188","15.000,10.625,0.938",70.77361297607422,71.36029815673828,0.5866851806640625,1,70.15343475341797,70.29631805419922,0.14288330078125,1
random_004,5,12,"35.625,10.000,2.188","25.000,31.250,0.938",76.83094787597656,88.01810455322266,11.187156677246094,1,76.29391479492188,75.555908203125,0.738006591796875,1
random_004,5,13,"35.625,10.000,2.188","22.500,20.625,0.312",78.77383422851562,81.46488189697266,2.6910476684570312,1,73.96560668945312,73.65545654296875,0.310150146484375,1
random_004,5,14,"35.625,10.000,2.188","34.375,21.875,1.562",68.49291229248047,77.2027816772461,8.709869384765625,1,67.28742218017578,73.22605895996094,5.938636779785156,1
random_004,5,15,"35.625,10.000,2.188","4.375,32.500,2.188",91.6788330078125,91.44278717041016,0.23604583740234375,1,84.32778930664062,83.94413757324219,0.3836517333984375,1
random_004,5,16,"35.625,10.000,2.188","26.875,31.875,0.312",78.06656646728516,88.57025909423828,10.503692626953125,1,77.64856719970703,73.73267364501953,3.9158935546875,1
random_004,5,17,"35.625,10.000,2.188","31.875,36.875,0.938",89.5710220336914,89.78919219970703,0.218170166015625,1,74.74637603759766,76.07184600830078,1.325469970703125,1
random_004,5,18,"35.625,10.000,2.188","16.875,3.750,2.188",74.9974365234375,75.64854431152344,0.6511077880859375,1,73.32369232177734,73.02259826660156,0.30109405517578125,1
random_004,5,19,"35.625,10.000,2.188","18.125,27.500,0.938",87.17926025390625,88.60249328613281,1.4232330322265625,1,81.75331115722656,81.66525268554688,0.0880584716796875,1
random_004,5,20,"35.625,10.000,2.188","3.750,37.500,0.938",91.64921569824219,91.855224609375,0.2060089111328125,1,84.49931335449219,84.38670349121094,0.11260986328125,1
random_004,5,21,"35.625,10.000,2.188","24.375,6.875,1.562",65.6070556640625,66.04999542236328,0.44293975830078125,1,63.54627990722656,63.58514404296875,0.0388641357421875,1
random_004,5,22,"35.625,10.000,2.188","22.500,3.750,1.562",73.1104736328125,73.00634002685547,0.10413360595703125,1,71.06732177734375,71.37725067138672,0.30992889404296875,1
random_004,5,23,"35.625,10.000,2.188","25.625,3.750,0.938",71.9853286743164,71.55530548095703,0.430023193359375,1,69.22402954101562,69.19672393798828,0.02730560302734375,1
random_004,5,24,"35.625,10.000,2.188","35.625,28.750,0.312",72.7811279296875,83.72114562988281,10.940017700195312,1,72.5828857421875,71.34227752685547,1.2406082153320312,1
random_004,5,25,"35.625,10.000,2.188","13.125,23.750,0.312",86.53650665283203,87.11236572265625,0.5758590698242188,1,78.10762023925781,78.41654205322266,0.30892181396484375,1
random_004,5,26,"35.625,10.000,2.188","1.250,1.250,0.312",78.02400207519531,78.53839111328125,0.5143890380859375,1,73.49801635742188,75.2812271118164,1.7832107543945312,1
random_004,5,27,"35.625,10.000,2.188","36.250,25.000,0.312",70.74225616455078,79.827880859375,9.085624694824219,1,69.10152435302734,69.22486114501953,0.1233367919921875,1
random_004,5,28,"35.625,10.000,2.188","25.000,2.500,2.188",72.41584014892578,72.38321685791016,0.032623291015625,1,69.90858459472656,68.2807846069336,1.6277999877929688,1
random_004,5,29,"35.625,10.000,2.188","4.375,9.375,0.938",74.44497680664062,74.8534927368164,0.40851593017578125,1,72.15888214111328,72.34818267822266,0.189300537109375,1
random_004,6,7,"8.125,24.375,1.562","25.625,35.000,0.938",77.42530059814453,80.89396667480469,3.4686660766601562,1,72.56086730957031,73.58458709716797,1.0237197875976562,1
random_004,6,8,"8.125,24.375,1.562","37.500,21.250,0.938",86.72462463378906,86.60169219970703,0.12293243408203125,1,75.11551666259766,75.74044036865234,0.6249237060546875,1
random_004,6,9,"8.125,24.375,1.562","26.875,1.250,1.562",93.70158386230469,87.03480529785156,6.666778564453125,1,82.07719421386719,81.506103515625,0.5710906982421875,1
random_004,6,10,"8.125,24.375,1.562","23.125,11.250,1.562",85.27499389648438,80.57293701171875,4.702056884765625,1,79.239013671875,77.57454681396484,1.6644668579101562,1
random_004,6,11,"8.125,24.375,1.562","15.000,10.625,0.938",83.4297103881836,72.28076171875,11.148948669433594,1,71.12117004394531,71.28522491455078,0.16405487060546875,1
random_004,6,12,"8.125,24.375,1.562","25.000,31.250,0.938",82.8577880859375,82.55601501464844,0.3017730712890625,1,74.71349334716797,75.60555267333984,0.892059326171875,1
random_004,6,13,"8.125,24.375,1.562","22.500,20.625,0.312",83.3590087890625,71.78378295898438,11.575225830078125,1,71.53620147705078,71.93838500976562,0.40218353271484375,1
random_004,6,14,"8.125,24.375,1.562","34.375,21.875,1.562",85.76183319091797,86.82601928710938,1.0641860961914062,1,73.29649353027344,76.99161529541016,3.6951217651367188,1
random_004,6,15,"8.125,24.375,1.562","4.375,32.500,2.188",65.53636169433594,65.11967468261719,0.41668701171875,1,64.79817199707031,64.77439880371094,0.023773193359375,1
random_004,6,16,"8.125,24.375,1.562","26.875,31.875,0.312",83.24822998046875,83.64014434814453,0.39191436767578125,1,73.43374633789062,72.91075897216797,0.5229873657226562,1
random_004,6,17,"8.125,24.375,1.562","31.875,36.875,0.938",89.72029113769531,84.84317016601562,4.8771209716796875,1,78.41105651855469,77.03425598144531,1.376800537109375,1
random_004,6,18,"8.125,24.375,1.562","16.875,3.750,2.188",92.19911193847656,85.71080017089844,6.488311767578125,1,77.40696716308594,77.64163970947266,0.23467254638671875,1
random_004,6,19,"8.125,24.375,1.562","18.125,27.500,0.938",71.48063659667969,71.59658813476562,0.1159515380859375,1,74.3659896850586,70.42997741699219,3.9360122680664062,1
random_004,6,20,"8.125,24.375,1.562","3.750,37.500,0.938",68.49644470214844,68.42765045166016,0.06879425048828125,1,67.31507110595703,67.48274230957031,0.16767120361328125,1
random_004,6,21,"8.125,24.375,1.562","24.375,6.875,1.562",86.80631256103516,82.98086547851562,3.8254470825195312,1,77.5411148071289,78.17277526855469,0.6316604614257812,1
random_004,6,22,"8.125,24.375,1.562","22.500,3.750,1.562",92.93721008300781,85.43205261230469,7.505157470703125,1,78.4766845703125,78.45397186279297,0.02271270751953125,1
random_004,6,23,"8.125,24.375,1.562","25.625,3.750,0.938",93.62457275390625,86.37703704833984,7.247535705566406,1,81.14761352539062,81.12647247314453,0.02114105224609375,1
random_004,6,24,"8.125,24.375,1.562","35.625,28.750,0.312",82.5755386352539,86.0607681274414,3.4852294921875,1,74.88504028320312,74.5108642578125,0.374176025390625,1
random_004,6,25,"8.125,24.375,1.562","13.125,23.750,0.312",61.30885314941406,60.846214294433594,0.46263885498046875,1,61.57375717163086,61.57928466796875,0.005527496337890625,1
random_004,6,26,"8.125,24.375,1.562","1.250,1.250,0.312",89.33430480957031,85.52256774902344,3.811737060546875,1,72.8849868774414,73.63338470458984,0.7483978271484375,1
random_004,6,27,"8.125,24.375,1.562","36.250,25.000,0.312",86.00143432617188,86.38092041015625,0.379486083984375,1,76.40776824951172,76.23248291015625,0.17528533935546875,1
random_004,6,28,"8.125,24.375,1.562","25.000,2.500,2.188",92.15304565429688,85.71768188476562,6.43536376953125,1,81.46990966796875,83.57386779785156,2.1039581298828125,1
random_004,6,29,"8.125,24.375,1.562","4.375,9.375,0.938",83.8147201538086,80.42350769042969,3.3912124633789062,1,73.70075988769531,72.79935455322266,0.9014053344726562,1
random_004,7,8,"25.625,35.000,0.938","37.500,21.250,0.938",75.1590576171875,75.91377258300781,0.7547149658203125,1,71.3454360961914,70.95386505126953,0.391571044921875,1
random_004,7,9,"25.625,35.000,0.938","26.875,1.250,1.562",96.54962158203125,78.7978286743164,17.751792907714844,1,73.43021392822266,72.26976013183594,1.1604537963867188,1
random_004,7,10,"25.625,35.000,0.938","23.125,11.250,1.562",73.45501708984375,73.9212875366211,0.46627044677734375,1,74.78362274169922,73.6764144897461,1.107208251953125,1
random_004,7,11,"25.625,35.000,0.938","15.000,10.625,0.938",92.23907470703125,87.54986572265625,4.689208984375,1,80.37736511230469,80.65861511230469,0.28125,1
random_004,7,12,"25.625,35.000,0.938","25.000,31.250,0.938",58.076473236083984,57.899253845214844,0.17721939086914062,1,58.073394775390625,58.05079650878906,0.0225982666015625,1
random_004,7,13,"25.625,35.000,0.938","22.500,20.625,0.312",68.49737548828125,68.76287841796875,0.2655029296875,1,66.13584899902344,67.40665435791016,1.2708053588867188,1
random_004,7,14,"25.625,35.000,0.938","34.375,21.875,1.562",75.87109375,74.06552124023438,1.805572509765625,1,73.47188568115234,73.13888549804688,0.33300018310546875,1
random_004,7,15,"25.625,35.000,0.938","4.375,32.500,2.188",72.30793762207031,71.94371032714844,0.364227294921875,1,71.29708099365234,72.38099670410156,1.0839157104492188,1
random_004,7,16,"25.625,35.000,0.938","26.875,31.875,0.312",57.13459396362305,57.018218994140625,0.11637496948242188,1,57.08565139770508,57.080101013183594,0.005550384521484375,1
random_004,7,17,"25.625,35.000,0.938","31.875,36.875,0.938",65.12799835205078,63.491458892822266,1.6365394592285156,1,63.56835174560547,63.64469909667969,0.07634735107421875,1
random_004,7,18,"25.625,35.000,0.938","16.875,3.750,2.188",93.65350341796875,88.29867553710938,5.354827880859375,1,82.91758728027344,82.93310546875,0.0155181884765625,1
random_004,7,19,"25.625,35.000,0.938","18.125,27.500,0.938",69.42832946777344,68.12486267089844,1.303466796875,1,64.65837860107422,72.08424377441406,7.425865173339844,1
random_004,7,20,"25.625,35.000,0.938","3.750,37.500,0.938",72.44648742675781,72.22439575195312,0.2220916748046875,1,69.06501770019531,68.98823547363281,0.0767822265625,1
random_004,7,21,"25.625,35.000,0.938","24.375,6.875,1.562",74.88211059570312,74.76677703857422,0.11533355712890625,1,73.3857650756836,72.12823486328125,1.2575302124023438,1
random_004,7,22,"25.625,35.000,0.938","22.500,3.750,1.562",94.40026092529297,79.52758026123047,14.8726806640625,1,78.24021911621094,76.17630004882812,2.0639190673828125,1
random_004,7,23,"25.625,35.000,0.938","25.625,3.750,0.938",96.2484130859375,77.82710266113281,18.421310424804688,1,77.01661682128906,78.30683898925781,1.29022216796875,1
random_004,7,24,"25.625,35.000,0.938","35.625,28.750,0.312",70.04740142822266,70.60137176513672,0.5539703369140625,1,67.82513427734375,68.06124114990234,0.23610687255859375,1
random_004,7,25,"25.625,35.000,0.938","13.125,23.750,0.312",79.880859375,75.84912109375,4.03173828125,1,71.41585540771484,71.96328735351562,0.5474319458007812,1
random_004,7,26,"25.625,35.000,0.938","1.250,1.250,0.312",92.49954223632812,89.60686492919922,2.8926773071289062,1,82.88027954101562,82.07574462890625,0.804534912109375,1
random_004,7,27,"25.625,35.000,0.938","36.250,25.000,0.312",69.15837097167969,69.3961410522461,0.23777008056640625,1,66.96694946289062,66.96222686767578,0.00472259521484375,1
random_004,7,28,"25.625,35.000,0.938","25.000,2.500,2.188",96.02491760253906,78.13274383544922,17.892173767089844,1,77.92870330810547,77.7888412475586,0.139862060546875,1
random_004,7,29,"25.625,35.000,0.938","4.375,9.375,0.938",92.21622467041016,88.37605285644531,3.8401718139648438,1,82.17433166503906,81.55793762207031,0.61639404296875,1
random_004,8,9,"37.500,21.250,0.938","26.875,1.250,1.562",90.65098571777344,82.92680358886719,7.72418212890625,1,76.39259338378906,76.51886749267578,0.12627410888671875,1
random_004,8,10,"37.500,21.250,0.938","23.125,11.250,1.562",74.55921936035156,73.11554718017578,1.4436721801757812,1,70.64070892333984,70.61235809326172,0.028350830078125,1
random_004,8,11,"37.500,21.250,0.938","15.000,10.625,0.938",83.26826477050781,80.42596435546875,2.8423004150390625,1,78.16992950439453,77.56364440917969,0.6062850952148438,1
random_004,8,12,"37.500,21.250,0.938","25.000,31.250,0.938",74.28447723388672,74.716064453125,0.43158721923828125,1,72.11621856689453,72.2073974609375,0.09117889404296875,1
random_004,8,13,"37.500,21.250,0.938","22.500,20.625,0.312",69.03355407714844,69.28132629394531,0.247772216796875,1,67.26025390625,66.18702697753906,1.0732269287109375,1
random_004,8,14,"37.500,21.250,0.938","34.375,21.875,1.562",56.93201446533203,57.09140396118164,0.15938949584960938,1,56.92235565185547,56.199092864990234,0.7232627868652344,1
random_004,8,15,"37.500,21.250,0.938","4.375,32.500,2.188",85.48289489746094,85.53227996826172,0.04938507080078125,1,79.20038604736328,79.5997314453125,0.39934539794921875,1
random_004,8,16,"37.500,21.250,0.938","26.875,31.875,0.312",73.60227966308594,74.22064971923828,0.6183700561523438,1,69.96595001220703,70.73027038574219,0.7643203735351562,1
random_004,8,17,"37.500,21.250,0.938","31.875,36.875,0.938",79.1441650390625,71.54478454589844,7.5993804931640625,1,68.04373931884766,68.16463470458984,0.1208953857421875,1
random_004,8,18,"37.500,21.250,0.938","16.875,3.750,2.188",89.36585998535156,82.13507080078125,7.2307891845703125,1,78.35531616210938,78.13468933105469,0.2206268310546875,1
random_004,8,19,"37.500,21.250,0.938","18.125,27.500,0.938",84.14861297607422,74.85287475585938,9.295738220214844,1,72.40599060058594,71.99179077148438,0.4141998291015625,1
random_004,8,20,"37.500,21.250,0.938","3.750,37.500,0.938",83.40758514404297,84.43138122558594,1.0237960815429688,1,80.05882263183594,79.17196655273438,0.8868560791015625,1
random_004,8,21,"37.500,21.250,0.938","24.375,6.875,1.562",75.63557434082031,75.85713958740234,0.22156524658203125,1,71.18870544433594,72.86880493164062,1.6800994873046875,1
random_004,8,22,"37.500,21.250,0.938","22.500,3.750,1.562",90.93313598632812,82.27669525146484,8.656440734863281,1,80.35716247558594,78.5676498413086,1.7895126342773438,1
random_004,8,23,"37.500,21.250,0.938","25.625,3.750,0.938",91.23817443847656,82.42652130126953,8.811653137207031,1,77.0408706665039,76.60174560546875,0.43912506103515625,1
random_004,8,24,"37.500,21.250,0.938","35.625,28.750,0.312",63.69002151489258,63.59663772583008,0.0933837890625,1,64.01206970214844,64.43054962158203,0.41847991943359375,1
random_004,8,25,"37.500,21.250,0.938","13.125,23.750,0.312",86.06607818603516,85.33270263671875,0.7333755493164062,1,73.46973419189453,75.6091079711914,2.139373779296875,1
random_004,8,26,"37.500,21.250,0.938","1.250,1.250,0.312",85.730224609375,84.33827209472656,1.3919525146484375,1,79.69877624511719,80.48572540283203,0.7869491577148438,1
random_004,8,27,"37.500,21.250,0.938","36.250,25.000,0.312",58.297279357910156,58.42840576171875,0.13112640380859375,1,57.57056427001953,57.57228469848633,0.001720428466796875,1
random_004,8,28,"37.500,21.250,0.938","25.000,2.500,2.188",90.83247375488281,82.71408081054688,8.118392944335938,1,77.94508361816406,77.90582275390625,0.0392608642578125,1
random_004,8,29,"37.500,21.250,0.938","4.375,9.375,0.938",88.0538330078125,84.18168640136719,3.8721466064453125,1,79.13229370117188,79.5619125366211,0.42961883544921875,1
random_004,9,10,"26.875,1.250,1.562","23.125,11.250,1.562",72.80036163330078,72.88140869140625,0.08104705810546875,1,67.57132720947266,67.71979522705078,0.148468017578125,1
random_004,9,11,"26.875,1.250,1.562","15.000,10.625,0.938",73.01449584960938,75.78206634521484,2.7675704956054688,1,70.84841918945312,71.02428436279297,0.17586517333984375,1
random_004,9,12,"26.875,1.250,1.562","25.000,31.250,0.938",77.18399047851562,96.41300964355469,19.229019165039062,1,74.12567901611328,74.00287628173828,0.122802734375,1
random_004,9,13,"26.875,1.250,1.562","22.500,20.625,0.312",73.09841918945312,90.88262176513672,17.784202575683594,1,72.48460388183594,72.79885864257812,0.3142547607421875,1
random_004,9,14,"26.875,1.250,1.562","34.375,21.875,1.562",82.037841796875,90.40074920654297,8.362907409667969,1,74.68862915039062,74.97333526611328,0.28470611572265625,1
random_004,9,15,"26.875,1.250,1.562","4.375,32.500,2.188",87.97607421875,93.9809341430664,6.004859924316406,1,83.44005584716797,83.39095306396484,0.049102783203125,1
random_004,9,16,"26.875,1.250,1.562","26.875,31.875,0.312",77.41368865966797,96.10514831542969,18.69145965576172,1,76.95199584960938,77.41900634765625,0.467010498046875,1
random_004,9,17,"26.875,1.250,1.562","31.875,36.875,0.938",90.10494995117188,95.97903442382812,5.87408447265625,1,79.89004516601562,77.89827728271484,1.9917678833007812,1
random_004,9,18,"26.875,1.250,1.562","16.875,3.750,2.188",64.01399230957031,64.805908203125,0.7919158935546875,1,63.25515365600586,63.21096420288086,0.044189453125,1
random_004,9,19,"26.875,1.250,1.562","18.125,27.500,0.938",85.45597839355469,96.42355346679688,10.967575073242188,1,78.54105377197266,87.15758514404297,8.616531372070312,1
random_004,9,20,"26.875,1.250,1.562","3.750,37.500,0.938",88.26191711425781,95.46884155273438,7.2069244384765625,1,83.76095581054688,83.22535705566406,0.5355987548828125,1
random_004,9,21,"26.875,1.250,1.562","24.375,6.875,1.562",66.64908599853516,64.47030639648438,2.1787796020507812,1,63.81421661376953,63.81728744506836,0.003070831298828125,1
random_004,9,22,"26.875,1.250,1.562","22.500,3.750,1.562",59.27363967895508,59.66826629638672,0.3946266174316406,1,56.965850830078125,56.94451904296875,0.021331787109375,1
random_004,9,23,"26.875,1.250,1.562","25.625,3.750,0.938",55.78109359741211,55.30904769897461,0.4720458984375,1,56.0544548034668,56.06508255004883,0.01062774658203125,1
random_004,9,24,"26.875,1.250,1.562","35.625,28.750,0.312",86.09500122070312,93.51824188232422,7.423240661621094,1,74.81189727783203,80.42417907714844,5.612281799316406,1
random_004,9,25,"26.875,1.250,1.562","13.125,23.750,0.312",84.70232391357422,93.9956283569336,9.293304443359375,1,77.05628204345703,77.96018981933594,0.9039077758789062,1
random_004,9,26,"26.875,1.250,1.562","1.250,1.250,0.312",72.45297241210938,72.85205841064453,0.39908599853515625,1,73.50193786621094,74.24178314208984,0.7398452758789062,1
random_004,9,27,"26.875,1.250,1.562","36.250,25.000,0.312",83.23786926269531,91.81755065917969,8.579681396484375,1,74.47815704345703,75.64251708984375,1.1643600463867188,1
random_004,9,28,"26.875,1.250,1.562","25.000,2.500,2.188",54.19491958618164,54.18303298950195,0.0118865966796875,1,52.9341926574707,52.97679138183594,0.042598724365234375,1
random_004,9,29,"26.875,1.250,1.562","4.375,9.375,0.938",74.53306579589844,75.47061157226562,0.9375457763671875,1,72.2928466796875,72.4354476928711,0.14260101318359375,1
random_004,10,11,"23.125,11.250,1.562","15.000,10.625,0.938",63.36053466796875,63.94072723388672,0.5801925659179688,1,61.54986572265625,61.015933990478516,0.5339317321777344,1
random_004,10,12,"23.125,11.250,1.562","25.000,31.250,0.938",72.57501983642578,71.98686218261719,0.5881576538085938,1,72.09481048583984,70.44026947021484,1.654541015625,1
random_004,10,13,"23.125,11.250,1.562","22.500,20.625,0.312",67.0311279296875,66.60537719726562,0.425750732421875,1,65.74586486816406,65.34107971191406,0.40478515625,1
random_004,10,14,"23.125,11.250,1.562","34.375,21.875,1.562",69.93556213378906,70.29634857177734,0.36078643798828125,1,69.34030151367188,69.62298583984375,0.282684326171875,1
random_004,10,15,"23.125,11.250,1.562","4.375,32.500,2.188",84.39583587646484,88.5776596069336,4.18182373046875,1,82.21536254882812,82.10987854003906,0.1054840087890625,1
random_004,10,16,"23.125,11.250,1.562","26.875,31.875,0.312",72.35176086425781,72.32170104980469,0.030059814453125,1,70.59729766845703,71.71441650390625,1.1171188354492188,1
random_004,10,17,"23.125,11.250,1.562","31.875,36.875,0.938",90.0747299194336,78.42688751220703,11.647842407226562,1,74.73298645019531,73.95040130615234,0.7825851440429688,1
random_004,10,18,"23.125,11.250,1.562","16.875,3.750,2.188",77.49119567871094,69.631591796875,7.8596038818359375,1,68.32393646240234,68.01408386230469,0.30985260009765625,1
random_004,10,19,"23.125,11.250,1.562","18.125,27.500,0.938",76.45185852050781,83.05272674560547,6.600868225097656,1,76.80023956298828,76.94093322753906,0.14069366455078125,1
random_004,10,20,"23.125,11.250,1.562","3.750,37.500,0.938",84.68658447265625,89.91281127929688,5.226226806640625,1,79.79365539550781,80.2725830078125,0.4789276123046875,1
random_004,10,21,"23.125,11.250,1.562","24.375,6.875,1.562",60.20145797729492,59.71403121948242,0.4874267578125,1,59.87553024291992,59.88555908203125,0.010028839111328125,1
random_004,10,22,"23.125,11.250,1.562","22.500,3.750,1.562",75.76419830322266,65.24677276611328,10.517425537109375,1,65.10546875,64.78455352783203,0.32091522216796875,1
random_004,10,23,"23.125,11.250,1.562","25.625,3.750,0.938",73.3083724975586,66.2973861694336,7.010986328125,1,66.57493591308594,66.58662414550781,0.011688232421875,1
random_004,10,24,"23.125,11.250,1.562","35.625,28.750,0.312",80.87567901611328,79.13555145263672,1.7401275634765625,1,73.23466491699219,73.97844696044922,0.7437820434570312,1
random_004,10,25,"23.125,11.250,1.562","13.125,23.750,0.312",78.64225006103516,83.15995788574219,4.517707824707031,1,77.83395385742188,75.77101135253906,2.0629425048828125,1
random_004,10,26,"23.125,11.250,1.562","1.250,1.250,0.312",72.24654388427734,71.63065338134766,0.6158905029296875,1,66.78584289550781,67.06330108642578,0.27745819091796875,1
random_004,10,27,"23.125,11.250,1.562","36.250,25.000,0.312",70.82366943359375,71.59259033203125,0.7689208984375,1,71.47879791259766,72.22884368896484,0.7500457763671875,1
random_004,10,28,"23.125,11.250,1.562","25.000,2.500,2.188",74.05821228027344,67.49644470214844,6.561767578125,1,66.54476165771484,66.45745086669922,0.087310791015625,1
random_004,10,29,"23.125,11.250,1.562","4.375,9.375,0.938",70.4463119506836,70.75220489501953,0.3058929443359375,1,73.40277862548828,72.24575805664062,1.1570205688476562,1
random_004,11,12,"15.000,10.625,0.938","25.000,31.250,0.938",87.4739990234375,91.70414733886719,4.2301483154296875,1,78.9088363647461,79.10090637207031,0.19207000732421875,1
random_004,11,13,"15.000,10.625,0.938","22.500,20.625,0.312",80.05174255371094,82.81058502197266,2.7588424682617188,1,74.34091186523438,74.23381042480469,0.1071014404296875,1
random_004,11,14,"15.000,10.625,0.938","34.375,21.875,1.562",80.44768524169922,82.4222640991211,1.974578857421875,1,76.87355041503906,77.33838653564453,0.46483612060546875,1
random_004,11,15,"15.000,10.625,0.938","4.375,32.500,2.188",75.88875579833984,90.23695373535156,14.348197937011719,1,75.85818481445312,75.24930572509766,0.6088790893554688,1
random_004,11,16,"15.000,10.625,0.938","26.875,31.875,0.312",85.81011962890625,91.65477752685547,5.844657897949219,1,79.3763656616211,79.44412994384766,0.0677642822265625,1
random_004,11,17,"15.000,10.625,0.938","31.875,36.875,0.938",93.09245300292969,93.6497802734375,0.5573272705078125,1,83.64073181152344,84.60975646972656,0.969024658203125,1
random_004,11,18,"15.000,10.625,0.938","16.875,3.750,2.188",74.95913696289062,66.35729217529297,8.601844787597656,1,64.91755676269531,65.00051879882812,0.0829620361328125,1
random_004,11,19,"15.000,10.625,0.938","18.125,27.500,0.938",72.34497833251953,86.08261108398438,13.737632751464844,1,69.64379119873047,69.56503295898438,0.07875823974609375,1
random_004,11,20,"15.000,10.625,0.938","3.750,37.500,0.938",77.46981811523438,91.32830810546875,13.858489990234375,1,78.14157104492188,77.48110961914062,0.66046142578125,1
random_004,11,21,"15.000,10.625,0.938","24.375,6.875,1.562",65.22053527832031,64.42071533203125,0.7998199462890625,1,62.5440559387207,62.5926399230957,0.048583984375,1
random_004,11,22,"15.000,10.625,0.938","22.500,3.750,1.562",72.99571990966797,70.369873046875,2.6258468627929688,1,69.44109344482422,69.49290466308594,0.05181121826171875,1
random_004,11,23,"15.000,10.625,0.938","25.625,3.750,0.938",74.93869018554688,71.71988677978516,3.2188034057617188,1,71.11882019042969,70.71780395507812,0.4010162353515625,1
random_004,11,24,"15.000,10.625,0.938","35.625,28.750,0.312",87.02102661132812,90.05805969238281,3.0370330810546875,1,79.57404327392578,79.44929504394531,0.12474822998046875,1
random_004,11,25,"15.000,10.625,0.938","13.125,23.750,0.312",70.11444091796875,81.4557113647461,11.341270446777344,1,70.97506713867188,70.99678802490234,0.02172088623046875,1
random_004,11,26,"15.000,10.625,0.938","1.250,1.250,0.312",68.62971496582031,67.88275909423828,0.7469558715820312,1,66.61763000488281,65.46913146972656,1.14849853515625,1
random_004,11,27,"15.000,10.625,0.938","36.250,25.000,0.312",82.18595123291016,85.27864074707031,3.0926895141601562,1,77.27208709716797,76.43077850341797,0.84130859375,1
random_004,11,28,"15.000,10.625,0.938","25.000,2.500,2.188",74.51217651367188,71.81581115722656,2.6963653564453125,1,70.90841674804688,69.69309997558594,1.2153167724609375,1
random_004,11,29,"15.000,10.625,0.938","4.375,9.375,0.938",65.80799865722656,65.84786987304688,0.0398712158203125,1,65.8302001953125,65.5760498046875,0.254150390625,1
random_004,12,13,"25.000,31.250,0.938","22.500,20.625,0.312",66.283203125,66.65743255615234,0.37422943115234375,1,66.30301666259766,66.21363830566406,0.08937835693359375,1
random_004,12,14,"25.000,31.250,0.938","34.375,21.875,1.562",73.74230194091797,72.39237213134766,1.3499298095703125,1,70.07412719726562,70.17643737792969,0.1023101806640625,1
random_004,12,15,"25.000,31.250,0.938","4.375,32.500,2.188",72.39013671875,71.99857330322266,0.39156341552734375,1,72.99620056152344,75.64118957519531,2.644989013671875,1
random_004,12,16,"25.000,31.250,0.938","26.875,31.875,0.312",52.86382293701172,52.9912109375,0.12738800048828125,1,53.982398986816406,53.97228240966797,0.0101165771484375,1
random_004,12,17,"25.000,31.250,0.938","31.875,36.875,0.938",72.12683868408203,68.63801574707031,3.4888229370117188,1,68.58614349365234,67.39958190917969,1.1865615844726562,1
random_004,12,18,"25.000,31.250,0.938","16.875,3.750,2.188",93.26602172851562,88.27365112304688,4.99237060546875,1,80.8468017578125,80.688720703125,0.1580810546875,1
random_004,12,19,"25.000,31.250,0.938","18.125,27.500,0.938",66.69107055664062,67.32316589355469,0.6320953369140625,1,65.30714416503906,65.34768676757812,0.0405426025390625,1
random_004,12,20,"25.000,31.250,0.938","3.750,37.500,0.938",72.73682403564453,72.23356628417969,0.5032577514648438,1,71.54418182373047,70.57542419433594,0.9687576293945312,1
random_004,12,21,"25.000,31.250,0.938","24.375,6.875,1.562",73.732421875,73.6863021850586,0.04611968994140625,1,74.28346252441406,74.48017120361328,0.19670867919921875,1
random_004,12,22,"25.000,31.250,0.938","22.500,3.750,1.562",93.97819519042969,77.81935119628906,16.158843994140625,1,86.86422729492188,77.71338653564453,9.150840759277344,1
random_004,12,23,"25.000,31.250,0.938","25.625,3.750,0.938",95.579833984375,76.04991149902344,19.529922485351562,1,79.02497863769531,76.1704330444336,2.8545455932617188,1
random_004,12,24,"25.000,31.250,0.938","35.625,28.750,0.312",66.41072082519531,66.27800750732422,0.13271331787109375,1,65.30924224853516,65.11345672607422,0.1957855224609375,1
random_004,12,25,"25.000,31.250,0.938","13.125,23.750,0.312",80.43763732910156,80.8265380859375,0.3889007568359375,1,70.86534118652344,72.6135482788086,1.7482070922851562,1
random_004,12,26,"25.000,31.250,0.938","1.250,1.250,0.312",91.96697998046875,89.14734649658203,2.8196334838867188,1,83.0843276977539,81.17066192626953,1.913665771484375,1
random_004,12,27,"25.000,31.250,0.938","36.250,25.000,0.312",68.80744171142578,68.63133239746094,0.17610931396484375,1,70.13528442382812,69.57743835449219,0.5578460693359375,1
random_004,12,28,"25.000,31.250,0.938","25.000,2.500,2.188",95.97650146484375,76.53239440917969,19.444107055664062,1,75.36875915527344,75.20902252197266,0.15973663330078125,1
random_004,12,29,"25.000,31.250,0.938","4.375,9.375,0.938",91.76045227050781,89.23146057128906,2.52899169921875,1,82.33457946777344,82.15333557128906,0.181243896484375,1
random_004,13,14,"22.500,20.625,0.312","34.375,21.875,1.562",67.40646362304688,67.59445190429688,0.18798828125,1,67.30368041992188,67.58901977539062,0.28533935546875,1
random_004,13,15,"22.500,20.625,0.312","4.375,32.500,2.188",83.17376708984375,85.70449829101562,2.530731201171875,1,79.32421875,79.00237274169922,0.32184600830078125,1
random_004,13,16,"22.500,20.625,0.312","26.875,31.875,0.312",67.08633422851562,66.784423828125,0.301910400390625,1,66.60237121582031,67.04410552978516,0.44173431396484375,1
random_004,13,17,"22.500,20.625,0.312","31.875,36.875,0.938",84.81610107421875,78.18920135498047,6.626899719238281,1,71.7999496459961,71.30818176269531,0.49176788330078125,1
random_004,13,18,"22.500,20.625,0.312","16.875,3.750,2.188",89.05575561523438,83.05873107910156,5.9970245361328125,1,77.30150604248047,76.67300415039062,0.6285018920898438,1
random_004,13,19,"22.500,20.625,0.312","18.125,27.500,0.938",69.59126281738281,70.22823333740234,0.6369705200195312,1,69.65135192871094,70.44822692871094,0.796875,1
random_004,13,20,"22.500,20.625,0.312","3.750,37.500,0.938",82.66854095458984,85.56599426269531,2.8974533081054688,1,77.97288513183594,78.69341278076172,0.7205276489257812,1
random_004,13,21,"22.500,20.625,0.312","24.375,6.875,1.562",69.00619506835938,68.58032989501953,0.42586517333984375,1,67.09245300292969,67.5759506225586,0.48349761962890625,1
random_004,13,22,"22.500,20.625,0.312","22.500,3.750,1.562",88.29144287109375,74.80699157714844,13.484451293945312,1,73.63143920898438,75.7304458618164,2.0990066528320312,1
random_004,13,23,"22.500,20.625,0.312","25.625,3.750,0.938",87.97636413574219,71.67986297607422,16.29650115966797,1,71.08798217773438,69.17291259765625,1.915069580078125,1
random_004,13,24,"22.500,20.625,0.312","35.625,28.750,0.312",73.06399536132812,73.54222869873047,0.47823333740234375,1,72.48605346679688,71.76390838623047,0.7221450805664062,1
random_004,13,25,"22.500,20.625,0.312","13.125,23.750,0.312",67.9336929321289,78.42982482910156,10.496131896972656,1,67.19837188720703,67.16065979003906,0.03771209716796875,1
random_004,13,26,"22.500,20.625,0.312","1.250,1.250,0.312",84.74037170410156,85.65946960449219,0.919097900390625,1,80.3035659790039,83.15919494628906,2.8556289672851562,1
random_004,13,27,"22.500,20.625,0.312","36.250,25.000,0.312",68.8953628540039,68.94022369384766,0.04486083984375,1,66.33789825439453,67.3554458618164,1.017547607421875,1
random_004,13,28,"22.500,20.625,0.312","25.000,2.500,2.188",89.24688720703125,72.42273712158203,16.82415008544922,1,70.94409942626953,70.4564437866211,0.4876556396484375,1
random_004,13,29,"22.500,20.625,0.312","4.375,9.375,0.938",84.83499908447266,86.8954849243164,2.06048583984375,1,76.89955139160156,76.31983184814453,0.5797195434570312,1
random_004,14,15,"34.375,21.875,1.562","4.375,32.500,2.188",84.58873748779297,83.76927947998047,0.8194580078125,1,75.19249725341797,75.18842315673828,0.0040740966796875,1
random_004,14,16,"34.375,21.875,1.562","26.875,31.875,0.312",71.75977325439453,73.07891082763672,1.3191375732421875,1,69.90145874023438,69.62220001220703,0.27925872802734375,1
random_004,14,17,"34.375,21.875,1.562","31.875,36.875,0.938",81.57479095458984,73.91741943359375,7.657371520996094,1,71.19151306152344,70.53166961669922,0.6598434448242188,1
random_004,14,18,"34.375,21.875,1.562","16.875,3.750,2.188",89.46150970458984,80.2568588256836,9.20465087890625,1,76.6718978881836,76.31295013427734,0.35894775390625,1
random_004,14,19,"34.375,21.875,1.562","18.125,27.500,0.938",82.90867614746094,72.63499450683594,10.273681640625,1,71.92137908935547,72.60291290283203,0.6815338134765625,1
random_004,14,20,"34.375,21.875,1.562","3.750,37.500,0.938",81.79056549072266,82.53318786621094,0.7426223754882812,1,75.07881927490234,75.33806610107422,0.259246826171875,1
random_004,14,21,"34.375,21.875,1.562","24.375,6.875,1.562",74.50636291503906,74.67264556884766,0.16628265380859375,1,73.25260925292969,73.22394561767578,0.02866363525390625,1
random_004,14,22,"34.375,21.875,1.562","22.500,3.750,1.562",90.37837982177734,80.37283325195312,10.005546569824219,1,79.57376861572266,78.49020385742188,1.0835647583007812,1
random_004,14,23,"34.375,21.875,1.562","25.625,3.750,0.938",91.08987426757812,81.1219711303711,9.967903137207031,1,75.37179565429688,76.08840942382812,0.71661376953125,1
random_004,14,24,"34.375,21.875,1.562","35.625,28.750,0.312",63.3331298828125,63.8331184387207,0.4999885559082031,1,65.42639923095703,65.77946472167969,0.35306549072265625,1
random_004,14,25,"34.375,21.875,1.562","13.125,23.750,0.312",86.03199005126953,84.54145050048828,1.49053955078125,1,73.34547424316406,73.30160522460938,0.0438690185546875,1
random_004,14,26,"34.375,21.875,1.562","1.250,1.250,0.312",84.70162963867188,84.13751983642578,0.5641098022460938,1,76.73721313476562,77.03289794921875,0.295684814453125,1
random_004,14,27,"34.375,21.875,1.562","36.250,25.000,0.312",58.19540786743164,58.54103088378906,0.3456230163574219,1,58.22843551635742,58.28342056274414,0.05498504638671875,1
random_004,14,28,"34.375,21.875,1.562","25.000,2.500,2.188",90.699462890625,81.3685302734375,9.3309326171875,1,76.63714599609375,73.99358367919922,2.6435623168945312,1
random_004,14,29,"34.375,21.875,1.562","4.375,9.375,0.938",86.82018280029297,84.96722412109375,1.8529586791992188,1,81.39549255371094,79.22697448730469,2.16851806640625,1
random_004,15,16,"4.375,32.500,2.188","26.875,31.875,0.312",72.66936492919922,72.96683502197266,0.2974700927734375,1,72.85385131835938,72.938232421875,0.084381103515625,1
random_004,15,17,"4.375,32.500,2.188","31.875,36.875,0.938",87.70672607421875,76.50322723388672,11.203498840332031,1,74.07862091064453,73.83992004394531,0.23870086669921875,1
random_004,15,18,"4.375,32.500,2.188","16.875,3.750,2.188",94.56298828125,84.89776611328125,9.66522216796875,1,80.12650299072266,79.08621215820312,1.0402908325195312,1
random_004,15,19,"4.375,32.500,2.188","18.125,27.500,0.938",77.22530364990234,71.7745361328125,5.450767517089844,1,68.50827026367188,68.66527557373047,0.15700531005859375,1
random_004,15,20,"4.375,32.500,2.188","3.750,37.500,0.938",60.5508918762207,60.272125244140625,0.2787666320800781,1,60.15727996826172,60.15095520019531,0.00632476806640625,1
random_004,15,21,"4.375,32.500,2.188","24.375,6.875,1.562",89.17853546142578,82.44216918945312,6.736366271972656,1,77.65692138671875,77.68610382080078,0.02918243408203125,1
random_004,15,22,"4.375,32.500,2.188","22.500,3.750,1.562",93.27848815917969,88.22924041748047,5.049247741699219,1,82.67684936523438,79.7969970703125,2.879852294921875,1
random_004,15,23,"4.375,32.500,2.188","25.625,3.750,0.938",94.40753173828125,86.80003356933594,7.6074981689453125,1,81.8746337890625,81.62965393066406,0.2449798583984375,1
random_004,15,24,"4.375,32.500,2.188","35.625,28.750,0.312",76.00216674804688,75.97552490234375,0.026641845703125,1,76.02915954589844,76.43609619140625,0.4069366455078125,1
random_004,15,25,"4.375,32.500,2.188","13.125,23.750,0.312",67.23725128173828,67.97306823730469,0.7358169555664062,1,67.41871643066406,67.69563293457031,0.27691650390625,1
random_004,15,26,"4.375,32.500,2.188","1.250,1.250,0.312",92.98104858398438,89.6665267944336,3.3145217895507812,1,78.95415496826172,78.03475189208984,0.919403076171875,1
random_004,15,27,"4.375,32.500,2.188","36.250,25.000,0.312",85.0968246459961,85.34889221191406,0.25206756591796875,1,78.3810043334961,77.62915802001953,0.7518463134765625,1
random_004,15,28,"4.375,32.500,2.188","25.000,2.500,2.188",93.4780502319336,87.59175872802734,5.88629150390625,1,82.28555297851562,83.46179962158203,1.1762466430664062,1
random_004,15,29,"4.375,32.500,2.188","4.375,9.375,0.938",91.12149047851562,89.73094940185547,1.3905410766601562,1,77.50580596923828,76.27876281738281,1.2270431518554688,1
random_004,16,17,"26.875,31.875,0.312","31.875,36.875,0.938",70.1176986694336,68.1650161743164,1.9526824951171875,1,75.42562103271484,67.68132781982422,7.744293212890625,1
random_004,16,18,"26.875,31.875,0.312","16.875,3.750,2.188",92.66175079345703,86.99824523925781,5.663505554199219,1,80.16442108154297,81.2896728515625,1.1252517700195312,1
random_004,16,19,"26.875,31.875,0.312","18.125,27.500,0.938",68.11408996582031,68.38774871826172,0.27365875244140625,1,69.1540756225586,69.13569641113281,0.01837921142578125,1
random_004,16,20,"26.875,31.875,0.312","3.750,37.500,0.938",73.35118103027344,72.8851318359375,0.4660491943359375,1,70.7186279296875,71.19657897949219,0.4779510498046875,1
random_004,16,21,"26.875,31.875,0.312","24.375,6.875,1.562",74.00628662109375,73.62230682373047,0.38397979736328125,1,72.5980224609375,71.30548095703125,1.29254150390625,1
random_004,16,22,"26.875,31.875,0.312","22.500,3.750,1.562",93.96492004394531,77.38872528076172,16.576194763183594,1,74.77427673339844,74.78992462158203,0.01564788818359375,1
random_004,16,23,"26.875,31.875,0.312","25.625,3.750,0.938",95.42632293701172,76.30577850341797,19.12054443359375,1,75.1622085571289,74.18626403808594,0.9759445190429688,1
random_004,16,24,"26.875,31.875,0.312","35.625,28.750,0.312",65.26596069335938,64.84474182128906,0.4212188720703125,1,63.2954216003418,62.90510559082031,0.3903160095214844,1
random_004,16,25,"26.875,31.875,0.312","13.125,23.750,0.312",81.15275573730469,81.72422790527344,0.57147216796875,1,74.40036010742188,74.22632598876953,0.17403411865234375,1
random_004,16,26,"26.875,31.875,0.312","1.250,1.250,0.312",91.73837280273438,89.74950408935547,1.9888687133789062,1,82.54666137695312,81.57917022705078,0.9674911499023438,1
random_004,16,27,"26.875,31.875,0.312","36.250,25.000,0.312",67.94255065917969,67.05680847167969,0.8857421875,1,65.73828125,65.52163696289062,0.216644287109375,1
random_004,16,28,"26.875,31.875,0.312","25.000,2.500,2.188",95.59262084960938,76.82742309570312,18.76519775390625,1,76.30508422851562,75.9200439453125,0.385040283203125,1
random_004,16,29,"26.875,31.875,0.312","4.375,9.375,0.938",91.58613586425781,90.05909729003906,1.52703857421875,1,83.6935043334961,81.59439849853516,2.0991058349609375,1
random_004,17,18,"31.875,36.875,0.938","16.875,3.750,2.188",93.8345947265625,92.68315887451172,1.1514358520507812,1,82.1535873413086,83.676025390625,1.5224380493164062,1
random_004,17,19,"31.875,36.875,0.938","18.125,27.500,0.938",76.57566833496094,84.90229797363281,8.326629638671875,1,75.33576965332031,74.39558410644531,0.940185546875,1
random_004,17,20,"31.875,36.875,0.938","3.750,37.500,0.938",76.92932891845703,87.59002685546875,10.660697937011719,1,76.18057250976562,79.07675170898438,2.89617919921875,1
random_004,17,21,"31.875,36.875,0.938","24.375,6.875,1.562",79.2190933227539,88.9315185546875,9.712425231933594,1,75.82630920410156,74.02986145019531,1.79644775390625,1
random_004,17,22,"31.875,36.875,0.938","22.500,3.750,1.562",96.32772827148438,91.7908935546875,4.536834716796875,1,87.80803680419922,77.14893341064453,10.659103393554688,1
random_004,17,23,"31.875,36.875,0.938","25.625,3.750,0.938",96.66294860839844,90.059814453125,6.6031341552734375,1,78.62089538574219,78.18775939941406,0.433135986328125,1
random_004,17,24,"31.875,36.875,0.938","35.625,28.750,0.312",66.13349914550781,67.13473510742188,1.0012359619140625,1,65.4875259399414,66.0853500366211,0.5978240966796875,1
random_004,17,25,"31.875,36.875,0.938","13.125,23.750,0.312",86.28848266601562,89.10768127441406,2.8191986083984375,1,79.48384094238281,79.3656005859375,0.1182403564453125,1
random_004,17,26,"31.875,36.875,0.938","1.250,1.250,0.312",96.67695617675781,93.538330078125,3.1386260986328125,1,89.03706359863281,89.58917236328125,0.5521087646484375,1
random_004,17,27,"31.875,36.875,0.938","36.250,25.000,0.312",68.45463562011719,74.29374694824219,5.839111328125,1,66.0239486694336,65.74759674072266,0.2763519287109375,1
random_004,17,28,"31.875,36.875,0.938","25.000,2.500,2.188",95.84365844726562,90.10955047607422,5.734107971191406,1,86.61072540283203,82.57733154296875,4.033393859863281,1
random_004,17,29,"31.875,36.875,0.938","4.375,9.375,0.938",95.89022064208984,94.08464813232422,1.805572509765625,1,87.08438873291016,85.84033203125,1.2440567016601562,1
random_004,18,19,"16.875,3.750,2.188","18.125,27.500,0.938",82.19866943359375,93.87235260009766,11.673683166503906,1,75.31398010253906,75.20028686523438,0.1136932373046875,1
random_004,18,20,"16.875,3.750,2.188","3.750,37.500,0.938",85.53079223632812,95.1806640625,9.649871826171875,1,79.923583984375,79.8857650756836,0.03781890869140625,1
random_004,18,21,"16.875,3.750,2.188","24.375,6.875,1.562",68.7777328491211,68.47943115234375,0.29830169677734375,1,67.82283020019531,67.8680648803711,0.04523468017578125,1
random_004,18,22,"16.875,3.750,2.188","22.500,3.750,1.562",60.378204345703125,60.23600769042969,0.1421966552734375,1,63.11914825439453,63.125579833984375,0.00643157958984375,1
random_004,18,23,"16.875,3.750,2.188","25.625,3.750,0.938",63.478546142578125,63.08992004394531,0.3886260986328125,1,65.82918548583984,65.85167694091797,0.022491455078125,1
random_004,18,24,"16.875,3.750,2.188","35.625,28.750,0.312",86.91388702392578,91.85406494140625,4.940177917480469,1,79.87596130371094,80.5400161743164,0.6640548706054688,1
random_004,18,25,"16.875,3.750,2.188","13.125,23.750,0.312",82.80081939697266,91.36946868896484,8.568649291992188,1,75.57218170166016,74.52806091308594,1.0441207885742188,1
random_004,18,26,"16.875,3.750,2.188","1.250,1.250,0.312",68.6810531616211,68.85942077636719,0.17836761474609375,1,71.21186065673828,70.25305938720703,0.95880126953125,1
random_004,18,27,"16.875,3.750,2.188","36.250,25.000,0.312",79.96601104736328,90.82462310791016,10.858612060546875,1,77.66899871826172,77.652587890625,0.01641082763671875,1
random_004,18,28,"16.875,3.750,2.188","25.000,2.500,2.188",62.8037223815918,62.5142707824707,0.28945159912109375,1,61.17765426635742,61.11096954345703,0.06668472290039062,1
random_004,18,29,"16.875,3.750,2.188","4.375,9.375,0.938",67.1406021118164,67.92389678955078,0.783294677734375,1,67.84666442871094,68.22660827636719,0.37994384765625,1
random_004,19,20,"18.125,27.500,0.938","3.750,37.500,0.938",74.72745513916016,74.3388900756836,0.3885650634765625,1,70.72270202636719,69.22956848144531,1.493133544921875,1
random_004,19,21,"18.125,27.500,0.938","24.375,6.875,1.562",85.59593963623047,81.38824462890625,4.207695007324219,1,75.99881744384766,76.48217010498047,0.4833526611328125,1
random_004,19,22,"18.125,27.500,0.938","22.500,3.750,1.562",94.26541137695312,84.43441009521484,9.831001281738281,1,81.41456604003906,82.40194702148438,0.9873809814453125,1
random_004,19,23,"18.125,27.500,0.938","25.625,3.750,0.938",96.49410247802734,85.6981430053711,10.79595947265625,1,81.53376770019531,81.20425415039062,0.3295135498046875,1
random_004,19,24,"18.125,27.500,0.938","35.625,28.750,0.312",72.0211181640625,82.38623046875,10.3651123046875,1,69.8804702758789,70.30081939697266,0.42034912109375,1
random_004,19,25,"18.125,27.500,0.938","13.125,23.750,0.312",66.22968292236328,66.00726318359375,0.22241973876953125,1,66.01937866210938,66.44273376464844,0.4233551025390625,1
random_004,19,26,"18.125,27.500,0.938","1.250,1.250,0.312",89.62413787841797,82.01765441894531,7.606483459472656,1,74.99674987792969,72.50628662109375,2.4904632568359375,1
random_004,19,27,"18.125,27.500,0.938","36.250,25.000,0.312",79.91046905517578,83.5829086303711,3.6724395751953125,1,77.08782196044922,77.66876983642578,0.5809478759765625,1
random_004,19,28,"18.125,27.500,0.938","25.000,2.500,2.188",96.32023620605469,86.06647491455078,10.253761291503906,1,79.8310775756836,79.35807037353516,0.4730072021484375,1
random_004,19,29,"18.125,27.500,0.938","4.375,9.375,0.938",88.91886138916016,76.96282958984375,11.956031799316406,1,74.79885864257812,74.68080139160156,0.1180572509765625,1
random_004,20,21,"3.750,37.500,0.938","24.375,6.875,1.562",91.09483337402344,83.18988037109375,7.9049530029296875,1,76.70719909667969,76.9114990234375,0.2042999267578125,1
random_004,20,22,"3.750,37.500,0.938","22.500,3.750,1.562",94.80228424072266,86.82135009765625,7.980934143066406,1,81.46563720703125,81.36746215820312,0.098175048828125,1
random_004,20,23,"3.750,37.500,0.938","25.625,3.750,0.938",95.44367980957031,87.23872375488281,8.2049560546875,1,81.45307922363281,80.98338317871094,0.469696044921875,1
random_004,20,24,"3.750,37.500,0.938","35.625,28.750,0.312",76.06896209716797,75.97763061523438,0.09133148193359375,1,73.58486938476562,74.8027114868164,1.2178421020507812,1
random_004,20,25,"3.750,37.500,0.938","13.125,23.750,0.312",69.07347106933594,69.94115447998047,0.8676834106445312,1,67.67304992675781,68.75435638427734,1.0813064575195312,1
random_004,20,26,"3.750,37.500,0.938","1.250,1.250,0.312",93.81278991699219,88.45475769042969,5.3580322265625,1,76.8911361694336,76.32457733154297,0.566558837890625,1
random_004,20,27,"3.750,37.500,0.938","36.250,25.000,0.312",83.78162384033203,83.68219757080078,0.09942626953125,1,78.89273071289062,79.53307342529297,0.6403427124023438,1
random_004,20,28,"3.750,37.500,0.938","25.000,2.500,2.188",95.01156616210938,87.4560317993164,7.555534362792969,1,80.6417465209961,80.46116638183594,0.18058013916015625,1
random_004,20,29,"3.750,37.500,0.938","4.375,9.375,0.938",92.5079345703125,88.59684753417969,3.9110870361328125,1,81.14358520507812,77.29192352294922,3.8516616821289062,1
random_004,21,22,"24.375,6.875,1.562","22.500,3.750,1.562",62.148258209228516,59.6314582824707,2.5167999267578125,1,60.446205139160156,60.11296081542969,0.33324432373046875,1
random_004,21,23,"24.375,6.875,1.562","25.625,3.750,0.938",59.898780822753906,59.033607482910156,0.86517333984375,1,58.71702194213867,58.821258544921875,0.10423660278320312,1
random_004,21,24,"24.375,6.875,1.562","35.625,28.750,0.312",82.65668487548828,79.49082946777344,3.1658554077148438,1,74.30184936523438,74.11747741699219,0.1843719482421875,1
random_004,21,25,"24.375,6.875,1.562","13.125,23.750,0.312",80.29097747802734,86.3625259399414,6.0715484619140625,1,79.00065612792969,78.7305908203125,0.2700653076171875,1
random_004,21,26,"24.375,6.875,1.562","1.250,1.250,0.312",75.00513458251953,74.98503875732422,0.0200958251953125,1,69.50650024414062,69.18193054199219,0.3245697021484375,1
random_004,21,27,"24.375,6.875,1.562","36.250,25.000,0.312",76.56001281738281,75.83455657958984,0.7254562377929688,1,73.9932632446289,74.785888671875,0.7926254272460938,1
random_004,21,28,"24.375,6.875,1.562","25.000,2.500,2.188",61.12614440917969,61.38264846801758,0.2565040588378906,1,60.72990798950195,60.73170471191406,0.001796722412109375,1
random_004,21,29,"24.375,6.875,1.562","4.375,9.375,0.938",70.86585235595703,70.51602935791016,0.349822998046875,1,68.97792053222656,69.06643676757812,0.0885162353515625,1
random_004,22,23,"22.500,3.750,1.562","25.625,3.750,0.938",56.585975646972656,56.8370246887207,0.2510490417480469,1,57.212928771972656,57.21204376220703,0.000885009765625,1
random_004,22,24,"22.500,3.750,1.562","35.625,28.750,0.312",86.79833221435547,94.21258544921875,7.414253234863281,1,78.36595153808594,80.48271942138672,2.1167678833007812,1
random_004,22,25,"22.500,3.750,1.562","13.125,23.750,0.312",84.31163024902344,92.93122863769531,8.619598388671875,1,75.17189025878906,76.3550033569336,1.1831130981445312,1
random_004,22,26,"22.500,3.750,1.562","1.250,1.250,0.312",71.15594482421875,70.72477722167969,0.4311676025390625,1,67.16580963134766,66.98953247070312,0.17627716064453125,1
random_004,22,27,"22.500,3.750,1.562","36.250,25.000,0.312",82.08032989501953,92.21858215332031,10.138252258300781,1,77.09840393066406,77.68870544433594,0.590301513671875,1
random_004,22,28,"22.500,3.750,1.562","25.000,2.500,2.188",55.631595611572266,56.29845428466797,0.6668586730957031,1,55.185028076171875,55.17645263671875,0.008575439453125,1
random_004,22,29,"22.500,3.750,1.562","4.375,9.375,0.938",72.51580810546875,74.3494644165039,1.8336563110351562,1,69.87025451660156,69.7804183959961,0.08983612060546875,1
random_004,23,24,"25.625,3.750,0.938","35.625,28.750,0.312",86.18134307861328,95.12811279296875,8.946769714355469,1,79.317626953125,79.64881134033203,0.33118438720703125,1
random_004,23,25,"25.625,3.750,0.938","13.125,23.750,0.312",83.22822570800781,93.88308715820312,10.654861450195312,1,78.2809829711914,79.4095687866211,1.1285858154296875,1
random_004,23,26,"25.625,3.750,0.938","1.250,1.250,0.312",72.28581237792969,72.05847930908203,0.22733306884765625,1,66.48661804199219,66.30728149414062,0.1793365478515625,1
random_004,23,27,"25.625,3.750,0.938","36.250,25.000,0.312",82.73979187011719,93.24658966064453,10.506797790527344,1,74.56155395507812,74.68383026123047,0.12227630615234375,1
random_004,23,28,"25.625,3.750,0.938","25.000,2.500,2.188",52.03403854370117,52.70626449584961,0.6722259521484375,1,52.259124755859375,52.26042938232422,0.00130462646484375,1
random_004,23,29,"25.625,3.750,0.938","4.375,9.375,0.938",73.65968322753906,75.7003402709961,2.0406570434570312,1,71.82192993164062,71.70449829101562,0.117431640625,1
random_004,24,25,"35.625,28.750,0.312","13.125,23.750,0.312",85.9947280883789,84.68478393554688,1.3099441528320312,1,77.83830261230469,74.44490051269531,3.393402099609375,1
random_004,24,26,"35.625,28.750,0.312","1.250,1.250,0.312",92.70690155029297,89.12995910644531,3.5769424438476562,1,84.8280258178711,84.06780242919922,0.760223388671875,1
random_004,24,27,"35.625,28.750,0.312","36.250,25.000,0.312",58.22512435913086,57.8249397277832,0.40018463134765625,1,57.9686164855957,57.8316650390625,0.13695144653320312,1
random_004,24,28,"35.625,28.750,0.312","25.000,2.500,2.188",94.35321807861328,86.65341186523438,7.699806213378906,1,79.78514099121094,79.36669921875,0.4184417724609375,1
random_004,24,29,"35.625,28.750,0.312","4.375,9.375,0.938",91.86177825927734,88.34197998046875,3.5197982788085938,1,83.87347412109375,84.02328491210938,0.149810791015625,1
random_004,25,26,"13.125,23.750,0.312","1.250,1.250,0.312",85.85858154296875,82.62907409667969,3.2295074462890625,1,74.02400207519531,72.80279541015625,1.2212066650390625,1
random_004,25,27,"13.125,23.750,0.312","36.250,25.000,0.312",84.95095825195312,85.93882751464844,0.9878692626953125,1,71.68790435791016,75.3487777709961,3.6608734130859375,1
random_004,25,28,"13.125,23.750,0.312","25.000,2.500,2.188",93.9527587890625,84.07392883300781,9.878829956054688,1,77.61421203613281,78.09562683105469,0.481414794921875,1
random_004,25,29,"13.125,23.750,0.312","4.375,9.375,0.938",83.50157928466797,73.70951843261719,9.792060852050781,1,71.20413208007812,72.65740966796875,1.453277587890625,1
random_004,26,27,"1.250,1.250,0.312","36.250,25.000,0.312",85.57349395751953,87.55228424072266,1.978790283203125,1,79.81134033203125,82.62913513183594,2.8177947998046875,1
random_004,26,28,"1.250,1.250,0.312","25.000,2.500,2.188",71.94953918457031,71.99519348144531,0.045654296875,1,68.65792083740234,69.87539672851562,1.2174758911132812,1
random_004,26,29,"1.250,1.250,0.312","4.375,9.375,0.938",64.4333267211914,64.7479476928711,0.3146209716796875,1,63.7218132019043,63.76221466064453,0.040401458740234375,1
random_004,27,28,"36.250,25.000,0.312","25.000,2.500,2.188",92.00804901123047,82.89651489257812,9.111534118652344,1,77.96955871582031,78.25277709960938,0.2832183837890625,1
random_004,27,29,"36.250,25.000,0.312","4.375,9.375,0.938",88.51620483398438,85.16654968261719,3.3496551513671875,1,80.6180648803711,79.6272964477539,0.9907684326171875,1
random_004,28,29,"25.000,2.500,2.188","4.375,9.375,0.938",73.76512908935547,74.92723083496094,1.1621017456054688,1,72.1729736328125,72.39240264892578,0.21942901611328125,1
random_005,0,1,"7.500,10.000,0.312","29.375,17.500,0.312",74.33169555664062,73.78986358642578,0.5418319702148438,1,76.20167541503906,74.49395751953125,1.7077178955078125,1
random_005,0,2,"7.500,10.000,0.312","35.625,10.000,1.562",85.08318328857422,80.01708984375,5.066093444824219,1,75.99087524414062,77.73291778564453,1.7420425415039062,1
random_005,0,3,"7.500,10.000,0.312","28.750,12.500,0.938",83.57655334472656,75.31795501708984,8.258598327636719,1,71.1070785522461,70.65898895263672,0.448089599609375,1
random_005,0,4,"7.500,10.000,0.312","1.875,18.125,1.562",69.73020935058594,69.63618469238281,0.094024658203125,1,67.55789947509766,67.57434844970703,0.016448974609375,1
random_005,0,5,"7.500,10.000,0.312","15.000,3.125,0.312",66.45713806152344,66.15562438964844,0.301513671875,1,65.54264068603516,65.50650787353516,0.0361328125,1
random_005,0,6,"7.500,10.000,0.312","37.500,37.500,0.312",88.54132080078125,87.90979766845703,0.6315231323242188,1,83.1528549194336,80.46731567382812,2.6855392456054688,1
random_005,0,7,"7.500,10.000,0.312","15.000,11.250,1.562",64.29052734375,64.55435180664062,0.263824462890625,1,64.10675048828125,64.10357666015625,0.003173828125,1
random_005,0,8,"7.500,10.000,0.312","27.500,16.875,0.938",73.29280090332031,72.97789001464844,0.314910888671875,1,69.5589599609375,71.0417709350586,1.4828109741210938,1
random_005,0,9,"7.500,10.000,0.312","1.250,36.875,0.312",74.76509857177734,74.96001434326172,0.194915771484375,1,78.37779998779297,73.53482055664062,4.842979431152344,1
random_005,0,10,"7.500,10.000,0.312","28.750,3.125,1.562",73.32575988769531,72.10684967041016,1.2189102172851562,1,70.92101287841797,70.2296142578125,0.6913986206054688,1
random_005,0,11,"7.500,10.000,0.312","19.375,14.375,2.188",68.64776611328125,68.73246765136719,0.0847015380859375,1,67.4722900390625,67.84539794921875,0.37310791015625,1
random_005,0,12,"7.500,10.000,0.312","15.625,21.250,0.312",69.26473236083984,69.55525970458984,0.29052734375,1,69.6398696899414,69.67401123046875,0.03414154052734375,1
random_005,0,13,"7.500,10.000,0.312","32.500,37.500,0.938",87.11119842529297,85.93865203857422,1.17254638671875,1,77.84635162353516,77.74710083007812,0.09925079345703125,1
random_005,0,14,"7.500,10.000,0.312","30.000,18.125,0.938",75.98635864257812,77.11910247802734,1.1327438354492188,1,71.18023681640625,71.77738952636719,0.5971527099609375,1
random_005,0,15,"7.500,10.000,0.312","31.875,28.125,2.188",84.0040054321289,81.74826049804688,2.2557449340820312,1,76.3738784790039,76.39553833007812,0.02165985107421875,1
random_005,0,16,"7.500,10.000,0.312","31.250,2.500,0.312",74.32300567626953,72.78899383544922,1.5340118408203125,1,75.55225372314453,77.34327697753906,1.7910232543945312,1
random_005,0,17,"7.500,10.000,0.312","20.625,11.250,1.562",68.8376235961914,68.96708679199219,0.12946319580078125,1,68.67909240722656,68.45330047607422,0.22579193115234375,1
random_005,0,18,"7.500,10.000,0.312","18.750,27.500,0.312",72.12156677246094,72.7286148071289,0.6070480346679688,1,74.57063293457031,74.10273742675781,0.4678955078125,1
random_005,0,19,"7.500,10.000,0.312","3.125,11.250,0.312",59.29468536376953,59.529911041259766,0.23522567749023438,1,58.72827911376953,58.75430679321289,0.026027679443359375,1
random_005,0,20,"7.500,10.000,0.312","1.250,33.125,1.562",73.73243713378906,73.74436950683594,0.011932373046875,1,71.70835876464844,71.57727813720703,0.13108062744140625,1
random_005,0,21,"7.500,10.000,0.312","33.125,30.625,0.938",81.79046630859375,82.47229766845703,0.6818313598632812,1,76.31512451171875,76.04638671875,0.26873779296875,1
random_005,0,22,"7.500,10.000,0.312","11.875,36.250,2.188",74.79060363769531,74.84227752685547,0.05167388916015625,1,72.30351257324219,73.30928039550781,1.005767822265625,1
random_005,0,23,"7.500,10.000,0.312","23.125,30.625,0.938",73.87177276611328,74.37957000732422,0.5077972412109375,1,73.96200561523438,72.50724029541016,1.4547653198242188,1
random_005,0,24,"7.500,10.000,0.312","13.750,36.250,2.188",74.89678192138672,74.8863525390625,0.01042938232421875,1,74.04927825927734,74.2204818725586,0.17120361328125,1
random_005,0,25,"7.500,10.000,0.312","26.875,32.500,0.312",74.64691925048828,75.39039611816406,0.7434768676757812,1,79.23176574707031,78.38937377929688,0.8423919677734375,1
random_005,0,26,"7.500,10.000,0.312","35.625,16.250,0.938",76.30648040771484,75.68299865722656,0.6234817504882812,1,74.23665618896484,74.15306091308594,0.08359527587890625,1
random_005,0,27,"7.500,10.000,0.312","3.125,37.500,2.188",75.20491027832031,74.97565460205078,0.22925567626953125,1,74.85196685791016,73.62818908691406,1.2237777709960938,1
random_005,0,28,"7.500,10.000,0.312","21.250,24.375,0.938",71.57959747314453,72.35182189941406,0.7722244262695312,1,69.44865417480469,69.58792877197266,0.13927459716796875,1
random_005,0,29,"7.500,10.000,0.312","16.250,29.375,0.938",78.26773071289062,76.05827331542969,2.2094573974609375,1,72.39295959472656,71.28522491455078,1.1077346801757812,1
random_005,1,2,"29.375,17.500,0.312","35.625,10.000,1.562",66.01300811767578,65.14057922363281,0.8724288940429688,1,63.86556625366211,63.86211395263672,0.003452301025390625,1
random_005,1,3,"29.375,17.500,0.312","28.750,12.500,0.938",60.59178924560547,60.35673522949219,0.23505401611328125,1,61.308589935302734,61.3112678527832,0.00267791748046875,1
random_005,1,4,"29.375,17.500,0.312","1.875,18.125,1.562",75.22177124023438,74.83929443359375,0.382476806640625,1,71.93871307373047,71.89227294921875,0.04644012451171875,1
random_005,1,5,"29.375,17.500,0.312","15.000,3.125,0.312",85.56402587890625,77.69312286376953,7.870903015136719,1,75.64845275878906,73.6619644165039,1.9864883422851562,1
random_005,1,6,"29.375,17.500,0.312","37.500,37.500,0.312",89.48298645019531,85.56372833251953,3.9192581176757812,1,76.552978515625,75.28556060791016,1.2674179077148438,1
random_005,1,7,"29.375,17.500,0.312","15.000,11.250,1.562",69.75407409667969,70.56830596923828,0.8142318725585938,1,69.74581909179688,70.65582275390625,0.910003662109375,1
random_005,1,8,"29.375,17.500,0.312","27.500,16.875,0.938",52.8938102722168,53.15615463256836,0.2623443603515625,1,53.95098876953125,53.96028518676758,0.009296417236328125,1
random_005,1,9,"29.375,17.500,0.312","1.250,36.875,0.312",81.76495361328125,79.4775161743164,2.2874374389648438,1,76.26841735839844,77.4686279296875,1.2002105712890625,1
random_005,1,10,"29.375,17.500,0.312","28.750,3.125,1.562",81.87254333496094,75.33403778076172,6.538505554199219,1,68.67378234863281,69.16826629638672,0.49448394775390625,1
random_005,1,11,"29.375,17.500,0.312","19.375,14.375,2.188",66.8777084350586,67.50016021728516,0.6224517822265625,1,69.36923217773438,69.78646850585938,0.417236328125,1
random_005,1,12,"29.375,17.500,0.312","15.625,21.250,0.312",69.13111877441406,69.03389739990234,0.09722137451171875,1,69.94780731201172,69.85285186767578,0.0949554443359375,1
random_005,1,13,"29.375,17.500,0.312","32.500,37.500,0.938",89.46884155273438,86.65934753417969,2.8094940185546875,1,71.89482879638672,71.69621276855469,0.19861602783203125,1
random_005,1,14,"29.375,17.500,0.312","30.000,18.125,0.938",46.58388137817383,47.963592529296875,1.3797111511230469,1,46.10639190673828,46.10586166381836,0.000530242919921875,1
random_005,1,15,"29.375,17.500,0.312","31.875,28.125,2.188",79.94488525390625,74.62007141113281,5.3248138427734375,1,69.62395477294922,69.18943786621094,0.43451690673828125,1
random_005,1,16,"29.375,17.500,0.312","31.250,2.500,0.312",81.40248107910156,71.17825317382812,10.224227905273438,1,70.1979751586914,68.89309692382812,1.3048782348632812,1
random_005,1,17,"29.375,17.500,0.312","20.625,11.250,1.562",66.83775329589844,66.79276275634766,0.04499053955078125,1,64.87529754638672,64.90973663330078,0.0344390869140625,1
random_005,1,18,"29.375,17.500,0.312","18.750,27.500,0.312",69.37458038330078,69.51094055175781,0.13636016845703125,1,69.35293579101562,68.74463653564453,0.6082992553710938,1
random_005,1,19,"29.375,17.500,0.312","3.125,11.250,0.312",77.59609985351562,77.2326431274414,0.36345672607421875,1,75.86137390136719,76.11151885986328,0.25014495849609375,1
random_005,1,20,"29.375,17.500,0.312","1.250,33.125,1.562",80.07843780517578,79.3023452758789,0.776092529296875,1,75.19395446777344,74.7251968383789,0.46875762939453125,1
random_005,1,21,"29.375,17.500,0.312","33.125,30.625,0.938",81.10629272460938,78.98062133789062,2.12567138671875,1,69.92644500732422,69.25532531738281,0.6711196899414062,1
random_005,1,22,"29.375,17.500,0.312","11.875,36.250,2.188",75.5653076171875,74.96978759765625,0.59552001953125,1,74.29362487792969,73.86369323730469,0.429931640625,1
random_005,1,23,"29.375,17.500,0.312","23.125,30.625,0.938",75.77247619628906,72.30562591552734,3.4668502807617188,1,69.85531616210938,70.29621887207031,0.4409027099609375,1
random_005,1,24,"29.375,17.500,0.312","13.750,36.250,2.188",82.91495513916016,77.57921600341797,5.3357391357421875,1,73.76220703125,74.2989501953125,0.5367431640625,1
random_005,1,25,"29.375,17.500,0.312","26.875,32.500,0.312",81.94861602783203,80.40100860595703,1.547607421875,1,69.48726654052734,70.0113296508789,0.5240631103515625,1
random_005,1,26,"29.375,17.500,0.312","35.625,16.250,0.938",63.01096725463867,62.712398529052734,0.2985687255859375,1,61.2056770324707,60.983238220214844,0.22243881225585938,1
random_005,1,27,"29.375,17.500,0.312","3.125,37.500,2.188",85.7952880859375,82.46199798583984,3.3332901000976562,1,75.08805847167969,75.55023193359375,0.4621734619140625,1
random_005,1,28,"29.375,17.500,0.312","21.250,24.375,0.938",66.84720611572266,67.09278869628906,0.24558258056640625,1,67.265869140625,66.52135467529297,0.7445144653320312,1
random_005,1,29,"29.375,17.500,0.312","16.250,29.375,0.938",71.22636413574219,71.05021667480469,0.1761474609375,1,69.94217681884766,68.08619689941406,1.8559799194335938,1
random_005,2,3,"35.625,10.000,1.562","28.750,12.500,0.938",64.17921447753906,64.88034057617188,0.7011260986328125,1,63.75299835205078,64.0891342163086,0.3361358642578125,1
random_005,2,4,"35.625,10.000,1.562","1.875,18.125,1.562",86.51951599121094,83.83868408203125,2.6808319091796875,1,76.10301208496094,75.80792999267578,0.29508209228515625,1
random_005,2,5,"35.625,10.000,1.562","15.000,3.125,0.312",78.4780502319336,80.67442321777344,2.1963729858398438,1,74.96707916259766,74.04686737060547,0.9202117919921875,1
random_005,2,6,"35.625,10.000,1.562","37.500,37.500,0.312",91.55377197265625,85.73226165771484,5.821510314941406,1,73.5936050415039,73.20246887207031,0.39113616943359375,1
random_005,2,7,"35.625,10.000,1.562","15.000,11.250,1.562",79.15794372558594,80.88285064697266,1.7249069213867188,1,72.26707458496094,71.70741271972656,0.559661865234375,1
random_005,2,8,"35.625,10.000,1.562","27.500,16.875,0.938",65.86774444580078,66.81216430664062,0.9444198608398438,1,64.58992767333984,64.63272857666016,0.0428009033203125,1
random_005,2,9,"35.625,10.000,1.562","1.250,36.875,0.312",82.80742645263672,80.98828887939453,1.8191375732421875,1,76.16385650634766,76.59109497070312,0.42723846435546875,1
random_005,2,10,"35.625,10.000,1.562","28.750,3.125,1.562",69.56134796142578,74.40167999267578,4.84033203125,1,69.1093521118164,68.80760192871094,0.30175018310546875,1
random_005,2,11,"35.625,10.000,1.562","19.375,14.375,2.188",78.07788848876953,76.69486999511719,1.3830184936523438,1,70.80123138427734,71.94377136230469,1.1425399780273438,1
random_005,2,12,"35.625,10.000,1.562","15.625,21.250,0.312",75.11305236816406,77.01919555664062,1.9061431884765625,1,71.712158203125,72.50418090820312,0.792022705078125,1
random_005,2,13,"35.625,10.000,1.562","32.500,37.500,0.938",92.00199127197266,86.78884887695312,5.213142395019531,1,74.92505645751953,74.71562194824219,0.20943450927734375,1
random_005,2,14,"35.625,10.000,1.562","30.000,18.125,0.938",65.57632446289062,66.11264038085938,0.53631591796875,1,66.41301727294922,65.48777770996094,0.9252395629882812,1
random_005,2,15,"35.625,10.000,1.562","31.875,28.125,2.188",82.93004608154297,74.35379028320312,8.576255798339844,1,69.9329833984375,71.35980224609375,1.42681884765625,1
random_005,2,16,"35.625,10.000,1.562","31.250,2.500,0.312",66.80870056152344,70.76029205322266,3.9515914916992188,1,67.21568298339844,67.16827392578125,0.0474090576171875,1
random_005,2,17,"35.625,10.000,1.562","20.625,11.250,1.562",81.62847900390625,77.79183197021484,3.8366470336914062,1,70.70348358154297,72.9410400390625,2.2375564575195312,1
random_005,2,18,"35.625,10.000,1.562","18.750,27.500,0.312",73.31659698486328,73.65774536132812,0.34114837646484375,1,71.30989837646484,70.82240295410156,0.48749542236328125,1
random_005,2,19,"35.625,10.000,1.562","3.125,11.250,0.312",83.29158020019531,85.36418914794922,2.0726089477539062,1,73.68621826171875,76.75557708740234,3.0693588256835938,1
random_005,2,20,"35.625,10.000,1.562","1.250,33.125,1.562",78.06818389892578,77.7212905883789,0.346893310546875,1,75.50709533691406,76.70699310302734,1.1998977661132812,1
random_005,2,21,"35.625,10.000,1.562","33.125,30.625,0.938",83.01726531982422,79.62360382080078,3.3936614990234375,1,71.20407104492188,71.24620056152344,0.0421295166015625,1
random_005,2,22,"35.625,10.000,1.562","11.875,36.250,2.188",77.56531524658203,77.24352264404297,0.3217926025390625,1,75.63973236083984,75.76426696777344,0.12453460693359375,1
random_005,2,23,"35.625,10.000,1.562","23.125,30.625,0.938",84.82251739501953,78.03921508789062,6.783302307128906,1,73.58406829833984,75.71097564697266,2.1269073486328125,1
random_005,2,24,"35.625,10.000,1.562","13.750,36.250,2.188",84.01136016845703,80.98002624511719,3.0313339233398438,1,75.3189926147461,74.96372985839844,0.35526275634765625,1
random_005,2,25,"35.625,10.000,1.562","26.875,32.500,0.312",84.81448364257812,81.23152160644531,3.5829620361328125,1,73.46324157714844,76.14291381835938,2.6796722412109375,1
random_005,2,26,"35.625,10.000,1.562","35.625,16.250,0.938",61.925846099853516,62.00047302246094,0.07462692260742188,1,61.90046691894531,61.88749313354492,0.012973785400390625,1
random_005,2,27,"35.625,10.000,1.562","3.125,37.500,2.188",86.2059555053711,83.7266845703125,2.4792709350585938,1,77.32441711425781,78.24365234375,0.9192352294921875,1
random_005,2,28,"35.625,10.000,1.562","21.250,24.375,0.938",71.90058135986328,72.18978881835938,0.28920745849609375,1,69.27422332763672,69.94273376464844,0.6685104370117188,1
random_005,2,29,"35.625,10.000,1.562","16.250,29.375,0.938",74.47268676757812,74.66399383544922,0.19130706787109375,1,72.31796264648438,72.36605834960938,0.048095703125,1
random_005,3,4,"28.750,12.500,0.938","1.875,18.125,1.562",78.36247253417969,83.09197235107422,4.729499816894531,1,75.33245086669922,75.89857482910156,0.5661239624023438,1
random_005,3,5,"28.750,12.500,0.938","15.000,3.125,0.312",80.02230072021484,80.92440032958984,0.902099609375,1,73.99848937988281,73.55757904052734,0.44091033935546875,1
random_005,3,6,"28.750,12.500,0.938","37.500,37.500,0.312",92.53245544433594,87.21953582763672,5.312919616699219,1,78.77102661132812,78.56858825683594,0.2024383544921875,1
random_005,3,7,"28.750,12.500,0.938","15.000,11.250,1.562",71.97427368164062,76.24906921386719,4.2747955322265625,1,68.6292953491211,68.57906341552734,0.05023193359375,1
random_005,3,8,"28.750,12.500,0.938","27.500,16.875,0.938",59.57789993286133,59.88479232788086,0.30689239501953125,1,59.673763275146484,59.5038948059082,0.16986846923828125,1
random_005,3,9,"28.750,12.500,0.938","1.250,36.875,0.312",83.37825012207031,83.35081481933594,0.027435302734375,1,79.23760986328125,78.3001480102539,0.9374618530273438,1
random_005,3,10,"28.750,12.500,0.938","28.750,3.125,1.562",78.30352020263672,74.62712860107422,3.6763916015625,1,66.54290771484375,67.36625671386719,0.8233489990234375,1
random_005,3,11,"28.750,12.500,0.938","19.375,14.375,2.188",67.56543731689453,67.8462905883789,0.280853271484375,1,66.86112213134766,66.54230499267578,0.318817138671875,1
random_005,3,12,"28.750,12.500,0.938","15.625,21.250,0.312",72.2178955078125,71.33769989013672,0.8801956176757812,1,72.98668670654297,66.70999145507812,6.276695251464844,1
random_005,3,13,"28.750,12.500,0.938","32.500,37.500,0.938",92.25912475585938,89.06388854980469,3.1952362060546875,1,77.00181579589844,76.86984252929688,0.1319732666015625,1
random_005,3,14,"28.750,12.500,0.938","30.000,18.125,0.938",61.622314453125,61.67219924926758,0.049884796142578125,1,62.673744201660156,62.61901092529297,0.0547332763671875,1
random_005,3,15,"28.750,12.500,0.938","31.875,28.125,2.188",83.37962341308594,78.64988708496094,4.729736328125,1,78.920654296875,71.1233901977539,7.797264099121094,1
random_005,3,16,"28.750,12.500,0.938","31.250,2.500,0.312",77.84443664550781,67.7794189453125,10.065017700195312,1,68.10492706298828,66.5838851928711,1.5210418701171875,1
random_005,3,17,"28.750,12.500,0.938","20.625,11.250,1.562",66.44063568115234,65.67324829101562,0.7673873901367188,1,65.07170104980469,65.91741943359375,0.8457183837890625,1
random_005,3,18,"28.750,12.500,0.938","18.750,27.500,0.312",71.04170989990234,71.11378479003906,0.07207489013671875,1,67.86873626708984,67.43102264404297,0.437713623046875,1
random_005,3,19,"28.750,12.500,0.938","3.125,11.250,0.312",76.78269958496094,84.97318267822266,8.190483093261719,1,73.05126953125,73.05767822265625,0.00640869140625,1
random_005,3,20,"28.750,12.500,0.938","1.250,33.125,1.562",80.43375396728516,81.21552276611328,0.781768798828125,1,75.50282287597656,75.4182357788086,0.08458709716796875,1
random_005,3,21,"28.750,12.500,0.938","33.125,30.625,0.938",84.01679229736328,83.16674041748047,0.8500518798828125,1,78.87686920166016,71.49129486083984,7.3855743408203125,1
random_005,3,22,"28.750,12.500,0.938","11.875,36.250,2.188",75.23159790039062,74.60612487792969,0.6254730224609375,1,72.61441040039062,72.57971954345703,0.03469085693359375,1
random_005,3,23,"28.750,12.500,0.938","23.125,30.625,0.938",82.28483581542969,74.61862182617188,7.6662139892578125,1,71.76598358154297,71.8223876953125,0.05640411376953125,1
random_005,3,24,"28.750,12.500,0.938","13.750,36.250,2.188",74.50856018066406,74.34102630615234,0.16753387451171875,1,74.164306640625,74.0760726928711,0.08823394775390625,1
random_005,3,25,"28.750,12.500,0.938","26.875,32.500,0.312",84.65313720703125,84.66586303710938,0.012725830078125,1,70.72782897949219,70.75009155273438,0.0222625732421875,1
random_005,3,26,"28.750,12.500,0.938","35.625,16.250,0.938",63.72443771362305,63.710113525390625,0.014324188232421875,1,63.00807571411133,63.136192321777344,0.12811660766601562,1
random_005,3,27,"28.750,12.500,0.938","3.125,37.500,2.188",86.9368896484375,84.3418197631836,2.5950698852539062,1,78.46221160888672,77.79837799072266,0.6638336181640625,1
random_005,3,28,"28.750,12.500,0.938","21.250,24.375,0.938",69.21761322021484,69.13602447509766,0.0815887451171875,1,69.32758331298828,69.55691528320312,0.22933197021484375,1
random_005,3,29,"28.750,12.500,0.938","16.250,29.375,0.938",72.34526062011719,72.41866302490234,0.07340240478515625,1,70.9104232788086,70.59773254394531,0.31269073486328125,1
random_005,4,5,"1.875,18.125,1.562","15.000,3.125,0.312",75.68123626708984,79.22587585449219,3.5446395874023438,1,73.8348388671875,73.12600708007812,0.708831787109375,1
random_005,4,6,"1.875,18.125,1.562","37.500,37.500,0.312",87.42281341552734,87.03009033203125,0.39272308349609375,1,76.31922912597656,76.55162048339844,0.232391357421875,1
random_005,4,7,"1.875,18.125,1.562","15.000,11.250,1.562",68.88188171386719,70.47086334228516,1.5889816284179688,1,69.30329132080078,69.2537841796875,0.04950714111328125,1
random_005,4,8,"1.875,18.125,1.562","27.500,16.875,0.938",74.33285522460938,74.78865051269531,0.4557952880859375,1,75.53345489501953,75.85234069824219,0.31888580322265625,1
random_005,4,9,"1.875,18.125,1.562","1.250,36.875,0.312",71.34232330322266,71.0547103881836,0.2876129150390625,1,68.97845458984375,68.90335845947266,0.07509613037109375,1
random_005,4,10,"1.875,18.125,1.562","28.750,3.125,1.562",77.07211303710938,78.70793914794922,1.6358261108398438,1,77.43892669677734,76.28357696533203,1.1553497314453125,1
random_005,4,11,"1.875,18.125,1.562","19.375,14.375,2.188",71.56578826904297,71.90755462646484,0.341766357421875,1,70.56062316894531,70.61416625976562,0.0535430908203125,1
random_005,4,12,"1.875,18.125,1.562","15.625,21.250,0.312",68.95438385009766,69.41609954833984,0.4617156982421875,1,69.8664779663086,70.04110717773438,0.17462921142578125,1
random_005,4,13,"1.875,18.125,1.562","32.500,37.500,0.938",84.16128540039062,81.68151092529297,2.4797744750976562,1,76.73197937011719,76.17233276367188,0.5596466064453125,1
random_005,4,14,"1.875,18.125,1.562","30.000,18.125,0.938",75.13040924072266,75.32894134521484,0.1985321044921875,1,74.49906158447266,74.59335327148438,0.09429168701171875,1
random_005,4,15,"1.875,18.125,1.562","31.875,28.125,2.188",76.00318908691406,75.73809051513672,0.26509857177734375,1,73.44556427001953,73.81026458740234,0.3647003173828125,1
random_005,4,16,"1.875,18.125,1.562","31.250,2.500,0.312",83.32003021240234,84.68240356445312,1.3623733520507812,1,74.76628112792969,74.02230072021484,0.7439804077148438,1
random_005,4,17,"1.875,18.125,1.562","20.625,11.250,1.562",71.96784973144531,72.60234832763672,0.6344985961914062,1,73.05598449707031,73.11598205566406,0.05999755859375,1
random_005,4,18,"1.875,18.125,1.562","18.750,27.500,0.312",83.33744812011719,75.06790924072266,8.269538879394531,1,71.4990234375,71.76803588867188,0.269012451171875,1
random_005,4,19,"1.875,18.125,1.562","3.125,11.250,0.312",64.4184799194336,66.85084533691406,2.4323654174804688,1,64.27064514160156,64.287841796875,0.0171966552734375,1
random_005,4,20,"1.875,18.125,1.562","1.250,33.125,1.562",69.6591796875,69.05402374267578,0.6051559448242188,1,66.4878158569336,67.33451843261719,0.8467025756835938,1
random_005,4,21,"1.875,18.125,1.562","33.125,30.625,0.938",76.54573822021484,76.44293212890625,0.10280609130859375,1,73.4500732421875,73.3351821899414,0.11489105224609375,1
random_005,4,22,"1.875,18.125,1.562","11.875,36.250,2.188",72.28892517089844,71.89014434814453,0.39878082275390625,1,70.75796508789062,70.56260681152344,0.1953582763671875,1
random_005,4,23,"1.875,18.125,1.562","23.125,30.625,0.938",76.40360260009766,76.63004302978516,0.2264404296875,1,72.20591735839844,71.89120483398438,0.3147125244140625,1
random_005,4,24,"1.875,18.125,1.562","13.750,36.250,2.188",72.45406341552734,72.14655303955078,0.3075103759765625,1,69.98593139648438,70.9448013305664,0.9588699340820312,1
random_005,4,25,"1.875,18.125,1.562","26.875,32.500,0.312",78.49565124511719,78.27699279785156,0.218658447265625,1,72.64683532714844,72.36188507080078,0.28495025634765625,1
random_005,4,26,"1.875,18.125,1.562","35.625,16.250,0.938",76.189697265625,76.22945404052734,0.03975677490234375,1,73.9831771850586,74.11656188964844,0.13338470458984375,1
random_005,4,27,"1.875,18.125,1.562","3.125,37.500,2.188",71.79888916015625,71.21196746826172,0.5869216918945312,1,71.07188415527344,71.2174301147461,0.14554595947265625,1
random_005,4,28,"1.875,18.125,1.562","21.250,24.375,0.938",71.94554138183594,72.48039245605469,0.53485107421875,1,70.70884704589844,70.76626586914062,0.0574188232421875,1
random_005,4,29,"1.875,18.125,1.562","16.250,29.375,0.938",71.03461456298828,70.92672729492188,0.10788726806640625,1,68.331298828125,69.49742126464844,1.1661224365234375,1
random_005,5,6,"15.000,3.125,0.312","37.500,37.500,0.312",90.23021697998047,92.70880889892578,2.4785919189453125,1,88.88658142089844,84.23400115966797,4.652580261230469,1
random_005,5,7,"15.000,3.125,0.312","15.000,11.250,1.562",64.91979217529297,64.63719940185547,0.2825927734375,1,65.81441497802734,65.8026351928711,0.01177978515625,1
random_005,5,8,"15.000,3.125,0.312","27.500,16.875,0.938",75.52347564697266,78.88455200195312,3.3610763549804688,1,71.43028259277344,71.69905853271484,0.26877593994140625,1
random_005,5,9,"15.000,3.125,0.312","1.250,36.875,0.312",76.78050231933594,76.6766586303711,0.10384368896484375,1,80.8150634765625,79.91034698486328,0.9047164916992188,1
random_005,5,10,"15.000,3.125,0.312","28.750,3.125,1.562",67.87824249267578,67.6425552368164,0.235687255859375,1,67.67127227783203,67.15999603271484,0.5112762451171875,1
random_005,5,11,"15.000,3.125,0.312","19.375,14.375,2.188",67.89134979248047,67.89106750488281,0.00028228759765625,1,68.6158676147461,68.69620513916016,0.0803375244140625,1
random_005,5,12,"15.000,3.125,0.312","15.625,21.250,0.312",71.39201354980469,71.45264434814453,0.06063079833984375,1,72.85697174072266,71.3472671508789,1.50970458984375,1
random_005,5,13,"15.000,3.125,0.312","32.500,37.500,0.938",89.99128723144531,88.71056365966797,1.2807235717773438,1,80.93182373046875,81.19620513916016,0.26438140869140625,1
random_005,5,14,"15.000,3.125,0.312","30.000,18.125,0.938",77.81915283203125,86.5869140625,8.76776123046875,1,73.79673767089844,71.38655853271484,2.4101791381835938,1
random_005,5,15,"15.000,3.125,0.312","31.875,28.125,2.188",87.2433090209961,91.4583740234375,4.215065002441406,1,79.72314453125,78.58900451660156,1.1341400146484375,1
random_005,5,16,"15.000,3.125,0.312","31.250,2.500,0.312",69.2490463256836,68.85014343261719,0.39890289306640625,1,69.4344482421875,70.19181060791016,0.7573623657226562,1
random_005,5,17,"15.000,3.125,0.312","20.625,11.250,1.562",68.70809936523438,69.2972640991211,0.5891647338867188,1,66.17675018310547,67.1822280883789,1.0054779052734375,1
random_005,5,18,"15.000,3.125,0.312","18.750,27.500,0.312",73.8859634399414,74.01832580566406,0.13236236572265625,1,77.36170959472656,77.62629699707031,0.26458740234375,1
random_005,5,19,"15.000,3.125,0.312","3.125,11.250,0.312",69.08512115478516,68.72570037841797,0.3594207763671875,1,68.79789733886719,68.82572937011719,0.02783203125,1
random_005,5,20,"15.000,3.125,0.312","1.250,33.125,1.562",76.12529754638672,75.84629821777344,0.27899932861328125,1,73.2026138305664,71.8821029663086,1.3205108642578125,1
random_005,5,21,"15.000,3.125,0.312","33.125,30.625,0.938",85.52180480957031,89.32371520996094,3.801910400390625,1,79.9504165649414,79.64160919189453,0.308807373046875,1
random_005,5,22,"15.000,3.125,0.312","11.875,36.250,2.188",76.51248931884766,76.51250457763672,1.52587890625e-05,1,73.76880645751953,73.95236206054688,0.18355560302734375,1
random_005,5,23,"15.000,3.125,0.312","23.125,30.625,0.938",75.11760711669922,75.35552978515625,0.23792266845703125,1,74.38737487792969,74.3492431640625,0.0381317138671875,1
random_005,5,24,"15.000,3.125,0.312","13.750,36.250,2.188",76.21112060546875,76.52070617675781,0.3095855712890625,1,74.09290313720703,74.53499603271484,0.4420928955078125,1
random_005,5,25,"15.000,3.125,0.312","26.875,32.500,0.312",79.71300506591797,80.21856689453125,0.5055618286132812,1,79.18745422363281,77.79835510253906,1.38909912109375,1
random_005,5,26,"15.000,3.125,0.312","35.625,16.250,0.938",81.62328338623047,86.35232543945312,4.729042053222656,1,77.05436706542969,75.9284896850586,1.1258773803710938,1
random_005,5,27,"15.000,3.125,0.312","3.125,37.500,2.188",77.2131118774414,76.69871520996094,0.5143966674804688,1,74.97349548339844,73.98051452636719,0.99298095703125,1
random_005,5,28,"15.000,3.125,0.312","21.250,24.375,0.938",73.00148010253906,73.16935729980469,0.167877197265625,1,70.96148681640625,71.02521514892578,0.06372833251953125,1
random_005,5,29,"15.000,3.125,0.312","16.250,29.375,0.938",74.66691589355469,74.75144958496094,0.08453369140625,1,72.2203598022461,72.22467803955078,0.0043182373046875,1
random_005,6,7,"37.500,37.500,0.312","15.000,11.250,1.562",88.80229187011719,88.4826889038086,0.31960296630859375,1,80.1302719116211,80.363525390625,0.23325347900390625,1
random_005,6,8,"37.500,37.500,0.312","27.500,16.875,0.938",86.11158752441406,89.92693328857422,3.8153457641601562,1,74.8316879272461,74.50737762451172,0.324310302734375,1
random_005,6,9,"37.500,37.500,0.312","1.250,36.875,0.312",83.65245056152344,80.48922729492188,3.1632232666015625,1,84.14509582519531,82.69496154785156,1.45013427734375,1
random_005,6,10,"37.500,37.500,0.312","28.750,3.125,1.562",93.76898193359375,91.24905395507812,2.519927978515625,1,77.47637939453125,82.3862075805664,4.909828186035156,1
random_005,6,11,"37.500,37.500,0.312","19.375,14.375,2.188",89.26890563964844,89.15911865234375,0.1097869873046875,1,78.7180404663086,79.81016540527344,1.0921249389648438,1
random_005,6,12,"37.500,37.500,0.312","15.625,21.250,0.312",84.64385986328125,81.50125122070312,3.142608642578125,1,77.23099517822266,79.87153625488281,2.6405410766601562,1
random_005,6,13,"37.500,37.500,0.312","32.500,37.500,0.938",59.25315856933594,59.12831115722656,0.124847412109375,1,58.89910888671875,58.492462158203125,0.406646728515625,1
random_005,6,14,"37.500,37.500,0.312","30.000,18.125,0.938",84.94268035888672,89.14109802246094,4.198417663574219,1,72.78646850585938,71.64128112792969,1.1451873779296875,1
random_005,6,15,"37.500,37.500,0.312","31.875,28.125,2.188",68.45281219482422,75.97100830078125,7.518196105957031,1,67.85671997070312,67.99935150146484,0.14263153076171875,1
random_005,6,16,"37.500,37.500,0.312","31.250,2.500,0.312",93.82998657226562,92.11427307128906,1.7157135009765625,1,84.57546997070312,82.83526611328125,1.740203857421875,1
random_005,6,17,"37.500,37.500,0.312","20.625,11.250,1.562",90.1284408569336,89.71268463134766,0.4157562255859375,1,80.2467269897461,80.11139678955078,0.1353302001953125,1
random_005,6,18,"37.500,37.500,0.312","18.750,27.500,0.312",76.06092834472656,76.14752197265625,0.0865936279296875,1,74.5737533569336,75.57131958007812,0.9975662231445312,1
random_005,6,19,"37.500,37.500,0.312","3.125,11.250,0.312",85.814697265625,88.36746978759766,2.5527725219726562,1,80.88311767578125,80.76850128173828,0.11461639404296875,1
random_005,6,20,"37.500,37.500,0.312","1.250,33.125,1.562",79.0272216796875,80.96420288085938,1.936981201171875,1,80.50804901123047,80.362548828125,0.14550018310546875,1
random_005,6,21,"37.500,37.500,0.312","33.125,30.625,0.938",66.78311157226562,68.09034729003906,1.3072357177734375,1,66.85332489013672,66.99443817138672,0.14111328125,1
random_005,6,22,"37.500,37.500,0.312","11.875,36.250,2.188",72.65081787109375,72.95507049560547,0.30425262451171875,1,71.17963409423828,71.55256652832031,0.37293243408203125,1
random_005,6,23,"37.500,37.500,0.312","23.125,30.625,0.938",73.17779541015625,72.9859848022461,0.19181060791015625,1,69.86151123046875,70.75995635986328,0.8984451293945312,1
random_005,6,24,"37.500,37.500,0.312","13.750,36.250,2.188",72.13948059082031,72.21987915039062,0.0803985595703125,1,69.97266387939453,69.04994201660156,0.9227218627929688,1
random_005,6,25,"37.500,37.500,0.312","26.875,32.500,0.312",71.07884979248047,70.92500305175781,0.15384674072265625,1,69.13971710205078,69.08203887939453,0.05767822265625,1
random_005,6,26,"37.500,37.500,0.312","35.625,16.250,0.938",84.93440246582031,90.80645751953125,5.8720550537109375,1,72.73365020751953,75.28571319580078,2.55206298828125,1
random_005,6,27,"37.500,37.500,0.312","3.125,37.500,2.188",86.4307861328125,81.86031341552734,4.570472717285156,1,73.82286834716797,76.54020690917969,2.7173385620117188,1
random_005,6,28,"37.500,37.500,0.312","21.250,24.375,0.938",75.86200714111328,78.81678009033203,2.95477294921875,1,73.68804168701172,73.76527404785156,0.07723236083984375,1
random_005,6,29,"37.500,37.500,0.312","16.250,29.375,0.938",75.989501953125,75.71121215820312,0.278289794921875,1,72.97955322265625,72.64295959472656,0.3365936279296875,1
random_005,7,8,"15.000,11.250,1.562","27.500,16.875,0.938",69.2032241821289,68.55018615722656,0.6530380249023438,1,69.10734558105469,70.22984313964844,1.12249755859375,1
random_005,7,9,"15.000,11.250,1.562","1.250,36.875,0.312",74.96510314941406,74.7851333618164,0.17996978759765625,1,72.38011932373047,71.49876403808594,0.8813552856445312,1
random_005,7,10,"15.000,11.250,1.562","28.750,3.125,1.562",73.9944839477539,73.17025756835938,0.8242263793945312,1,71.19125366210938,70.86278533935547,0.32846832275390625,1
random_005,7,11,"15.000,11.250,1.562","19.375,14.375,2.188",61.372867584228516,61.69865798950195,0.3257904052734375,1,61.215938568115234,61.33278274536133,0.11684417724609375,1
random_005,7,12,"15.000,11.250,1.562","15.625,21.250,0.312",66.61650848388672,66.9686508178711,0.352142333984375,1,65.23932647705078,66.39077758789062,1.1514511108398438,1
random_005,7,13,"15.000,11.250,1.562","32.500,37.500,0.938",88.19366455078125,88.51040649414062,0.316741943359375,1,77.45386505126953,76.79234313964844,0.6615219116210938,1
random_005,7,14,"15.000,11.250,1.562","30.000,18.125,0.938",71.19996643066406,70.37968444824219,0.820281982421875,1,69.53744506835938,68.54684448242188,0.9906005859375,1
random_005,7,15,"15.000,11.250,1.562","31.875,28.125,2.188",83.83627319335938,77.9118881225586,5.924385070800781,1,75.525390625,75.55985260009766,0.03446197509765625,1
random_005,7,16,"15.000,11.250,1.562","31.250,2.500,0.312",75.29508972167969,74.68111419677734,0.6139755249023438,1,74.04743957519531,73.3874740600586,0.6599655151367188,1
random_005,7,17,"15.000,11.250,1.562","20.625,11.250,1.562",61.210548400878906,61.34980392456055,0.13925552368164062,1,61.405860900878906,61.57727813720703,0.171417236328125,1
random_005,7,18,"15.000,11.250,1.562","18.750,27.500,0.312",70.51776885986328,70.9466323852539,0.428863525390625,1,72.09522247314453,70.60649871826172,1.4887237548828125,1
random_005,7,19,"15.000,11.250,1.562","3.125,11.250,0.312",67.70071411132812,68.04238891601562,0.3416748046875,1,67.16500854492188,67.16151428222656,0.0034942626953125,1
random_005,7,20,"15.000,11.250,1.562","1.250,33.125,1.562",74.19635009765625,73.72000885009766,0.47634124755859375,1,74.28295135498047,73.99659729003906,0.28635406494140625,1
random_005,7,21,"15.000,11.250,1.562","33.125,30.625,0.938",81.77691650390625,79.15074157714844,2.6261749267578125,1,77.49406433105469,76.74745178222656,0.746612548828125,1
random_005,7,22,"15.000,11.250,1.562","11.875,36.250,2.188",74.46282958984375,74.3780288696289,0.08480072021484375,1,72.53050231933594,72.7398910522461,0.20938873291015625,1
random_005,7,23,"15.000,11.250,1.562","23.125,30.625,0.938",72.4512939453125,72.7225341796875,0.271240234375,1,72.2081069946289,71.61138916015625,0.5967178344726562,1
random_005,7,24,"15.000,11.250,1.562","13.750,36.250,2.188",74.27820587158203,74.2448959350586,0.0333099365234375,1,72.82403564453125,73.64070129394531,0.8166656494140625,1
random_005,7,25,"15.000,11.250,1.562","26.875,32.500,0.312",73.52519226074219,73.98675537109375,0.4615631103515625,1,72.4501724243164,72.4041519165039,0.0460205078125,1
random_005,7,26,"15.000,11.250,1.562","35.625,16.250,0.938",73.41438293457031,72.93018341064453,0.48419952392578125,1,73.21734619140625,72.6795883178711,0.5377578735351562,1
random_005,7,27,"15.000,11.250,1.562","3.125,37.500,2.188",75.36431121826172,74.82133483886719,0.5429763793945312,1,76.06730651855469,74.210693359375,1.8566131591796875,1
random_005,7,28,"15.000,11.250,1.562","21.250,24.375,0.938",69.68473052978516,69.67792510986328,0.006805419921875,1,68.60099792480469,68.60234069824219,0.0013427734375,1
random_005,7,29,"15.000,11.250,1.562","16.250,29.375,0.938",71.70024871826172,71.93379211425781,0.23354339599609375,1,69.93283081054688,69.9595718383789,0.02674102783203125,1
random_005,8,9,"27.500,16.875,0.938","1.250,36.875,0.312",81.02798461914062,78.60352325439453,2.4244613647460938,1,76.143798828125,75.49040985107422,0.6533889770507812,1
random_005,8,10,"27.500,16.875,0.938","28.750,3.125,1.562",81.61709594726562,75.6455307006836,5.971565246582031,1,68.13960266113281,68.50554656982422,0.36594390869140625,1
random_005,8,11,"27.500,16.875,0.938","19.375,14.375,2.188",65.35470581054688,65.50120544433594,0.1464996337890625,1,65.35851287841797,65.41067504882812,0.05216217041015625,1
random_005,8,12,"27.500,16.875,0.938","15.625,21.250,0.312",68.11517333984375,68.06574249267578,0.04943084716796875,1,67.48576354980469,68.1201400756836,0.6343765258789062,1
random_005,8,13,"27.500,16.875,0.938","32.500,37.500,0.938",90.04843139648438,86.8360366821289,3.2123947143554688,1,73.24220275878906,73.62268829345703,0.38048553466796875,1
random_005,8,14,"27.500,16.875,0.938","30.000,18.125,0.938",55.691253662109375,55.44417190551758,0.24708175659179688,1,55.193321228027344,55.65613555908203,0.4628143310546875,1
random_005,8,15,"27.500,16.875,0.938","31.875,28.125,2.188",81.1642074584961,73.06785583496094,8.096351623535156,1,68.6446762084961,68.64861297607422,0.003936767578125,1
random_005,8,16,"27.500,16.875,0.938","31.250,2.500,0.312",81.80806732177734,71.31971740722656,10.488349914550781,1,69.30792999267578,69.84506225585938,0.5371322631835938,1
random_005,8,17,"27.500,16.875,0.938","20.625,11.250,1.562",65.3655014038086,65.54798889160156,0.18248748779296875,1,64.39720916748047,64.53095245361328,0.1337432861328125,1
random_005,8,18,"27.500,16.875,0.938","18.750,27.500,0.312",68.90889739990234,68.87560272216797,0.033294677734375,1,67.54264068603516,66.8624496459961,0.6801910400390625,1
random_005,8,19,"27.500,16.875,0.938","3.125,11.250,0.312",76.1945571899414,75.89067840576172,0.3038787841796875,1,72.95587158203125,72.73680877685547,0.21906280517578125,1
random_005,8,20,"27.500,16.875,0.938","1.250,33.125,1.562",77.0916976928711,75.77625274658203,1.3154449462890625,1,75.82074737548828,73.87850189208984,1.9422454833984375,1
random_005,8,21,"27.500,16.875,0.938","33.125,30.625,0.938",82.22705078125,79.63676452636719,2.5902862548828125,1,72.44110870361328,72.2855224609375,0.15558624267578125,1
random_005,8,22,"27.500,16.875,0.938","11.875,36.250,2.188",74.1888427734375,73.67814636230469,0.5106964111328125,1,72.2899169921875,72.33466339111328,0.04474639892578125,1
random_005,8,23,"27.500,16.875,0.938","23.125,30.625,0.938",72.47795104980469,71.94589233398438,0.5320587158203125,1,70.17886352539062,70.50269317626953,0.32382965087890625,1
random_005,8,24,"27.500,16.875,0.938","13.750,36.250,2.188",73.67729187011719,73.24446105957031,0.432830810546875,1,73.90631866455078,74.21393585205078,0.3076171875,1
random_005,8,25,"27.500,16.875,0.938","26.875,32.500,0.312",82.59654235839844,80.71172332763672,1.8848190307617188,1,69.00756072998047,68.9765625,0.03099822998046875,1
random_005,8,26,"27.500,16.875,0.938","35.625,16.250,0.938",64.93891906738281,64.93901824951172,9.918212890625e-05,1,63.28593826293945,63.230281829833984,0.05565643310546875,1
random_005,8,27,"27.500,16.875,0.938","3.125,37.500,2.188",85.06648254394531,81.0958480834961,3.9706344604492188,1,75.813720703125,76.1122817993164,0.29856109619140625,1
random_005,8,28,"27.500,16.875,0.938","21.250,24.375,0.938",66.5516357421875,66.587158203125,0.0355224609375,1,66.40754699707031,66.15324401855469,0.254302978515625,1
random_005,8,29,"27.500,16.875,0.938","16.250,29.375,0.938",70.71708679199219,70.48439025878906,0.232696533203125,1,69.56422424316406,69.38166046142578,0.18256378173828125,1
random_005,9,10,"1.250,36.875,0.312","28.750,3.125,1.562",89.07572937011719,83.75725555419922,5.318473815917969,1,77.3792495727539,77.18657684326172,0.1926727294921875,1
random_005,9,11,"1.250,36.875,0.312","19.375,14.375,2.188",74.2924575805664,75.02916717529297,0.7367095947265625,1,71.62176513671875,72.55284881591797,0.9310836791992188,1
random_005,9,12,"1.250,36.875,0.312","15.625,21.250,0.312",71.3802261352539,72.37022399902344,0.9899978637695312,1,73.38737487792969,72.82337951660156,0.563995361328125,1
random_005,9,13,"1.250,36.875,0.312","32.500,37.500,0.938",79.07276916503906,85.71014404296875,6.6373748779296875,1,75.29351806640625,74.5000991821289,0.7934188842773438,1
random_005,9,14,"1.250,36.875,0.312","30.000,18.125,0.938",79.68094635009766,82.6083984375,2.9274520874023438,1,74.4176025390625,74.89058685302734,0.47298431396484375,1
random_005,9,15,"1.250,36.875,0.312","31.875,28.125,2.188",79.15418243408203,83.18037414550781,4.026191711425781,1,74.29082489013672,73.88127136230469,0.40955352783203125,1
random_005,9,16,"1.250,36.875,0.312","31.250,2.500,0.312",89.74147033691406,86.48619842529297,3.2552719116210938,1,84.1922607421875,81.18614959716797,3.0061111450195312,1
random_005,9,17,"1.250,36.875,0.312","20.625,11.250,1.562",74.76467895507812,75.73939514160156,0.9747161865234375,1,69.71981811523438,70.37146759033203,0.6516494750976562,1
random_005,9,18,"1.250,36.875,0.312","18.750,27.500,0.312",72.079345703125,72.76483917236328,0.6854934692382812,1,73.09699249267578,73.02338409423828,0.0736083984375,1
random_005,9,19,"1.250,36.875,0.312","3.125,11.250,0.312",87.79736328125,77.47246551513672,10.324897766113281,1,72.9874496459961,72.49551391601562,0.49193572998046875,1
random_005,9,20,"1.250,36.875,0.312","1.250,33.125,1.562",58.05525207519531,57.62017059326172,0.43508148193359375,1,55.57014846801758,55.56751251220703,0.002635955810546875,1
random_005,9,21,"1.250,36.875,0.312","33.125,30.625,0.938",79.83948516845703,84.72881317138672,4.8893280029296875,1,76.96920013427734,75.97447967529297,0.994720458984375,1
random_005,9,22,"1.250,36.875,0.312","11.875,36.250,2.188",68.20159149169922,67.98701477050781,0.21457672119140625,1,66.89389038085938,67.88203430175781,0.9881439208984375,1
random_005,9,23,"1.250,36.875,0.312","23.125,30.625,0.938",76.38175201416016,79.59413146972656,3.2123794555664062,1,73.21907043457031,71.45297241210938,1.7660980224609375,1
random_005,9,24,"1.250,36.875,0.312","13.750,36.250,2.188",69.25209045410156,69.53938293457031,0.28729248046875,1,68.03398895263672,67.72238159179688,0.31160736083984375,1
random_005,9,25,"1.250,36.875,0.312","26.875,32.500,0.312",82.2201919555664,85.01091003417969,2.7907180786132812,1,77.62324523925781,78.27059936523438,0.6473541259765625,1
random_005,9,26,"1.250,36.875,0.312","35.625,16.250,0.938",84.16703796386719,82.2347412109375,1.9322967529296875,1,80.7033462524414,78.54454803466797,2.1587982177734375,1
random_005,9,27,"1.250,36.875,0.312","3.125,37.500,2.188",55.217769622802734,56.161373138427734,0.943603515625,1,53.27423858642578,53.27271270751953,0.00152587890625,1
random_005,9,28,"1.250,36.875,0.312","21.250,24.375,0.938",76.22065734863281,77.31209564208984,1.0914382934570312,1,73.00489807128906,72.73596954345703,0.26892852783203125,1
random_005,9,29,"1.250,36.875,0.312","16.250,29.375,0.938",71.41922760009766,71.18634796142578,0.232879638671875,1,76.79808044433594,71.7453842163086,5.052696228027344,1
random_005,10,11,"28.750,3.125,1.562","19.375,14.375,2.188",75.78152465820312,81.9704818725586,6.188957214355469,1,72.40949249267578,71.99726104736328,0.4122314453125,1
random_005,10,12,"28.750,3.125,1.562","15.625,21.250,0.312",83.77629089355469,87.95697021484375,4.1806793212890625,1,74.64942169189453,75.00141906738281,0.35199737548828125,1
random_005,10,13,"28.750,3.125,1.562","32.500,37.500,0.938",92.215576171875,94.715087890625,2.49951171875,1,78.36384582519531,79.14868927001953,0.7848434448242188,1
random_005,10,14,"28.750,3.125,1.562","30.000,18.125,0.938",75.29962158203125,82.32470703125,7.02508544921875,1,69.92652130126953,69.49501037597656,0.43151092529296875,1
random_005,10,15,"28.750,3.125,1.562","31.875,28.125,2.188",89.52166748046875,91.85221862792969,2.3305511474609375,1,80.08940124511719,73.91355895996094,6.17584228515625,1
random_005,10,16,"28.750,3.125,1.562","31.250,2.500,0.312",55.50019836425781,56.042484283447266,0.5422859191894531,1,56.8370475769043,56.910099029541016,0.07305145263671875,1
random_005,10,17,"28.750,3.125,1.562","20.625,11.250,1.562",73.55817413330078,72.36210632324219,1.1960678100585938,1,71.56243133544922,71.26496887207031,0.29746246337890625,1
random_005,10,18,"28.750,3.125,1.562","18.750,27.500,0.312",84.45120239257812,89.7913818359375,5.340179443359375,1,76.40702056884766,77.55731201171875,1.1502914428710938,1
random_005,10,19,"28.750,3.125,1.562","3.125,11.250,0.312",73.47505187988281,75.15592956542969,1.680877685546875,1,70.97139739990234,71.11685943603516,0.1454620361328125,1
random_005,10,20,"28.750,3.125,1.562","1.250,33.125,1.562",83.08502960205078,88.84015655517578,5.755126953125,1,79.40364074707031,78.82477569580078,0.5788650512695312,1
random_005,10,21,"28.750,3.125,1.562","33.125,30.625,0.938",87.79505920410156,92.25760650634766,4.462547302246094,1,76.58438873291016,75.43802642822266,1.1463623046875,1
random_005,10,22,"28.750,3.125,1.562","11.875,36.250,2.188",86.3198471069336,90.82862091064453,4.5087738037109375,1,80.8389892578125,81.99996185302734,1.1609725952148438,1
random_005,10,23,"28.750,3.125,1.562","23.125,30.625,0.938",88.12852478027344,93.33541870117188,5.2068939208984375,1,83.19338989257812,76.94053649902344,6.2528533935546875,1
random_005,10,24,"28.750,3.125,1.562","13.750,36.250,2.188",86.15975189208984,90.70712280273438,4.547370910644531,1,81.54754638671875,81.1053466796875,0.44219970703125,1
random_005,10,25,"28.750,3.125,1.562","26.875,32.500,0.312",89.31379699707031,93.43671417236328,4.122917175292969,1,74.78512573242188,74.49397277832031,0.2911529541015625,1
random_005,10,26,"28.750,3.125,1.562","35.625,16.250,0.938",76.34040069580078,81.08906555175781,4.748664855957031,1,74.34761810302734,73.94445037841797,0.403167724609375,1
random_005,10,27,"28.750,3.125,1.562","3.125,37.500,2.188",85.7896499633789,89.78925323486328,3.999603271484375,1,79.06511688232422,79.09849548339844,0.03337860107421875,1
random_005,10,28,"28.750,3.125,1.562","21.250,24.375,0.938",83.70608520507812,89.56547546386719,5.8593902587890625,1,78.49162292480469,78.33226776123047,0.15935516357421875,1
random_005,10,29,"28.750,3.125,1.562","16.250,29.375,0.938",82.69064331054688,89.72019958496094,7.0295562744140625,1,77.29834747314453,77.05712890625,0.24121856689453125,1
random_005,11,12,"19.375,14.375,2.188","15.625,21.250,0.312",64.74732208251953,65.0191879272461,0.2718658447265625,1,64.54688262939453,64.43531799316406,0.11156463623046875,1
random_005,11,13,"19.375,14.375,2.188","32.500,37.500,0.938",89.33658599853516,89.9781494140625,0.6415634155273438,1,77.32450103759766,78.31368255615234,0.9891815185546875,1
random_005,11,14,"19.375,14.375,2.188","30.000,18.125,0.938",69.00313568115234,68.849853515625,0.15328216552734375,1,66.4579086303711,67.11781311035156,0.6599044799804688,1
random_005,11,15,"19.375,14.375,2.188","31.875,28.125,2.188",83.95933532714844,76.21133422851562,7.7480010986328125,1,73.90940856933594,73.7724380493164,0.13697052001953125,1
random_005,11,16,"19.375,14.375,2.188","31.250,2.500,0.312",82.76570892333984,81.18079376220703,1.5849151611328125,1,73.66925048828125,73.11654663085938,0.552703857421875,1
random_005,11,17,"19.375,14.375,2.188","20.625,11.250,1.562",57.19641876220703,57.16078567504883,0.035633087158203125,1,57.32542037963867,57.328407287597656,0.002986907958984375,1
random_005,11,18,"19.375,14.375,2.188","18.750,27.500,0.312",68.56737518310547,68.99896240234375,0.43158721923828125,1,67.73194122314453,67.75556182861328,0.02362060546875,1
random_005,11,19,"19.375,14.375,2.188","3.125,11.250,0.312",70.38408660888672,70.70231628417969,0.31822967529296875,1,69.55006408691406,70.32278442382812,0.7727203369140625,1
random_005,11,20,"19.375,14.375,2.188","1.250,33.125,1.562",74.33634948730469,73.53671264648438,0.7996368408203125,1,72.66442108154297,71.74848175048828,0.9159393310546875,1
random_005,11,21,"19.375,14.375,2.188","33.125,30.625,0.938",81.42892456054688,79.11671447753906,2.3122100830078125,1,75.82655334472656,75.13506317138672,0.6914901733398438,1
random_005,11,22,"19.375,14.375,2.188","11.875,36.250,2.188",76.93089294433594,76.89813995361328,0.03275299072265625,1,75.73640441894531,74.32589721679688,1.4105072021484375,1
random_005,11,23,"19.375,14.375,2.188","23.125,30.625,0.938",70.3928451538086,70.63134002685547,0.238494873046875,1,69.62345886230469,70.48003387451172,0.8565750122070312,1
random_005,11,24,"19.375,14.375,2.188","13.750,36.250,2.188",73.39928436279297,73.93579864501953,0.5365142822265625,1,73.23859405517578,72.80422973632812,0.43436431884765625,1
random_005,11,25,"19.375,14.375,2.188","26.875,32.500,0.312",75.32403564453125,75.44813537597656,0.1240997314453125,1,71.7183609008789,72.80844116210938,1.0900802612304688,1
random_005,11,26,"19.375,14.375,2.188","35.625,16.250,0.938",70.40055084228516,70.30702209472656,0.09352874755859375,1,70.07681274414062,70.84236907958984,0.7655563354492188,1
random_005,11,27,"19.375,14.375,2.188","3.125,37.500,2.188",75.27775573730469,74.27567291259766,1.0020828247070312,1,73.69630432128906,72.84716796875,0.8491363525390625,1
random_005,11,28,"19.375,14.375,2.188","21.250,24.375,0.938",66.6961441040039,66.65300750732422,0.0431365966796875,1,66.17333221435547,66.20121765136719,0.02788543701171875,1
random_005,11,29,"19.375,14.375,2.188","16.250,29.375,0.938",70.0047607421875,70.2865982055664,0.28183746337890625,1,70.3401870727539,70.63231658935547,0.2921295166015625,1
random_005,12,13,"15.625,21.250,0.312","32.500,37.500,0.938",79.3006362915039,78.406494140625,0.8941421508789062,1,72.72392272949219,73.22376251220703,0.49983978271484375,1
random_005,12,14,"15.625,21.250,0.312","30.000,18.125,0.938",69.44586944580078,69.4609375,0.01506805419921875,1,69.14561462402344,67.82595825195312,1.3196563720703125,1
random_005,12,15,"15.625,21.250,0.312","31.875,28.125,2.188",72.7296371459961,72.27770233154297,0.451934814453125,1,73.76930236816406,73.61937713623047,0.14992523193359375,1
random_005,12,16,"15.625,21.250,0.312","31.250,2.500,0.312",87.7497329711914,84.55844116210938,3.1912918090820312,1,79.35175323486328,77.92378234863281,1.4279708862304688,1
random_005,12,17,"15.625,21.250,0.312","20.625,11.250,1.562",67.5752182006836,67.36811065673828,0.2071075439453125,1,65.99137878417969,66.0318374633789,0.04045867919921875,1
random_005,12,18,"15.625,21.250,0.312","18.750,27.500,0.312",63.52295684814453,63.552337646484375,0.02938079833984375,1,61.8370361328125,61.84517288208008,0.008136749267578125,1
random_005,12,19,"15.625,21.250,0.312","3.125,11.250,0.312",70.01215362548828,69.51900482177734,0.4931488037109375,1,69.62831115722656,69.97516632080078,0.34685516357421875,1
random_005,12,20,"15.625,21.250,0.312","1.250,33.125,1.562",71.6959457397461,70.62310791015625,1.0728378295898438,1,71.03074645996094,70.49740600585938,0.5333404541015625,1
random_005,12,21,"15.625,21.250,0.312","33.125,30.625,0.938",72.38235473632812,72.3636245727539,0.01873016357421875,1,69.15199279785156,69.169189453125,0.0171966552734375,1
random_005,12,22,"15.625,21.250,0.312","11.875,36.250,2.188",70.37842559814453,69.67974090576172,0.6986846923828125,1,70.03529357910156,69.9250259399414,0.11026763916015625,1
random_005,12,23,"15.625,21.250,0.312","23.125,30.625,0.938",68.05341339111328,67.74244689941406,0.31096649169921875,1,67.57518005371094,67.42835235595703,0.14682769775390625,1
random_005,12,24,"15.625,21.250,0.312","13.750,36.250,2.188",69.99343872070312,69.8469009399414,0.14653778076171875,1,69.55708312988281,68.49652862548828,1.0605545043945312,1
random_005,12,25,"15.625,21.250,0.312","26.875,32.500,0.312",70.03304290771484,69.89269256591797,0.140350341796875,1,71.3096923828125,71.31425476074219,0.0045623779296875,1
random_005,12,26,"15.625,21.250,0.312","35.625,16.250,0.938",72.13955688476562,72.33270263671875,0.193145751953125,1,69.56935119628906,69.59901428222656,0.0296630859375,1
random_005,12,27,"15.625,21.250,0.312","3.125,37.500,2.188",72.61726379394531,70.8490219116211,1.7682418823242188,1,71.6533203125,71.48958587646484,0.16373443603515625,1
random_005,12,28,"15.625,21.250,0.312","21.250,24.375,0.938",62.712459564208984,63.40761947631836,0.695159912109375,1,61.66469192504883,61.670265197753906,0.005573272705078125,1
random_005,12,29,"15.625,21.250,0.312","16.250,29.375,0.938",64.73230743408203,65.053466796875,0.32115936279296875,1,64.69039154052734,65.66031646728516,0.9699249267578125,1
random_005,13,14,"32.500,37.500,0.938","30.000,18.125,0.938",86.20948028564453,88.99015045166016,2.780670166015625,1,72.82233428955078,72.88453674316406,0.06220245361328125,1
random_005,13,15,"32.500,37.500,0.938","31.875,28.125,2.188",67.02005004882812,77.35984802246094,10.339797973632812,1,66.93225860595703,67.14947509765625,0.21721649169921875,1
random_005,13,16,"32.500,37.500,0.938","31.250,2.500,0.312",93.82267761230469,92.56362915039062,1.2590484619140625,1,78.79353332519531,78.4578857421875,0.3356475830078125,1
random_005,13,17,"32.500,37.500,0.938","20.625,11.250,1.562",90.86175537109375,89.35578155517578,1.5059738159179688,1,77.9725341796875,77.23162841796875,0.74090576171875,1
random_005,13,18,"32.500,37.500,0.938","18.750,27.500,0.312",72.74491882324219,72.84095764160156,0.096038818359375,1,68.65072631835938,67.98818969726562,0.66253662109375,1
random_005,13,19,"32.500,37.500,0.938","3.125,11.250,0.312",84.3844985961914,85.51287841796875,1.1283798217773438,1,77.4302978515625,77.17666625976562,0.253631591796875,1
random_005,13,20,"32.500,37.500,0.938","1.250,33.125,1.562",78.27562713623047,79.46797943115234,1.192352294921875,1,73.10636901855469,73.19522857666016,0.08885955810546875,1
random_005,13,21,"32.500,37.500,0.938","33.125,30.625,0.938",65.31319427490234,73.270751953125,7.957557678222656,1,64.38619995117188,64.3668212890625,0.019378662109375,1
random_005,13,22,"32.500,37.500,0.938","11.875,36.250,2.188",71.24850463867188,71.3055419921875,0.057037353515625,1,67.58320617675781,67.59024047851562,0.0070343017578125,1
random_005,13,23,"32.500,37.500,0.938","23.125,30.625,0.938",69.7754898071289,69.49604034423828,0.279449462890625,1,66.27971649169922,66.37279510498047,0.09307861328125,1
random_005,13,24,"32.500,37.500,0.938","13.750,36.250,2.188",70.3969497680664,70.2510757446289,0.1458740234375,1,65.67267608642578,65.73009490966797,0.0574188232421875,1
random_005,13,25,"32.500,37.500,0.938","26.875,32.500,0.312",68.3282470703125,68.94759368896484,0.6193466186523438,1,68.22237396240234,68.39193725585938,0.16956329345703125,1
random_005,13,26,"32.500,37.500,0.938","35.625,16.250,0.938",86.6383285522461,90.95948791503906,4.321159362792969,1,72.8955307006836,74.46675109863281,1.5712203979492188,1
random_005,13,27,"32.500,37.500,0.938","3.125,37.500,2.188",87.55194854736328,80.11831665039062,7.433631896972656,1,80.47761535644531,72.12144470214844,8.356170654296875,1
random_005,13,28,"32.500,37.500,0.938","21.250,24.375,0.938",74.25041198730469,77.15451049804688,2.9040985107421875,1,71.20547485351562,70.97100830078125,0.234466552734375,1
random_005,13,29,"32.500,37.500,0.938","16.250,29.375,0.938",71.03206634521484,71.10502624511719,0.07295989990234375,1,69.17092895507812,68.3064956665039,0.8644332885742188,1
random_005,14,15,"30.000,18.125,0.938","31.875,28.125,2.188",79.11097717285156,75.38422393798828,3.7267532348632812,1,67.43750762939453,67.26883697509766,0.168670654296875,1
random_005,14,16,"30.000,18.125,0.938","31.250,2.500,0.312",81.76948547363281,71.59033203125,10.179153442382812,1,67.72294616699219,69.07504272460938,1.3520965576171875,1
random_005,14,17,"30.000,18.125,0.938","20.625,11.250,1.562",67.52300262451172,67.57588195800781,0.05287933349609375,1,67.35659790039062,67.2204818725586,0.13611602783203125,1
random_005,14,18,"30.000,18.125,0.938","18.750,27.500,0.312",69.65364837646484,69.72779846191406,0.07415008544921875,1,66.37466430664062,66.15017700195312,0.2244873046875,1
random_005,14,19,"30.000,18.125,0.938","3.125,11.250,0.312",75.17826080322266,75.56745910644531,0.38919830322265625,1,77.21479797363281,76.58989715576172,0.6249008178710938,1
random_005,14,20,"30.000,18.125,0.938","1.250,33.125,1.562",80.1439208984375,79.19061279296875,0.95330810546875,1,73.78765869140625,73.8960189819336,0.10836029052734375,1
random_005,14,21,"30.000,18.125,0.938","33.125,30.625,0.938",80.4697494506836,78.77379608154297,1.695953369140625,1,69.25299835205078,69.58060455322266,0.327606201171875,1
random_005,14,22,"30.000,18.125,0.938","11.875,36.250,2.188",79.19581604003906,78.26890563964844,0.926910400390625,1,74.70074462890625,74.97483825683594,0.2740936279296875,1
random_005,14,23,"30.000,18.125,0.938","23.125,30.625,0.938",78.32598876953125,72.63834381103516,5.687644958496094,1,70.56425476074219,70.3216552734375,0.2425994873046875,1
random_005,14,24,"30.000,18.125,0.938","13.750,36.250,2.188",83.50352478027344,78.2977294921875,5.2057952880859375,1,76.9792251586914,75.90421295166016,1.07501220703125,1
random_005,14,25,"30.000,18.125,0.938","26.875,32.500,0.312",81.5538330078125,80.07307434082031,1.4807586669921875,1,67.59326171875,67.35150909423828,0.24175262451171875,1
random_005,14,26,"30.000,18.125,0.938","35.625,16.250,0.938",62.4229850769043,62.56206512451172,0.13908004760742188,1,62.589664459228516,62.834049224853516,0.244384765625,1
random_005,14,27,"30.000,18.125,0.938","3.125,37.500,2.188",86.16337585449219,80.14077758789062,6.0225982666015625,1,78.39373779296875,78.04671478271484,0.34702301025390625,1
random_005,14,28,"30.000,18.125,0.938","21.250,24.375,0.938",67.15316772460938,67.33684539794922,0.18367767333984375,1,66.1895523071289,66.18852233886719,0.00102996826171875,1
random_005,14,29,"30.000,18.125,0.938","16.250,29.375,0.938",71.37033081054688,71.2005615234375,0.169769287109375,1,69.44759368896484,68.33716583251953,1.1104278564453125,1
random_005,15,16,"31.875,28.125,2.188","31.250,2.500,0.312",91.86439514160156,89.3962631225586,2.4681320190429688,1,79.84208679199219,82.98963928222656,3.147552490234375,1
random_005,15,17,"31.875,28.125,2.188","20.625,11.250,1.562",81.40596008300781,85.9062271118164,4.500267028808594,1,75.1367416381836,78.96800994873047,3.831268310546875,1
random_005,15,18,"31.875,28.125,2.188","18.750,27.500,0.312",67.84381103515625,67.9858627319336,0.14205169677734375,1,66.89461517333984,66.59368133544922,0.300933837890625,1
random_005,15,19,"31.875,28.125,2.188","3.125,11.250,0.312",81.73810577392578,82.65164947509766,0.913543701171875,1,76.48795318603516,77.49969482421875,1.0117416381835938,1
random_005,15,20,"31.875,28.125,2.188","1.250,33.125,1.562",75.9294662475586,75.67660522460938,0.25286102294921875,1,75.30899047851562,75.26570892333984,0.04328155517578125,1
random_005,15,21,"31.875,28.125,2.188","33.125,30.625,0.938",57.153194427490234,56.50802230834961,0.645172119140625,1,56.205352783203125,56.19676971435547,0.00858306884765625,1
random_005,15,22,"31.875,28.125,2.188","11.875,36.250,2.188",75.669189453125,74.86273956298828,0.8064498901367188,1,72.52091979980469,72.55908203125,0.0381622314453125,1
random_005,15,23,"31.875,28.125,2.188","23.125,30.625,0.938",64.98619842529297,65.25476837158203,0.2685699462890625,1,64.2357177734375,64.2723388671875,0.03662109375,1
random_005,15,24,"31.875,28.125,2.188","13.750,36.250,2.188",76.22067260742188,74.87202453613281,1.3486480712890625,1,73.21556854248047,74.59750366210938,1.3819351196289062,1
random_005,15,25,"31.875,28.125,2.188","26.875,32.500,0.312",62.95737075805664,63.50489807128906,0.5475273132324219,1,62.99536895751953,63.03504943847656,0.03968048095703125,1
random_005,15,26,"31.875,28.125,2.188","35.625,16.250,0.938",74.14982604980469,78.64804077148438,4.4982147216796875,1,68.4629898071289,67.85509490966797,0.6078948974609375,1
random_005,15,27,"31.875,28.125,2.188","3.125,37.500,2.188",88.66911315917969,77.96354675292969,10.70556640625,1,74.89275360107422,75.09966278076172,0.2069091796875,1
random_005,15,28,"31.875,28.125,2.188","21.250,24.375,0.938",67.66851043701172,67.35860443115234,0.309906005859375,1,68.04093170166016,68.03280639648438,0.00812530517578125,1
random_005,15,29,"31.875,28.125,2.188","16.250,29.375,0.938",69.30186462402344,69.41349029541016,0.11162567138671875,1,67.94373321533203,67.07752990722656,0.8662033081054688,1
random_005,16,17,"31.250,2.500,0.312","20.625,11.250,1.562",79.24544525146484,73.82982635498047,5.415618896484375,1,72.2899169921875,72.1336441040039,0.15627288818359375,1
random_005,16,18,"31.250,2.500,0.312","18.750,27.500,0.312",83.2701416015625,90.15974426269531,6.8896026611328125,1,83.06160736083984,76.0741195678711,6.98748779296875,1
random_005,16,19,"31.250,2.500,0.312","3.125,11.250,0.312",73.96033477783203,76.03607177734375,2.0757369995117188,1,78.141845703125,73.39311218261719,4.7487335205078125,1
random_005,16,20,"31.250,2.500,0.312","1.250,33.125,1.562",83.55984497070312,89.25360870361328,5.693763732910156,1,77.10043334960938,79.9636001586914,2.8631668090820312,1
random_005,16,21,"31.250,2.500,0.312","33.125,30.625,0.938",87.87882995605469,91.12200927734375,3.2431793212890625,1,79.88011169433594,79.34739685058594,0.53271484375,1
random_005,16,22,"31.250,2.500,0.312","11.875,36.250,2.188",89.97247314453125,91.56951904296875,1.5970458984375,1,79.79452514648438,81.15886688232422,1.3643417358398438,1
random_005,16,23,"31.250,2.500,0.312","23.125,30.625,0.938",87.65200805664062,93.24603271484375,5.594024658203125,1,80.58531188964844,75.88387298583984,4.701438903808594,1
random_005,16,24,"31.250,2.500,0.312","13.750,36.250,2.188",90.85652160644531,91.40135192871094,0.544830322265625,1,78.85195922851562,81.1538314819336,2.3018722534179688,1
random_005,16,25,"31.250,2.500,0.312","26.875,32.500,0.312",89.47245025634766,92.88761138916016,3.4151611328125,1,81.8252182006836,81.65503692626953,0.1701812744140625,1
random_005,16,26,"31.250,2.500,0.312","35.625,16.250,0.938",71.85980224609375,79.81136322021484,7.951560974121094,1,69.02804565429688,70.17343139648438,1.1453857421875,1
random_005,16,27,"31.250,2.500,0.312","3.125,37.500,2.188",87.97544860839844,90.35786437988281,2.382415771484375,1,79.48619079589844,80.54000854492188,1.0538177490234375,1
random_005,16,28,"31.250,2.500,0.312","21.250,24.375,0.938",80.47225952148438,89.19440460205078,8.722145080566406,1,75.81990814208984,77.14188385009766,1.3219757080078125,1
random_005,16,29,"31.250,2.500,0.312","16.250,29.375,0.938",86.39344787597656,90.29462432861328,3.9011764526367188,1,78.53875732421875,78.4310302734375,0.10772705078125,1
random_005,17,18,"20.625,11.250,1.562","18.750,27.500,0.312",70.3388900756836,70.64936828613281,0.31047821044921875,1,71.55198669433594,71.3817138671875,0.1702728271484375,1
random_005,17,19,"20.625,11.250,1.562","3.125,11.250,0.312",70.8001708984375,71.25334930419922,0.45317840576171875,1,70.58119201660156,71.78561401367188,1.2044219970703125,1
random_005,17,20,"20.625,11.250,1.562","1.250,33.125,1.562",75.083251953125,74.15585327148438,0.927398681640625,1,73.53395080566406,72.71311950683594,0.820831298828125,1
random_005,17,21,"20.625,11.250,1.562","33.125,30.625,0.938",85.00574493408203,85.04075622558594,0.03501129150390625,1,76.78968048095703,77.27460479736328,0.48492431640625,1
random_005,17,22,"20.625,11.250,1.562","11.875,36.250,2.188",78.21730041503906,78.27586364746094,0.058563232421875,1,74.2381820678711,74.33335876464844,0.09517669677734375,1
random_005,17,23,"20.625,11.250,1.562","23.125,30.625,0.938",71.78730773925781,72.27847290039062,0.4911651611328125,1,72.0428466796875,69.91937255859375,2.12347412109375,1
random_005,17,24,"20.625,11.250,1.562","13.750,36.250,2.188",74.30593872070312,74.58576202392578,0.27982330322265625,1,74.18783569335938,73.07249450683594,1.1153411865234375,1
random_005,17,25,"20.625,11.250,1.562","26.875,32.500,0.312",76.00040435791016,76.17097473144531,0.17057037353515625,1,74.42449188232422,73.62101745605469,0.8034744262695312,1
random_005,17,26,"20.625,11.250,1.562","35.625,16.250,0.938",71.79100799560547,72.85743713378906,1.0664291381835938,1,69.6378402709961,70.79496765136719,1.1571273803710938,1
random_005,17,27,"20.625,11.250,1.562","3.125,37.500,2.188",76.14693450927734,74.84244537353516,1.3044891357421875,1,72.51641845703125,72.99633026123047,0.47991180419921875,1
random_005,17,28,"20.625,11.250,1.562","21.250,24.375,0.938",68.65701293945312,68.8839111328125,0.226898193359375,1,68.13601684570312,68.50328826904297,0.36727142333984375,1
random_005,17,29,"20.625,11.250,1.562","16.250,29.375,0.938",71.51507568359375,71.76875305175781,0.2536773681640625,1,68.51910400390625,67.54317474365234,0.9759292602539062,1
random_005,18,19,"18.750,27.500,0.312","3.125,11.250,0.312",73.47177124023438,74.35315704345703,0.8813858032226562,1,74.75314331054688,77.33004760742188,2.576904296875,1
random_005,18,20,"18.750,27.500,0.312","1.250,33.125,1.562",71.7843017578125,70.78085327148438,1.003448486328125,1,70.62125396728516,71.18388366699219,0.5626296997070312,1
random_005,18,21,"18.750,27.500,0.312","33.125,30.625,0.938",68.62078094482422,68.59248352050781,0.02829742431640625,1,67.61170196533203,67.13368225097656,0.47801971435546875,1
random_005,18,22,"18.750,27.500,0.312","11.875,36.250,2.188",67.63841247558594,66.75092315673828,0.8874893188476562,1,67.4786605834961,66.37190246582031,1.1067581176757812,1
random_005,18,23,"18.750,27.500,0.312","23.125,30.625,0.938",62.06853103637695,61.40008544921875,0.6684455871582031,1,61.2425651550293,60.97007751464844,0.2724876403808594,1
random_005,18,24,"18.750,27.500,0.312","13.750,36.250,2.188",66.94649505615234,65.81495666503906,1.1315383911132812,1,66.12736511230469,66.48280334472656,0.355438232421875,1
random_005,18,25,"18.750,27.500,0.312","26.875,32.500,0.312",65.40096282958984,65.55933380126953,0.1583709716796875,1,65.27520751953125,65.24171447753906,0.0334930419921875,1
random_005,18,26,"18.750,27.500,0.312","35.625,16.250,0.938",82.417724609375,81.14119720458984,1.2765274047851562,1,72.50682830810547,72.2808609008789,0.2259674072265625,1
random_005,18,27,"18.750,27.500,0.312","3.125,37.500,2.188",76.60125732421875,73.83807373046875,2.76318359375,1,73.04510498046875,72.64584350585938,0.399261474609375,1
random_005,18,28,"18.750,27.500,0.312","21.250,24.375,0.938",59.09098815917969,59.14020919799805,0.049221038818359375,1,58.26850509643555,58.2759895324707,0.00748443603515625,1
random_005,18,29,"18.750,27.500,0.312","16.250,29.375,0.938",56.603878021240234,56.97023391723633,0.36635589599609375,1,56.7711296081543,57.36256408691406,0.5914344787597656,1
random_005,19,20,"3.125,11.250,0.312","1.250,33.125,1.562",76.41019439697266,84.58671569824219,8.176521301269531,1,72.6656494140625,71.69065856933594,0.9749908447265625,1
random_005,19,21,"3.125,11.250,0.312","33.125,30.625,0.938",79.662109375,80.95108032226562,1.288970947265625,1,77.50470733642578,75.86053466796875,1.6441726684570312,1
random_005,19,22,"3.125,11.250,0.312","11.875,36.250,2.188",74.67765045166016,74.528076171875,0.14957427978515625,1,73.52505493164062,72.33943176269531,1.1856231689453125,1
random_005,19,23,"3.125,11.250,0.312","23.125,30.625,0.938",74.19651794433594,74.71809387207031,0.521575927734375,1,72.37511444091797,71.81189727783203,0.5632171630859375,1
random_005,19,24,"3.125,11.250,0.312","13.750,36.250,2.188",75.01560974121094,74.46436309814453,0.5512466430664062,1,73.16962432861328,72.35173034667969,0.8178939819335938,1
random_005,19,25,"3.125,11.250,0.312","26.875,32.500,0.312",74.63690185546875,75.56861114501953,0.9317092895507812,1,79.59062957763672,78.27626037597656,1.3143692016601562,1
random_005,19,26,"3.125,11.250,0.312","35.625,16.250,0.938",76.55784606933594,75.84444427490234,0.7134017944335938,1,74.53649139404297,74.27324676513672,0.26324462890625,1
random_005,19,27,"3.125,11.250,0.312","3.125,37.500,2.188",76.51287078857422,87.04569244384766,10.532821655273438,1,75.64102935791016,74.02415466308594,1.6168746948242188,1
random_005,19,28,"3.125,11.250,0.312","21.250,24.375,0.938",72.24325561523438,72.84912109375,0.605865478515625,1,69.0677490234375,70.60594177246094,1.5381927490234375,1
random_005,19,29,"3.125,11.250,0.312","16.250,29.375,0.938",77.14289093017578,72.91666412353516,4.226226806640625,1,69.34964752197266,69.12398529052734,0.2256622314453125,1
random_005,20,21,"1.250,33.125,1.562","33.125,30.625,0.938",75.6082992553711,76.28353118896484,0.67523193359375,1,73.65763854980469,73.47142791748047,0.18621063232421875,1
random_005,20,22,"1.250,33.125,1.562","11.875,36.250,2.188",68.92709350585938,68.50699615478516,0.42009735107421875,1,67.59980010986328,67.57464599609375,0.02515411376953125,1
random_005,20,23,"1.250,33.125,1.562","23.125,30.625,0.938",72.87447357177734,73.4520492553711,0.57757568359375,1,72.5765151977539,72.7813949584961,0.2048797607421875,1
random_005,20,24,"1.250,33.125,1.562","13.750,36.250,2.188",69.55999755859375,70.03173065185547,0.47173309326171875,1,67.43690490722656,67.45431518554688,0.0174102783203125,1
random_005,20,25,"1.250,33.125,1.562","26.875,32.500,0.312",74.76277160644531,74.75984954833984,0.00292205810546875,1,73.3607406616211,71.9810562133789,1.3796844482421875,1
random_005,20,26,"1.250,33.125,1.562","35.625,16.250,0.938",84.52364349365234,81.67923736572266,2.8444061279296875,1,76.85599517822266,76.74418640136719,0.11180877685546875,1
random_005,20,27,"1.250,33.125,1.562","3.125,37.500,2.188",58.90496063232422,59.744651794433594,0.839691162109375,1,58.977439880371094,59.11077117919922,0.133331298828125,1
random_005,20,28,"1.250,33.125,1.562","21.250,24.375,0.938",77.49217987060547,75.9080810546875,1.5840988159179688,1,73.95430755615234,73.95370483398438,0.00060272216796875,1
random_005,20,29,"1.250,33.125,1.562","16.250,29.375,0.938",69.35147094726562,70.22099304199219,0.8695220947265625,1,69.56072998046875,70.19314575195312,0.632415771484375,1
random_005,21,22,"33.125,30.625,0.938","11.875,36.250,2.188",75.94169616699219,74.81401824951172,1.1276779174804688,1,72.75579833984375,72.03009796142578,0.7257003784179688,1
random_005,21,23,"33.125,30.625,0.938","23.125,30.625,0.938",65.69152069091797,65.60049438476562,0.09102630615234375,1,64.77889251708984,66.10710906982422,1.328216552734375,1
random_005,21,24,"33.125,30.625,0.938","13.750,36.250,2.188",75.57176971435547,74.43907928466797,1.1326904296875,1,73.10708618164062,73.03173065185547,0.07535552978515625,1
random_005,21,25,"33.125,30.625,0.938","26.875,32.500,0.312",62.30982208251953,62.352195739746094,0.0423736572265625,1,61.40876007080078,61.447750091552734,0.038990020751953125,1
random_005,21,26,"33.125,30.625,0.938","35.625,16.250,0.938",79.00595092773438,78.061767578125,0.944183349609375,1,70.47737884521484,69.83679962158203,0.6405792236328125,1
random_005,21,27,"33.125,30.625,0.938","3.125,37.500,2.188",89.10001373291016,81.92705535888672,7.1729583740234375,1,77.20150756835938,76.5299301147461,0.6715774536132812,1
random_005,21,28,"33.125,30.625,0.938","21.250,24.375,0.938",68.85680389404297,68.24491882324219,0.6118850708007812,1,67.68335723876953,67.8886947631836,0.2053375244140625,1
random_005,21,29,"33.125,30.625,0.938","16.250,29.375,0.938",70.11857604980469,70.09970092773438,0.0188751220703125,1,68.50534057617188,68.45537567138672,0.04996490478515625,1
random_005,22,23,"11.875,36.250,2.188","23.125,30.625,0.938",70.16114807128906,69.63736724853516,0.5237808227539062,1,78.11697387695312,65.28519439697266,12.831779479980469,1
random_005,22,24,"11.875,36.250,2.188","13.750,36.250,2.188",52.5672607421875,54.10191345214844,1.5346527099609375,1,52.04967498779297,52.10209274291992,0.052417755126953125,1
random_005,22,25,"11.875,36.250,2.188","26.875,32.500,0.312",72.31655883789062,73.29887390136719,0.9823150634765625,1,72.66658782958984,72.32861328125,0.33797454833984375,1
random_005,22,26,"11.875,36.250,2.188","35.625,16.250,0.938",86.2260513305664,89.42985534667969,3.2038040161132812,1,77.58493041992188,77.95416259765625,0.369232177734375,1
random_005,22,27,"11.875,36.250,2.188","3.125,37.500,2.188",66.94913482666016,66.20916748046875,0.7399673461914062,1,65.75133514404297,65.64034271240234,0.110992431640625,1
random_005,22,28,"11.875,36.250,2.188","21.250,24.375,0.938",69.54584503173828,70.12039947509766,0.574554443359375,1,68.4939956665039,68.49000549316406,0.00399017333984375,1
random_005,22,29,"11.875,36.250,2.188","16.250,29.375,0.938",64.5710678100586,65.33087921142578,0.7598114013671875,1,64.07015991210938,64.02176666259766,0.04839324951171875,1
random_005,23,24,"23.125,30.625,0.938","13.750,36.250,2.188",71.36588287353516,70.5671615600586,0.7987213134765625,1,70.93607330322266,70.80558013916016,0.1304931640625,1
random_005,23,25,"23.125,30.625,0.938","26.875,32.500,0.312",59.74555587768555,59.07685852050781,0.6686973571777344,1,59.43696594238281,59.42409133911133,0.012874603271484375,1
random_005,23,26,"23.125,30.625,0.938","35.625,16.250,0.938",83.2165756225586,83.85447692871094,0.6379013061523438,1,75.67683410644531,76.63153076171875,0.9546966552734375,1
random_005,23,27,"23.125,30.625,0.938","3.125,37.500,2.188",85.29024505615234,75.67504119873047,9.615203857421875,1,73.07241821289062,72.8033447265625,0.269073486328125,1
random_005,23,28,"23.125,30.625,0.938","21.250,24.375,0.938",63.170528411865234,62.75157928466797,0.4189491271972656,1,61.900421142578125,61.887184143066406,0.01323699951171875,1
random_005,23,29,"23.125,30.625,0.938","16.250,29.375,0.938",63.04876708984375,62.76121139526367,0.2875556945800781,1,62.733245849609375,62.707237243652344,0.02600860595703125,1
random_005,24,25,"13.750,36.250,2.188","26.875,32.500,0.312",71.66442108154297,72.69021606445312,1.0257949829101562,1,71.73214721679688,70.38043975830078,1.3517074584960938,1
random_005,24,26,"13.750,36.250,2.188","35.625,16.250,0.938",87.51284790039062,91.51966857910156,4.0068206787109375,1,80.4171142578125,76.837890625,3.5792236328125,1
random_005,24,27,"13.750,36.250,2.188","3.125,37.500,2.188",68.67264556884766,67.49866485595703,1.173980712890625,1,67.39065551757812,67.39045715332031,0.0001983642578125,1
random_005,24,28,"13.750,36.250,2.188","21.250,24.375,0.938",68.79676055908203,69.77444458007812,0.9776840209960938,1,68.8055191040039,68.63111877441406,0.17440032958984375,1
random_005,24,29,"13.750,36.250,2.188","16.250,29.375,0.938",63.410804748535156,64.2601089477539,0.84930419921875,1,63.349273681640625,63.558143615722656,0.20886993408203125,1
random_005,25,26,"26.875,32.500,0.312","35.625,16.250,0.938",82.94186401367188,82.62503814697266,0.31682586669921875,1,73.9239273071289,73.52637481689453,0.397552490234375,1
random_005,25,27,"26.875,32.500,0.312","3.125,37.500,2.188",87.99942779541016,82.46501922607422,5.5344085693359375,1,79.32495880126953,79.04265594482422,0.2823028564453125,1
random_005,25,28,"26.875,32.500,0.312","21.250,24.375,0.938",66.34124755859375,66.53028869628906,0.1890411376953125,1,67.84040832519531,67.57662200927734,0.26378631591796875,1
random_005,25,29,"26.875,32.500,0.312","16.250,29.375,0.938",66.71758270263672,66.34359741210938,0.37398529052734375,1,66.13859558105469,65.92184448242188,0.2167510986328125,1
random_005,26,27,"35.625,16.250,0.938","3.125,37.500,2.188",89.12418365478516,87.80194091796875,1.3222427368164062,1,79.39366149902344,79.23270416259766,0.16095733642578125,1
random_005,26,28,"35.625,16.250,0.938","21.250,24.375,0.938",70.75344848632812,73.00360870361328,2.2501602172851562,1,71.79147338867188,71.72453308105469,0.0669403076171875,1
random_005,26,29,"35.625,16.250,0.938","16.250,29.375,0.938",82.63613891601562,83.47100830078125,0.834869384765625,1,75.2932357788086,74.90802001953125,0.38521575927734375,1
random_005,27,28,"3.125,37.500,2.188","21.250,24.375,0.938",76.5794448852539,78.98780822753906,2.4083633422851562,1,75.64968872070312,75.15087890625,0.498809814453125,1
random_005,27,29,"3.125,37.500,2.188","16.250,29.375,0.938",71.55253601074219,73.69308471679688,2.1405487060546875,1,70.6579818725586,71.12154388427734,0.46356201171875,1
random_005,28,29,"21.250,24.375,0.938","16.250,29.375,0.938",64.04835510253906,64.4540023803711,0.40564727783203125,1,64.09757995605469,64.09840393066406,0.000823974609375,1
random_006,0,1,"26.250,6.250,2.188","31.250,16.875,0.938",69.14923858642578,69.76183319091797,0.6125946044921875,1,68.82064056396484,69.19642639160156,0.37578582763671875,1
random_006,0,2,"26.250,6.250,2.188","30.000,28.125,1.562",88.80888366699219,88.31590270996094,0.49298095703125,1,75.50652313232422,75.84916687011719,0.34264373779296875,1
random_006,0,3,"26.250,6.250,2.188","28.125,8.125,0.312",57.19239807128906,56.73356246948242,0.4588356018066406,1,55.26513671875,55.26042175292969,0.0047149658203125,1
random_006,0,4,"26.250,6.250,2.188","38.125,32.500,0.938",84.71265411376953,83.2035140991211,1.5091400146484375,1,75.6638412475586,76.61254119873047,0.948699951171875,1
random_006,0,5,"26.250,6.250,2.188","26.250,27.500,0.312",87.04849243164062,88.75286102294922,1.7043685913085938,1,77.41304016113281,77.45636749267578,0.04332733154296875,1
random_006,0,6,"26.250,6.250,2.188","21.875,16.875,1.562",72.78974914550781,73.59459686279297,0.8048477172851562,1,74.41326904296875,72.02891540527344,2.3843536376953125,1
random_006,0,7,"26.250,6.250,2.188","33.750,5.625,1.562",63.23756408691406,62.892120361328125,0.3454437255859375,1,63.108741760253906,63.02295684814453,0.085784912109375,1
random_006,0,8,"26.250,6.250,2.188","16.250,30.000,0.938",77.28997039794922,85.53862762451172,8.2486572265625,1,79.27093505859375,79.93895721435547,0.6680221557617188,1
random_006,0,9,"26.250,6.250,2.188","13.125,20.000,2.188",75.56764221191406,80.25541687011719,4.687774658203125,1,73.39909362792969,73.25984191894531,0.139251708984375,1
random_006,0,10,"26.250,6.250,2.188","13.125,34.375,1.562",78.25457763671875,86.3829345703125,8.12835693359375,1,77.62860870361328,78.71675872802734,1.0881500244140625,1
random_006,0,11,"26.250,6.250,2.188","30.625,37.500,0.312",89.1391830444336,90.87892150878906,1.7397384643554688,1,76.42399597167969,77.84130096435547,1.4173049926757812,1
random_006,0,12,"26.250,6.250,2.188","13.125,35.000,0.312",78.38198852539062,86.29061889648438,7.90863037109375,1,77.61643981933594,80.10857391357422,2.4921340942382812,1
random_006,0,13,"26.250,6.250,2.188","29.375,1.875,2.188",60.293479919433594,60.65407943725586,0.3605995178222656,1,60.302040100097656,60.465789794921875,0.16374969482421875,1
random_006,0,14,"26.250,6.250,2.188","35.000,16.875,0.312",68.0396957397461,67.69778442382812,0.34191131591796875,1,67.23965454101562,68.0770263671875,0.837371826171875,1
random_006,0,15,"26.250,6.250,2.188","3.750,33.125,2.188",86.71007537841797,86.65276336669922,0.05731201171875,1,82.04769897460938,80.82940673828125,1.218292236328125,1
random_006,0,16,"26.250,6.250,2.188","25.000,8.125,1.562",54.518516540527344,53.82246398925781,0.6960525512695312,1,52.94084930419922,53.5706672668457,0.6298179626464844,1
random_006,0,17,"26.250,6.250,2.188","26.250,35.000,2.188",90.91012573242188,93.12583923339844,2.2157135009765625,1,75.96587371826172,77.34037780761719,1.3745040893554688,1
random_006,0,18,"26.250,6.250,2.188","16.250,19.375,0.938",74.61450958251953,77.30769348144531,2.6931838989257812,1,74.94178771972656,74.58580780029297,0.35597991943359375,1
random_006,0,19,"26.250,6.250,2.188","33.125,23.125,2.188",72.58308410644531,74.29389190673828,1.7108078002929688,1,71.66581726074219,72.08512115478516,0.41930389404296875,1
random_006,0,20,"26.250,6.250,2.188","17.500,2.500,0.312",67.30462646484375,67.65994262695312,0.355316162109375,1,66.78594970703125,66.96554565429688,0.179595947265625,1
random_006,0,21,"26.250,6.250,2.188","37.500,36.875,0.312",90.04397583007812,86.17605590820312,3.867919921875,1,76.20790100097656,75.69017791748047,0.5177230834960938,1
random_006,0,22,"26.250,6.250,2.188","6.250,34.375,0.312",87.74847412109375,86.96586608886719,0.7826080322265625,1,79.69734954833984,80.37983703613281,0.6824874877929688,1
random_006,0,23,"26.250,6.250,2.188","13.750,23.750,1.562",76.2073974609375,81.52188110351562,5.314483642578125,1,74.47178649902344,75.00645446777344,0.53466796875,1
random_006,0,24,"26.250,6.250,2.188","31.250,35.000,0.312",89.09745025634766,89.64714050292969,0.5496902465820312,1,78.43443298339844,76.89080047607422,1.5436325073242188,1
random_006,0,25,"26.250,6.250,2.188","5.000,30.625,2.188",87.339111328125,86.50078582763672,0.8383255004882812,1,80.89192199707031,80.0314712524414,0.8604507446289062,1
random_006,0,26,"26.250,6.250,2.188","12.500,30.000,0.938",77.64910888671875,85.26313781738281,7.6140289306640625,1,76.8092041015625,78.6314468383789,1.8222427368164062,1
random_006,0,27,"26.250,6.250,2.188","33.750,4.375,0.938",63.327842712402344,62.96187973022461,0.3659629821777344,1,63.316768646240234,63.32464599609375,0.007877349853515625,1
random_006,0,28,"26.250,6.250,2.188","20.625,36.250,1.562",84.78778076171875,88.16123962402344,3.3734588623046875,1,82.16792297363281,81.18096160888672,0.9869613647460938,1
random_006,0,29,"26.250,6.250,2.188","1.250,33.125,0.312",86.5486831665039,86.3897933959961,0.1588897705078125,1,81.29147338867188,80.8642578125,0.427215576171875,1
random_006,1,2,"31.250,16.875,0.938","30.000,28.125,1.562",77.990234375,68.45608520507812,9.534149169921875,1,67.89374542236328,68.11334228515625,0.21959686279296875,1
random_006,1,3,"31.250,16.875,0.938","28.125,8.125,0.312",68.6679916381836,66.58760070800781,2.0803909301757812,1,65.29361724853516,67.92729187011719,2.6336746215820312,1
random_006,1,4,"31.250,16.875,0.938","38.125,32.500,0.938",72.3450698852539,72.03663635253906,0.30843353271484375,1,68.3746337890625,69.28179168701172,0.9071578979492188,1
random_006,1,5,"31.250,16.875,0.938","26.250,27.500,0.312",74.41990661621094,69.1385726928711,5.281333923339844,1,69.56253814697266,69.72539520263672,0.1628570556640625,1
random_006,1,6,"31.250,16.875,0.938","21.875,16.875,1.562",66.88533020019531,66.63970184326172,0.24562835693359375,1,65.38758087158203,66.20978546142578,0.82220458984375,1
random_006,1,7,"31.250,16.875,0.938","33.750,5.625,1.562",66.8857650756836,67.33078002929688,0.44501495361328125,1,66.7587890625,67.11144256591797,0.35265350341796875,1
random_006,1,8,"31.250,16.875,0.938","16.250,30.000,0.938",77.07295227050781,82.70687103271484,5.633918762207031,1,75.44969177246094,74.93680572509766,0.5128860473632812,1
random_006,1,9,"31.250,16.875,0.938","13.125,20.000,2.188",73.6518783569336,83.39698028564453,9.745101928710938,1,72.10081481933594,71.58085632324219,0.51995849609375,1
random_006,1,10,"31.250,16.875,0.938","13.125,34.375,1.562",79.250244140625,85.25703430175781,6.0067901611328125,1,74.931640625,74.99850463867188,0.066864013671875,1
random_006,1,11,"31.250,16.875,0.938","30.625,37.500,0.312",74.62769317626953,83.19786071777344,8.570167541503906,1,70.76139831542969,69.61776733398438,1.1436309814453125,1
random_006,1,12,"31.250,16.875,0.938","13.125,35.000,0.312",79.3403549194336,85.10094451904297,5.760589599609375,1,77.15625,76.97111511230469,0.1851348876953125,1
random_006,1,13,"31.250,16.875,0.938","29.375,1.875,2.188",68.74686431884766,69.30372619628906,0.5568618774414062,1,67.30487060546875,67.88133239746094,0.5764617919921875,1
random_006,1,14,"31.250,16.875,0.938","35.000,16.875,0.312",58.42868423461914,58.25163269042969,0.17705154418945312,1,57.411529541015625,57.38225555419922,0.02927398681640625,1
random_006,1,15,"31.250,16.875,0.938","3.750,33.125,2.188",88.26020050048828,86.22145080566406,2.0387496948242188,1,81.2729263305664,81.50715637207031,0.23423004150390625,1
random_006,1,16,"31.250,16.875,0.938","25.000,8.125,1.562",70.78145599365234,69.68506622314453,1.0963897705078125,1,68.56502532958984,67.54313659667969,1.0218887329101562,1
random_006,1,17,"31.250,16.875,0.938","26.250,35.000,2.188",82.19679260253906,85.64617156982422,3.4493789672851562,1,72.45289611816406,72.63661193847656,0.1837158203125,1
random_006,1,18,"31.250,16.875,0.938","16.250,19.375,0.938",71.30177307128906,71.52847290039062,0.2266998291015625,1,70.21223449707031,70.27577209472656,0.06353759765625,1
random_006,1,19,"31.250,16.875,0.938","33.125,23.125,2.188",62.977149963378906,62.75204849243164,0.22510147094726562,1,62.80896759033203,62.88225173950195,0.07328414916992188,1
random_006,1,20,"31.250,16.875,0.938","17.500,2.500,0.312",79.52182006835938,79.64256286621094,0.1207427978515625,1,76.87349700927734,75.4764633178711,1.39703369140625,1
random_006,1,21,"31.250,16.875,0.938","37.500,36.875,0.312",76.55883026123047,76.34049987792969,0.21833038330078125,1,72.69856262207031,72.72091674804688,0.0223541259765625,1
random_006,1,22,"31.250,16.875,0.938","6.250,34.375,0.312",88.99562072753906,85.99417877197266,3.0014419555664062,1,79.09243774414062,78.76323699951172,0.32920074462890625,1
random_006,1,23,"31.250,16.875,0.938","13.750,23.750,1.562",78.71876525878906,81.73949432373047,3.0207290649414062,1,73.53893280029297,75.2763900756836,1.737457275390625,1
random_006,1,24,"31.250,16.875,0.938","31.250,35.000,0.312",76.20597076416016,81.35887145996094,5.152900695800781,1,69.97239685058594,69.54247283935547,0.42992401123046875,1
random_006,1,25,"31.250,16.875,0.938","5.000,30.625,2.188",89.73982238769531,87.0260009765625,2.7138214111328125,1,80.47134399414062,82.14179229736328,1.6704483032226562,1
random_006,1,26,"31.250,16.875,0.938","12.500,30.000,0.938",77.77723693847656,83.815673828125,6.0384368896484375,1,74.67282104492188,74.02960968017578,0.6432113647460938,1
random_006,1,27,"31.250,16.875,0.938","33.750,4.375,0.938",67.59201049804688,68.05829620361328,0.46628570556640625,1,66.42902374267578,66.40072631835938,0.02829742431640625,1
random_006,1,28,"31.250,16.875,0.938","20.625,36.250,1.562",85.85289001464844,86.40867614746094,0.5557861328125,1,77.70413208007812,83.06550598144531,5.3613739013671875,1
random_006,1,29,"31.250,16.875,0.938","1.250,33.125,0.312",88.33949279785156,86.42317199707031,1.91632080078125,1,80.86332702636719,81.89009857177734,1.0267715454101562,1
random_006,2,3,"30.000,28.125,1.562","28.125,8.125,0.312",87.44258117675781,87.77249145507812,0.3299102783203125,1,74.459716796875,73.16584014892578,1.2938766479492188,1
random_006,2,4,"30.000,28.125,1.562","38.125,32.500,0.938",68.49281311035156,67.74982452392578,0.7429885864257812,1,66.27136993408203,66.50698852539062,0.23561859130859375,1
random_006,2,5,"30.000,28.125,1.562","26.250,27.500,0.312",58.26170349121094,58.04426193237305,0.21744155883789062,1,57.98567199707031,57.89839172363281,0.0872802734375,1
random_006,2,6,"30.000,28.125,1.562","21.875,16.875,1.562",78.99726867675781,81.2857894897461,2.2885208129882812,1,77.14859008789062,75.61224365234375,1.536346435546875,1
random_006,2,7,"30.000,28.125,1.562","33.750,5.625,1.562",76.08606719970703,88.72030639648438,12.634239196777344,1,74.23419189453125,74.2561264038086,0.02193450927734375,1
random_006,2,8,"30.000,28.125,1.562","16.250,30.000,0.938",77.95764923095703,70.94017791748047,7.0174713134765625,1,68.59322357177734,67.81416320800781,0.7790603637695312,1
random_006,2,9,"30.000,28.125,1.562","13.125,20.000,2.188",77.13743591308594,82.7267074584961,5.589271545410156,1,70.93278503417969,72.31840515136719,1.3856201171875,1
random_006,2,10,"30.000,28.125,1.562","13.125,34.375,1.562",74.834228515625,82.01222229003906,7.1779937744140625,1,70.46441650390625,70.55493927001953,0.09052276611328125,1
random_006,2,11,"30.000,28.125,1.562","30.625,37.500,0.312",67.15563201904297,66.94635009765625,0.20928192138671875,1,66.06341552734375,65.24311828613281,0.8202972412109375,1
random_006,2,12,"30.000,28.125,1.562","13.125,35.000,0.312",75.35138702392578,81.70111846923828,6.3497314453125,1,70.85034942626953,70.71644592285156,0.13390350341796875,1
random_006,2,13,"30.000,28.125,1.562","29.375,1.875,2.188",84.27778625488281,89.43872833251953,5.160942077636719,1,74.3152847290039,81.51010131835938,7.194816589355469,1
random_006,2,14,"30.000,28.125,1.562","35.000,16.875,0.312",69.77313232421875,78.30162048339844,8.528488159179688,1,69.60134887695312,68.99980926513672,0.6015396118164062,1
random_006,2,15,"30.000,28.125,1.562","3.750,33.125,2.188",90.5570297241211,85.56285095214844,4.994178771972656,1,77.18254852294922,76.92250061035156,0.26004791259765625,1
random_006,2,16,"30.000,28.125,1.562","25.000,8.125,1.562",88.52001190185547,88.27459716796875,0.24541473388671875,1,75.69396209716797,75.59835815429688,0.09560394287109375,1
random_006,2,17,"30.000,28.125,1.562","26.250,35.000,2.188",66.9288101196289,66.10001373291016,0.82879638671875,1,65.67231750488281,65.49080657958984,0.18151092529296875,1
random_006,2,18,"30.000,28.125,1.562","16.250,19.375,0.938",80.14332580566406,82.26288604736328,2.1195602416992188,1,75.25922393798828,75.48615264892578,0.2269287109375,1
random_006,2,19,"30.000,28.125,1.562","33.125,23.125,2.188",67.39236450195312,64.25456237792969,3.1378021240234375,1,64.36267852783203,64.3531494140625,0.00952911376953125,1
random_006,2,20,"30.000,28.125,1.562","17.500,2.500,0.312",86.98538208007812,87.97525024414062,0.9898681640625,1,84.03861999511719,79.85831451416016,4.180305480957031,1
random_006,2,21,"30.000,28.125,1.562","37.500,36.875,0.312",66.3440933227539,66.2265396118164,0.1175537109375,1,66.39218139648438,65.59548950195312,0.79669189453125,1
random_006,2,22,"30.000,28.125,1.562","6.250,34.375,0.312",89.26820373535156,84.63082885742188,4.6373748779296875,1,79.89842987060547,75.46733093261719,4.431098937988281,1
random_006,2,23,"30.000,28.125,1.562","13.750,23.750,1.562",79.02024841308594,82.16014099121094,3.139892578125,1,71.45806121826172,71.68672943115234,0.228668212890625,1
random_006,2,24,"30.000,28.125,1.562","31.250,35.000,0.312",63.563289642333984,63.91551971435547,0.3522300720214844,1,64.82418060302734,64.84245300292969,0.01827239990234375,1
random_006,2,25,"30.000,28.125,1.562","5.000,30.625,2.188",91.59213256835938,86.22721862792969,5.3649139404296875,1,85.7281494140625,76.72957611083984,8.998573303222656,1
random_006,2,26,"30.000,28.125,1.562","12.500,30.000,0.938",80.870361328125,81.94222259521484,1.0718612670898438,1,71.45455932617188,71.81448364257812,0.35992431640625,1
random_006,2,27,"30.000,28.125,1.562","33.750,4.375,0.938",77.56460571289062,89.1416015625,11.576995849609375,1,73.55622100830078,73.79326629638672,0.2370452880859375,1
random_006,2,28,"30.000,28.125,1.562","20.625,36.250,1.562",77.8314208984375,74.38667297363281,3.4447479248046875,1,72.35263061523438,74.43228149414062,2.07965087890625,1
random_006,2,29,"30.000,28.125,1.562","1.250,33.125,0.312",90.96817016601562,85.0335693359375,5.934600830078125,1,75.75910949707031,75.51172637939453,0.24738311767578125,1
random_006,3,4,"28.125,8.125,0.312","38.125,32.500,0.938",81.46678924560547,85.02396392822266,3.5571746826171875,1,75.40167236328125,72.54704284667969,2.8546295166015625,1
random_006,3,5,"28.125,8.125,0.312","26.250,27.500,0.312",86.2651596069336,86.65093231201172,0.385772705078125,1,73.32526397705078,75.06105041503906,1.7357864379882812,1
random_006,3,6,"28.125,8.125,0.312","21.875,16.875,1.562",74.90086364746094,74.45674896240234,0.44411468505859375,1,71.26429748535156,72.40950775146484,1.1452102661132812,1
random_006,3,7,"28.125,8.125,0.312","33.750,5.625,1.562",62.15938949584961,61.62876892089844,0.5306205749511719,1,61.23827362060547,61.22596740722656,0.01230621337890625,1
random_006,3,8,"28.125,8.125,0.312","16.250,30.000,0.938",80.80361938476562,86.54512786865234,5.741508483886719,1,77.48699188232422,76.24931335449219,1.2376785278320312,1
random_006,3,9,"28.125,8.125,0.312","13.125,20.000,2.188",75.83113861083984,81.83811950683594,6.006980895996094,1,75.68287658691406,74.17646026611328,1.5064163208007812,1
random_006,3,10,"28.125,8.125,0.312","13.125,34.375,1.562",82.74004364013672,87.30035400390625,4.560310363769531,1,79.48616027832031,80.74153900146484,1.2553787231445312,1
random_006,3,11,"28.125,8.125,0.312","30.625,37.500,0.312",87.0800552368164,90.62004089355469,3.5399856567382812,1,76.93268585205078,76.57719421386719,0.35549163818359375,1
random_006,3,12,"28.125,8.125,0.312","13.125,35.000,0.312",82.76105499267578,87.18631744384766,4.425262451171875,1,79.82545471191406,83.47525787353516,3.6498031616210938,1
random_006,3,13,"28.125,8.125,0.312","29.375,1.875,2.188",62.421241760253906,62.26717758178711,0.15406417846679688,1,62.04288864135742,61.84108352661133,0.20180511474609375,1
random_006,3,14,"28.125,8.125,0.312","35.000,16.875,0.312",67.02198028564453,67.1159439086914,0.093963623046875,1,68.6206283569336,68.60476684570312,0.01586151123046875,1
random_006,3,15,"28.125,8.125,0.312","3.750,33.125,2.188",88.31927490234375,87.48829650878906,0.8309783935546875,1,84.02518463134766,82.29690551757812,1.7282791137695312,1
random_006,3,16,"28.125,8.125,0.312","25.000,8.125,1.562",57.277408599853516,57.00959777832031,0.2678108215332031,1,56.89891052246094,56.92662811279297,0.02771759033203125,1
random_006,3,17,"28.125,8.125,0.312","26.250,35.000,2.188",90.0844497680664,92.2221908569336,2.1377410888671875,1,77.31759643554688,78.14656829833984,0.8289718627929688,1
random_006,3,18,"28.125,8.125,0.312","16.250,19.375,0.938",74.92935943603516,78.18858337402344,3.2592239379882812,1,75.5157241821289,71.76493072509766,3.75079345703125,1
random_006,3,19,"28.125,8.125,0.312","33.125,23.125,2.188",71.20162963867188,71.74040222167969,0.5387725830078125,1,69.5162582397461,69.74909973144531,0.23284149169921875,1
random_006,3,20,"28.125,8.125,0.312","17.500,2.500,0.312",69.42669677734375,69.06475830078125,0.3619384765625,1,67.63700866699219,69.0804672241211,1.4434585571289062,1
random_006,3,21,"28.125,8.125,0.312","37.500,36.875,0.312",87.71136474609375,87.24951171875,0.46185302734375,1,78.82647705078125,82.49520111083984,3.6687240600585938,1
random_006,3,22,"28.125,8.125,0.312","6.250,34.375,0.312",89.43955993652344,87.64874267578125,1.7908172607421875,1,83.59615325927734,85.3497314453125,1.7535781860351562,1
random_006,3,23,"28.125,8.125,0.312","13.750,23.750,1.562",79.65169525146484,82.5656967163086,2.91400146484375,1,76.75634002685547,77.49484252929688,0.7385025024414062,1
random_006,3,24,"28.125,8.125,0.312","31.250,35.000,0.312",87.80168151855469,89.62692260742188,1.8252410888671875,1,73.97955322265625,74.13018035888672,0.15062713623046875,1
random_006,3,25,"28.125,8.125,0.312","5.000,30.625,2.188",88.43746185302734,86.78654479980469,1.6509170532226562,1,80.94049072265625,81.53834533691406,0.5978546142578125,1
random_006,3,26,"28.125,8.125,0.312","12.500,30.000,0.938",81.7557373046875,85.63731384277344,3.8815765380859375,1,78.11329650878906,77.34681701660156,0.7664794921875,1
random_006,3,27,"28.125,8.125,0.312","33.750,4.375,0.938",62.7647819519043,62.10509490966797,0.6596870422363281,1,61.597068786621094,61.73810577392578,0.1410369873046875,1
random_006,3,28,"28.125,8.125,0.312","20.625,36.250,1.562",86.04281616210938,88.03129577636719,1.9884796142578125,1,80.07088470458984,78.89718627929688,1.1736984252929688,1
random_006,3,29,"28.125,8.125,0.312","1.250,33.125,0.312",87.57736206054688,86.6849365234375,0.892425537109375,1,84.45365142822266,83.45185089111328,1.001800537109375,1
random_006,4,5,"38.125,32.500,0.938","26.250,27.500,0.312",69.95518493652344,73.32342529296875,3.3682403564453125,1,67.61559295654297,67.95643615722656,0.34084320068359375,1
random_006,4,6,"38.125,32.500,0.938","21.875,16.875,1.562",86.1689224243164,88.09085845947266,1.92193603515625,1,82.15145111083984,82.35165405273438,0.20020294189453125,1
random_006,4,7,"38.125,32.500,0.938","33.750,5.625,1.562",76.91989135742188,79.16571807861328,2.2458267211914062,1,74.02180480957031,74.25226593017578,0.23046112060546875,1
random_006,4,8,"38.125,32.500,0.938","16.250,30.000,0.938",80.32708740234375,81.13543701171875,0.808349609375,1,74.1366958618164,74.80245971679688,0.6657638549804688,1
random_006,4,9,"38.125,32.500,0.938","13.125,20.000,2.188",84.24647521972656,87.00175476074219,2.755279541015625,1,77.70401000976562,76.61442565917969,1.0895843505859375,1
random_006,4,10,"38.125,32.500,0.938","13.125,34.375,1.562",80.6121597290039,77.02617645263672,3.5859832763671875,1,76.26496887207031,73.1550521850586,3.1099166870117188,1
random_006,4,11,"38.125,32.500,0.938","30.625,37.500,0.312",63.840309143066406,64.28163146972656,0.44132232666015625,1,66.0859603881836,64.67011260986328,1.4158477783203125,1
random_006,4,12,"38.125,32.500,0.938","13.125,35.000,0.312",83.02619934082031,82.66633605957031,0.35986328125,1,73.0294189453125,72.40877532958984,0.6206436157226562,1
random_006,4,13,"38.125,32.500,0.938","29.375,1.875,2.188",75.36212921142578,76.40859985351562,1.0464706420898438,1,74.9982681274414,76.00564575195312,1.0073776245117188,1
random_006,4,14,"38.125,32.500,0.938","35.000,16.875,0.312",74.6884765625,72.09019470214844,2.5982818603515625,1,67.46846771240234,67.37403106689453,0.0944366455078125,1
random_006,4,15,"38.125,32.500,0.938","3.750,33.125,2.188",87.57916259765625,81.62097930908203,5.958183288574219,1,89.78660583496094,83.56278991699219,6.22381591796875,1
random_006,4,16,"38.125,32.500,0.938","25.000,8.125,1.562",85.59101867675781,88.2705078125,2.6794891357421875,1,80.12850952148438,79.56928253173828,0.5592269897460938,1
random_006,4,17,"38.125,32.500,0.938","26.250,35.000,2.188",65.9239501953125,66.41456604003906,0.4906158447265625,1,65.81807708740234,65.26273345947266,0.5553436279296875,1
random_006,4,18,"38.125,32.500,0.938","16.250,19.375,0.938",85.29229736328125,87.54812622070312,2.255828857421875,1,80.00270080566406,80.05951690673828,0.05681610107421875,1
random_006,4,19,"38.125,32.500,0.938","33.125,23.125,2.188",72.46109008789062,72.26703643798828,0.19405364990234375,1,69.5535888671875,70.35887908935547,0.8052902221679688,1
random_006,4,20,"38.125,32.500,0.938","17.500,2.500,0.312",90.51824188232422,90.82026672363281,0.30202484130859375,1,83.86715698242188,85.89649200439453,2.0293350219726562,1
random_006,4,21,"38.125,32.500,0.938","37.500,36.875,0.312",58.853973388671875,58.62116241455078,0.23281097412109375,1,57.885746002197266,57.9012336730957,0.0154876708984375,1
random_006,4,22,"38.125,32.500,0.938","6.250,34.375,0.312",87.88395690917969,81.46062469482422,6.423332214355469,1,75.9776611328125,76.29464721679688,0.316986083984375,1
random_006,4,23,"38.125,32.500,0.938","13.750,23.750,1.562",84.07235717773438,84.83218383789062,0.75982666015625,1,75.06929779052734,75.95452880859375,0.8852310180664062,1
random_006,4,24,"38.125,32.500,0.938","31.250,35.000,0.312",62.64591598510742,63.153343200683594,0.5074272155761719,1,63.165199279785156,63.15228271484375,0.01291656494140625,1
random_006,4,25,"38.125,32.500,0.938","5.000,30.625,2.188",89.30561828613281,85.71660614013672,3.5890121459960938,1,85.79592895507812,82.95337677001953,2.8425521850585938,1
random_006,4,26,"38.125,32.500,0.938","12.500,30.000,0.938",81.95975494384766,82.62850952148438,0.6687545776367188,1,78.01351928710938,79.57982635498047,1.5663070678710938,1
random_006,4,27,"38.125,32.500,0.938","33.750,4.375,0.938",78.16490173339844,78.66199493408203,0.49709320068359375,1,75.53156280517578,73.31788635253906,2.2136764526367188,1
random_006,4,28,"38.125,32.500,0.938","20.625,36.250,1.562",78.59502410888672,71.67117309570312,6.923851013183594,1,70.6460189819336,70.6081771850586,0.037841796875,1
random_006,4,29,"38.125,32.500,0.938","1.250,33.125,0.312",87.68037414550781,83.22274780273438,4.4576263427734375,1,78.29549407958984,85.03907775878906,6.743583679199219,1
random_006,5,6,"26.250,27.500,0.312","21.875,16.875,1.562",74.65773010253906,80.34727478027344,5.689544677734375,1,72.36692810058594,72.7156753540039,0.34874725341796875,1
random_006,5,7,"26.250,27.500,0.312","33.750,5.625,1.562",78.01017761230469,85.38482666015625,7.3746490478515625,1,73.97781372070312,72.9627914428711,1.0150222778320312,1
random_006,5,8,"26.250,27.500,0.312","16.250,30.000,0.938",68.13642120361328,76.90037536621094,8.763954162597656,1,68.02027893066406,68.53634643554688,0.5160675048828125,1
random_006,5,9,"26.250,27.500,0.312","13.125,20.000,2.188",73.1390380859375,81.43202209472656,8.292984008789062,1,70.58563995361328,72.91022491455078,2.3245849609375,1
random_006,5,10,"26.250,27.500,0.312","13.125,34.375,1.562",72.73438262939453,79.66386413574219,6.929481506347656,1,72.22303771972656,76.60282897949219,4.379791259765625,1
random_006,5,11,"26.250,27.500,0.312","30.625,37.500,0.312",68.79810333251953,69.13340759277344,0.33530426025390625,1,66.83106994628906,65.84061431884766,0.9904556274414062,1
random_006,5,12,"26.250,27.500,0.312","13.125,35.000,0.312",73.10292053222656,80.47712707519531,7.37420654296875,1,72.32858276367188,77.92385864257812,5.59527587890625,1
random_006,5,13,"26.250,27.500,0.312","29.375,1.875,2.188",87.9006118774414,87.20344543457031,0.6971664428710938,1,76.46829223632812,81.4517593383789,4.983467102050781,1
random_006,5,14,"26.250,27.500,0.312","35.000,16.875,0.312",72.0820541381836,75.70597839355469,3.6239242553710938,1,71.4190673828125,71.34455871582031,0.0745086669921875,1
random_006,5,15,"26.250,27.500,0.312","3.750,33.125,2.188",88.94412231445312,84.38428497314453,4.559837341308594,1,75.99574279785156,75.67024993896484,0.32549285888671875,1
random_006,5,16,"26.250,27.500,0.312","25.000,8.125,1.562",89.11842346191406,87.06795501708984,2.0504684448242188,1,71.89442443847656,72.9417495727539,1.0473251342773438,1
random_006,5,17,"26.250,27.500,0.312","26.250,35.000,2.188",67.18987274169922,64.95081329345703,2.2390594482421875,1,64.35657501220703,65.10404968261719,0.7474746704101562,1
random_006,5,18,"26.250,27.500,0.312","16.250,19.375,0.938",72.71015167236328,80.24423217773438,7.534080505371094,1,71.98194885253906,71.89055633544922,0.09139251708984375,1
random_006,5,19,"26.250,27.500,0.312","33.125,23.125,2.188",70.00831604003906,69.27455139160156,0.7337646484375,1,68.10606384277344,69.07965850830078,0.9735946655273438,1
random_006,5,20,"26.250,27.500,0.312","17.500,2.500,0.312",81.3692855834961,85.73055267333984,4.36126708984375,1,80.25578308105469,80.692138671875,0.4363555908203125,1
random_006,5,21,"26.250,27.500,0.312","37.500,36.875,0.312",67.8407211303711,67.50959014892578,0.3311309814453125,1,67.986083984375,68.39053344726562,0.404449462890625,1
random_006,5,22,"26.250,27.500,0.312","6.250,34.375,0.312",87.11498260498047,82.91195678710938,4.203025817871094,1,75.5409164428711,74.70367431640625,0.8372421264648438,1
random_006,5,23,"26.250,27.500,0.312","13.750,23.750,1.562",71.41361236572266,80.14358520507812,8.729972839355469,1,69.26950073242188,69.2353515625,0.034149169921875,1
random_006,5,24,"26.250,27.500,0.312","31.250,35.000,0.312",67.7584228515625,68.38249206542969,0.6240692138671875,1,65.8397445678711,65.07887268066406,0.7608718872070312,1
random_006,5,25,"26.250,27.500,0.312","5.000,30.625,2.188",89.57553100585938,85.26484680175781,4.3106842041015625,1,75.13983154296875,75.36141967773438,0.221588134765625,1
random_006,5,26,"26.250,27.500,0.312","12.500,30.000,0.938",71.25609588623047,80.3779525756836,9.121856689453125,1,70.20182800292969,78.50862121582031,8.306793212890625,1
random_006,5,27,"26.250,27.500,0.312","33.750,4.375,0.938",79.74148559570312,85.86847686767578,6.126991271972656,1,76.7350845336914,73.06732940673828,3.667755126953125,1
random_006,5,28,"26.250,27.500,0.312","20.625,36.250,1.562",71.40861511230469,71.22887420654297,0.17974090576171875,1,70.1798095703125,69.278564453125,0.9012451171875,1
random_006,5,29,"26.250,27.500,0.312","1.250,33.125,0.312",89.62415313720703,84.40455627441406,5.219596862792969,1,79.88150787353516,76.89019775390625,2.9913101196289062,1
random_006,6,7,"21.875,16.875,1.562","33.750,5.625,1.562",78.6022720336914,78.43879699707031,0.16347503662109375,1,77.20707702636719,76.82366180419922,0.38341522216796875,1
random_006,6,8,"21.875,16.875,1.562","16.250,30.000,0.938",68.58867645263672,68.66764831542969,0.07897186279296875,1,65.99616241455078,65.90410614013672,0.0920562744140625,1
random_006,6,9,"21.875,16.875,1.562","13.125,20.000,2.188",65.9530029296875,65.69351196289062,0.259490966796875,1,65.64794921875,65.80598449707031,0.1580352783203125,1
random_006,6,10,"21.875,16.875,1.562","13.125,34.375,1.562",70.99868774414062,70.89086151123047,0.10782623291015625,1,69.21294403076172,69.45883178710938,0.24588775634765625,1
random_006,6,11,"21.875,16.875,1.562","30.625,37.500,0.312",85.35566711425781,85.09626770019531,0.2593994140625,1,78.4952621459961,78.54716491699219,0.05190277099609375,1
random_006,6,12,"21.875,16.875,1.562","13.125,35.000,0.312",71.04132843017578,71.20184326171875,0.16051483154296875,1,69.22726440429688,69.57320404052734,0.34593963623046875,1
random_006,6,13,"21.875,16.875,1.562","29.375,1.875,2.188",77.4585189819336,77.45619201660156,0.00232696533203125,1,75.94598388671875,78.98217010498047,3.0361862182617188,1
random_006,6,14,"21.875,16.875,1.562","35.000,16.875,0.312",69.7110366821289,71.42208862304688,1.7110519409179688,1,68.9871826171875,69.43113708496094,0.4439544677734375,1
random_006,6,15,"21.875,16.875,1.562","3.750,33.125,2.188",81.44037628173828,78.03045654296875,3.4099197387695312,1,75.02191162109375,75.14433288574219,0.1224212646484375,1
random_006,6,16,"21.875,16.875,1.562","25.000,8.125,1.562",71.7042007446289,70.34864044189453,1.355560302734375,1,69.6001205444336,68.84942626953125,0.7506942749023438,1
random_006,6,17,"21.875,16.875,1.562","26.250,35.000,2.188",84.6910171508789,81.8027114868164,2.8883056640625,1,78.46256256103516,80.93775939941406,2.4751968383789062,1
random_006,6,18,"21.875,16.875,1.562","16.250,19.375,0.938",62.3697509765625,62.8126220703125,0.44287109375,1,62.36315155029297,62.42084884643555,0.057697296142578125,1
random_006,6,19,"21.875,16.875,1.562","33.125,23.125,2.188",73.01335906982422,77.317626953125,4.304267883300781,1,71.53323364257812,71.77861785888672,0.24538421630859375,1
random_006,6,20,"21.875,16.875,1.562","17.500,2.500,0.312",68.21347045898438,68.18462371826172,0.02884674072265625,1,66.14218139648438,66.05770874023438,0.08447265625,1
random_006,6,21,"21.875,16.875,1.562","37.500,36.875,0.312",85.95238494873047,86.28712463378906,0.33473968505859375,1,81.74333190917969,83.94575500488281,2.202423095703125,1
random_006,6,22,"21.875,16.875,1.562","6.250,34.375,0.312",82.50968170166016,77.50668334960938,5.002998352050781,1,73.7330551147461,73.1168212890625,0.6162338256835938,1
random_006,6,23,"21.875,16.875,1.562","13.750,23.750,1.562",67.17265319824219,66.54051208496094,0.63214111328125,1,65.53315734863281,65.39411163330078,0.13904571533203125,1
random_006,6,24,"21.875,16.875,1.562","31.250,35.000,0.312",85.17671203613281,84.78793334960938,0.3887786865234375,1,78.41157531738281,80.56060028076172,2.1490249633789062,1
random_006,6,25,"21.875,16.875,1.562","5.000,30.625,2.188",83.43714904785156,76.72169494628906,6.7154541015625,1,74.04299926757812,74.49006652832031,0.4470672607421875,1
random_006,6,26,"21.875,16.875,1.562","12.500,30.000,0.938",69.84217834472656,69.58486938476562,0.2573089599609375,1,68.55697631835938,68.62175750732422,0.06478118896484375,1
random_006,6,27,"21.875,16.875,1.562","33.750,4.375,0.938",78.84405517578125,78.72367095947266,0.12038421630859375,1,76.8143310546875,77.10316467285156,0.2888336181640625,1
random_006,6,28,"21.875,16.875,1.562","20.625,36.250,1.562",70.75888061523438,71.06598663330078,0.30710601806640625,1,69.7640380859375,69.92754364013672,0.16350555419921875,1
random_006,6,29,"21.875,16.875,1.562","1.250,33.125,0.312",81.3817138671875,79.10176086425781,2.2799530029296875,1,73.31114959716797,73.6766586303711,0.365509033203125,1
random_006,7,8,"33.750,5.625,1.562","16.250,30.000,0.938",85.18502807617188,87.41793823242188,2.23291015625,1,83.83831787109375,80.65306091308594,3.1852569580078125,1
random_006,7,9,"33.750,5.625,1.562","13.125,20.000,2.188",80.73977661132812,83.89991760253906,3.1601409912109375,1,78.31704711914062,77.21099090576172,1.1060562133789062,1
random_006,7,10,"33.750,5.625,1.562","13.125,34.375,1.562",86.62297821044922,88.48955535888672,1.8665771484375,1,83.39676666259766,82.14468383789062,1.2520828247070312,1
random_006,7,11,"33.750,5.625,1.562","30.625,37.500,0.312",87.689453125,87.61007690429688,0.079376220703125,1,76.997314453125,75.6812515258789,1.3160629272460938,1
random_006,7,12,"33.750,5.625,1.562","13.125,35.000,0.312",87.00501251220703,88.42327880859375,1.4182662963867188,1,82.50362396240234,80.98160552978516,1.5220184326171875,1
random_006,7,13,"33.750,5.625,1.562","29.375,1.875,2.188",61.245113372802734,61.12531280517578,0.11980056762695312,1,61.76994705200195,61.765140533447266,0.0048065185546875,1
random_006,7,14,"33.750,5.625,1.562","35.000,16.875,0.312",66.71768951416016,67.06245422363281,0.34476470947265625,1,65.31085205078125,65.15043640136719,0.1604156494140625,1
random_006,7,15,"33.750,5.625,1.562","3.750,33.125,2.188",89.93079376220703,88.7974853515625,1.1333084106445312,1,86.16364288330078,86.24623107910156,0.08258819580078125,1
random_006,7,16,"33.750,5.625,1.562","25.000,8.125,1.562",64.3343505859375,64.45526885986328,0.12091827392578125,1,64.69928741455078,64.18272399902344,0.5165634155273438,1
random_006,7,17,"33.750,5.625,1.562","26.250,35.000,2.188",89.74217987060547,90.68062591552734,0.938446044921875,1,77.72209167480469,76.48457336425781,1.237518310546875,1
random_006,7,18,"33.750,5.625,1.562","16.250,19.375,0.938",81.0947494506836,82.4537582397461,1.3590087890625,1,77.70550537109375,77.90177154541016,0.19626617431640625,1
random_006,7,19,"33.750,5.625,1.562","33.125,23.125,2.188",70.54347229003906,70.53368377685547,0.00978851318359375,1,69.52477264404297,70.80098724365234,1.276214599609375,1
random_006,7,20,"33.750,5.625,1.562","17.500,2.500,0.312",69.7763900756836,69.51427459716797,0.262115478515625,1,71.04150390625,71.37749481201172,0.33599090576171875,1
random_006,7,21,"33.750,5.625,1.562","37.500,36.875,0.312",86.58053588867188,79.76310729980469,6.8174285888671875,1,73.64143371582031,75.2529525756836,1.6115188598632812,1
random_006,7,22,"33.750,5.625,1.562","6.250,34.375,0.312",90.44114685058594,88.5360336303711,1.9051132202148438,1,84.31117248535156,86.2547378540039,1.9435653686523438,1
random_006,7,23,"33.750,5.625,1.562","13.750,23.750,1.562",82.87442779541016,85.2770767211914,2.40264892578125,1,77.63814544677734,78.93164825439453,1.2935028076171875,1
random_006,7,24,"33.750,5.625,1.562","31.250,35.000,0.312",88.4169692993164,83.94571685791016,4.47125244140625,1,76.25975036621094,74.54521942138672,1.7145309448242188,1
random_006,7,25,"33.750,5.625,1.562","5.000,30.625,2.188",89.68224334716797,88.65182495117188,1.0304183959960938,1,84.44407653808594,86.95941925048828,2.5153427124023438,1
random_006,7,26,"33.750,5.625,1.562","12.500,30.000,0.938",84.31733703613281,86.91565704345703,2.5983200073242188,1,79.41978454589844,79.98260498046875,0.5628204345703125,1
random_006,7,27,"33.750,5.625,1.562","33.750,4.375,0.938",49.919429779052734,50.357479095458984,0.43804931640625,1,49.40264892578125,49.408164978027344,0.00551605224609375,1
random_006,7,28,"33.750,5.625,1.562","20.625,36.250,1.562",89.17955780029297,88.67638397216797,0.503173828125,1,81.21947479248047,81.57450866699219,0.35503387451171875,1
random_006,7,29,"33.750,5.625,1.562","1.250,33.125,0.312",89.64396667480469,88.52974700927734,1.1142196655273438,1,84.80937194824219,84.38191223144531,0.427459716796875,1
random_006,8,9,"16.250,30.000,0.938","13.125,20.000,2.188",66.28011322021484,66.08023834228516,0.1998748779296875,1,65.22041320800781,66.12999725341797,0.9095840454101562,1
random_006,8,10,"16.250,30.000,0.938","13.125,34.375,1.562",61.41694641113281,60.78361511230469,0.633331298828125,1,61.09769821166992,61.054351806640625,0.043346405029296875,1
random_006,8,11,"16.250,30.000,0.938","30.625,37.500,0.312",77.41204833984375,77.49667358398438,0.084625244140625,1,70.17694091796875,72.41312408447266,2.2361831665039062,1
random_006,8,12,"16.250,30.000,0.938","13.125,35.000,0.312",62.18836975097656,61.469696044921875,0.7186737060546875,1,60.52198791503906,60.52698516845703,0.00499725341796875,1
random_006,8,13,"16.250,30.000,0.938","29.375,1.875,2.188",86.14606475830078,82.47650909423828,3.6695556640625,1,79.21298217773438,76.10133361816406,3.1116485595703125,1
random_006,8,14,"16.250,30.000,0.938","35.000,16.875,0.312",83.64643096923828,80.62095642089844,3.0254745483398438,1,74.0147933959961,75.82734680175781,1.8125534057617188,1
random_006,8,15,"16.250,30.000,0.938","3.750,33.125,2.188",78.26937103271484,76.36664581298828,1.9027252197265625,1,69.10337829589844,69.60771179199219,0.50433349609375,1
random_006,8,16,"16.250,30.000,0.938","25.000,8.125,1.562",85.65606689453125,75.76588439941406,9.890182495117188,1,78.456787109375,77.2276840209961,1.2291030883789062,1
random_006,8,17,"16.250,30.000,0.938","26.250,35.000,2.188",74.97489929199219,69.80510711669922,5.169792175292969,1,69.9928970336914,69.78172302246094,0.21117401123046875,1
random_006,8,18,"16.250,30.000,0.938","16.250,19.375,0.938",66.32179260253906,66.26893615722656,0.0528564453125,1,66.53968048095703,65.414306640625,1.1253738403320312,1
random_006,8,19,"16.250,30.000,0.938","33.125,23.125,2.188",82.62667846679688,82.5560073852539,0.07067108154296875,1,75.018798828125,75.95063781738281,0.9318389892578125,1
random_006,8,20,"16.250,30.000,0.938","17.500,2.500,0.312",74.27864074707031,73.86802673339844,0.410614013671875,1,72.20760345458984,70.48597717285156,1.7216262817382812,1
random_006,8,21,"16.250,30.000,0.938","37.500,36.875,0.312",78.4911880493164,77.52251434326172,0.9686737060546875,1,71.4691390991211,72.26652526855469,0.7973861694335938,1
random_006,8,22,"16.250,30.000,0.938","6.250,34.375,0.312",76.04296875,68.53156280517578,7.511405944824219,1,69.11283111572266,69.04060363769531,0.07222747802734375,1
random_006,8,23,"16.250,30.000,0.938","13.750,23.750,1.562",63.10524368286133,62.74574279785156,0.3595008850097656,1,63.02857208251953,62.959205627441406,0.069366455078125,1
random_006,8,24,"16.250,30.000,0.938","31.250,35.000,0.312",79.14258575439453,77.0459213256836,2.0966644287109375,1,69.35200500488281,68.5804672241211,0.7715377807617188,1
random_006,8,25,"16.250,30.000,0.938","5.000,30.625,2.188",77.91344451904297,68.36679077148438,9.546653747558594,1,69.12655639648438,68.11973571777344,1.0068206787109375,1
random_006,8,26,"16.250,30.000,0.938","12.500,30.000,0.938",58.206275939941406,58.03734588623047,0.1689300537109375,1,58.20460510253906,58.21645736694336,0.011852264404296875,1
random_006,8,27,"16.250,30.000,0.938","33.750,4.375,0.938",87.09478759765625,83.98886108398438,3.105926513671875,1,80.90669250488281,80.30277252197266,0.6039199829101562,1
random_006,8,28,"16.250,30.000,0.938","20.625,36.250,1.562",64.15462493896484,63.32341766357422,0.831207275390625,1,63.18809509277344,63.153377532958984,0.034717559814453125,1
random_006,8,29,"16.250,30.000,0.938","1.250,33.125,0.312",79.76239013671875,81.50761413574219,1.7452239990234375,1,69.0942153930664,69.01290130615234,0.0813140869140625,1
random_006,9,10,"13.125,20.000,2.188","13.125,34.375,1.562",68.96271514892578,68.44695281982422,0.5157623291015625,1,68.11690521240234,68.21011352539062,0.09320831298828125,1
random_006,9,11,"13.125,20.000,2.188","30.625,37.500,0.312",83.90287780761719,82.10469818115234,1.7981796264648438,1,78.91035461425781,78.4326171875,0.4777374267578125,1
random_006,9,12,"13.125,20.000,2.188","13.125,35.000,0.312",68.93647003173828,68.92938232421875,0.00708770751953125,1,66.94511413574219,67.02509307861328,0.07997894287109375,1
random_006,9,13,"13.125,20.000,2.188","29.375,1.875,2.188",79.04547882080078,77.92610168457031,1.1193771362304688,1,75.05553436279297,75.05453491210938,0.00099945068359375,1
random_006,9,14,"13.125,20.000,2.188","35.000,16.875,0.312",83.21292877197266,77.2725601196289,5.94036865234375,1,74.090087890625,73.93930053710938,0.150787353515625,1
random_006,9,15,"13.125,20.000,2.188","3.750,33.125,2.188",74.6340103149414,75.38773345947266,0.75372314453125,1,73.1744155883789,73.19659423828125,0.02217864990234375,1
random_006,9,16,"13.125,20.000,2.188","25.000,8.125,1.562",79.82225036621094,74.47074127197266,5.351509094238281,1,74.528564453125,73.73554229736328,0.7930221557617188,1
random_006,9,17,"13.125,20.000,2.188","26.250,35.000,2.188",82.6889419555664,75.63288116455078,7.056060791015625,1,75.59686279296875,76.82652282714844,1.2296600341796875,1
random_006,9,18,"13.125,20.000,2.188","16.250,19.375,0.938",57.307456970214844,57.10390090942383,0.20355606079101562,1,57.419776916503906,56.76677322387695,0.6530036926269531,1
random_006,9,19,"13.125,20.000,2.188","33.125,23.125,2.188",81.2630844116211,80.2686767578125,0.9944076538085938,1,72.1729736328125,72.4101791381836,0.23720550537109375,1
random_006,9,20,"13.125,20.000,2.188","17.500,2.500,0.312",73.65777587890625,73.0731201171875,0.58465576171875,1,70.75960540771484,70.78582000732422,0.026214599609375,1
random_006,9,21,"13.125,20.000,2.188","37.500,36.875,0.312",85.53939819335938,84.78353118896484,0.7558670043945312,1,77.87589263916016,78.22492218017578,0.349029541015625,1
random_006,9,22,"13.125,20.000,2.188","6.250,34.375,0.312",74.31978607177734,74.65823364257812,0.33844757080078125,1,73.39398956298828,73.66998291015625,0.27599334716796875,1
random_006,9,23,"13.125,20.000,2.188","13.750,23.750,1.562",58.09852600097656,58.348148345947266,0.24962234497070312,1,58.194889068603516,58.19467544555664,0.000213623046875,1
random_006,9,24,"13.125,20.000,2.188","31.250,35.000,0.312",84.88042449951172,81.84198760986328,3.0384368896484375,1,77.42143249511719,77.93637084960938,0.5149383544921875,1
random_006,9,25,"13.125,20.000,2.188","5.000,30.625,2.188",73.26937103271484,73.12564849853516,0.1437225341796875,1,72.47794342041016,72.5272216796875,0.04927825927734375,1
random_006,9,26,"13.125,20.000,2.188","12.500,30.000,0.938",66.153564453125,65.77049255371094,0.3830718994140625,1,64.46820068359375,64.51126861572266,0.04306793212890625,1
random_006,9,27,"13.125,20.000,2.188","33.750,4.375,0.938",83.26652526855469,78.85749816894531,4.409027099609375,1,76.34400939941406,77.2747573852539,0.9307479858398438,1
random_006,9,28,"13.125,20.000,2.188","20.625,36.250,1.562",70.09796142578125,70.40785217285156,0.3098907470703125,1,66.50030517578125,67.00645446777344,0.5061492919921875,1
random_006,9,29,"13.125,20.000,2.188","1.250,33.125,0.312",75.5339126586914,80.73480224609375,5.200889587402344,1,75.36463165283203,75.36581420898438,0.00118255615234375,1
random_006,10,11,"13.125,34.375,1.562","30.625,37.500,0.312",78.91766357421875,82.5323715209961,3.6147079467773438,1,71.62616729736328,73.31488800048828,1.688720703125,1
random_006,10,12,"13.125,34.375,1.562","13.125,35.000,0.312",49.508052825927734,48.849063873291016,0.6589889526367188,1,49.16965103149414,49.16719055175781,0.002460479736328125,1
random_006,10,13,"13.125,34.375,1.562","29.375,1.875,2.188",86.4013671875,83.89537048339844,2.5059967041015625,1,85.81816864013672,82.24851989746094,3.5696487426757812,1
random_006,10,14,"13.125,34.375,1.562","35.000,16.875,0.312",85.94752502441406,83.95441436767578,1.9931106567382812,1,77.20013427734375,77.23217010498047,0.03203582763671875,1
random_006,10,15,"13.125,34.375,1.562","3.750,33.125,2.188",66.80699157714844,68.71931457519531,1.912322998046875,1,66.53746795654297,66.96570587158203,0.4282379150390625,1
random_006,10,16,"13.125,34.375,1.562","25.000,8.125,1.562",86.65232849121094,77.27940368652344,9.3729248046875,1,77.46214294433594,78.19788360595703,0.7357406616210938,1
random_006,10,17,"13.125,34.375,1.562","26.250,35.000,2.188",80.2026138305664,78.73588562011719,1.4667282104492188,1,70.86457824707031,71.01744842529297,0.15287017822265625,1
random_006,10,18,"13.125,34.375,1.562","16.250,19.375,0.938",68.62142944335938,68.88330078125,0.261871337890625,1,68.00544738769531,67.6534194946289,0.35202789306640625,1
random_006,10,19,"13.125,34.375,1.562","33.125,23.125,2.188",84.90115356445312,82.81204986572266,2.0891036987304688,1,82.68607330322266,78.7845458984375,3.9015274047851562,1
random_006,10,20,"13.125,34.375,1.562","17.500,2.500,0.312",75.51972961425781,74.89491271972656,0.62481689453125,1,71.4716796875,71.54412841796875,0.07244873046875,1
random_006,10,21,"13.125,34.375,1.562","37.500,36.875,0.312",81.14022827148438,82.49664306640625,1.356414794921875,1,72.64202117919922,72.08953857421875,0.5524826049804688,1
random_006,10,22,"13.125,34.375,1.562","6.250,34.375,0.312",64.58248901367188,64.73075866699219,0.1482696533203125,1,64.23495483398438,64.27250671386719,0.0375518798828125,1
random_006,10,23,"13.125,34.375,1.562","13.750,23.750,1.562",65.84410095214844,66.35553741455078,0.5114364624023438,1,64.36734008789062,64.37530517578125,0.007965087890625,1
random_006,10,24,"13.125,34.375,1.562","31.250,35.000,0.312",80.150390625,82.85740661621094,2.7070159912109375,1,73.20097351074219,73.693603515625,0.4926300048828125,1
random_006,10,25,"13.125,34.375,1.562","5.000,30.625,2.188",66.8993148803711,67.7991943359375,0.8998794555664062,1,66.5672607421875,66.59355926513672,0.02629852294921875,1
random_006,10,26,"13.125,34.375,1.562","12.500,30.000,0.938",59.24667739868164,59.10369110107422,0.14298629760742188,1,59.30793380737305,59.30088424682617,0.007049560546875,1
random_006,10,27,"13.125,34.375,1.562","33.750,4.375,0.938",88.21075439453125,85.49205017089844,2.7187042236328125,1,81.42012023925781,83.55319213867188,2.1330718994140625,1
random_006,10,28,"13.125,34.375,1.562","20.625,36.250,1.562",65.49356842041016,64.78147888183594,0.7120895385742188,1,64.380859375,65.0833511352539,0.7024917602539062,1
random_006,10,29,"13.125,34.375,1.562","1.250,33.125,0.312",68.86003112792969,77.74818420410156,8.888153076171875,1,68.05841827392578,67.93922424316406,0.11919403076171875,1
random_006,11,12,"30.625,37.500,0.312","13.125,35.000,0.312",82.32425689697266,81.0414810180664,1.28277587890625,1,72.11032104492188,70.74813842773438,1.3621826171875,1
random_006,11,13,"30.625,37.500,0.312","29.375,1.875,2.188",89.71448516845703,87.7715072631836,1.9429779052734375,1,77.14269256591797,77.8138427734375,0.6711502075195312,1
random_006,11,14,"30.625,37.500,0.312","35.000,16.875,0.312",84.094482421875,73.67095184326172,10.423530578613281,1,74.75201416015625,73.00932312011719,1.7426910400390625,1
random_006,11,15,"30.625,37.500,0.312","3.750,33.125,2.188",89.64083862304688,84.23990631103516,5.400932312011719,1,76.17733001708984,82.21663665771484,6.039306640625,1
random_006,11,16,"30.625,37.500,0.312","25.000,8.125,1.562",91.69544982910156,88.91871643066406,2.7767333984375,1,76.67787170410156,76.44464111328125,0.2332305908203125,1
random_006,11,17,"30.625,37.500,0.312","26.250,35.000,2.188",60.446346282958984,60.7852897644043,0.3389434814453125,1,60.08222198486328,60.14970779418945,0.06748580932617188,1
random_006,11,18,"30.625,37.500,0.312","16.250,19.375,0.938",82.62946319580078,84.5579605102539,1.928497314453125,1,77.65705871582031,78.82955932617188,1.1725006103515625,1
random_006,11,19,"30.625,37.500,0.312","33.125,23.125,2.188",77.73436737060547,69.63809967041016,8.096267700195312,1,67.43157958984375,67.82861328125,0.39703369140625,1
random_006,11,20,"30.625,37.500,0.312","17.500,2.500,0.312",91.15476989746094,88.87435913085938,2.2804107666015625,1,84.25597381591797,81.9332046508789,2.3227691650390625,1
random_006,11,21,"30.625,37.500,0.312","37.500,36.875,0.312",61.974037170410156,61.684898376464844,0.2891387939453125,1,60.97734832763672,60.85948944091797,0.11785888671875,1
random_006,11,22,"30.625,37.500,0.312","6.250,34.375,0.312",88.96871948242188,82.7398681640625,6.228851318359375,1,81.06257629394531,80.55966186523438,0.5029144287109375,1
random_006,11,23,"30.625,37.500,0.312","13.750,23.750,1.562",78.74449157714844,80.38585662841797,1.6413650512695312,1,72.38967895507812,76.61424255371094,4.2245635986328125,1
random_006,11,24,"30.625,37.500,0.312","31.250,35.000,0.312",54.85859680175781,54.816123962402344,0.04247283935546875,1,55.549217224121094,55.561832427978516,0.012615203857421875,1
random_006,11,25,"30.625,37.500,0.312","5.000,30.625,2.188",90.10243225097656,83.35011291503906,6.7523193359375,1,77.30046081542969,76.79560852050781,0.504852294921875,1
random_006,11,26,"30.625,37.500,0.312","12.500,30.000,0.938",77.41800689697266,81.13400268554688,3.7159957885742188,1,70.22594451904297,80.66973876953125,10.443794250488281,1
random_006,11,27,"30.625,37.500,0.312","33.750,4.375,0.938",87.76229095458984,87.45069885253906,0.31159210205078125,1,75.54890441894531,75.82512664794922,0.27622222900390625,1
random_006,11,28,"30.625,37.500,0.312","20.625,36.250,1.562",68.39151763916016,67.57730865478516,0.814208984375,1,65.91366577148438,65.22221374511719,0.6914520263671875,1
random_006,11,29,"30.625,37.500,0.312","1.250,33.125,0.312",89.42799377441406,84.625244140625,4.8027496337890625,1,78.1536865234375,80.60822296142578,2.4545364379882812,1
random_006,12,13,"13.125,35.000,0.312","29.375,1.875,2.188",86.22006225585938,84.0699462890625,2.150115966796875,1,81.708740234375,83.32587432861328,1.6171340942382812,1
random_006,12,14,"13.125,35.000,0.312","35.000,16.875,0.312",86.10026550292969,84.05583190917969,2.04443359375,1,82.27285766601562,82.22041320800781,0.0524444580078125,1
random_006,12,15,"13.125,35.000,0.312","3.750,33.125,2.188",67.56804656982422,67.83940124511719,0.27135467529296875,1,66.32786560058594,66.35871124267578,0.03084564208984375,1
random_006,12,16,"13.125,35.000,0.312","25.000,8.125,1.562",86.49695587158203,77.43545532226562,9.061500549316406,1,75.63971710205078,75.71806335449219,0.07834625244140625,1
random_006,12,17,"13.125,35.000,0.312","26.250,35.000,2.188",79.61634826660156,80.15544128417969,0.539093017578125,1,69.4573745727539,69.59856414794922,0.1411895751953125,1
random_006,12,18,"13.125,35.000,0.312","16.250,19.375,0.938",68.96402740478516,69.0063247680664,0.04229736328125,1,66.2055892944336,66.27385711669922,0.068267822265625,1
random_006,12,19,"13.125,35.000,0.312","33.125,23.125,2.188",84.68211364746094,83.16746520996094,1.5146484375,1,78.28910827636719,76.60620880126953,1.6828994750976562,1
random_006,12,20,"13.125,35.000,0.312","17.500,2.500,0.312",75.62539672851562,74.83466339111328,0.7907333374023438,1,78.05860900878906,78.76759338378906,0.708984375,1
random_006,12,21,"13.125,35.000,0.312","37.500,36.875,0.312",83.82367706298828,82.8108901977539,1.012786865234375,1,75.7907943725586,76.1632080078125,0.37241363525390625,1
random_006,12,22,"13.125,35.000,0.312","6.250,34.375,0.312",64.56233215332031,64.58946228027344,0.027130126953125,1,63.016056060791016,62.35865783691406,0.6573982238769531,1
random_006,12,23,"13.125,35.000,0.312","13.750,23.750,1.562",66.38105010986328,66.54241943359375,0.16136932373046875,1,64.77662658691406,64.58817291259766,0.18845367431640625,1
random_006,12,24,"13.125,35.000,0.312","31.250,35.000,0.312",82.24346923828125,82.73474884033203,0.49127960205078125,1,72.44584655761719,73.10031127929688,0.6544647216796875,1
random_006,12,25,"13.125,35.000,0.312","5.000,30.625,2.188",67.81465148925781,68.39529418945312,0.5806427001953125,1,67.6073226928711,67.06187438964844,0.5454483032226562,1
random_006,12,26,"13.125,35.000,0.312","12.500,30.000,0.938",60.24425506591797,60.01261901855469,0.23163604736328125,1,60.32087326049805,60.3106689453125,0.010204315185546875,1
random_006,12,27,"13.125,35.000,0.312","33.750,4.375,0.938",87.9400405883789,85.67388916015625,2.2661514282226562,1,81.91889953613281,78.96765899658203,2.9512405395507812,1
random_006,12,28,"13.125,35.000,0.312","20.625,36.250,1.562",65.13333129882812,64.37803649902344,0.7552947998046875,1,65.07806396484375,64.68783569335938,0.390228271484375,1
random_006,12,29,"13.125,35.000,0.312","1.250,33.125,0.312",69.60623168945312,76.3498306274414,6.743598937988281,1,68.0405502319336,68.3264389038086,0.285888671875,1
random_006,13,14,"29.375,1.875,2.188","35.000,16.875,0.312",68.85175323486328,69.37773895263672,0.5259857177734375,1,68.1868896484375,68.76884460449219,0.5819549560546875,1
random_006,13,15,"29.375,1.875,2.188","3.750,33.125,2.188",86.7569580078125,86.00994110107422,0.7470169067382812,1,81.72331237792969,81.91357421875,0.1902618408203125,1
random_006,13,16,"29.375,1.875,2.188","25.000,8.125,1.562",63.15367126464844,62.89156723022461,0.2621040344238281,1,61.85240173339844,61.90155029296875,0.0491485595703125,1
random_006,13,17,"29.375,1.875,2.188","26.250,35.000,2.188",91.01368713378906,93.23027038574219,2.216583251953125,1,81.88255310058594,80.25773620605469,1.62481689453125,1
random_006,13,18,"29.375,1.875,2.188","16.250,19.375,0.938",77.2092514038086,78.112548828125,0.9032974243164062,1,76.38175964355469,77.94625091552734,1.5644912719726562,1
random_006,13,19,"29.375,1.875,2.188","33.125,23.125,2.188",72.42552185058594,71.92919158935547,0.49633026123046875,1,73.18971252441406,74.88623809814453,1.6965255737304688,1
random_006,13,20,"29.375,1.875,2.188","17.500,2.500,0.312",66.70621490478516,66.86637878417969,0.16016387939453125,1,69.16758728027344,69.04615783691406,0.121429443359375,1
random_006,13,21,"29.375,1.875,2.188","37.500,36.875,0.312",84.26475524902344,79.41402435302734,4.850730895996094,1,77.09709167480469,78.13888549804688,1.0417938232421875,1
random_006,13,22,"29.375,1.875,2.188","6.250,34.375,0.312",87.69520568847656,85.80826568603516,1.8869400024414062,1,83.0965805053711,82.60182189941406,0.49475860595703125,1
random_006,13,23,"29.375,1.875,2.188","13.750,23.750,1.562",78.39443969726562,80.59015655517578,2.1957168579101562,1,76.10457611083984,76.7751693725586,0.67059326171875,1
random_006,13,24,"29.375,1.875,2.188","31.250,35.000,0.312",87.7061996459961,87.15502166748047,0.551177978515625,1,78.433349609375,77.8675537109375,0.5657958984375,1
random_006,13,25,"29.375,1.875,2.188","5.000,30.625,2.188",86.82271575927734,85.76567077636719,1.0570449829101562,1,82.32412719726562,82.56407928466797,0.23995208740234375,1
random_006,13,26,"29.375,1.875,2.188","12.500,30.000,0.938",79.80474090576172,83.35364532470703,3.5489044189453125,1,77.94520568847656,80.26762390136719,2.322418212890625,1
random_006,13,27,"29.375,1.875,2.188","33.750,4.375,0.938",60.277854919433594,60.50993728637695,0.23208236694335938,1,60.534912109375,60.377838134765625,0.157073974609375,1
random_006,13,28,"29.375,1.875,2.188","20.625,36.250,1.562",88.10595703125,88.84900665283203,0.7430496215820312,1,80.61593627929688,80.93025970458984,0.31432342529296875,1
random_006,13,29,"29.375,1.875,2.188","1.250,33.125,0.312",86.67841339111328,86.1139144897461,0.5644989013671875,1,81.24954986572266,80.67121887207031,0.5783309936523438,1
random_006,14,15,"35.000,16.875,0.312","3.750,33.125,2.188",89.26078796386719,86.5181884765625,2.7425994873046875,1,82.1077651977539,78.36129760742188,3.7464675903320312,1
random_006,14,16,"35.000,16.875,0.312","25.000,8.125,1.562",69.46675109863281,69.85942077636719,0.392669677734375,1,67.17594909667969,74.19831085205078,7.022361755371094,1
random_006,14,17,"35.000,16.875,0.312","26.250,35.000,2.188",82.59747314453125,86.0320816040039,3.4346084594726562,1,80.01336669921875,74.49833679199219,5.5150299072265625,1
random_006,14,18,"35.000,16.875,0.312","16.250,19.375,0.938",77.48580169677734,73.52056121826172,3.965240478515625,1,74.82779693603516,69.64979553222656,5.178001403808594,1
random_006,14,19,"35.000,16.875,0.312","33.125,23.125,2.188",62.990665435791016,62.42961120605469,0.5610542297363281,1,63.08610916137695,63.388790130615234,0.30268096923828125,1
random_006,14,20,"35.000,16.875,0.312","17.500,2.500,0.312",79.00749206542969,78.67948913574219,0.3280029296875,1,76.43817138671875,76.4625244140625,0.02435302734375,1
random_006,14,21,"35.000,16.875,0.312","37.500,36.875,0.312",73.35247039794922,77.8985824584961,4.546112060546875,1,71.76268768310547,75.83318328857422,4.07049560546875,1
random_006,14,22,"35.000,16.875,0.312","6.250,34.375,0.312",89.21632385253906,86.08253479003906,3.1337890625,1,81.28950500488281,80.59200286865234,0.6975021362304688,1
random_006,14,23,"35.000,16.875,0.312","13.750,23.750,1.562",79.70065307617188,81.12992858886719,1.4292755126953125,1,73.87732696533203,74.09425354003906,0.21692657470703125,1
random_006,14,24,"35.000,16.875,0.312","31.250,35.000,0.312",72.97632598876953,81.9269790649414,8.950653076171875,1,72.34690856933594,73.97502899169922,1.6281204223632812,1
random_006,14,25,"35.000,16.875,0.312","5.000,30.625,2.188",90.62240600585938,86.68225860595703,3.9401473999023438,1,77.43801879882812,77.83582305908203,0.39780426025390625,1
random_006,14,26,"35.000,16.875,0.312","12.500,30.000,0.938",79.83356475830078,84.20677185058594,4.373207092285156,1,74.84370422363281,76.3380355834961,1.4943313598632812,1
random_006,14,27,"35.000,16.875,0.312","33.750,4.375,0.938",67.78406524658203,67.44933319091797,0.3347320556640625,1,66.7376708984375,66.1448745727539,0.5927963256835938,1
random_006,14,28,"35.000,16.875,0.312","20.625,36.250,1.562",87.34465026855469,86.23006439208984,1.1145858764648438,1,79.16998291015625,80.18843841552734,1.0184555053710938,1
random_006,14,29,"35.000,16.875,0.312","1.250,33.125,0.312",88.7966079711914,86.18374633789062,2.6128616333007812,1,84.4710693359375,83.62728118896484,0.8437881469726562,1
random_006,15,16,"3.750,33.125,2.188","25.000,8.125,1.562",86.5872802734375,86.05059814453125,0.53668212890625,1,83.59300231933594,83.4251708984375,0.1678314208984375,1
random_006,15,17,"3.750,33.125,2.188","26.250,35.000,2.188",82.6639404296875,88.27781677246094,5.6138763427734375,1,75.78520965576172,75.42364501953125,0.36156463623046875,1
random_006,15,18,"3.750,33.125,2.188","16.250,19.375,0.938",76.11698913574219,76.494140625,0.3771514892578125,1,73.83377075195312,73.57061767578125,0.263153076171875,1
random_006,15,19,"3.750,33.125,2.188","33.125,23.125,2.188",86.96067810058594,90.56848907470703,3.6078109741210938,1,87.53630828857422,82.99830627441406,4.538002014160156,1
random_006,15,20,"3.750,33.125,2.188","17.500,2.500,0.312",85.230712890625,82.42699432373047,2.8037185668945312,1,76.4494400024414,76.70848083496094,0.25904083251953125,1
random_006,15,21,"3.750,33.125,2.188","37.500,36.875,0.312",84.39010620117188,88.44409942626953,4.053993225097656,1,81.93539428710938,76.22786712646484,5.707527160644531,1
random_006,15,22,"3.750,33.125,2.188","6.250,34.375,0.312",57.7515869140625,57.13840866088867,0.6131782531738281,1,57.47034454345703,56.707763671875,0.7625808715820312,1
random_006,15,23,"3.750,33.125,2.188","13.750,23.750,1.562",75.48262786865234,73.07887268066406,2.4037551879882812,1,71.68795776367188,71.85893249511719,0.1709747314453125,1
random_006,15,24,"3.750,33.125,2.188","31.250,35.000,0.312",82.4643783569336,89.18778991699219,6.723411560058594,1,76.66590881347656,76.60942840576172,0.05648040771484375,1
random_006,15,25,"3.750,33.125,2.188","5.000,30.625,2.188",55.193824768066406,56.40026092529297,1.2064361572265625,1,55.43400573730469,55.614341735839844,0.18033599853515625,1
random_006,15,26,"3.750,33.125,2.188","12.500,30.000,0.938",75.69637298583984,67.19791412353516,8.498458862304688,1,67.16511535644531,67.4333724975586,0.26825714111328125,1
random_006,15,27,"3.750,33.125,2.188","33.750,4.375,0.938",88.70745086669922,89.49385070800781,0.7863998413085938,1,84.8263931274414,83.95980072021484,0.8665924072265625,1
random_006,15,28,"3.750,33.125,2.188","20.625,36.250,1.562",76.94611358642578,83.76028442382812,6.814170837402344,1,71.81977844238281,71.68932342529297,0.13045501708984375,1
random_006,15,29,"3.750,33.125,2.188","1.250,33.125,0.312",56.840274810791016,56.34185028076172,0.4984245300292969,1,56.5054931640625,56.510982513427734,0.005489349365234375,1
random_006,16,17,"25.000,8.125,1.562","26.250,35.000,2.188",90.8047866821289,93.64360046386719,2.8388137817382812,1,80.99128723144531,80.7912368774414,0.20005035400390625,1
random_006,16,18,"25.000,8.125,1.562","16.250,19.375,0.938",73.27875518798828,76.78883361816406,3.5100784301757812,1,72.3792953491211,72.36698913574219,0.01230621337890625,1
random_006,16,19,"25.000,8.125,1.562","33.125,23.125,2.188",73.13678741455078,77.53971862792969,4.402931213378906,1,70.66619110107422,71.66901397705078,1.0028228759765625,1
random_006,16,20,"25.000,8.125,1.562","17.500,2.500,0.312",68.48412322998047,70.56097412109375,2.0768508911132812,1,66.62178039550781,66.59706115722656,0.02471923828125,1
random_006,16,21,"25.000,8.125,1.562","37.500,36.875,0.312",89.804931640625,87.73207092285156,2.0728607177734375,1,77.74266815185547,78.4271240234375,0.6844558715820312,1
random_006,16,22,"25.000,8.125,1.562","6.250,34.375,0.312",86.95160675048828,86.74578857421875,0.20581817626953125,1,80.14008331298828,80.53257751464844,0.39249420166015625,1
random_006,16,23,"25.000,8.125,1.562","13.750,23.750,1.562",75.05284881591797,81.37516784667969,6.322319030761719,1,75.41663360595703,76.03165435791016,0.615020751953125,1
random_006,16,24,"25.000,8.125,1.562","31.250,35.000,0.312",89.39486694335938,90.04014587402344,0.6452789306640625,1,78.84397888183594,76.5699691772461,2.2740097045898438,1
random_006,16,25,"25.000,8.125,1.562","5.000,30.625,2.188",86.68528747558594,86.279296875,0.4059906005859375,1,82.86851501464844,82.4649887084961,0.40352630615234375,1
random_006,16,26,"25.000,8.125,1.562","12.500,30.000,0.938",76.53569030761719,85.00236511230469,8.4666748046875,1,78.15419006347656,79.2073974609375,1.0532073974609375,1
random_006,16,27,"25.000,8.125,1.562","33.750,4.375,0.938",64.56058502197266,64.25584411621094,0.30474090576171875,1,64.26811981201172,64.7940902709961,0.525970458984375,1
random_006,16,28,"25.000,8.125,1.562","20.625,36.250,1.562",81.27461242675781,87.81278991699219,6.538177490234375,1,78.84211730957031,80.93121337890625,2.0890960693359375,1
random_006,16,29,"25.000,8.125,1.562","1.250,33.125,0.312",85.90654754638672,86.31614685058594,0.40959930419921875,1,83.32858276367188,81.39891052246094,1.9296722412109375,1
random_006,17,18,"26.250,35.000,2.188","16.250,19.375,0.938",79.02810668945312,82.96322631835938,3.93511962890625,1,75.87545776367188,76.97618103027344,1.1007232666015625,1
random_006,17,19,"26.250,35.000,2.188","33.125,23.125,2.188",80.40390014648438,77.11201477050781,3.2918853759765625,1,71.9316177368164,72.23590087890625,0.30428314208984375,1
random_006,17,20,"26.250,35.000,2.188","17.500,2.500,0.312",84.7640151977539,87.44917297363281,2.6851577758789062,1,80.3624038696289,78.96137237548828,1.401031494140625,1
random_006,17,21,"26.250,35.000,2.188","37.500,36.875,0.312",65.69479370117188,65.50784301757812,0.18695068359375,1,66.0078125,66.13663482666016,0.12882232666015625,1
random_006,17,22,"26.250,35.000,2.188","6.250,34.375,0.312",87.61848449707031,82.1140365600586,5.504447937011719,1,81.0206298828125,75.60807800292969,5.4125518798828125,1
random_006,17,23,"26.250,35.000,2.188","13.750,23.750,1.562",74.35729217529297,79.85368347167969,5.496391296386719,1,73.36251068115234,79.75392150878906,6.391410827636719,1
random_006,17,24,"26.250,35.000,2.188","31.250,35.000,0.312",60.533538818359375,60.2112922668457,0.3222465515136719,1,60.42866516113281,60.35203552246094,0.076629638671875,1
random_006,17,25,"26.250,35.000,2.188","5.000,30.625,2.188",89.07685089111328,82.9849853515625,6.091865539550781,1,75.49288177490234,74.80795288085938,0.6849288940429688,1
random_006,17,26,"26.250,35.000,2.188","12.500,30.000,0.938",71.61779022216797,79.39783477783203,7.7800445556640625,1,70.15291595458984,69.9420166015625,0.21089935302734375,1
random_006,17,27,"26.250,35.000,2.188","33.750,4.375,0.938",90.77859497070312,89.01585388183594,1.7627410888671875,1,77.84678649902344,78.45956420898438,0.6127777099609375,1
random_006,17,28,"26.250,35.000,2.188","20.625,36.250,1.562",63.162105560302734,63.09075164794922,0.07135391235351562,1,62.05378723144531,62.00713348388672,0.04665374755859375,1
random_006,17,29,"26.250,35.000,2.188","1.250,33.125,0.312",88.79360961914062,83.71914672851562,5.074462890625,1,77.33643341064453,79.2259521484375,1.8895187377929688,1
random_006,18,19,"16.250,19.375,0.938","33.125,23.125,2.188",72.92355346679688,77.28763580322266,4.364082336425781,1,71.68079376220703,71.70816040039062,0.02736663818359375,1
random_006,18,20,"16.250,19.375,0.938","17.500,2.500,0.312",70.04249572753906,70.0826416015625,0.0401458740234375,1,67.21955108642578,66.95767211914062,0.26187896728515625,1
random_006,18,21,"16.250,19.375,0.938","37.500,36.875,0.312",85.4325180053711,83.94908905029297,1.483428955078125,1,75.72947692871094,78.77705383300781,3.047576904296875,1
random_006,18,22,"16.250,19.375,0.938","6.250,34.375,0.312",76.83235168457031,75.59979248046875,1.2325592041015625,1,72.46441650390625,73.16644287109375,0.7020263671875,1
random_006,18,23,"16.250,19.375,0.938","13.750,23.750,1.562",60.74300003051758,60.65486526489258,0.088134765625,1,60.668331146240234,60.66190719604492,0.0064239501953125,1
random_006,18,24,"16.250,19.375,0.938","31.250,35.000,0.312",84.78776550292969,82.3226547241211,2.4651107788085938,1,78.07609558105469,78.04029846191406,0.035797119140625,1
random_006,18,25,"16.250,19.375,0.938","5.000,30.625,2.188",75.07769775390625,74.47528076171875,0.6024169921875,1,73.26907348632812,73.08832550048828,0.18074798583984375,1
random_006,18,26,"16.250,19.375,0.938","12.500,30.000,0.938",67.01664733886719,66.60418701171875,0.4124603271484375,1,65.40451049804688,66.21488189697266,0.8103713989257812,1
random_006,18,27,"16.250,19.375,0.938","33.750,4.375,0.938",82.08872985839844,81.16630554199219,0.92242431640625,1,80.12950897216797,79.88272094726562,0.24678802490234375,1
random_006,18,28,"16.250,19.375,0.938","20.625,36.250,1.562",69.91970825195312,69.95420837402344,0.0345001220703125,1,69.3746337890625,68.80242919921875,0.57220458984375,1
random_006,18,29,"16.250,19.375,0.938","1.250,33.125,0.312",77.02311706542969,80.54276275634766,3.5196456909179688,1,74.41368865966797,73.5628890991211,0.850799560546875,1
random_006,19,20,"33.125,23.125,2.188","17.500,2.500,0.312",82.12890625,81.82447814941406,0.3044281005859375,1,77.3061752319336,77.17843627929688,0.12773895263671875,1
random_006,19,21,"33.125,23.125,2.188","37.500,36.875,0.312",73.7697982788086,77.08613586425781,3.3163375854492188,1,72.1271743774414,72.62265014648438,0.49547576904296875,1
random_006,19,22,"33.125,23.125,2.188","6.250,34.375,0.312",90.0881576538086,86.28011322021484,3.80804443359375,1,81.50333404541016,80.72026062011719,0.7830734252929688,1
random_006,19,23,"33.125,23.125,2.188","13.750,23.750,1.562",81.39862823486328,80.51628875732422,0.8823394775390625,1,71.17051696777344,70.92097473144531,0.249542236328125,1
random_006,19,24,"33.125,23.125,2.188","31.250,35.000,0.312",68.4623794555664,76.53144836425781,8.069068908691406,1,67.54833984375,67.39897155761719,0.1493682861328125,1
random_006,19,25,"33.125,23.125,2.188","5.000,30.625,2.188",91.42898559570312,87.16757202148438,4.26141357421875,1,79.69586181640625,89.8006820678711,10.104820251464844,1
random_006,19,26,"33.125,23.125,2.188","12.500,30.000,0.938",81.18838500976562,84.09413146972656,2.9057464599609375,1,76.47443389892578,76.09174346923828,0.3826904296875,1
random_006,19,27,"33.125,23.125,2.188","33.750,4.375,0.938",71.15918731689453,71.01798248291016,0.141204833984375,1,69.55712890625,69.43037414550781,0.1267547607421875,1
random_006,19,28,"33.125,23.125,2.188","20.625,36.250,1.562",85.71075439453125,84.763916015625,0.94683837890625,1,79.94408416748047,82.35518646240234,2.411102294921875,1
random_006,19,29,"33.125,23.125,2.188","1.250,33.125,0.312",90.26178741455078,86.7068099975586,3.5549774169921875,1,80.07322692871094,86.42214965820312,6.3489227294921875,1
random_006,20,21,"17.500,2.500,0.312","37.500,36.875,0.312",89.50548553466797,90.86085510253906,1.3553695678710938,1,84.23185729980469,83.071044921875,1.1608123779296875,1
random_006,20,22,"17.500,2.500,0.312","6.250,34.375,0.312",82.92877197265625,84.66492462158203,1.7361526489257812,1,78.9865951538086,82.17216491699219,3.1855697631835938,1
random_006,20,23,"17.500,2.500,0.312","13.750,23.750,1.562",72.28872680664062,72.36134338378906,0.0726165771484375,1,68.77862548828125,69.17774963378906,0.3991241455078125,1
random_006,20,24,"17.500,2.500,0.312","31.250,35.000,0.312",89.17823791503906,91.30545806884766,2.1272201538085938,1,83.76991271972656,84.13529205322266,0.36537933349609375,1
random_006,20,25,"17.500,2.500,0.312","5.000,30.625,2.188",81.88121795654297,84.72076416015625,2.8395462036132812,1,76.810791015625,76.26132202148438,0.549468994140625,1
random_006,20,26,"17.500,2.500,0.312","12.500,30.000,0.938",74.05473327636719,74.76200866699219,0.707275390625,1,71.07113647460938,72.98762512207031,1.9164886474609375,1
random_006,20,27,"17.500,2.500,0.312","33.750,4.375,0.938",69.34066009521484,69.29385375976562,0.04680633544921875,1,66.83646392822266,67.31123352050781,0.47476959228515625,1
random_006,20,28,"17.500,2.500,0.312","20.625,36.250,1.562",75.8014907836914,75.53763580322266,0.26385498046875,1,72.19601440429688,71.93110656738281,0.2649078369140625,1
random_006,20,29,"17.500,2.500,0.312","1.250,33.125,0.312",81.80847930908203,84.74560546875,2.9371261596679688,1,78.93363189697266,81.08903503417969,2.1554031372070312,1
random_006,21,22,"37.500,36.875,0.312","6.250,34.375,0.312",87.65388488769531,83.75678253173828,3.8971023559570312,1,80.5042724609375,83.01298522949219,2.5087127685546875,1
random_006,21,23,"37.500,36.875,0.312","13.750,23.750,1.562",83.60338592529297,83.29765319824219,0.30573272705078125,1,77.57099151611328,77.65086364746094,0.07987213134765625,1
random_006,21,24,"37.500,36.875,0.312","31.250,35.000,0.312",61.733642578125,61.38713073730469,0.3465118408203125,1,60.584716796875,60.63677215576172,0.05205535888671875,1
random_006,21,25,"37.500,36.875,0.312","5.000,30.625,2.188",89.85010528564453,83.32730865478516,6.522796630859375,1,82.5478744506836,77.12639617919922,5.421478271484375,1
random_006,21,26,"37.500,36.875,0.312","12.500,30.000,0.938",78.03845977783203,81.34747314453125,3.3090133666992188,1,77.49629211425781,78.10166931152344,0.605377197265625,1
random_006,21,27,"37.500,36.875,0.312","33.750,4.375,0.938",80.55658721923828,86.5324935913086,5.9759063720703125,1,76.55628967285156,74.18138122558594,2.374908447265625,1
random_006,21,28,"37.500,36.875,0.312","20.625,36.250,1.562",76.2282943725586,71.14585876464844,5.082435607910156,1,71.40229797363281,69.92054748535156,1.48175048828125,1
random_006,21,29,"37.500,36.875,0.312","1.250,33.125,0.312",87.6939926147461,85.22917175292969,2.4648208618164062,1,80.28501892089844,81.79016876220703,1.5051498413085938,1
random_006,22,23,"6.250,34.375,0.312","13.750,23.750,1.562",72.80913543701172,72.99890899658203,0.1897735595703125,1,73.11662292480469,72.7723388671875,0.3442840576171875,1
random_006,22,24,"6.250,34.375,0.312","31.250,35.000,0.312",82.2627182006836,88.89663696289062,6.633918762207031,1,78.45716094970703,76.70093536376953,1.7562255859375,1
random_006,22,25,"6.250,34.375,0.312","5.000,30.625,2.188",58.90369415283203,59.11634826660156,0.21265411376953125,1,59.23891067504883,58.83133316040039,0.4075775146484375,1
random_006,22,26,"6.250,34.375,0.312","12.500,30.000,0.938",67.87279510498047,67.24437713623047,0.62841796875,1,66.31098937988281,66.88695526123047,0.5759658813476562,1
random_006,22,27,"6.250,34.375,0.312","33.750,4.375,0.938",88.53955078125,90.07086181640625,1.53131103515625,1,86.1640625,86.2120132446289,0.04795074462890625,1
random_006,22,28,"6.250,34.375,0.312","20.625,36.250,1.562",73.21592712402344,80.96717071533203,7.751243591308594,1,73.07360076904297,71.43975067138672,1.63385009765625,1
random_006,22,29,"6.250,34.375,0.312","1.250,33.125,0.312",60.59390640258789,61.832908630371094,1.2390022277832031,1,60.92874526977539,60.114601135253906,0.8141441345214844,1
random_006,23,24,"13.750,23.750,1.562","31.250,35.000,0.312",82.92182922363281,80.8345947265625,2.0872344970703125,1,75.01469421386719,75.62823486328125,0.6135406494140625,1
random_006,23,25,"13.750,23.750,1.562","5.000,30.625,2.188",70.80480194091797,70.85479736328125,0.04999542236328125,1,70.45948028564453,70.22494506835938,0.23453521728515625,1
random_006,23,26,"13.750,23.750,1.562","12.500,30.000,0.938",62.4921989440918,62.406494140625,0.08570480346679688,1,61.24457550048828,61.254737854003906,0.010162353515625,1
random_006,23,27,"13.750,23.750,1.562","33.750,4.375,0.938",84.73828125,82.60204315185547,2.1362380981445312,1,79.66657257080078,77.5801773071289,2.086395263671875,1
random_006,23,28,"13.750,23.750,1.562","20.625,36.250,1.562",68.23390197753906,68.30389404296875,0.0699920654296875,1,66.24160766601562,65.94422912597656,0.2973785400390625,1
random_006,23,29,"13.750,23.750,1.562","1.250,33.125,0.312",73.49939727783203,81.10900115966797,7.6096038818359375,1,73.93374633789062,73.72489166259766,0.20885467529296875,1
random_006,24,25,"31.250,35.000,0.312","5.000,30.625,2.188",90.37092590332031,84.6363296508789,5.734596252441406,1,76.66627502441406,76.23573303222656,0.4305419921875,1
random_006,24,26,"31.250,35.000,0.312","12.500,30.000,0.938",77.85090637207031,81.8815689086914,4.030662536621094,1,70.71000671386719,75.22291564941406,4.512908935546875,1
random_006,24,27,"31.250,35.000,0.312","33.750,4.375,0.938",85.43155670166016,88.33317565917969,2.9016189575195312,1,75.86168670654297,76.75291442871094,0.8912277221679688,1
random_006,24,28,"31.250,35.000,0.312","20.625,36.250,1.562",69.90320587158203,67.51556396484375,2.3876419067382812,1,64.65697479248047,64.83060455322266,0.1736297607421875,1
random_006,24,29,"31.250,35.000,0.312","1.250,33.125,0.312",89.07345581054688,83.52304077148438,5.5504150390625,1,81.63521575927734,82.62202453613281,0.9868087768554688,1
random_006,25,26,"5.000,30.625,2.188","12.500,30.000,0.938",67.19053649902344,65.15876007080078,2.0317764282226562,1,65.232177734375,65.43518829345703,0.20301055908203125,1
random_006,25,27,"5.000,30.625,2.188","33.750,4.375,0.938",88.51092529296875,89.36335754394531,0.8524322509765625,1,83.69395446777344,82.73966979980469,0.95428466796875,1
random_006,25,28,"5.000,30.625,2.188","20.625,36.250,1.562",74.4571762084961,82.8587646484375,8.401588439941406,1,74.6587905883789,73.2790298461914,1.3797607421875,1
random_006,25,29,"5.000,30.625,2.188","1.250,33.125,0.312",60.4407844543457,60.26838302612305,0.17240142822265625,1,60.13091278076172,60.313377380371094,0.182464599609375,1
random_006,26,27,"12.500,30.000,0.938","33.750,4.375,0.938",86.99612426757812,84.25627136230469,2.7398529052734375,1,80.68671417236328,80.71727752685547,0.0305633544921875,1
random_006,26,28,"12.500,30.000,0.938","20.625,36.250,1.562",65.70655059814453,66.08216857910156,0.37561798095703125,1,65.955078125,65.85246276855469,0.1026153564453125,1
random_006,26,29,"12.500,30.000,0.938","1.250,33.125,0.312",68.57431030273438,78.44075012207031,9.866439819335938,1,68.74274444580078,68.91287994384766,0.170135498046875,1
random_006,27,28,"33.750,4.375,0.938","20.625,36.250,1.562",89.17245483398438,88.73432159423828,0.43813323974609375,1,84.27722930908203,80.36712646484375,3.9101028442382812,1
random_006,27,29,"33.750,4.375,0.938","1.250,33.125,0.312",89.10462951660156,88.51030731201172,0.5943222045898438,1,84.54954528808594,86.35871887207031,1.809173583984375,1
random_006,28,29,"20.625,36.250,1.562","1.250,33.125,0.312",84.84700012207031,81.306640625,3.5403594970703125,1,72.7136459350586,72.39480590820312,0.31884002685546875,1
random_007,0,1,"12.500,6.875,1.562","13.750,30.625,2.188",86.67008972167969,81.03009796142578,5.639991760253906,1,75.31092834472656,74.913818359375,0.3971099853515625,1
random_007,0,2,"12.500,6.875,1.562","3.125,17.500,1.562",69.06160736083984,68.92013549804688,0.14147186279296875,1,69.24933624267578,69.29530334472656,0.04596710205078125,1
random_007,0,3,"12.500,6.875,1.562","10.625,1.250,2.188",62.144065856933594,61.51448440551758,0.6295814514160156,1,61.872802734375,61.775047302246094,0.09775543212890625,1
random_007,0,4,"12.500,6.875,1.562","16.250,32.500,0.938",87.5614242553711,87.52842712402344,0.03299713134765625,1,79.98149108886719,76.02828216552734,3.9532089233398438,1
random_007,0,5,"12.500,6.875,1.562","8.750,3.750,1.562",60.45275115966797,60.62849807739258,0.17574691772460938,1,60.15599060058594,60.15401840209961,0.001972198486328125,1
random_007,0,6,"12.500,6.875,1.562","36.250,13.125,2.188",72.84944152832031,72.70938873291016,0.14005279541015625,1,70.57062530517578,70.4659194946289,0.104705810546875,1
random_007,0,7,"12.500,6.875,1.562","13.750,13.750,1.562",63.432640075683594,63.17561340332031,0.25702667236328125,1,63.111263275146484,63.13331985473633,0.02205657958984375,1
random_007,0,8,"12.500,6.875,1.562","7.500,15.625,2.188",66.65375518798828,66.41551208496094,0.23824310302734375,1,66.26332092285156,66.35909271240234,0.09577178955078125,1
random_007,0,9,"12.500,6.875,1.562","3.125,13.750,0.938",67.41937255859375,67.48897552490234,0.06960296630859375,1,66.98484802246094,67.40924072265625,0.4243927001953125,1
random_007,0,10,"12.500,6.875,1.562","37.500,6.875,0.312",73.15689086914062,72.45037841796875,0.706512451171875,1,69.96378326416016,69.03377532958984,0.9300079345703125,1
random_007,0,11,"12.500,6.875,1.562","29.375,5.000,1.562",69.74275207519531,69.6925277709961,0.05022430419921875,1,69.1860122680664,69.5292739868164,0.34326171875,1
random_007,0,12,"12.500,6.875,1.562","22.500,33.750,2.188",86.5146484375,91.35208892822266,4.837440490722656,1,78.82392883300781,80.24668884277344,1.422760009765625,1
random_007,0,13,"12.500,6.875,1.562","38.125,27.500,0.312",89.12532806396484,88.5909423828125,0.5343856811523438,1,83.08815002441406,83.39192199707031,0.30377197265625,1
random_007,0,14,"12.500,6.875,1.562","7.500,37.500,0.938",89.60091400146484,84.24439239501953,5.3565216064453125,1,78.82095336914062,78.81744384765625,0.003509521484375,1
random_007,0,15,"12.500,6.875,1.562","21.250,19.375,2.188",80.10401916503906,79.3003921508789,0.8036270141601562,1,72.49723815917969,75.45735168457031,2.960113525390625,1
random_007,0,16,"12.500,6.875,1.562","34.375,11.250,2.188",72.02413177490234,72.05481719970703,0.0306854248046875,1,70.75334167480469,70.99624633789062,0.2429046630859375,1
random_007,0,17,"12.500,6.875,1.562","34.375,16.875,0.938",84.48249053955078,81.40220642089844,3.0802841186523438,1,78.07103729248047,80.29289245605469,2.2218551635742188,1
random_007,0,18,"12.500,6.875,1.562","24.375,33.125,0.938",87.27631378173828,90.31729125976562,3.0409774780273438,1,81.67423248291016,80.82213592529297,0.8520965576171875,1
random_007,0,19,"12.500,6.875,1.562","38.125,30.625,1.562",89.31116485595703,89.41421508789062,0.10305023193359375,1,82.54141998291016,83.54238891601562,1.0009689331054688,1
random_007,0,20,"12.500,6.875,1.562","7.500,11.250,2.188",63.151100158691406,63.47628402709961,0.3251838684082031,1,62.83164978027344,62.89451217651367,0.06286239624023438,1
random_007,0,21,"12.500,6.875,1.562","16.250,35.000,0.938",88.0538101196289,87.02550506591797,1.0283050537109375,1,75.9092025756836,75.99928283691406,0.09008026123046875,1
random_007,0,22,"12.500,6.875,1.562","10.000,1.875,0.938",61.76704025268555,61.41672897338867,0.350311279296875,1,61.31330490112305,61.2972297668457,0.01607513427734375,1
random_007,0,23,"12.500,6.875,1.562","20.625,11.250,2.188",65.42345428466797,65.5448226928711,0.121368408203125,1,65.08425903320312,65.11307525634766,0.02881622314453125,1
random_007,0,24,"12.500,6.875,1.562","20.000,11.875,0.938",65.29974365234375,65.51993560791016,0.22019195556640625,1,64.17939758300781,64.175048828125,0.0043487548828125,1
random_007,0,25,"12.500,6.875,1.562","30.625,1.250,2.188",70.68621826171875,70.34292602539062,0.343292236328125,1,69.70309448242188,70.07061004638672,0.36751556396484375,1
random_007,0,26,"12.500,6.875,1.562","23.750,36.875,0.312",87.1750259399414,90.80148315429688,3.6264572143554688,1,79.08545684814453,79.08829498291016,0.002838134765625,1
random_007,0,27,"12.500,6.875,1.562","18.125,34.375,0.312",88.2073745727539,88.0674057006836,0.1399688720703125,1,81.65151977539062,74.28842163085938,7.36309814453125,1
random_007,0,28,"12.500,6.875,1.562","2.500,4.375,0.938",65.84139251708984,65.68738555908203,0.1540069580078125,1,65.46720886230469,65.39020538330078,0.07700347900390625,1
random_007,0,29,"12.500,6.875,1.562","12.500,18.125,0.938",67.78329467773438,68.55170440673828,0.7684097290039062,1,74.9611587524414,76.9261703491211,1.9650115966796875,1
random_007,1,2,"13.750,30.625,2.188","3.125,17.500,1.562",74.56919860839844,75.33930969238281,0.770111083984375,1,72.6683578491211,72.14524841308594,0.5231094360351562,1
random_007,1,3,"13.750,30.625,2.188","10.625,1.250,2.188",78.08503723144531,89.43204498291016,11.347007751464844,1,75.28767395019531,75.55045318603516,0.26277923583984375,1
random_007,1,4,"13.750,30.625,2.188","16.250,32.500,0.938",58.13676452636719,57.49921417236328,0.6375503540039062,1,57.05390167236328,57.05760955810547,0.0037078857421875,1
random_007,1,5,"13.750,30.625,2.188","8.750,3.750,1.562",76.5936279296875,89.45722198486328,12.863594055175781,1,75.80668640136719,75.57516479492188,0.2315216064453125,1
random_007,1,6,"13.750,30.625,2.188","36.250,13.125,2.188",89.69706726074219,90.72500610351562,1.0279388427734375,1,82.9025650024414,83.41352844238281,0.5109634399414062,1
random_007,1,7,"13.750,30.625,2.188","13.750,13.750,1.562",85.0964126586914,84.92768096923828,0.168731689453125,1,71.05518341064453,71.27920532226562,0.22402191162109375,1
random_007,1,8,"13.750,30.625,2.188","7.500,15.625,2.188",77.49930572509766,82.4805908203125,4.981285095214844,1,74.17085266113281,74.24954223632812,0.0786895751953125,1
random_007,1,9,"13.750,30.625,2.188","3.125,13.750,0.938",81.73074340820312,83.60700225830078,1.8762588500976562,1,77.68819427490234,76.99971008300781,0.6884841918945312,1
random_007,1,10,"13.750,30.625,2.188","37.500,6.875,0.312",93.86991882324219,92.18466186523438,1.6852569580078125,1,83.19160461425781,83.33029174804688,0.1386871337890625,1
random_007,1,11,"13.750,30.625,2.188","29.375,5.000,1.562",90.64566802978516,90.19099426269531,0.45467376708984375,1,82.06073760986328,82.08548736572266,0.024749755859375,1
random_007,1,12,"13.750,30.625,2.188","22.500,33.750,2.188",65.22319030761719,64.94017791748047,0.28301239013671875,1,64.5206069946289,64.45909881591797,0.0615081787109375,1
random_007,1,13,"13.750,30.625,2.188","38.125,27.500,0.312",72.86140441894531,72.99364471435547,0.13224029541015625,1,74.92509460449219,75.3383560180664,0.41326141357421875,1
random_007,1,14,"13.750,30.625,2.188","7.500,37.500,0.938",65.50674438476562,65.72126770019531,0.2145233154296875,1,64.10014343261719,64.08808898925781,0.012054443359375,1
random_007,1,15,"13.750,30.625,2.188","21.250,19.375,2.188",79.90997314453125,85.92184448242188,6.011871337890625,1,75.43622589111328,77.16857147216797,1.7323455810546875,1
random_007,1,16,"13.750,30.625,2.188","34.375,11.250,2.188",89.49327850341797,90.7771224975586,1.283843994140625,1,82.81427001953125,83.1634521484375,0.34918212890625,1
random_007,1,17,"13.750,30.625,2.188","34.375,16.875,0.938",87.6143798828125,87.90887451171875,0.29449462890625,1,80.18487548828125,78.62705993652344,1.5578155517578125,1
random_007,1,18,"13.750,30.625,2.188","24.375,33.125,0.938",66.46481323242188,66.36933898925781,0.0954742431640625,1,65.03205108642578,64.93973541259766,0.092315673828125,1
random_007,1,19,"13.750,30.625,2.188","38.125,30.625,1.562",75.65145111083984,72.86918640136719,2.7822647094726562,1,76.0475845336914,73.93448638916016,2.11309814453125,1
random_007,1,20,"13.750,30.625,2.188","7.500,11.250,2.188",78.15839385986328,85.10050964355469,6.942115783691406,1,75.53308868408203,76.8121109008789,1.279022216796875,1
random_007,1,21,"13.750,30.625,2.188","16.250,35.000,0.938",60.98625946044922,61.71682357788086,0.7305641174316406,1,60.8366813659668,60.83439636230469,0.002285003662109375,1
random_007,1,22,"13.750,30.625,2.188","10.000,1.875,0.938",77.39915466308594,88.72228240966797,11.323127746582031,1,75.44381713867188,75.62886810302734,0.18505096435546875,1
random_007,1,23,"13.750,30.625,2.188","20.625,11.250,2.188",87.15769958496094,89.48092651367188,2.3232269287109375,1,75.8089599609375,74.59891510009766,1.2100448608398438,1
random_007,1,24,"13.750,30.625,2.188","20.000,11.875,0.938",86.58779907226562,89.04170227050781,2.4539031982421875,1,74.28897857666016,73.90028381347656,0.38869476318359375,1
random_007,1,25,"13.750,30.625,2.188","30.625,1.250,2.188",90.21830749511719,90.23271179199219,0.014404296875,1,82.59999084472656,81.44935607910156,1.150634765625,1
random_007,1,26,"13.750,30.625,2.188","23.750,36.875,0.312",66.78236389160156,67.03936767578125,0.2570037841796875,1,67.1830825805664,67.01561737060547,0.1674652099609375,1
random_007,1,27,"13.750,30.625,2.188","18.125,34.375,0.312",62.40227127075195,62.53518295288086,0.13291168212890625,1,61.86876678466797,61.86701965332031,0.00174713134765625,1
random_007,1,28,"13.750,30.625,2.188","2.500,4.375,0.938",90.33148956298828,87.9902572631836,2.3412322998046875,1,80.53551483154297,79.45603942871094,1.0794754028320312,1
random_007,1,29,"13.750,30.625,2.188","12.500,18.125,0.938",69.55328369140625,80.50201416015625,10.94873046875,1,67.4315414428711,67.31571960449219,0.11582183837890625,1
random_007,2,3,"3.125,17.500,1.562","10.625,1.250,2.188",70.77967071533203,70.92009735107422,0.1404266357421875,1,69.5119857788086,68.65210723876953,0.8598785400390625,1
random_007,2,4,"3.125,17.500,1.562","16.250,32.500,0.938",79.75253295898438,78.740234375,1.012298583984375,1,74.92417907714844,75.77520751953125,0.8510284423828125,1
random_007,2,5,"3.125,17.500,1.562","8.750,3.750,1.562",69.79911041259766,70.51042175292969,0.7113113403320312,1,72.75963592529297,71.89299774169922,0.86663818359375,1
random_007,2,6,"3.125,17.500,1.562","36.250,13.125,2.188",82.97544860839844,85.47618103027344,2.500732421875,1,79.52131652832031,78.41804504394531,1.103271484375,1
random_007,2,7,"3.125,17.500,1.562","13.750,13.750,1.562",67.38887786865234,67.61071014404297,0.221832275390625,1,68.29769897460938,68.19154357910156,0.1061553955078125,1
random_007,2,8,"3.125,17.500,1.562","7.500,15.625,2.188",60.19356918334961,60.88339614868164,0.6898269653320312,1,59.79465866088867,59.814395904541016,0.01973724365234375,1
random_007,2,9,"3.125,17.500,1.562","3.125,13.750,0.938",60.05305099487305,58.61277770996094,1.4402732849121094,1,59.100067138671875,59.17697525024414,0.07690811157226562,1
random_007,2,10,"3.125,17.500,1.562","37.500,6.875,0.312",83.23617553710938,83.27037048339844,0.0341949462890625,1,75.61314392089844,75.37364196777344,0.239501953125,1
random_007,2,11,"3.125,17.500,1.562","29.375,5.000,1.562",74.92888641357422,74.49264526367188,0.43624114990234375,1,74.1288833618164,73.9927978515625,0.13608551025390625,1
random_007,2,12,"3.125,17.500,1.562","22.500,33.750,2.188",82.7730712890625,85.38754272460938,2.614471435546875,1,76.14175415039062,77.7402572631836,1.5985031127929688,1
random_007,2,13,"3.125,17.500,1.562","38.125,27.500,0.312",88.20745849609375,90.05598449707031,1.8485260009765625,1,78.19706726074219,82.7732162475586,4.576148986816406,1
random_007,2,14,"3.125,17.500,1.562","7.500,37.500,0.938",87.45878601074219,74.46297454833984,12.995811462402344,1,72.52356719970703,72.08453369140625,0.43903350830078125,1
random_007,2,15,"3.125,17.500,1.562","21.250,19.375,2.188",83.65058898925781,85.62970733642578,1.9791183471679688,1,71.89387512207031,71.71810150146484,0.17577362060546875,1
random_007,2,16,"3.125,17.500,1.562","34.375,11.250,2.188",81.14276885986328,84.20470428466797,3.0619354248046875,1,74.83895111083984,74.85617065429688,0.01721954345703125,1
random_007,2,17,"3.125,17.500,1.562","34.375,16.875,0.938",86.17606353759766,87.04171752929688,0.8656539916992188,1,79.8372573852539,81.17704772949219,1.3397903442382812,1
random_007,2,18,"3.125,17.500,1.562","24.375,33.125,0.938",84.23719787597656,85.89064025878906,1.6534423828125,1,77.19194030761719,77.68760681152344,0.49566650390625,1
random_007,2,19,"3.125,17.500,1.562","38.125,30.625,1.562",87.70957946777344,89.14938354492188,1.4398040771484375,1,77.41944122314453,82.13507080078125,4.715629577636719,1
random_007,2,20,"3.125,17.500,1.562","7.500,11.250,2.188",63.687076568603516,64.65313720703125,0.9660606384277344,1,64.7013931274414,64.80033111572266,0.09893798828125,1
random_007,2,21,"3.125,17.500,1.562","16.250,35.000,0.938",74.45745086669922,75.59902954101562,1.1415786743164062,1,72.65818786621094,72.01651763916016,0.6416702270507812,1
random_007,2,22,"3.125,17.500,1.562","10.000,1.875,0.938",70.76366424560547,70.79379272460938,0.03012847900390625,1,70.63398742675781,70.41748809814453,0.21649932861328125,1
random_007,2,23,"3.125,17.500,1.562","20.625,11.250,2.188",72.06617736816406,71.99102783203125,0.0751495361328125,1,71.47295379638672,71.44033813476562,0.03261566162109375,1
random_007,2,24,"3.125,17.500,1.562","20.000,11.875,0.938",71.97016143798828,71.8059310913086,0.1642303466796875,1,69.5869140625,69.50869750976562,0.078216552734375,1
random_007,2,25,"3.125,17.500,1.562","30.625,1.250,2.188",75.08462524414062,74.771728515625,0.312896728515625,1,72.79195404052734,72.70880126953125,0.08315277099609375,1
random_007,2,26,"3.125,17.500,1.562","23.750,36.875,0.312",84.0419692993164,85.30487823486328,1.262908935546875,1,75.37215423583984,73.91352081298828,1.4586334228515625,1
random_007,2,27,"3.125,17.500,1.562","18.125,34.375,0.312",80.71720123291016,80.7322998046875,0.01509857177734375,1,74.00186157226562,72.39717102050781,1.6046905517578125,1
random_007,2,28,"3.125,17.500,1.562","2.500,4.375,0.938",82.88902282714844,78.2235107421875,4.6655120849609375,1,69.39378356933594,69.22083282470703,0.17295074462890625,1
random_007,2,29,"3.125,17.500,1.562","12.500,18.125,0.938",77.95513916015625,67.68438720703125,10.270751953125,1,66.58712005615234,67.15614318847656,0.5690231323242188,1
random_007,3,4,"10.625,1.250,2.188","16.250,32.500,0.938",89.506591796875,89.3945083618164,0.11208343505859375,1,77.06156921386719,78.30155181884766,1.2399826049804688,1
random_007,3,5,"10.625,1.250,2.188","8.750,3.750,1.562",57.402610778808594,56.116798400878906,1.2858123779296875,1,55.80965042114258,56.565975189208984,0.7563247680664062,1
random_007,3,6,"10.625,1.250,2.188","36.250,13.125,2.188",73.39149475097656,73.89010620117188,0.4986114501953125,1,70.61637878417969,71.02177429199219,0.4053955078125,1
random_007,3,7,"10.625,1.250,2.188","13.750,13.750,1.562",68.56239318847656,68.48430633544922,0.07808685302734375,1,69.35444641113281,69.32640838623047,0.02803802490234375,1
random_007,3,8,"10.625,1.250,2.188","7.500,15.625,2.188",69.49513244628906,69.44258117675781,0.05255126953125,1,69.89253997802734,69.87208557128906,0.02045440673828125,1
random_007,3,9,"10.625,1.250,2.188","3.125,13.750,0.938",71.66470336914062,72.01764678955078,0.35294342041015625,1,69.64268493652344,68.521728515625,1.1209564208984375,1
random_007,3,10,"10.625,1.250,2.188","37.500,6.875,0.312",73.3264389038086,73.65678405761719,0.33034515380859375,1,69.89984130859375,69.57965087890625,0.3201904296875,1
random_007,3,11,"10.625,1.250,2.188","29.375,5.000,1.562",70.74787902832031,70.87761688232422,0.12973785400390625,1,72.55817413330078,72.94371032714844,0.38553619384765625,1
random_007,3,12,"10.625,1.250,2.188","22.500,33.750,2.188",88.15084838867188,93.16535186767578,5.014503479003906,1,79.46739959716797,80.52328491210938,1.0558853149414062,1
random_007,3,13,"10.625,1.250,2.188","38.125,27.500,0.312",89.612060546875,91.7725830078125,2.1605224609375,1,83.52993774414062,83.07968139648438,0.45025634765625,1
random_007,3,14,"10.625,1.250,2.188","7.500,37.500,0.938",90.45877075195312,84.63060760498047,5.828163146972656,1,78.95053100585938,77.0465316772461,1.9039993286132812,1
random_007,3,15,"10.625,1.250,2.188","21.250,19.375,2.188",82.85405731201172,84.57138061523438,1.7173233032226562,1,75.91978454589844,76.5460205078125,0.6262359619140625,1
random_007,3,16,"10.625,1.250,2.188","34.375,11.250,2.188",73.22661590576172,73.37359619140625,0.14698028564453125,1,72.02042388916016,71.51375579833984,0.5066680908203125,1
random_007,3,17,"10.625,1.250,2.188","34.375,16.875,0.938",84.79808044433594,83.41548919677734,1.3825912475585938,1,77.43782806396484,76.61598205566406,0.8218460083007812,1
random_007,3,18,"10.625,1.250,2.188","24.375,33.125,0.938",88.37416076660156,92.9754867553711,4.601325988769531,1,82.64788818359375,84.99447631835938,2.346588134765625,1
random_007,3,19,"10.625,1.250,2.188","38.125,30.625,1.562",89.9772720336914,92.46353149414062,2.4862594604492188,1,83.82157897949219,83.87884521484375,0.0572662353515625,1
random_007,3,20,"10.625,1.250,2.188","7.500,11.250,2.188",66.41990661621094,66.63737487792969,0.21746826171875,1,66.29597473144531,66.23542785644531,0.060546875,1
random_007,3,21,"10.625,1.250,2.188","16.250,35.000,0.938",89.41873168945312,89.90650939941406,0.4877777099609375,1,78.63257598876953,77.77232360839844,0.8602523803710938,1
random_007,3,22,"10.625,1.250,2.188","10.000,1.875,0.938",52.509552001953125,50.643157958984375,1.86639404296875,1,50.40888977050781,50.40792465209961,0.000965118408203125,1
random_007,3,23,"10.625,1.250,2.188","20.625,11.250,2.188",68.44519805908203,68.6755599975586,0.2303619384765625,1,68.2085189819336,68.46858215332031,0.26006317138671875,1
random_007,3,24,"10.625,1.250,2.188","20.000,11.875,0.938",68.57815551757812,68.88322448730469,0.3050689697265625,1,67.73112487792969,67.53909301757812,0.1920318603515625,1
random_007,3,25,"10.625,1.250,2.188","30.625,1.250,2.188",71.58987426757812,71.16761779785156,0.4222564697265625,1,69.86467742919922,69.8538818359375,0.01079559326171875,1
random_007,3,26,"10.625,1.250,2.188","23.750,36.875,0.312",88.72168731689453,93.06272888183594,4.341041564941406,1,80.26512145996094,82.54324340820312,2.2781219482421875,1
random_007,3,27,"10.625,1.250,2.188","18.125,34.375,0.312",89.90890502929688,90.08322143554688,0.17431640625,1,78.7074203491211,78.59205627441406,0.11536407470703125,1
random_007,3,28,"10.625,1.250,2.188","2.500,4.375,0.938",63.894500732421875,64.6484146118164,0.7539138793945312,1,63.289188385009766,62.9154167175293,0.37377166748046875,1
random_007,3,29,"10.625,1.250,2.188","12.500,18.125,0.938",70.99057006835938,70.88133239746094,0.1092376708984375,1,71.10240173339844,71.09172821044922,0.01067352294921875,1
random_007,4,5,"16.250,32.500,0.938","8.750,3.750,1.562",78.38182830810547,89.12461853027344,10.742790222167969,1,74.71947479248047,74.55261993408203,0.1668548583984375,1
random_007,4,6,"16.250,32.500,0.938","36.250,13.125,2.188",89.73563385009766,89.86813354492188,0.13249969482421875,1,82.2469711303711,82.87615966796875,0.6291885375976562,1
random_007,4,7,"16.250,32.500,0.938","13.750,13.750,1.562",86.44205474853516,85.93083190917969,0.5112228393554688,1,72.32389831542969,72.33930969238281,0.015411376953125,1
random_007,4,8,"16.250,32.500,0.938","7.500,15.625,2.188",80.71760559082031,84.3870849609375,3.6694793701171875,1,74.44979858398438,75.48126983642578,1.0314712524414062,1
random_007,4,9,"16.250,32.500,0.938","3.125,13.750,0.938",84.77574920654297,84.44476318359375,0.33098602294921875,1,78.35438537597656,80.16484069824219,1.810455322265625,1
random_007,4,10,"16.250,32.500,0.938","37.500,6.875,0.312",94.14364624023438,89.97125244140625,4.172393798828125,1,84.57787322998047,82.67091369628906,1.9069595336914062,1
random_007,4,11,"16.250,32.500,0.938","29.375,5.000,1.562",92.0242919921875,90.02352905273438,2.000762939453125,1,80.89446258544922,80.47941589355469,0.41504669189453125,1
random_007,4,12,"16.250,32.500,0.938","22.500,33.750,2.188",62.712913513183594,62.919822692871094,0.2069091796875,1,62.10942077636719,62.0496826171875,0.0597381591796875,1
random_007,4,13,"16.250,32.500,0.938","38.125,27.500,0.312",72.55794525146484,72.10948181152344,0.44846343994140625,1,70.913818359375,70.5638427734375,0.3499755859375,1
random_007,4,14,"16.250,32.500,0.938","7.500,37.500,0.938",66.01158905029297,65.9840087890625,0.02758026123046875,1,65.37347412109375,65.30348205566406,0.0699920654296875,1
random_007,4,15,"16.250,32.500,0.938","21.250,19.375,2.188",79.61865234375,83.52098846435547,3.9023361206054688,1,74.29901885986328,75.47468566894531,1.1756668090820312,1
random_007,4,16,"16.250,32.500,0.938","34.375,11.250,2.188",89.38578796386719,88.79009246826172,0.5956954956054688,1,79.43489837646484,80.58024597167969,1.1453475952148438,1
random_007,4,17,"16.250,32.500,0.938","34.375,16.875,0.938",86.64326477050781,86.1447982788086,0.49846649169921875,1,79.37622833251953,79.96739196777344,0.5911636352539062,1
random_007,4,18,"16.250,32.500,0.938","24.375,33.125,0.938",64.546875,64.68328094482422,0.13640594482421875,1,63.76251220703125,63.75663375854492,0.005878448486328125,1
random_007,4,19,"16.250,32.500,0.938","38.125,30.625,1.562",75.63555908203125,73.18517303466797,2.4503860473632812,1,71.72917938232422,71.9585189819336,0.229339599609375,1
random_007,4,20,"16.250,32.500,0.938","7.500,11.250,2.188",81.79486083984375,85.97203826904297,4.177177429199219,1,77.60554504394531,78.36785125732422,0.7623062133789062,1
random_007,4,21,"16.250,32.500,0.938","16.250,35.000,0.938",54.76048278808594,54.70960998535156,0.050872802734375,1,54.25522232055664,54.24844741821289,0.00677490234375,1
random_007,4,22,"16.250,32.500,0.938","10.000,1.875,0.938",85.9899673461914,88.8211669921875,2.8311996459960938,1,77.91470336914062,79.76033782958984,1.8456344604492188,1
random_007,4,23,"16.250,32.500,0.938","20.625,11.250,2.188",87.107666015625,88.96353149414062,1.855865478515625,1,73.21717834472656,75.19029235839844,1.973114013671875,1
random_007,4,24,"16.250,32.500,0.938","20.000,11.875,0.938",87.1717529296875,88.2668228149414,1.0950698852539062,1,71.22777557373047,73.75056457519531,2.5227890014648438,1
random_007,4,25,"16.250,32.500,0.938","30.625,1.250,2.188",91.92279052734375,89.85260009765625,2.0701904296875,1,83.92814636230469,81.31755065917969,2.610595703125,1
random_007,4,26,"16.250,32.500,0.938","23.750,36.875,0.312",64.71031951904297,64.85359954833984,0.143280029296875,1,65.1207275390625,65.10270690917969,0.0180206298828125,1
random_007,4,27,"16.250,32.500,0.938","18.125,34.375,0.312",55.988197326660156,55.5601806640625,0.42801666259765625,1,55.2730712890625,55.2755012512207,0.002429962158203125,1
random_007,4,28,"16.250,32.500,0.938","2.500,4.375,0.938",90.2717514038086,88.30937194824219,1.9623794555664062,1,83.40457153320312,82.91311645507812,0.491455078125,1
random_007,4,29,"16.250,32.500,0.938","12.500,18.125,0.938",73.74517059326172,82.06132507324219,8.316154479980469,1,70.09666442871094,70.32321166992188,0.2265472412109375,1
random_007,5,6,"8.750,3.750,1.562","36.250,13.125,2.188",73.76091003417969,73.80885314941406,0.047943115234375,1,72.59064483642578,72.84315490722656,0.25251007080078125,1
random_007,5,7,"8.750,3.750,1.562","13.750,13.750,1.562",67.37955474853516,66.94994354248047,0.4296112060546875,1,67.00638580322266,67.02079010009766,0.014404296875,1
random_007,5,8,"8.750,3.750,1.562","7.500,15.625,2.188",67.74552917480469,67.70149230957031,0.044036865234375,1,67.38585662841797,67.45154571533203,0.0656890869140625,1
random_007,5,9,"8.750,3.750,1.562","3.125,13.750,0.938",69.73451232910156,70.32772064208984,0.5932083129882812,1,69.5545425415039,69.73191833496094,0.17737579345703125,1
random_007,5,10,"8.750,3.750,1.562","37.500,6.875,0.312",73.96459197998047,73.7597885131836,0.204803466796875,1,67.97726440429688,67.8655776977539,0.11168670654296875,1
random_007,5,11,"8.750,3.750,1.562","29.375,5.000,1.562",71.43940734863281,71.17538452148438,0.2640228271484375,1,70.22000122070312,70.98234558105469,0.7623443603515625,1
random_007,5,12,"8.750,3.750,1.562","22.500,33.750,2.188",87.60299682617188,90.62842559814453,3.0254287719726562,1,75.77774810791016,78.8613052368164,3.08355712890625,1
random_007,5,13,"8.750,3.750,1.562","38.125,27.500,0.312",89.75899505615234,90.65707397460938,0.8980789184570312,1,83.76737976074219,84.19487762451172,0.42749786376953125,1
random_007,5,14,"8.750,3.750,1.562","7.500,37.500,0.938",90.28829956054688,79.85408020019531,10.434219360351562,1,75.21630859375,74.8864974975586,0.32981109619140625,1
random_007,5,15,"8.750,3.750,1.562","21.250,19.375,2.188",82.11620330810547,78.4051513671875,3.7110519409179688,1,74.10954284667969,73.48580932617188,0.6237335205078125,1
random_007,5,16,"8.750,3.750,1.562","34.375,11.250,2.188",73.07568359375,73.35497283935547,0.27928924560546875,1,72.08720397949219,72.1695556640625,0.0823516845703125,1
random_007,5,17,"8.750,3.750,1.562","34.375,16.875,0.938",85.72760772705078,83.08007049560547,2.6475372314453125,1,76.55458068847656,76.47492218017578,0.07965850830078125,1
random_007,5,18,"8.750,3.750,1.562","24.375,33.125,0.938",88.6159439086914,91.74829864501953,3.132354736328125,1,83.89437866210938,85.01051330566406,1.1161346435546875,1
random_007,5,19,"8.750,3.750,1.562","38.125,30.625,1.562",89.81684112548828,91.45681762695312,1.6399765014648438,1,82.8182601928711,85.17288970947266,2.3546295166015625,1
random_007,5,20,"8.750,3.750,1.562","7.500,11.250,2.188",63.951725006103516,64.22335052490234,0.2716255187988281,1,64.43840026855469,64.43034362792969,0.008056640625,1
random_007,5,21,"8.750,3.750,1.562","16.250,35.000,0.938",89.321533203125,80.92463684082031,8.396896362304688,1,76.1899185180664,76.62805938720703,0.438140869140625,1
random_007,5,22,"8.750,3.750,1.562","10.000,1.875,0.938",54.13740158081055,54.014892578125,0.12250900268554688,1,53.49517059326172,53.49889373779297,0.00372314453125,1
random_007,5,23,"8.750,3.750,1.562","20.625,11.250,2.188",68.21945190429688,68.62907409667969,0.4096221923828125,1,68.04635620117188,68.3480224609375,0.301666259765625,1
random_007,5,24,"8.750,3.750,1.562","20.000,11.875,0.938",68.07386016845703,68.7343521118164,0.660491943359375,1,64.98799896240234,65.16399383544922,0.175994873046875,1
random_007,5,25,"8.750,3.750,1.562","30.625,1.250,2.188",72.30339813232422,71.62973022460938,0.6736679077148438,1,71.20501708984375,71.17282104492188,0.032196044921875,1
random_007,5,26,"8.750,3.750,1.562","23.750,36.875,0.312",88.02417755126953,90.65314483642578,2.62896728515625,1,76.06190490722656,77.142333984375,1.0804290771484375,1
random_007,5,27,"8.750,3.750,1.562","18.125,34.375,0.312",88.95213317871094,82.4104232788086,6.541709899902344,1,77.1779556274414,80.97534942626953,3.797393798828125,1
random_007,5,28,"8.750,3.750,1.562","2.500,4.375,0.938",61.45599365234375,61.586055755615234,0.13006210327148438,1,60.01194381713867,59.90043640136719,0.11150741577148438,1
random_007,5,29,"8.750,3.750,1.562","12.500,18.125,0.938",69.68950653076172,69.44953918457031,0.23996734619140625,1,69.70674133300781,69.94268798828125,0.2359466552734375,1
random_007,6,7,"36.250,13.125,2.188","13.750,13.750,1.562",71.78091430664062,72.0013198852539,0.22040557861328125,1,73.70382690429688,73.77528381347656,0.0714569091796875,1
random_007,6,8,"36.250,13.125,2.188","7.500,15.625,2.188",75.88372039794922,74.46415710449219,1.4195632934570312,1,74.02112579345703,74.12152862548828,0.10040283203125,1
random_007,6,9,"36.250,13.125,2.188","3.125,13.750,0.938",76.17236328125,75.43257904052734,0.7397842407226562,1,76.25944519042969,75.84384155273438,0.4156036376953125,1
random_007,6,10,"36.250,13.125,2.188","37.500,6.875,0.312",66.97602844238281,63.44841003417969,3.527618408203125,1,63.14757537841797,63.47666931152344,0.32909393310546875,1
random_007,6,11,"36.250,13.125,2.188","29.375,5.000,1.562",75.69908142089844,70.90003204345703,4.799049377441406,1,69.08779907226562,69.33025360107422,0.24245452880859375,1
random_007,6,12,"36.250,13.125,2.188","22.500,33.750,2.188",86.47181701660156,90.54942321777344,4.077606201171875,1,79.52728271484375,80.55143737792969,1.0241546630859375,1
random_007,6,13,"36.250,13.125,2.188","38.125,27.500,0.312",70.74810028076172,79.31175231933594,8.563652038574219,1,70.51663208007812,71.24179077148438,0.72515869140625,1
random_007,6,14,"36.250,13.125,2.188","7.500,37.500,0.938",94.08324432373047,91.60468292236328,2.4785614013671875,1,87.68119049072266,86.54922485351562,1.1319656372070312,1
random_007,6,15,"36.250,13.125,2.188","21.250,19.375,2.188",75.12371063232422,76.78398132324219,1.6602706909179688,1,72.99392700195312,72.55738067626953,0.43654632568359375,1
random_007,6,16,"36.250,13.125,2.188","34.375,11.250,2.188",56.02456283569336,55.451133728027344,0.5734291076660156,1,54.823944091796875,54.82166290283203,0.00228118896484375,1
random_007,6,17,"36.250,13.125,2.188","34.375,16.875,0.938",61.602622985839844,63.293128967285156,1.6905059814453125,1,61.08123779296875,61.052337646484375,0.028900146484375,1
random_007,6,18,"36.250,13.125,2.188","24.375,33.125,0.938",86.31644439697266,90.23133087158203,3.914886474609375,1,81.06356811523438,79.13175201416016,1.9318161010742188,1
random_007,6,19,"36.250,13.125,2.188","38.125,30.625,1.562",72.60624694824219,82.29930114746094,9.69305419921875,1,67.18730926513672,67.33940124511719,0.15209197998046875,1
random_007,6,20,"36.250,13.125,2.188","7.500,11.250,2.188",73.94292449951172,74.31939697265625,0.37647247314453125,1,73.7378921508789,74.0573959350586,0.3195037841796875,1
random_007,6,21,"36.250,13.125,2.188","16.250,35.000,0.938",89.47777557373047,89.88072204589844,0.40294647216796875,1,82.11331176757812,83.21969604492188,1.10638427734375,1
random_007,6,22,"36.250,13.125,2.188","10.000,1.875,0.938",73.97227478027344,73.47539520263672,0.49687957763671875,1,68.75813293457031,69.13799285888672,0.37985992431640625,1
random_007,6,23,"36.250,13.125,2.188","20.625,11.250,2.188",68.68186950683594,69.15908813476562,0.4772186279296875,1,67.95922088623047,68.15692901611328,0.1977081298828125,1
random_007,6,24,"36.250,13.125,2.188","20.000,11.875,0.938",69.0737533569336,69.5302963256836,0.45654296875,1,69.21483612060547,68.94793701171875,0.26689910888671875,1
random_007,6,25,"36.250,13.125,2.188","30.625,1.250,2.188",76.00598907470703,74.7918472290039,1.214141845703125,1,69.38946533203125,69.6477279663086,0.25826263427734375,1
random_007,6,26,"36.250,13.125,2.188","23.750,36.875,0.312",86.46133422851562,90.68128967285156,4.2199554443359375,1,80.88021087646484,79.82110595703125,1.0591049194335938,1
random_007,6,27,"36.250,13.125,2.188","18.125,34.375,0.312",88.56338500976562,89.61444854736328,1.0510635375976562,1,81.71092987060547,80.50963592529297,1.2012939453125,1
random_007,6,28,"36.250,13.125,2.188","2.500,4.375,0.938",75.48588562011719,74.9293212890625,0.5565643310546875,1,73.06980895996094,73.09127044677734,0.02146148681640625,1
random_007,6,29,"36.250,13.125,2.188","12.500,18.125,0.938",82.99935913085938,81.74935150146484,1.2500076293945312,1,76.821044921875,77.06668853759766,0.24564361572265625,1
random_007,7,8,"13.750,13.750,1.562","7.500,15.625,2.188",62.53639602661133,63.20920181274414,0.6728057861328125,1,63.22874450683594,63.21839904785156,0.010345458984375,1
random_007,7,9,"13.750,13.750,1.562","3.125,13.750,0.938",66.9863052368164,67.25466918945312,0.26836395263671875,1,65.83842468261719,65.85714721679688,0.0187225341796875,1
random_007,7,10,"13.750,13.750,1.562","37.500,6.875,0.312",78.88765716552734,76.00251007080078,2.8851470947265625,1,70.35002136230469,70.25419616699219,0.0958251953125,1
random_007,7,11,"13.750,13.750,1.562","29.375,5.000,1.562",70.22291564941406,70.10533905029297,0.11757659912109375,1,68.67611694335938,68.81979370117188,0.1436767578125,1
random_007,7,12,"13.750,13.750,1.562","22.500,33.750,2.188",85.65660858154297,89.61774444580078,3.9611358642578125,1,78.36940002441406,76.80497741699219,1.564422607421875,1
random_007,7,13,"13.750,13.750,1.562","38.125,27.500,0.312",86.71717834472656,87.63943481445312,0.9222564697265625,1,80.07838439941406,78.9808349609375,1.0975494384765625,1
random_007,7,14,"13.750,13.750,1.562","7.500,37.500,0.938",88.01964569091797,88.17082977294922,0.15118408203125,1,76.50467681884766,77.92253112792969,1.4178543090820312,1
random_007,7,15,"13.750,13.750,1.562","21.250,19.375,2.188",70.18305206298828,72.8635482788086,2.6804962158203125,1,69.3051986694336,69.9110107421875,0.6058120727539062,1
random_007,7,16,"13.750,13.750,1.562","34.375,11.250,2.188",71.17138671875,71.36740112304688,0.196014404296875,1,68.87702178955078,68.91294860839844,0.03592681884765625,1
random_007,7,17,"13.750,13.750,1.562","34.375,16.875,0.938",83.196044921875,80.17728424072266,3.0187606811523438,1,77.03265380859375,76.5582046508789,0.47444915771484375,1
random_007,7,18,"13.750,13.750,1.562","24.375,33.125,0.938",86.1164779663086,88.90969848632812,2.7932205200195312,1,77.75215911865234,78.78974914550781,1.0375900268554688,1
random_007,7,19,"13.750,13.750,1.562","38.125,30.625,1.562",87.2901382446289,88.6272964477539,1.337158203125,1,80.31996154785156,79.70928192138672,0.6106796264648438,1
random_007,7,20,"13.750,13.750,1.562","7.500,11.250,2.188",62.952030181884766,63.024017333984375,0.07198715209960938,1,63.1337890625,63.11811065673828,0.01567840576171875,1
random_007,7,21,"13.750,13.750,1.562","16.250,35.000,0.938",86.54718780517578,87.09522247314453,0.54803466796875,1,72.56480407714844,73.28878784179688,0.7239837646484375,1
random_007,7,22,"13.750,13.750,1.562","10.000,1.875,0.938",68.07074737548828,68.4500732421875,0.37932586669921875,1,68.3386001586914,68.47128295898438,0.13268280029296875,1
random_007,7,23,"13.750,13.750,1.562","20.625,11.250,2.188",63.28816223144531,63.53388214111328,0.24571990966796875,1,62.50938415527344,62.518226623535156,0.00884246826171875,1
random_007,7,24,"13.750,13.750,1.562","20.000,11.875,0.938",62.458168029785156,62.57622146606445,0.11805343627929688,1,61.94646453857422,61.96577453613281,0.01930999755859375,1
random_007,7,25,"13.750,13.750,1.562","30.625,1.250,2.188",71.14314270019531,71.09522247314453,0.04792022705078125,1,69.25929260253906,69.4393081665039,0.18001556396484375,1
random_007,7,26,"13.750,13.750,1.562","23.750,36.875,0.312",85.91702270507812,89.74229431152344,3.8252716064453125,1,77.58744049072266,76.56188201904297,1.0255584716796875,1
random_007,7,27,"13.750,13.750,1.562","18.125,34.375,0.312",86.8656005859375,87.28416442871094,0.4185638427734375,1,73.37714385986328,73.08358001708984,0.2935638427734375,1
random_007,7,28,"13.750,13.750,1.562","2.500,4.375,0.938",70.36176300048828,69.56588745117188,0.7958755493164062,1,71.09440612792969,71.01184844970703,0.08255767822265625,1
random_007,7,29,"13.750,13.750,1.562","12.500,18.125,0.938",60.15843963623047,62.881195068359375,2.7227554321289062,1,60.322261810302734,60.36900329589844,0.046741485595703125,1
random_007,8,9,"7.500,15.625,2.188","3.125,13.750,0.938",61.48359298706055,60.266029357910156,1.2175636291503906,1,60.467926025390625,60.44454574584961,0.023380279541015625,1
random_007,8,10,"7.500,15.625,2.188","37.500,6.875,0.312",81.18757629394531,79.21138000488281,1.9761962890625,1,74.29112243652344,73.42317962646484,0.8679428100585938,1
random_007,8,11,"7.500,15.625,2.188","29.375,5.000,1.562",73.04517364501953,72.95443725585938,0.09073638916015625,1,72.74530792236328,72.93445587158203,0.18914794921875,1
random_007,8,12,"7.500,15.625,2.188","22.500,33.750,2.188",85.87142181396484,88.08531951904297,2.213897705078125,1,78.818115234375,81.09468078613281,2.2765655517578125,1
random_007,8,13,"7.500,15.625,2.188","38.125,27.500,0.312",88.95045471191406,89.53793334960938,0.5874786376953125,1,82.67521667480469,80.99168395996094,1.68353271484375,1
random_007,8,14,"7.500,15.625,2.188","7.500,37.500,0.938",88.13455963134766,74.50688934326172,13.627670288085938,1,74.30037689208984,73.04051208496094,1.2598648071289062,1
random_007,8,15,"7.500,15.625,2.188","21.250,19.375,2.188",72.2580795288086,74.65058135986328,2.3925018310546875,1,71.32579040527344,71.49079132080078,0.16500091552734375,1
random_007,8,16,"7.500,15.625,2.188","34.375,11.250,2.188",73.70367431640625,74.84931945800781,1.1456451416015625,1,75.55350494384766,75.88217163085938,0.32866668701171875,1
random_007,8,17,"7.500,15.625,2.188","34.375,16.875,0.938",88.03158569335938,86.40472412109375,1.626861572265625,1,76.56007385253906,77.36514282226562,0.8050689697265625,1
random_007,8,18,"7.500,15.625,2.188","24.375,33.125,0.938",86.72506713867188,88.17762756347656,1.4525604248046875,1,79.06790161132812,80.95459747314453,1.8866958618164062,1
random_007,8,19,"7.500,15.625,2.188","38.125,30.625,1.562",88.15070343017578,89.98152923583984,1.8308258056640625,1,82.07042694091797,82.43710327148438,0.36667633056640625,1
random_007,8,20,"7.500,15.625,2.188","7.500,11.250,2.188",59.14360046386719,59.05626678466797,0.08733367919921875,1,58.72712707519531,58.72986602783203,0.00273895263671875,1
random_007,8,21,"7.500,15.625,2.188","16.250,35.000,0.938",82.91706848144531,81.8221435546875,1.0949249267578125,1,76.2001724243164,75.6615982055664,0.53857421875,1
random_007,8,22,"7.500,15.625,2.188","10.000,1.875,0.938",68.959716796875,69.20905303955078,0.24933624267578125,1,70.08345794677734,70.03617858886719,0.04727935791015625,1
random_007,8,23,"7.500,15.625,2.188","20.625,11.250,2.188",68.7154541015625,69.23699188232422,0.5215377807617188,1,68.7192153930664,68.66973876953125,0.04947662353515625,1
random_007,8,24,"7.500,15.625,2.188","20.000,11.875,0.938",68.30145263671875,68.8597640991211,0.5583114624023438,1,68.21595764160156,68.22762298583984,0.01166534423828125,1
random_007,8,25,"7.500,15.625,2.188","30.625,1.250,2.188",73.63015747070312,73.34549713134766,0.28466033935546875,1,74.3046875,73.80058288574219,0.5041046142578125,1
random_007,8,26,"7.500,15.625,2.188","23.750,36.875,0.312",86.54911804199219,87.42396545410156,0.874847412109375,1,75.61805725097656,76.24264526367188,0.6245880126953125,1
random_007,8,27,"7.500,15.625,2.188","18.125,34.375,0.312",85.32901000976562,84.42926025390625,0.899749755859375,1,77.31658935546875,76.3765869140625,0.94000244140625,1
random_007,8,28,"7.500,15.625,2.188","2.500,4.375,0.938",75.24870300292969,70.02544403076172,5.223258972167969,1,69.46060943603516,69.14994812011719,0.31066131591796875,1
random_007,8,29,"7.500,15.625,2.188","12.500,18.125,0.938",65.72534942626953,63.59652328491211,2.128826141357422,1,63.88121795654297,64.04727172851562,0.16605377197265625,1
random_007,9,10,"3.125,13.750,0.938","37.500,6.875,0.312",81.26673889160156,79.8731689453125,1.3935699462890625,1,77.04081726074219,76.59884643554688,0.4419708251953125,1
random_007,9,11,"3.125,13.750,0.938","29.375,5.000,1.562",74.1650619506836,74.57150268554688,0.40644073486328125,1,72.498046875,72.68578338623047,0.18773651123046875,1
random_007,9,12,"3.125,13.750,0.938","22.500,33.750,2.188",85.99773406982422,87.87471771240234,1.876983642578125,1,81.4296646118164,78.15887451171875,3.2707901000976562,1
random_007,9,13,"3.125,13.750,0.938","38.125,27.500,0.312",89.23290252685547,88.88399505615234,0.348907470703125,1,85.4757308959961,80.02364349365234,5.45208740234375,1
random_007,9,14,"3.125,13.750,0.938","7.500,37.500,0.938",89.80833435058594,83.9864501953125,5.8218841552734375,1,81.76033020019531,74.37042999267578,7.389900207519531,1
random_007,9,15,"3.125,13.750,0.938","21.250,19.375,2.188",75.88392639160156,74.79229736328125,1.0916290283203125,1,71.10310363769531,71.94216918945312,0.8390655517578125,1
random_007,9,16,"3.125,13.750,0.938","34.375,11.250,2.188",74.83357238769531,75.89253997802734,1.0589675903320312,1,75.07138061523438,76.84962463378906,1.7782440185546875,1
random_007,9,17,"3.125,13.750,0.938","34.375,16.875,0.938",85.60838317871094,83.55742645263672,2.0509567260742188,1,80.90750122070312,85.74462890625,4.837127685546875,1
random_007,9,18,"3.125,13.750,0.938","24.375,33.125,0.938",87.06744384765625,87.88786315917969,0.8204193115234375,1,81.84010314941406,82.31637573242188,0.4762725830078125,1
random_007,9,19,"3.125,13.750,0.938","38.125,30.625,1.562",89.28273010253906,89.79302978515625,0.5102996826171875,1,83.75440979003906,84.69407653808594,0.939666748046875,1
random_007,9,20,"3.125,13.750,0.938","7.500,11.250,2.188",60.939796447753906,60.73143005371094,0.20836639404296875,1,60.30504608154297,60.313114166259766,0.008068084716796875,1
random_007,9,21,"3.125,13.750,0.938","16.250,35.000,0.938",82.77869415283203,85.7734375,2.9947433471679688,1,76.33657836914062,76.88555145263672,0.5489730834960938,1
random_007,9,22,"3.125,13.750,0.938","10.000,1.875,0.938",71.49609375,71.03717803955078,0.45891571044921875,1,68.13726806640625,69.9395751953125,1.80230712890625,1
random_007,9,23,"3.125,13.750,0.938","20.625,11.250,2.188",71.13758087158203,71.56090545654297,0.4233245849609375,1,71.63770294189453,71.04450988769531,0.5931930541992188,1
random_007,9,24,"3.125,13.750,0.938","20.000,11.875,0.938",70.8604736328125,71.19483947753906,0.3343658447265625,1,70.13298797607422,70.68019104003906,0.5472030639648438,1
random_007,9,25,"3.125,13.750,0.938","30.625,1.250,2.188",74.71614837646484,74.94551086425781,0.22936248779296875,1,72.81015014648438,72.92510986328125,0.114959716796875,1
random_007,9,26,"3.125,13.750,0.938","23.750,36.875,0.312",86.73085021972656,87.6202621459961,0.8894119262695312,1,80.46653747558594,79.78623962402344,0.6802978515625,1
random_007,9,27,"3.125,13.750,0.938","18.125,34.375,0.312",85.05329895019531,86.36607360839844,1.312774658203125,1,77.56785583496094,76.91344451904297,0.6544113159179688,1
random_007,9,28,"3.125,13.750,0.938","2.500,4.375,0.938",76.16387176513672,67.30259704589844,8.861274719238281,1,66.54835510253906,66.56767272949219,0.019317626953125,1
random_007,9,29,"3.125,13.750,0.938","12.500,18.125,0.938",71.23271179199219,69.35196685791016,1.8807449340820312,1,67.56353759765625,67.41165924072266,0.15187835693359375,1
random_007,10,11,"37.500,6.875,0.312","29.375,5.000,1.562",63.425010681152344,63.05284881591797,0.372161865234375,1,63.971717834472656,64.210693359375,0.23897552490234375,1
random_007,10,12,"37.500,6.875,0.312","22.500,33.750,2.188",88.52032470703125,95.25920104980469,6.7388763427734375,1,84.07801818847656,82.70429992675781,1.37371826171875,1
random_007,10,13,"37.500,6.875,0.312","38.125,27.500,0.312",82.6753921508789,89.97187805175781,7.296485900878906,1,73.16596984863281,77.52001953125,4.3540496826171875,1
random_007,10,14,"37.500,6.875,0.312","7.500,37.500,0.938",94.42896270751953,97.4652099609375,3.0362472534179688,1,89.0577392578125,88.5365982055664,0.5211410522460938,1
random_007,10,15,"37.500,6.875,0.312","21.250,19.375,2.188",82.19206237792969,88.76849365234375,6.5764312744140625,1,78.2285385131836,77.87934875488281,0.34918975830078125,1
random_007,10,16,"37.500,6.875,0.312","34.375,11.250,2.188",62.460044860839844,66.19181823730469,3.7317733764648438,1,63.99884033203125,64.41571807861328,0.41687774658203125,1
random_007,10,17,"37.500,6.875,0.312","34.375,16.875,0.938",77.31593322753906,80.19058227539062,2.8746490478515625,1,70.35889434814453,74.26367950439453,3.90478515625,1
random_007,10,18,"37.500,6.875,0.312","24.375,33.125,0.938",88.41704559326172,95.05949401855469,6.642448425292969,1,81.24380493164062,87.43818664550781,6.1943817138671875,1
random_007,10,19,"37.500,6.875,0.312","38.125,30.625,1.562",84.10810852050781,90.95930480957031,6.8511962890625,1,71.67558288574219,76.56829071044922,4.892707824707031,1
random_007,10,20,"37.500,6.875,0.312","7.500,11.250,2.188",77.23201751708984,78.6303482055664,1.3983306884765625,1,71.71692657470703,72.24158477783203,0.524658203125,1
random_007,10,21,"37.500,6.875,0.312","16.250,35.000,0.938",89.87705993652344,94.016845703125,4.1397857666015625,1,83.64039611816406,85.7405014038086,2.1001052856445312,1
random_007,10,22,"37.500,6.875,0.312","10.000,1.875,0.938",73.86227416992188,73.56751251220703,0.29476165771484375,1,68.31909942626953,68.46495819091797,0.1458587646484375,1
random_007,10,23,"37.500,6.875,0.312","20.625,11.250,2.188",73.85713958740234,76.21759796142578,2.3604583740234375,1,71.5110855102539,71.41793823242188,0.09314727783203125,1
random_007,10,24,"37.500,6.875,0.312","20.000,11.875,0.938",74.0988540649414,76.9513931274414,2.8525390625,1,70.25550842285156,70.95756530761719,0.702056884765625,1
random_007,10,25,"37.500,6.875,0.312","30.625,1.250,2.188",64.51508331298828,63.28362274169922,1.2314605712890625,1,61.22505187988281,61.19657516479492,0.028476715087890625,1
random_007,10,26,"37.500,6.875,0.312","23.750,36.875,0.312",88.87643432617188,95.82478332519531,6.9483489990234375,1,83.08103942871094,83.35933685302734,0.27829742431640625,1
random_007,10,27,"37.500,6.875,0.312","18.125,34.375,0.312",89.5145492553711,94.58135986328125,5.066810607910156,1,84.89544677734375,85.96534729003906,1.0699005126953125,1
random_007,10,28,"37.500,6.875,0.312","2.500,4.375,0.938",75.48019409179688,75.45951080322266,0.02068328857421875,1,71.85963439941406,72.21449279785156,0.3548583984375,1
random_007,10,29,"37.500,6.875,0.312","12.500,18.125,0.938",84.10270690917969,86.88103485107422,2.7783279418945312,1,78.0484619140625,76.84406280517578,1.2043991088867188,1
random_007,11,12,"29.375,5.000,1.562","22.500,33.750,2.188",89.24410247802734,94.45722961425781,5.213127136230469,1,79.24100494384766,79.21477508544922,0.0262298583984375,1
random_007,11,13,"29.375,5.000,1.562","38.125,27.500,0.312",86.25128936767578,89.70181274414062,3.4505233764648438,1,74.29312896728516,77.66514587402344,3.3720169067382812,1
random_007,11,14,"29.375,5.000,1.562","7.500,37.500,0.938",93.31584167480469,92.83293914794922,0.48290252685546875,1,83.71247863769531,84.72810363769531,1.015625,1
random_007,11,15,"29.375,5.000,1.562","21.250,19.375,2.188",82.35919952392578,83.52438354492188,1.1651840209960938,1,75.52770233154297,74.745849609375,0.7818527221679688,1
random_007,11,16,"29.375,5.000,1.562","34.375,11.250,2.188",68.69686889648438,70.45394897460938,1.757080078125,1,67.55635833740234,67.67961883544922,0.123260498046875,1
random_007,11,17,"29.375,5.000,1.562","34.375,16.875,0.938",81.31995391845703,83.30953979492188,1.9895858764648438,1,71.78419494628906,71.20392608642578,0.5802688598632812,1
random_007,11,18,"29.375,5.000,1.562","24.375,33.125,0.938",88.95201873779297,92.98040771484375,4.028388977050781,1,77.24848937988281,77.24139404296875,0.0070953369140625,1
random_007,11,19,"29.375,5.000,1.562","38.125,30.625,1.562",86.6385726928711,90.16065979003906,3.5220870971679688,1,78.09062194824219,79.14204406738281,1.051422119140625,1
random_007,11,20,"29.375,5.000,1.562","7.500,11.250,2.188",72.0,72.30322265625,0.30322265625,1,72.4720458984375,72.47538757324219,0.0033416748046875,1
random_007,11,21,"29.375,5.000,1.562","16.250,35.000,0.938",89.67989349365234,91.76654052734375,2.0866470336914062,1,80.42333984375,79.61912536621094,0.8042144775390625,1
random_007,11,22,"29.375,5.000,1.562","10.000,1.875,0.938",71.12966918945312,71.04933166503906,0.0803375244140625,1,69.55818939208984,69.76237487792969,0.20418548583984375,1
random_007,11,23,"29.375,5.000,1.562","20.625,11.250,2.188",66.87834930419922,66.7677230834961,0.110626220703125,1,66.26712036132812,66.24510955810547,0.02201080322265625,1
random_007,11,24,"29.375,5.000,1.562","20.000,11.875,0.938",67.62001037597656,67.429443359375,0.1905670166015625,1,67.11702728271484,67.18415069580078,0.0671234130859375,1
random_007,11,25,"29.375,5.000,1.562","30.625,1.250,2.188",58.233551025390625,58.541595458984375,0.30804443359375,1,58.58721160888672,58.59032440185547,0.00311279296875,1
random_007,11,26,"29.375,5.000,1.562","23.750,36.875,0.312",88.58859252929688,92.90631103515625,4.317718505859375,1,76.95563507080078,80.34164428710938,3.3860092163085938,1
random_007,11,27,"29.375,5.000,1.562","18.125,34.375,0.312",89.48265075683594,92.4875717163086,3.0049209594726562,1,77.726806640625,79.05342864990234,1.3266220092773438,1
random_007,11,28,"29.375,5.000,1.562","2.500,4.375,0.938",73.3888168334961,73.7248306274414,0.3360137939453125,1,73.66915130615234,73.2527084350586,0.41644287109375,1
random_007,11,29,"29.375,5.000,1.562","12.500,18.125,0.938",83.38916015625,77.14656829833984,6.242591857910156,1,74.92100524902344,74.58383178710938,0.3371734619140625,1
random_007,12,13,"22.500,33.750,2.188","38.125,27.500,0.312",70.33139038085938,70.1856689453125,0.145721435546875,1,69.8366470336914,69.83654022216797,0.0001068115234375,1
random_007,12,14,"22.500,33.750,2.188","7.500,37.500,0.938",69.4239501953125,68.80414581298828,0.6198043823242188,1,67.78759765625,67.80528259277344,0.0176849365234375,1
random_007,12,15,"22.500,33.750,2.188","21.250,19.375,2.188",78.36414337158203,80.7055435180664,2.341400146484375,1,69.1461181640625,67.97463989257812,1.171478271484375,1
random_007,12,16,"22.500,33.750,2.188","34.375,11.250,2.188",89.90010833740234,86.6261215209961,3.27398681640625,1,78.0645523071289,79.46051025390625,1.3959579467773438,1
random_007,12,17,"22.500,33.750,2.188","34.375,16.875,0.938",86.90262603759766,81.98404693603516,4.9185791015625,1,77.03421020507812,76.84065246582031,0.1935577392578125,1
random_007,12,18,"22.500,33.750,2.188","24.375,33.125,0.938",54.94114303588867,54.86101150512695,0.08013153076171875,1,53.827728271484375,53.827903747558594,0.00017547607421875,1
random_007,12,19,"22.500,33.750,2.188","38.125,30.625,1.562",74.83628845214844,71.9758071899414,2.8604812622070312,1,69.16815185546875,68.91690063476562,0.251251220703125,1
random_007,12,20,"22.500,33.750,2.188","7.500,11.250,2.188",87.40550231933594,86.89633178710938,0.5091705322265625,1,77.1156005859375,77.58445739746094,0.4688568115234375,1
random_007,12,21,"22.500,33.750,2.188","16.250,35.000,0.938",62.93397521972656,62.772850036621094,0.16112518310546875,1,61.935272216796875,61.92981719970703,0.00545501708984375,1
random_007,12,22,"22.500,33.750,2.188","10.000,1.875,0.938",92.54756927490234,87.93922424316406,4.608345031738281,1,83.03836059570312,82.45909881591797,0.5792617797851562,1
random_007,12,23,"22.500,33.750,2.188","20.625,11.250,2.188",89.84991455078125,88.99813079833984,0.8517837524414062,1,84.84642028808594,75.48966979980469,9.35675048828125,1
random_007,12,24,"22.500,33.750,2.188","20.000,11.875,0.938",88.97319030761719,88.64041137695312,0.3327789306640625,1,85.21504211425781,75.80458068847656,9.41046142578125,1
random_007,12,25,"22.500,33.750,2.188","30.625,1.250,2.188",94.45806884765625,89.6103286743164,4.847740173339844,1,78.50338745117188,78.266357421875,0.237030029296875,1
random_007,12,26,"22.500,33.750,2.188","23.750,36.875,0.312",58.55441665649414,58.75204849243164,0.1976318359375,1,57.446475982666016,57.42985153198242,0.01662445068359375,1
random_007,12,27,"22.500,33.750,2.188","18.125,34.375,0.312",60.499176025390625,60.21067428588867,0.2885017395019531,1,60.106483459472656,60.10187530517578,0.004608154296875,1
random_007,12,28,"22.500,33.750,2.188","2.500,4.375,0.938",90.6331558227539,87.71426391601562,2.9188919067382812,1,84.70440673828125,84.34019470214844,0.3642120361328125,1
random_007,12,29,"22.500,33.750,2.188","12.500,18.125,0.938",82.21199798583984,83.25843048095703,1.0464324951171875,1,72.31720733642578,73.17052459716797,0.8533172607421875,1
random_007,13,14,"38.125,27.500,0.312","7.500,37.500,0.938",74.99198150634766,75.00739288330078,0.015411376953125,1,73.55546569824219,73.5016860961914,0.05377960205078125,1
random_007,13,15,"38.125,27.500,0.312","21.250,19.375,2.188",75.29618072509766,82.3075942993164,7.01141357421875,1,73.22431945800781,74.25753784179688,1.0332183837890625,1
random_007,13,16,"38.125,27.500,0.312","34.375,11.250,2.188",80.92513275146484,72.56892395019531,8.356208801269531,1,68.79983520507812,68.7802963256836,0.01953887939453125,1
random_007,13,17,"38.125,27.500,0.312","34.375,16.875,0.938",65.88691711425781,65.63319396972656,0.25372314453125,1,62.32722473144531,62.264129638671875,0.0630950927734375,1
random_007,13,18,"38.125,27.500,0.312","24.375,33.125,0.938",68.92371368408203,69.30811309814453,0.3843994140625,1,66.80228424072266,66.71692657470703,0.085357666015625,1
random_007,13,19,"38.125,27.500,0.312","38.125,30.625,1.562",56.97347640991211,57.21169662475586,0.23822021484375,1,55.119415283203125,55.147117614746094,0.02770233154296875,1
random_007,13,20,"38.125,27.500,0.312","7.500,11.250,2.188",87.66004943847656,87.95062255859375,0.2905731201171875,1,84.90055084228516,81.15896606445312,3.7415847778320312,1
random_007,13,21,"38.125,27.500,0.312","16.250,35.000,0.938",72.34671020507812,72.87203979492188,0.52532958984375,1,71.26876831054688,70.4608383178711,0.8079299926757812,1
random_007,13,22,"38.125,27.500,0.312","10.000,1.875,0.938",91.31206512451172,89.51058959960938,1.8014755249023438,1,81.76036834716797,84.83155059814453,3.0711822509765625,1
random_007,13,23,"38.125,27.500,0.312","20.625,11.250,2.188",86.75186920166016,87.25701904296875,0.5051498413085938,1,81.51580810546875,80.61347961425781,0.9023284912109375,1
random_007,13,24,"38.125,27.500,0.312","20.000,11.875,0.938",86.06005859375,86.83767700195312,0.777618408203125,1,79.2723388671875,80.50706481933594,1.2347259521484375,1
random_007,13,25,"38.125,27.500,0.312","30.625,1.250,2.188",90.30531311035156,88.4905014038086,1.8148117065429688,1,75.258544921875,74.92854309082031,0.3300018310546875,1
random_007,13,26,"38.125,27.500,0.312","23.750,36.875,0.312",73.12296295166016,73.48474884033203,0.361785888671875,1,71.29568481445312,73.24470520019531,1.9490203857421875,1
random_007,13,27,"38.125,27.500,0.312","18.125,34.375,0.312",71.80014038085938,72.13343811035156,0.3332977294921875,1,74.26322174072266,74.23629760742188,0.02692413330078125,1
random_007,13,28,"38.125,27.500,0.312","2.500,4.375,0.938",91.5357666015625,89.75250244140625,1.78326416015625,1,86.19781494140625,84.79798126220703,1.3998336791992188,1
random_007,13,29,"38.125,27.500,0.312","12.500,18.125,0.938",81.15875244140625,84.43058013916016,3.2718276977539062,1,72.89292907714844,74.09391784667969,1.20098876953125,1
random_007,14,15,"7.500,37.500,0.938","21.250,19.375,2.188",84.2810287475586,86.44522857666016,2.1641998291015625,1,79.67871856689453,79.87216186523438,0.19344329833984375,1
random_007,14,16,"7.500,37.500,0.938","34.375,11.250,2.188",90.96930694580078,91.50948333740234,0.5401763916015625,1,84.00453186035156,83.72671508789062,0.2778167724609375,1
random_007,14,17,"7.500,37.500,0.938","34.375,16.875,0.938",88.08338165283203,89.44231414794922,1.3589324951171875,1,82.70667266845703,81.70513916015625,1.0015335083007812,1
random_007,14,18,"7.500,37.500,0.938","24.375,33.125,0.938",69.6956558227539,70.42020416259766,0.72454833984375,1,67.88384246826172,68.04491424560547,0.16107177734375,1
random_007,14,19,"7.500,37.500,0.938","38.125,30.625,1.562",79.66282653808594,78.89794921875,0.7648773193359375,1,72.09613800048828,72.66552734375,0.5693893432617188,1
random_007,14,20,"7.500,37.500,0.938","7.500,11.250,2.188",76.18051147460938,90.2466049194336,14.066093444824219,1,73.96492767333984,73.26704406738281,0.6978836059570312,1
random_007,14,21,"7.500,37.500,0.938","16.250,35.000,0.938",64.83845520019531,64.59292602539062,0.2455291748046875,1,63.7717399597168,64.01617431640625,0.24443435668945312,1
random_007,14,22,"7.500,37.500,0.938","10.000,1.875,0.938",81.9041519165039,90.52043151855469,8.616279602050781,1,76.86138916015625,78.41398620605469,1.5525970458984375,1
random_007,14,23,"7.500,37.500,0.938","20.625,11.250,2.188",88.66099548339844,92.21492004394531,3.553924560546875,1,79.40892791748047,79.67491912841797,0.2659912109375,1
random_007,14,24,"7.500,37.500,0.938","20.000,11.875,0.938",88.42155456542969,91.3410415649414,2.9194869995117188,1,83.5887222290039,83.00159454345703,0.587127685546875,1
random_007,14,25,"7.500,37.500,0.938","30.625,1.250,2.188",92.99557495117188,93.49473571777344,0.4991607666015625,1,83.40103912353516,81.84034729003906,1.5606918334960938,1
random_007,14,26,"7.500,37.500,0.938","23.750,36.875,0.312",68.84999084472656,69.67361450195312,0.8236236572265625,1,67.09164428710938,67.24842071533203,0.15677642822265625,1
random_007,14,27,"7.500,37.500,0.938","18.125,34.375,0.312",66.35643005371094,66.43992614746094,0.08349609375,1,65.95530700683594,65.85877227783203,0.09653472900390625,1
random_007,14,28,"7.500,37.500,0.938","2.500,4.375,0.938",89.72410583496094,90.59024047851562,0.8661346435546875,1,82.07327270507812,77.95537567138672,4.117897033691406,1
random_007,14,29,"7.500,37.500,0.938","12.500,18.125,0.938",83.5091323852539,85.48860168457031,1.9794692993164062,1,72.33284759521484,72.46300506591797,0.130157470703125,1
random_007,15,16,"21.250,19.375,2.188","34.375,11.250,2.188",75.43240356445312,75.6688232421875,0.236419677734375,1,72.02635192871094,73.06455993652344,1.0382080078125,1
random_007,15,17,"21.250,19.375,2.188","34.375,16.875,0.938",79.95667266845703,69.61662292480469,10.340049743652344,1,69.36700439453125,69.15342712402344,0.2135772705078125,1
random_007,15,18,"21.250,19.375,2.188","24.375,33.125,0.938",79.93002319335938,73.5254135131836,6.404609680175781,1,68.34295654296875,70.14904022216797,1.8060836791992188,1
random_007,15,19,"21.250,19.375,2.188","38.125,30.625,1.562",80.97198486328125,78.63567352294922,2.3363113403320312,1,72.26615142822266,72.39615631103516,0.1300048828125,1
random_007,15,20,"21.250,19.375,2.188","7.500,11.250,2.188",75.28416442871094,75.55989074707031,0.275726318359375,1,73.99114227294922,74.31380462646484,0.322662353515625,1
random_007,15,21,"21.250,19.375,2.188","16.250,35.000,0.938",84.6241226196289,81.21614074707031,3.4079818725585938,1,74.40496826171875,75.33379364013672,0.9288253784179688,1
random_007,15,22,"21.250,19.375,2.188","10.000,1.875,0.938",83.48641967773438,82.89242553710938,0.593994140625,1,76.43175506591797,75.50904846191406,0.9227066040039062,1
random_007,15,23,"21.250,19.375,2.188","20.625,11.250,2.188",72.05270385742188,76.52509307861328,4.472389221191406,1,65.8729476928711,65.76838684082031,0.10456085205078125,1
random_007,15,24,"21.250,19.375,2.188","20.000,11.875,0.938",73.220703125,76.45063781738281,3.2299346923828125,1,64.94400024414062,65.37555694580078,0.43155670166015625,1
random_007,15,25,"21.250,19.375,2.188","30.625,1.250,2.188",81.6325912475586,83.21464538574219,1.5820541381835938,1,71.08914184570312,71.30227661132812,0.213134765625,1
random_007,15,26,"21.250,19.375,2.188","23.750,36.875,0.312",82.3270492553711,79.64478302001953,2.6822662353515625,1,70.29776000976562,70.24658966064453,0.05117034912109375,1
random_007,15,27,"21.250,19.375,2.188","18.125,34.375,0.312",82.98688507080078,79.06388854980469,3.9229965209960938,1,71.8647689819336,69.59440612792969,2.2703628540039062,1
random_007,15,28,"21.250,19.375,2.188","2.500,4.375,0.938",82.59114837646484,83.77603149414062,1.1848831176757812,1,76.84500122070312,76.6459732055664,0.19902801513671875,1
random_007,15,29,"21.250,19.375,2.188","12.500,18.125,0.938",64.67843627929688,64.52826690673828,0.15016937255859375,1,62.48868942260742,62.10947036743164,0.37921905517578125,1
random_007,16,17,"34.375,11.250,2.188","34.375,16.875,0.938",66.43429565429688,63.268333435058594,3.1659622192382812,1,62.733917236328125,62.591331481933594,0.14258575439453125,1
random_007,16,18,"34.375,11.250,2.188","24.375,33.125,0.938",86.94898986816406,89.83536529541016,2.8863754272460938,1,76.74122619628906,77.07367706298828,0.33245086669921875,1
random_007,16,19,"34.375,11.250,2.188","38.125,30.625,1.562",74.61095428466797,83.2643814086914,8.653427124023438,1,70.91387939453125,70.81908416748047,0.09479522705078125,1
random_007,16,20,"34.375,11.250,2.188","7.500,11.250,2.188",73.60404205322266,73.46002960205078,0.144012451171875,1,72.0950927734375,72.14119720458984,0.04610443115234375,1
random_007,16,21,"34.375,11.250,2.188","16.250,35.000,0.938",88.56004333496094,89.3606948852539,0.8006515502929688,1,81.31674194335938,81.73124694824219,0.4145050048828125,1
random_007,16,22,"34.375,11.250,2.188","10.000,1.875,0.938",73.44656372070312,73.05564880371094,0.3909149169921875,1,70.37939453125,70.34849548339844,0.0308990478515625,1
random_007,16,23,"34.375,11.250,2.188","20.625,11.250,2.188",67.63843536376953,67.49247741699219,0.14595794677734375,1,66.15913391113281,67.16950225830078,1.0103683471679688,1
random_007,16,24,"34.375,11.250,2.188","20.000,11.875,0.938",68.10659790039062,67.96411895751953,0.14247894287109375,1,66.11692810058594,65.97907257080078,0.13785552978515625,1
random_007,16,25,"34.375,11.250,2.188","30.625,1.250,2.188",72.48621368408203,75.72314453125,3.2369308471679688,1,67.24943542480469,67.46880340576172,0.21936798095703125,1
random_007,16,26,"34.375,11.250,2.188","23.750,36.875,0.312",86.97276306152344,90.38412475585938,3.4113616943359375,1,76.80037689208984,76.6185302734375,0.18184661865234375,1
random_007,16,27,"34.375,11.250,2.188","18.125,34.375,0.312",87.97970581054688,89.16947937011719,1.1897735595703125,1,80.0910873413086,80.52430725097656,0.43321990966796875,1
random_007,16,28,"34.375,11.250,2.188","2.500,4.375,0.938",74.9486083984375,74.40577697753906,0.5428314208984375,1,72.04806518554688,71.89978790283203,0.14827728271484375,1
random_007,16,29,"34.375,11.250,2.188","12.500,18.125,0.938",82.61962890625,80.44805908203125,2.17156982421875,1,75.63240051269531,75.47152709960938,0.1608734130859375,1
random_007,17,18,"34.375,16.875,0.938","24.375,33.125,0.938",81.17779541015625,85.30278778076172,4.124992370605469,1,75.66777038574219,75.85103607177734,0.18326568603515625,1
random_007,17,19,"34.375,16.875,0.938","38.125,30.625,1.562",67.55400085449219,67.53577423095703,0.01822662353515625,1,63.291259765625,63.48602294921875,0.19476318359375,1
random_007,17,20,"34.375,16.875,0.938","7.500,11.250,2.188",81.83464813232422,86.67437744140625,4.839729309082031,1,77.60009765625,78.27519226074219,0.6750946044921875,1
random_007,17,21,"34.375,16.875,0.938","16.250,35.000,0.938",85.69715118408203,86.94183349609375,1.2446823120117188,1,77.17393493652344,77.80577850341797,0.6318435668945312,1
random_007,17,22,"34.375,16.875,0.938","10.000,1.875,0.938",83.34041595458984,85.05441284179688,1.7139968872070312,1,81.2068099975586,80.66154479980469,0.5452651977539062,1
random_007,17,23,"34.375,16.875,0.938","20.625,11.250,2.188",77.24102020263672,81.07666015625,3.8356399536132812,1,73.64482116699219,73.53087615966797,0.11394500732421875,1
random_007,17,24,"34.375,16.875,0.938","20.000,11.875,0.938",77.5947036743164,80.87733459472656,3.2826309204101562,1,74.59223175048828,74.80923461914062,0.21700286865234375,1
random_007,17,25,"34.375,16.875,0.938","30.625,1.250,2.188",85.9236068725586,83.64683532714844,2.2767715454101562,1,72.762451171875,73.08665466308594,0.3242034912109375,1
random_007,17,26,"34.375,16.875,0.938","23.750,36.875,0.312",82.03177642822266,84.51603698730469,2.4842605590820312,1,74.2152099609375,72.9976806640625,1.217529296875,1
random_007,17,27,"34.375,16.875,0.938","18.125,34.375,0.312",85.06205749511719,86.87315368652344,1.81109619140625,1,77.06824493408203,76.00814056396484,1.0601043701171875,1
random_007,17,28,"34.375,16.875,0.938","2.500,4.375,0.938",84.10502624511719,85.58651733398438,1.4814910888671875,1,79.04900360107422,79.20742797851562,0.15842437744140625,1
random_007,17,29,"34.375,16.875,0.938","12.500,18.125,0.938",75.0199966430664,85.16365814208984,10.143661499023438,1,73.48381042480469,73.53788757324219,0.0540771484375,1
random_007,18,19,"24.375,33.125,0.938","38.125,30.625,1.562",72.10321807861328,70.6779556274414,1.425262451171875,1,67.46315002441406,67.15992736816406,0.30322265625,1
random_007,18,20,"24.375,33.125,0.938","7.500,11.250,2.188",88.47627258300781,87.40592956542969,1.070343017578125,1,79.83090209960938,82.94851684570312,3.11761474609375,1
random_007,18,21,"24.375,33.125,0.938","16.250,35.000,0.938",64.91622924804688,64.8649673461914,0.05126190185546875,1,63.16630935668945,63.17694854736328,0.010639190673828125,1
random_007,18,22,"24.375,33.125,0.938","10.000,1.875,0.938",92.49772644042969,88.16976928710938,4.3279571533203125,1,82.49299621582031,82.15298461914062,0.3400115966796875,1
random_007,18,23,"24.375,33.125,0.938","20.625,11.250,2.188",89.97734069824219,88.6422348022461,1.3351058959960938,1,82.21825408935547,74.96990966796875,7.248344421386719,1
random_007,18,24,"24.375,33.125,0.938","20.000,11.875,0.938",89.01177978515625,88.5351333618164,0.47664642333984375,1,81.81891632080078,74.468994140625,7.349922180175781,1
random_007,18,25,"24.375,33.125,0.938","30.625,1.250,2.188",93.0773696899414,89.18348693847656,3.8938827514648438,1,80.33612060546875,80.05867767333984,0.27744293212890625,1
random_007,18,26,"24.375,33.125,0.938","23.750,36.875,0.312",58.026756286621094,58.4874153137207,0.4606590270996094,1,57.58815002441406,57.58272171020508,0.005428314208984375,1
random_007,18,27,"24.375,33.125,0.938","18.125,34.375,0.312",62.75899887084961,62.683902740478516,0.07509613037109375,1,61.219818115234375,61.28215026855469,0.0623321533203125,1
random_007,18,28,"24.375,33.125,0.938","2.500,4.375,0.938",91.86248779296875,88.76289367675781,3.0995941162109375,1,85.11114501953125,83.74114227294922,1.3700027465820312,1
random_007,18,29,"24.375,33.125,0.938","12.500,18.125,0.938",80.99329376220703,83.37841796875,2.3851242065429688,1,77.58954620361328,76.94757080078125,0.6419754028320312,1
random_007,19,20,"38.125,30.625,1.562","7.500,11.250,2.188",89.86480712890625,88.23922729492188,1.625579833984375,1,83.49882507324219,83.39385986328125,0.1049652099609375,1
random_007,19,21,"38.125,30.625,1.562","16.250,35.000,0.938",73.704345703125,77.29204559326172,3.5876998901367188,1,72.16079711914062,71.48918914794922,0.6716079711914062,1
random_007,19,22,"38.125,30.625,1.562","10.000,1.875,0.938",91.99273681640625,89.92745208740234,2.0652847290039062,1,84.81925964355469,85.22029113769531,0.401031494140625,1
random_007,19,23,"38.125,30.625,1.562","20.625,11.250,2.188",88.1059341430664,87.25494384765625,0.8509902954101562,1,80.10546875,80.19416809082031,0.0886993408203125,1
random_007,19,24,"38.125,30.625,1.562","20.000,11.875,0.938",87.61918640136719,86.97525787353516,0.6439285278320312,1,80.05831909179688,81.29805755615234,1.2397384643554688,1
random_007,19,25,"38.125,30.625,1.562","30.625,1.250,2.188",90.158447265625,88.09005737304688,2.068389892578125,1,76.46256256103516,76.36565399169922,0.0969085693359375,1
random_007,19,26,"38.125,30.625,1.562","23.750,36.875,0.312",74.01715087890625,75.50244903564453,1.4852981567382812,1,74.4407730102539,72.69194793701172,1.7488250732421875,1
random_007,19,27,"38.125,30.625,1.562","18.125,34.375,0.312",74.0762939453125,76.47055053710938,2.394256591796875,1,70.76229858398438,70.90790557861328,0.14560699462890625,1
random_007,19,28,"38.125,30.625,1.562","2.500,4.375,0.938",92.94319915771484,90.32475280761719,2.6184463500976562,1,86.11399841308594,86.97164916992188,0.8576507568359375,1
random_007,19,29,"38.125,30.625,1.562","12.500,18.125,0.938",82.20150756835938,83.76762390136719,1.5661163330078125,1,75.85519409179688,78.2459945678711,2.3908004760742188,1
random_007,20,21,"7.500,11.250,2.188","16.250,35.000,0.938",84.73274993896484,83.1964340209961,1.53631591796875,1,77.61054229736328,78.217529296875,0.6069869995117188,1
random_007,20,22,"7.500,11.250,2.188","10.000,1.875,0.938",66.29776000976562,66.0340347290039,0.26372528076171875,1,66.5086441040039,66.4425277709961,0.0661163330078125,1
random_007,20,23,"7.500,11.250,2.188","20.625,11.250,2.188",68.09269714355469,68.66812133789062,0.5754241943359375,1,67.56996154785156,67.44280242919922,0.12715911865234375,1
random_007,20,24,"7.500,11.250,2.188","20.000,11.875,0.938",67.64942169189453,68.37203216552734,0.7226104736328125,1,66.32200622558594,67.17546081542969,0.85345458984375,1
random_007,20,25,"7.500,11.250,2.188","30.625,1.250,2.188",73.063232421875,72.62351989746094,0.4397125244140625,1,72.44493103027344,72.06427001953125,0.3806610107421875,1
random_007,20,26,"7.500,11.250,2.188","23.750,36.875,0.312",86.66114807128906,87.41854858398438,0.7574005126953125,1,76.30030822753906,77.10964965820312,0.8093414306640625,1
random_007,20,27,"7.500,11.250,2.188","18.125,34.375,0.312",86.25434875488281,84.96165466308594,1.292694091796875,1,80.21902465820312,77.95248413085938,2.26654052734375,1
random_007,20,28,"7.500,11.250,2.188","2.500,4.375,0.938",69.44981384277344,68.58353424072266,0.8662796020507812,1,67.75552368164062,67.76009368896484,0.00457000732421875,1
random_007,20,29,"7.500,11.250,2.188","12.500,18.125,0.938",65.78571319580078,65.0548095703125,0.7309036254882812,1,64.68573760986328,64.25550079345703,0.43023681640625,1
random_007,21,22,"16.250,35.000,0.938","10.000,1.875,0.938",87.85916900634766,88.76834106445312,0.9091720581054688,1,80.6773681640625,79.48920440673828,1.1881637573242188,1
random_007,21,23,"16.250,35.000,0.938","20.625,11.250,2.188",86.92009735107422,89.78790283203125,2.8678054809570312,1,75.50325775146484,77.62834167480469,2.1250839233398438,1
random_007,21,24,"16.250,35.000,0.938","20.000,11.875,0.938",87.33595275878906,89.21479034423828,1.8788375854492188,1,81.7807846069336,80.02334594726562,1.7574386596679688,1
random_007,21,25,"16.250,35.000,0.938","30.625,1.250,2.188",91.96824645996094,89.91059875488281,2.057647705078125,1,81.02388000488281,80.85933685302734,0.16454315185546875,1
random_007,21,26,"16.250,35.000,0.938","23.750,36.875,0.312",63.76362991333008,63.97745132446289,0.2138214111328125,1,63.77992630004883,63.75571823120117,0.02420806884765625,1
random_007,21,27,"16.250,35.000,0.938","18.125,34.375,0.312",53.05702209472656,53.19908905029297,0.14206695556640625,1,53.96884536743164,53.96984100341797,0.000995635986328125,1
random_007,21,28,"16.250,35.000,0.938","2.500,4.375,0.938",90.41697692871094,87.8980484008789,2.5189285278320312,1,80.25870513916016,80.43843078613281,0.17972564697265625,1
random_007,21,29,"16.250,35.000,0.938","12.500,18.125,0.938",80.56666564941406,84.36373901367188,3.7970733642578125,1,70.73743438720703,70.29364776611328,0.44378662109375,1
random_007,22,23,"10.000,1.875,0.938","20.625,11.250,2.188",68.43659210205078,68.83845520019531,0.40186309814453125,1,68.7034683227539,68.80422973632812,0.10076141357421875,1
random_007,22,24,"10.000,1.875,0.938","20.000,11.875,0.938",68.45390319824219,68.94632720947266,0.49242401123046875,1,68.89987182617188,68.9468994140625,0.047027587890625,1
random_007,22,25,"10.000,1.875,0.938","30.625,1.250,2.188",71.97683715820312,71.47358703613281,0.5032501220703125,1,72.70125579833984,72.45197296142578,0.2492828369140625,1
random_007,22,26,"10.000,1.875,0.938","23.750,36.875,0.312",88.30587005615234,92.35027313232422,4.044403076171875,1,83.19322204589844,83.39523315429688,0.2020111083984375,1
random_007,22,27,"10.000,1.875,0.938","18.125,34.375,0.312",89.5025863647461,88.94215393066406,0.5604324340820312,1,76.81385040283203,78.06231689453125,1.2484664916992188,1
random_007,22,28,"10.000,1.875,0.938","2.500,4.375,0.938",63.17909622192383,63.68006896972656,0.5009727478027344,1,61.906593322753906,61.95336151123047,0.0467681884765625,1
random_007,22,29,"10.000,1.875,0.938","12.500,18.125,0.938",70.82910919189453,70.34858703613281,0.48052215576171875,1,69.781494140625,70.08830261230469,0.3068084716796875,1
random_007,23,24,"20.625,11.250,2.188","20.000,11.875,0.938",52.82747268676758,51.03183364868164,1.7956390380859375,1,50.615074157714844,50.61561965942383,0.000545501708984375,1
random_007,23,25,"20.625,11.250,2.188","30.625,1.250,2.188",68.63603973388672,68.65259552001953,0.0165557861328125,1,68.38286590576172,68.129150390625,0.25371551513671875,1
random_007,23,26,"20.625,11.250,2.188","23.750,36.875,0.312",88.89766693115234,89.64795684814453,0.7502899169921875,1,76.30049133300781,76.56244659423828,0.26195526123046875,1
random_007,23,27,"20.625,11.250,2.188","18.125,34.375,0.312",89.22409057617188,87.5668716430664,1.6572189331054688,1,79.75274658203125,80.24662780761719,0.4938812255859375,1
random_007,23,28,"20.625,11.250,2.188","2.500,4.375,0.938",70.9335708618164,70.51371002197266,0.41986083984375,1,68.8122329711914,68.87618255615234,0.0639495849609375,1
random_007,23,29,"20.625,11.250,2.188","12.500,18.125,0.938",73.44613647460938,71.64372253417969,1.8024139404296875,1,70.05998992919922,69.81851196289062,0.24147796630859375,1
random_007,24,25,"20.000,11.875,0.938","30.625,1.250,2.188",69.27848052978516,69.2561264038086,0.0223541259765625,1,68.54183197021484,67.79615783691406,0.7456741333007812,1
random_007,24,26,"20.000,11.875,0.938","23.750,36.875,0.312",88.87770080566406,88.65987396240234,0.21782684326171875,1,74.83580017089844,75.75972747802734,0.9239273071289062,1
random_007,24,27,"20.000,11.875,0.938","18.125,34.375,0.312",88.17695617675781,85.99174499511719,2.185211181640625,1,76.12532806396484,74.89989471435547,1.225433349609375,1
random_007,24,28,"20.000,11.875,0.938","2.500,4.375,0.938",70.84858703613281,70.27549743652344,0.573089599609375,1,69.6722412109375,68.14078521728516,1.5314559936523438,1
random_007,24,29,"20.000,11.875,0.938","12.500,18.125,0.938",71.77657318115234,70.99607849121094,0.7804946899414062,1,69.36409759521484,69.34142303466797,0.022674560546875,1
random_007,25,26,"30.625,1.250,2.188","23.750,36.875,0.312",89.52496337890625,93.66168212890625,4.13671875,1,78.90074920654297,78.59968566894531,0.30106353759765625,1
random_007,25,27,"30.625,1.250,2.188","18.125,34.375,0.312",89.89844512939453,92.30902099609375,2.4105758666992188,1,78.38052368164062,77.29235076904297,1.0881729125976562,1
random_007,25,28,"30.625,1.250,2.188","2.500,4.375,0.938",73.69444274902344,74.39794921875,0.7035064697265625,1,70.26587677001953,71.20011138916016,0.934234619140625,1
random_007,25,29,"30.625,1.250,2.188","12.500,18.125,0.938",83.439697265625,77.62104797363281,5.8186492919921875,1,74.04023742675781,74.01106262207031,0.0291748046875,1
random_007,26,27,"23.750,36.875,0.312","18.125,34.375,0.312",62.18284225463867,62.02267074584961,0.1601715087890625,1,60.321861267089844,60.31375503540039,0.008106231689453125,1
random_007,26,28,"23.750,36.875,0.312","2.500,4.375,0.938",91.11625671386719,88.70698547363281,2.409271240234375,1,82.90702056884766,83.3780517578125,0.47103118896484375,1
random_007,26,29,"23.750,36.875,0.312","12.500,18.125,0.938",84.46515655517578,83.85856628417969,0.6065902709960938,1,71.9986572265625,72.1690444946289,0.17038726806640625,1
random_007,27,28,"18.125,34.375,0.312","2.500,4.375,0.938",90.62474060058594,89.06410217285156,1.560638427734375,1,82.1346664428711,80.75267791748047,1.381988525390625,1
random_007,27,29,"18.125,34.375,0.312","12.500,18.125,0.938",79.96856689453125,84.22503662109375,4.2564697265625,1,71.54412078857422,69.47711181640625,2.0670089721679688,1
random_007,28,29,"2.500,4.375,0.938","12.500,18.125,0.938",73.8002700805664,77.43339538574219,3.6331253051757812,1,72.26290893554688,72.72320556640625,0.460296630859375,1
random_008,0,1,"25.625,27.500,1.562","14.375,1.250,0.938",87.95623016357422,86.73612213134766,1.2201080322265625,1,77.45845031738281,76.66798400878906,0.79046630859375,1
random_008,0,2,"25.625,27.500,1.562","11.250,1.250,2.188",88.16468811035156,86.93220520019531,1.23248291015625,1,80.08399200439453,79.20816802978516,0.875823974609375,1
random_008,0,3,"25.625,27.500,1.562","11.875,21.250,2.188",73.84322357177734,74.61237335205078,0.7691497802734375,1,72.21771240234375,72.08392333984375,0.1337890625,1
random_008,0,4,"25.625,27.500,1.562","8.125,33.125,2.188",70.22084045410156,70.2671127319336,0.04627227783203125,1,69.79267120361328,67.65390014648438,2.1387710571289062,1
random_008,0,5,"25.625,27.500,1.562","8.125,15.000,0.938",83.56877899169922,82.05984497070312,1.5089340209960938,1,79.19609832763672,81.71209716796875,2.5159988403320312,1
random_008,0,6,"25.625,27.500,1.562","1.875,19.375,0.938",78.04290771484375,81.37323760986328,3.3303298950195312,1,76.26797485351562,76.12745666503906,0.1405181884765625,1
random_008,0,7,"25.625,27.500,1.562","19.375,15.000,1.562",71.79588317871094,74.1558609008789,2.3599777221679688,1,71.3688735961914,72.14104461669922,0.7721710205078125,1
random_008,0,8,"25.625,27.500,1.562","29.375,16.875,2.188",66.90579223632812,67.63578033447266,0.7299880981445312,1,66.70693969726562,66.86148071289062,0.154541015625,1
random_008,0,9,"25.625,27.500,1.562","30.000,31.250,0.312",62.11436462402344,62.19137191772461,0.07700729370117188,1,61.18879699707031,61.61492156982422,0.42612457275390625,1
random_008,0,10,"25.625,27.500,1.562","33.750,34.375,0.312",66.78643798828125,66.6805191040039,0.10591888427734375,1,65.2442626953125,65.32778930664062,0.083526611328125,1
random_008,0,11,"25.625,27.500,1.562","18.125,20.625,0.938",69.66842651367188,70.71904754638672,1.0506210327148438,1,67.87782287597656,67.88435363769531,0.00653076171875,1
random_008,0,12,"25.625,27.500,1.562","30.000,8.750,0.312",71.66744995117188,71.76488494873047,0.09743499755859375,1,70.40235137939453,70.80760192871094,0.40525054931640625,1
random_008,0,13,"25.625,27.500,1.562","3.750,16.250,0.312",81.11215209960938,83.99697875976562,2.88482666015625,1,76.05790710449219,76.47721099853516,0.41930389404296875,1
random_008,0,14,"25.625,27.500,1.562","35.625,36.250,1.562",68.97266387939453,67.8802719116211,1.0923919677734375,1,67.67599487304688,68.03254699707031,0.3565521240234375,1
random_008,0,15,"25.625,27.500,1.562","23.750,21.250,2.188",63.314720153808594,62.97029113769531,0.34442901611328125,1,63.110076904296875,63.12353515625,0.013458251953125,1
random_008,0,16,"25.625,27.500,1.562","36.875,9.375,2.188",77.47990417480469,74.7040023803711,2.7759017944335938,1,74.87545776367188,73.97662353515625,0.898834228515625,1
random_008,0,17,"25.625,27.500,1.562","26.250,20.000,0.312",64.46730041503906,64.874267578125,0.4069671630859375,1,64.12484741210938,65.11224365234375,0.987396240234375,1
random_008,0,18,"25.625,27.500,1.562","10.625,15.625,1.562",74.23466491699219,76.73583221435547,2.5011672973632812,1,72.41392517089844,73.47907257080078,1.0651473999023438,1
random_008,0,19,"25.625,27.500,1.562","23.125,3.125,0.938",85.14823913574219,83.20381164550781,1.944427490234375,1,74.02030181884766,75.28211975097656,1.2618179321289062,1
random_008,0,20,"25.625,27.500,1.562","6.875,36.250,2.188",78.23433685302734,75.18260192871094,3.0517349243164062,1,73.27731323242188,72.85073852539062,0.42657470703125,1
random_008,0,21,"25.625,27.500,1.562","34.375,23.750,2.188",65.91868591308594,65.9944076538086,0.07572174072265625,1,65.7369155883789,65.759033203125,0.02211761474609375,1
random_008,0,22,"25.625,27.500,1.562","5.625,5.625,2.188",88.86998748779297,86.54584503173828,2.3241424560546875,1,82.54658508300781,84.73329162597656,2.18670654296875,1
random_008,0,23,"25.625,27.500,1.562","8.125,31.875,0.938",70.0477066040039,70.1834716796875,0.13576507568359375,1,68.40164184570312,68.8984603881836,0.49681854248046875,1
random_008,0,24,"25.625,27.500,1.562","33.125,6.875,2.188",72.71272277832031,72.46553802490234,0.24718475341796875,1,72.5097427368164,72.76382446289062,0.25408172607421875,1
random_008,0,25,"25.625,27.500,1.562","36.875,3.750,2.188",85.33084106445312,76.397216796875,8.933624267578125,1,77.81031799316406,77.04727935791016,0.7630386352539062,1
random_008,0,26,"25.625,27.500,1.562","20.625,28.750,0.312",60.1812858581543,60.41689682006836,0.2356109619140625,1,59.55998992919922,59.9906005859375,0.43061065673828125,1
random_008,0,27,"25.625,27.500,1.562","36.250,16.250,0.938",74.09678649902344,73.3042221069336,0.7925643920898438,1,71.207275390625,72.34712219238281,1.1398468017578125,1
random_008,0,28,"25.625,27.500,1.562","29.375,13.750,1.562",69.03165435791016,69.30780029296875,0.27614593505859375,1,68.33659362792969,67.99899291992188,0.3376007080078125,1
random_008,0,29,"25.625,27.500,1.562","8.125,28.750,1.562",70.1305923461914,70.14879608154297,0.0182037353515625,1,71.01629638671875,72.048828125,1.03253173828125,1
random_008,1,2,"14.375,1.250,0.938","11.250,1.250,2.188",56.673927307128906,56.856632232666016,0.18270492553710938,1,56.135108947753906,56.174293518066406,0.0391845703125,1
random_008,1,3,"14.375,1.250,0.938","11.875,21.250,2.188",74.0272216796875,84.71134948730469,10.684127807617188,1,71.01032257080078,70.80052185058594,0.20980072021484375,1
random_008,1,4,"14.375,1.250,0.938","8.125,33.125,2.188",88.16663360595703,88.92153930664062,0.7549057006835938,1,79.26056671142578,80.2921371459961,1.0315704345703125,1
random_008,1,5,"14.375,1.250,0.938","8.125,15.000,0.938",77.24347686767578,78.52233123779297,1.2788543701171875,1,74.94938659667969,75.61480712890625,0.6654205322265625,1
random_008,1,6,"14.375,1.250,0.938","1.875,19.375,0.938",78.9873275756836,82.85472869873047,3.867401123046875,1,78.12582397460938,76.33817291259766,1.7876510620117188,1
random_008,1,7,"14.375,1.250,0.938","19.375,15.000,1.562",77.1588363647461,82.4637680053711,5.304931640625,1,71.56098175048828,72.20759582519531,0.6466140747070312,1
random_008,1,8,"14.375,1.250,0.938","29.375,16.875,2.188",81.28482055664062,82.43953704833984,1.1547164916992188,1,76.4078140258789,77.50923919677734,1.1014251708984375,1
random_008,1,9,"14.375,1.250,0.938","30.000,31.250,0.312",89.02222442626953,89.19102478027344,0.16880035400390625,1,80.14906311035156,85.3242416381836,5.175178527832031,1
random_008,1,10,"14.375,1.250,0.938","33.750,34.375,0.312",84.85803985595703,88.97840881347656,4.120368957519531,1,79.62168884277344,79.88771057128906,0.266021728515625,1
random_008,1,11,"14.375,1.250,0.938","18.125,20.625,0.938",75.97941589355469,86.06535339355469,10.0859375,1,72.81745910644531,71.88125610351562,0.9362030029296875,1
random_008,1,12,"14.375,1.250,0.938","30.000,8.750,0.312",70.39183807373047,70.49053955078125,0.09870147705078125,1,69.10916137695312,68.69021606445312,0.4189453125,1
random_008,1,13,"14.375,1.250,0.938","3.750,16.250,0.312",77.53672790527344,80.91886138916016,3.3821334838867188,1,74.43247985839844,74.18633270263672,0.24614715576171875,1
random_008,1,14,"14.375,1.250,0.938","35.625,36.250,1.562",85.02838897705078,90.05902862548828,5.0306396484375,1,80.45437622070312,82.7848892211914,2.3305130004882812,1
random_008,1,15,"14.375,1.250,0.938","23.750,21.250,2.188",84.04351806640625,87.35686492919922,3.3133468627929688,1,77.74288940429688,81.22389221191406,3.4810028076171875,1
random_008,1,16,"14.375,1.250,0.938","36.875,9.375,2.188",79.84691619873047,75.50721740722656,4.339698791503906,1,73.50111389160156,73.38827514648438,0.1128387451171875,1
random_008,1,17,"14.375,1.250,0.938","26.250,20.000,0.312",81.13880157470703,85.26776885986328,4.12896728515625,1,74.78623962402344,75.12033081054688,0.3340911865234375,1
random_008,1,18,"14.375,1.250,0.938","10.625,15.625,1.562",71.4345703125,80.3569564819336,8.922386169433594,1,71.41380310058594,71.02005767822266,0.39374542236328125,1
random_008,1,19,"14.375,1.250,0.938","23.125,3.125,0.938",63.5490608215332,64.36998748779297,0.8209266662597656,1,62.216514587402344,62.217247009277344,0.000732421875,1
random_008,1,20,"14.375,1.250,0.938","6.875,36.250,2.188",93.52540588378906,91.16503143310547,2.3603744506835938,1,89.56964111328125,86.66522216796875,2.9044189453125,1
random_008,1,21,"14.375,1.250,0.938","34.375,23.750,2.188",83.2588882446289,85.79100036621094,2.5321121215820312,1,79.69208526611328,79.72179412841797,0.0297088623046875,1
random_008,1,22,"14.375,1.250,0.938","5.625,5.625,2.188",63.32184600830078,64.46372985839844,1.1418838500976562,1,62.36847686767578,62.64683532714844,0.27835845947265625,1
random_008,1,23,"14.375,1.250,0.938","8.125,31.875,0.938",88.42559814453125,88.88363647460938,0.458038330078125,1,84.10002136230469,85.0562973022461,0.9562759399414062,1
random_008,1,24,"14.375,1.250,0.938","33.125,6.875,2.188",70.87074279785156,71.0340805053711,0.16333770751953125,1,70.41958618164062,70.7069320678711,0.28734588623046875,1
random_008,1,25,"14.375,1.250,0.938","36.875,3.750,2.188",72.17847442626953,72.09214782714844,0.08632659912109375,1,76.92633056640625,76.81532287597656,0.1110076904296875,1
random_008,1,26,"14.375,1.250,0.938","20.625,28.750,0.312",88.70005798339844,89.5048828125,0.8048248291015625,1,76.09587860107422,75.47026824951172,0.6256103515625,1
random_008,1,27,"14.375,1.250,0.938","36.250,16.250,0.938",83.75423431396484,83.72602081298828,0.0282135009765625,1,81.41874694824219,80.2554931640625,1.1632537841796875,1
random_008,1,28,"14.375,1.250,0.938","29.375,13.750,1.562",80.07884979248047,79.80375671386719,0.27509307861328125,1,75.18658447265625,75.89286804199219,0.7062835693359375,1
random_008,1,29,"14.375,1.250,0.938","8.125,28.750,1.562",87.91778564453125,88.99292755126953,1.0751419067382812,1,77.81208038330078,78.60470581054688,0.7926254272460938,1
random_008,2,3,"11.250,1.250,2.188","11.875,21.250,2.188",74.09107971191406,84.75236511230469,10.661285400390625,1,76.05538940429688,73.5438232421875,2.511566162109375,1
random_008,2,4,"11.250,1.250,2.188","8.125,33.125,2.188",88.16586303710938,88.8507308959961,0.6848678588867188,1,79.00650787353516,79.50792694091797,0.5014190673828125,1
random_008,2,5,"11.250,1.250,2.188","8.125,15.000,0.938",75.70872497558594,79.79544067382812,4.0867156982421875,1,74.0818862915039,76.06383514404297,1.9819488525390625,1
random_008,2,6,"11.250,1.250,2.188","1.875,19.375,0.938",74.60926055908203,83.69135284423828,9.08209228515625,1,70.91647338867188,72.70179748535156,1.7853240966796875,1
random_008,2,7,"11.250,1.250,2.188","19.375,15.000,1.562",77.67760467529297,83.56421661376953,5.8866119384765625,1,74.37397766113281,74.406005859375,0.0320281982421875,1
random_008,2,8,"11.250,1.250,2.188","29.375,16.875,2.188",82.64452362060547,83.92733001708984,1.282806396484375,1,79.08387756347656,79.59730529785156,0.513427734375,1
random_008,2,9,"11.250,1.250,2.188","30.000,31.250,0.312",90.09141540527344,89.99205017089844,0.099365234375,1,82.86683654785156,89.29391479492188,6.4270782470703125,1
random_008,2,10,"11.250,1.250,2.188","33.750,34.375,0.312",88.36083984375,90.29852294921875,1.93768310546875,1,84.3196029663086,83.8919448852539,0.4276580810546875,1
random_008,2,11,"11.250,1.250,2.188","18.125,20.625,0.938",77.19503021240234,86.5335922241211,9.33856201171875,1,74.45877838134766,74.068115234375,0.39066314697265625,1
random_008,2,12,"11.250,1.250,2.188","30.000,8.750,0.312",72.76123809814453,73.33055877685547,0.5693206787109375,1,73.49046325683594,73.14324188232422,0.34722137451171875,1
random_008,2,13,"11.250,1.250,2.188","3.750,16.250,0.312",73.41535949707031,82.03663635253906,8.62127685546875,1,71.4104995727539,71.74266052246094,0.33216094970703125,1
random_008,2,14,"11.250,1.250,2.188","35.625,36.250,1.562",88.74833679199219,90.93109893798828,2.1827621459960938,1,84.32695007324219,87.46235656738281,3.135406494140625,1
random_008,2,15,"11.250,1.250,2.188","23.750,21.250,2.188",84.59976196289062,88.3584976196289,3.7587356567382812,1,78.53885650634766,78.9237289428711,0.3848724365234375,1
random_008,2,16,"11.250,1.250,2.188","36.875,9.375,2.188",81.82335662841797,76.27111053466797,5.55224609375,1,75.47916412353516,75.14118957519531,0.33797454833984375,1
random_008,2,17,"11.250,1.250,2.188","26.250,20.000,0.312",81.99177551269531,86.45450592041016,4.462730407714844,1,78.14264678955078,78.21336364746094,0.07071685791015625,1
random_008,2,18,"11.250,1.250,2.188","10.625,15.625,1.562",71.3126449584961,80.99726867675781,9.684623718261719,1,67.59971618652344,70.14282989501953,2.5431137084960938,1
random_008,2,19,"11.250,1.250,2.188","23.125,3.125,0.938",66.07611083984375,66.4551773071289,0.37906646728515625,1,65.38783264160156,64.75012969970703,0.6377029418945312,1
random_008,2,20,"11.250,1.250,2.188","6.875,36.250,2.188",93.95120239257812,90.92628479003906,3.0249176025390625,1,85.91332244873047,82.20713806152344,3.7061843872070312,1
random_008,2,21,"11.250,1.250,2.188","34.375,23.750,2.188",84.53982543945312,86.89202880859375,2.352203369140625,1,81.26423645019531,81.26417541503906,6.103515625e-05,1
random_008,2,22,"11.250,1.250,2.188","5.625,5.625,2.188",61.062339782714844,61.69629669189453,0.6339569091796875,1,61.25025939941406,61.398780822753906,0.14852142333984375,1
random_008,2,23,"11.250,1.250,2.188","8.125,31.875,0.938",88.27815246582031,88.5529556274414,0.27480316162109375,1,79.64616394042969,79.71760559082031,0.071441650390625,1
random_008,2,24,"11.250,1.250,2.188","33.125,6.875,2.188",71.97944641113281,71.96576690673828,0.01367950439453125,1,72.98693084716797,73.20494842529297,0.218017578125,1
random_008,2,25,"11.250,1.250,2.188","36.875,3.750,2.188",73.12730407714844,72.7059097290039,0.42139434814453125,1,72.68655395507812,72.96699523925781,0.2804412841796875,1
random_008,2,26,"11.250,1.250,2.188","20.625,28.750,0.312",88.72102355957031,89.3750228881836,0.6539993286132812,1,81.05169677734375,78.80606842041016,2.2456283569335938,1
random_008,2,27,"11.250,1.250,2.188","36.250,16.250,0.938",84.90216064453125,84.93569946289062,0.033538818359375,1,79.98230743408203,80.7923583984375,0.8100509643554688,1
random_008,2,28,"11.250,1.250,2.188","29.375,13.750,1.562",81.30276489257812,81.22880554199219,0.0739593505859375,1,76.47924041748047,75.762451171875,0.7167892456054688,1
random_008,2,29,"11.250,1.250,2.188","8.125,28.750,1.562",87.7562026977539,88.35302734375,0.5968246459960938,1,79.78089141845703,81.19070434570312,1.4098129272460938,1
random_008,3,4,"11.875,21.250,2.188","8.125,33.125,2.188",78.77747344970703,72.53158569335938,6.245887756347656,1,69.75127410888672,69.3474349975586,0.403839111328125,1
random_008,3,5,"11.875,21.250,2.188","8.125,15.000,0.938",68.77162170410156,68.14735412597656,0.624267578125,1,68.02075958251953,68.17704010009766,0.156280517578125,1
random_008,3,6,"11.875,21.250,2.188","1.875,19.375,0.938",66.07794952392578,65.98871612548828,0.0892333984375,1,65.56973266601562,65.59490203857422,0.02516937255859375,1
random_008,3,7,"11.875,21.250,2.188","19.375,15.000,1.562",65.53800964355469,65.51532745361328,0.02268218994140625,1,65.11909484863281,65.02766418457031,0.0914306640625,1
random_008,3,8,"11.875,21.250,2.188","29.375,16.875,2.188",70.5296859741211,70.2896728515625,0.24001312255859375,1,69.62577819824219,70.1200942993164,0.49431610107421875,1
random_008,3,9,"11.875,21.250,2.188","30.000,31.250,0.312",77.64478302001953,76.22450256347656,1.4202804565429688,1,76.10489654541016,75.35137939453125,0.7535171508789062,1
random_008,3,10,"11.875,21.250,2.188","33.750,34.375,0.312",79.92151641845703,77.5669937133789,2.354522705078125,1,76.23200225830078,75.971435546875,0.26056671142578125,1
random_008,3,11,"11.875,21.250,2.188","18.125,20.625,0.938",62.48540115356445,62.25572204589844,0.22967910766601562,1,62.53310775756836,62.569313049316406,0.036205291748046875,1
random_008,3,12,"11.875,21.250,2.188","30.000,8.750,0.312",82.01205444335938,78.07991027832031,3.9321441650390625,1,73.76362609863281,73.9256591796875,0.1620330810546875,1
random_008,3,13,"11.875,21.250,2.188","3.750,16.250,0.312",69.36599731445312,67.48179626464844,1.8842010498046875,1,66.17117309570312,67.66421508789062,1.4930419921875,1
random_008,3,14,"11.875,21.250,2.188","35.625,36.250,1.562",82.27030944824219,77.8283462524414,4.441963195800781,1,78.43588256835938,77.50559997558594,0.9302825927734375,1
random_008,3,15,"11.875,21.250,2.188","23.750,21.250,2.188",66.57205200195312,66.6747817993164,0.10272979736328125,1,65.93984985351562,65.70189666748047,0.23795318603515625,1
random_008,3,16,"11.875,21.250,2.188","36.875,9.375,2.188",87.45149230957031,76.26448059082031,11.18701171875,1,75.88121032714844,75.37905883789062,0.5021514892578125,1
random_008,3,17,"11.875,21.250,2.188","26.250,20.000,0.312",68.92999267578125,68.67518615722656,0.2548065185546875,1,67.81510162353516,66.80541229248047,1.0096893310546875,1
random_008,3,18,"11.875,21.250,2.188","10.625,15.625,1.562",61.47122573852539,61.1430549621582,0.3281707763671875,1,60.776092529296875,60.829715728759766,0.053623199462890625,1
random_008,3,19,"11.875,21.250,2.188","23.125,3.125,0.938",85.01995849609375,78.71318054199219,6.3067779541015625,1,74.68347930908203,75.94376373291016,1.260284423828125,1
random_008,3,20,"11.875,21.250,2.188","6.875,36.250,2.188",87.7010269165039,80.5843276977539,7.11669921875,1,73.7148208618164,73.65482330322266,0.05999755859375,1
random_008,3,21,"11.875,21.250,2.188","34.375,23.750,2.188",75.02584075927734,74.83969116210938,0.18614959716796875,1,72.84771728515625,72.58395385742188,0.263763427734375,1
random_008,3,22,"11.875,21.250,2.188","5.625,5.625,2.188",86.75898742675781,79.1353530883789,7.623634338378906,1,75.67744445800781,75.80030822753906,0.12286376953125,1
random_008,3,23,"11.875,21.250,2.188","8.125,31.875,0.938",77.62870025634766,71.183349609375,6.445350646972656,1,70.04673767089844,69.70870971679688,0.3380279541015625,1
random_008,3,24,"11.875,21.250,2.188","33.125,6.875,2.188",81.56520080566406,78.5235824584961,3.0416183471679688,1,76.27061462402344,76.36922454833984,0.09860992431640625,1
random_008,3,25,"11.875,21.250,2.188","36.875,3.750,2.188",83.75122833251953,79.42781829833984,4.3234100341796875,1,77.83377838134766,77.15602111816406,0.6777572631835938,1
random_008,3,26,"11.875,21.250,2.188","20.625,28.750,0.312",75.85697937011719,72.08509063720703,3.7718887329101562,1,72.02901458740234,71.48351287841797,0.545501708984375,1
random_008,3,27,"11.875,21.250,2.188","36.250,16.250,0.938",89.32469177246094,74.14328002929688,15.181411743164062,1,73.91747283935547,73.6170425415039,0.3004302978515625,1
random_008,3,28,"11.875,21.250,2.188","29.375,13.750,1.562",70.93077850341797,70.89724731445312,0.03353118896484375,1,70.55607604980469,71.50642395019531,0.950347900390625,1
random_008,3,29,"11.875,21.250,2.188","8.125,28.750,1.562",75.19747924804688,69.93616485595703,5.261314392089844,1,67.05743408203125,81.07032012939453,14.012886047363281,1
random_008,4,5,"8.125,33.125,2.188","8.125,15.000,0.938",73.13198852539062,84.43402862548828,11.302040100097656,1,72.77874755859375,71.56867980957031,1.2100677490234375,1
random_008,4,6,"8.125,33.125,2.188","1.875,19.375,0.938",72.40719604492188,79.27383422851562,6.86663818359375,1,69.91757202148438,69.93992614746094,0.0223541259765625,1
random_008,4,7,"8.125,33.125,2.188","19.375,15.000,1.562",76.23121643066406,86.36729431152344,10.136077880859375,1,73.32520294189453,73.30978393554688,0.01541900634765625,1
random_008,4,8,"8.125,33.125,2.188","29.375,16.875,2.188",82.99690246582031,84.2230224609375,1.2261199951171875,1,78.15119934082031,79.04069519042969,0.889495849609375,1
random_008,4,9,"8.125,33.125,2.188","30.000,31.250,0.312",70.89384460449219,71.66678619384766,0.7729415893554688,1,72.67937469482422,72.1265869140625,0.5527877807617188,1
random_008,4,10,"8.125,33.125,2.188","33.750,34.375,0.312",73.91022491455078,73.47264099121094,0.43758392333984375,1,71.40058135986328,71.73912048339844,0.33853912353515625,1
random_008,4,11,"8.125,33.125,2.188","18.125,20.625,0.938",75.92437744140625,78.80500030517578,2.8806228637695312,1,72.2742919921875,71.91555786132812,0.358734130859375,1
random_008,4,12,"8.125,33.125,2.188","30.000,8.750,0.312",86.63841247558594,88.46282196044922,1.8244094848632812,1,77.26607513427734,76.77143859863281,0.49463653564453125,1
random_008,4,13,"8.125,33.125,2.188","3.750,16.250,0.312",72.93609619140625,82.75267028808594,9.816574096679688,1,71.18608093261719,70.97022247314453,0.21585845947265625,1
random_008,4,14,"8.125,33.125,2.188","35.625,36.250,1.562",77.29691314697266,78.19612121582031,0.8992080688476562,1,74.01316833496094,74.06639862060547,0.05323028564453125,1
random_008,4,15,"8.125,33.125,2.188","23.750,21.250,2.188",78.35974884033203,78.10525512695312,0.25449371337890625,1,71.07270812988281,71.10436248779297,0.03165435791015625,1
random_008,4,16,"8.125,33.125,2.188","36.875,9.375,2.188",91.08958435058594,89.7847900390625,1.3047943115234375,1,82.88632202148438,82.79006958007812,0.09625244140625,1
random_008,4,17,"8.125,33.125,2.188","26.250,20.000,0.312",81.56786346435547,80.35306549072266,1.2147979736328125,1,74.85953521728516,75.09842681884766,0.2388916015625,1
random_008,4,18,"8.125,33.125,2.188","10.625,15.625,1.562",77.06086730957031,85.05001068115234,7.989143371582031,1,73.35467529296875,74.45809173583984,1.1034164428710938,1
random_008,4,19,"8.125,33.125,2.188","23.125,3.125,0.938",90.40234375,89.74700927734375,0.65533447265625,1,80.11138916015625,80.4026107788086,0.29122161865234375,1
random_008,4,20,"8.125,33.125,2.188","6.875,36.250,2.188",59.12165451049805,59.7565803527832,0.6349258422851562,1,58.85884094238281,58.583152770996094,0.27568817138671875,1
random_008,4,21,"8.125,33.125,2.188","34.375,23.750,2.188",74.35833740234375,74.21155548095703,0.14678192138671875,1,72.28185272216797,73.33448791503906,1.0526351928710938,1
random_008,4,22,"8.125,33.125,2.188","5.625,5.625,2.188",90.17648315429688,88.87779235839844,1.2986907958984375,1,77.09164428710938,76.16630554199219,0.9253387451171875,1
random_008,4,23,"8.125,33.125,2.188","8.125,31.875,0.938",53.5317268371582,52.198570251464844,1.3331565856933594,1,51.574737548828125,51.689815521240234,0.11507797241210938,1
random_008,4,24,"8.125,33.125,2.188","33.125,6.875,2.188",86.93675231933594,88.27815246582031,1.341400146484375,1,78.50466918945312,78.55683898925781,0.0521697998046875,1
random_008,4,25,"8.125,33.125,2.188","36.875,3.750,2.188",85.42073059082031,89.31439208984375,3.8936614990234375,1,81.57219696044922,85.8458251953125,4.273628234863281,1
random_008,4,26,"8.125,33.125,2.188","20.625,28.750,0.312",67.19302368164062,66.94525146484375,0.247772216796875,1,63.81442642211914,65.8626480102539,2.0482215881347656,1
random_008,4,27,"8.125,33.125,2.188","36.250,16.250,0.938",88.53268432617188,87.23944091796875,1.293243408203125,1,80.65723419189453,80.87126159667969,0.21402740478515625,1
random_008,4,28,"8.125,33.125,2.188","29.375,13.750,1.562",84.68739318847656,86.31334686279297,1.6259536743164062,1,79.78742218017578,80.84835815429688,1.0609359741210938,1
random_008,4,29,"8.125,33.125,2.188","8.125,28.750,1.562",58.95541763305664,59.316246032714844,0.3608283996582031,1,59.185943603515625,59.499610900878906,0.31366729736328125,1
random_008,5,6,"8.125,15.000,0.938","1.875,19.375,0.938",63.267486572265625,63.29949951171875,0.032012939453125,1,63.24131774902344,63.35409164428711,0.11277389526367188,1
random_008,5,7,"8.125,15.000,0.938","19.375,15.000,1.562",68.1934585571289,77.50641632080078,9.312957763671875,1,67.4010009765625,67.46625518798828,0.06525421142578125,1
random_008,5,8,"8.125,15.000,0.938","29.375,16.875,2.188",73.57051849365234,84.13385009765625,10.563331604003906,1,72.62617492675781,72.50193786621094,0.124237060546875,1
random_008,5,9,"8.125,15.000,0.938","30.000,31.250,0.312",84.75149536132812,84.5886459350586,0.16284942626953125,1,80.38371276855469,79.26667022705078,1.1170425415039062,1
random_008,5,10,"8.125,15.000,0.938","33.750,34.375,0.312",86.85416412353516,85.76329803466797,1.0908660888671875,1,82.26521301269531,80.53605651855469,1.729156494140625,1
random_008,5,11,"8.125,15.000,0.938","18.125,20.625,0.938",69.1074447631836,76.98955535888672,7.882110595703125,1,68.29768371582031,68.15149688720703,0.14618682861328125,1
random_008,5,12,"8.125,15.000,0.938","30.000,8.750,0.312",85.77639770507812,85.43714904785156,0.3392486572265625,1,76.31289672851562,76.58468627929688,0.27178955078125,1
random_008,5,13,"8.125,15.000,0.938","3.750,16.250,0.312",59.41145706176758,59.724857330322266,0.3134002685546875,1,59.72243881225586,59.74695587158203,0.024517059326171875,1
random_008,5,14,"8.125,15.000,0.938","35.625,36.250,1.562",87.29635620117188,85.76002502441406,1.5363311767578125,1,81.75143432617188,81.150390625,0.601043701171875,1
random_008,5,15,"8.125,15.000,0.938","23.750,21.250,2.188",71.82681274414062,83.02599334716797,11.199180603027344,1,72.38886260986328,72.6946029663086,0.3057403564453125,1
random_008,5,16,"8.125,15.000,0.938","36.875,9.375,2.188",88.1830825805664,87.29116821289062,0.8919143676757812,1,83.98477172851562,81.04734802246094,2.9374237060546875,1
random_008,5,17,"8.125,15.000,0.938","26.250,20.000,0.312",72.9880599975586,82.36715698242188,9.379096984863281,1,70.43807220458984,70.4024887084961,0.03558349609375,1
random_008,5,18,"8.125,15.000,0.938","10.625,15.625,1.562",58.049034118652344,56.304508209228516,1.7445259094238281,1,56.06947326660156,56.07532501220703,0.00585174560546875,1
random_008,5,19,"8.125,15.000,0.938","23.125,3.125,0.938",83.74754333496094,82.40673065185547,1.3408126831054688,1,78.23802185058594,77.8458251953125,0.3921966552734375,1
random_008,5,20,"8.125,15.000,0.938","6.875,36.250,2.188",90.93769073486328,78.4070053100586,12.530685424804688,1,74.21743774414062,73.92874908447266,0.28868865966796875,1
random_008,5,21,"8.125,15.000,0.938","34.375,23.750,2.188",80.35962677001953,85.47289276123047,5.1132659912109375,1,79.61848449707031,77.99427032470703,1.6242141723632812,1
random_008,5,22,"8.125,15.000,0.938","5.625,5.625,2.188",77.0184326171875,66.66757202148438,10.350860595703125,1,66.43146514892578,66.3776626586914,0.053802490234375,1
random_008,5,23,"8.125,15.000,0.938","8.125,31.875,0.938",82.82141876220703,72.40884399414062,10.412574768066406,1,71.27013397216797,71.33887481689453,0.0687408447265625,1
random_008,5,24,"8.125,15.000,0.938","33.125,6.875,2.188",85.97889709472656,85.73551940917969,0.243377685546875,1,78.89306640625,78.95895385742188,0.065887451171875,1
random_008,5,25,"8.125,15.000,0.938","36.875,3.750,2.188",85.74576568603516,85.48164367675781,0.26412200927734375,1,78.93702697753906,81.65467834472656,2.7176513671875,1
random_008,5,26,"8.125,15.000,0.938","20.625,28.750,0.312",84.50504302978516,82.4197769165039,2.08526611328125,1,80.62086486816406,76.59788513183594,4.022979736328125,1
random_008,5,27,"8.125,15.000,0.938","36.250,16.250,0.938",89.28880310058594,85.94276428222656,3.346038818359375,1,76.39579772949219,76.85649108886719,0.460693359375,1
random_008,5,28,"8.125,15.000,0.938","29.375,13.750,1.562",73.7137680053711,83.6711654663086,9.9573974609375,1,76.56976318359375,77.68196868896484,1.1122055053710938,1
random_008,5,29,"8.125,15.000,0.938","8.125,28.750,1.562",81.20658874511719,70.3135757446289,10.893013000488281,1,68.6540298461914,68.24980163574219,0.40422821044921875,1
random_008,6,7,"1.875,19.375,0.938","19.375,15.000,1.562",73.13158416748047,73.60274505615234,0.471160888671875,1,71.12442779541016,71.39946746826172,0.2750396728515625,1
random_008,6,8,"1.875,19.375,0.938","29.375,16.875,2.188",76.79949188232422,76.7828140258789,0.0166778564453125,1,71.98503875732422,72.60399627685547,0.61895751953125,1
random_008,6,9,"1.875,19.375,0.938","30.000,31.250,0.312",83.52224731445312,80.90667724609375,2.615570068359375,1,77.64579010009766,78.54832458496094,0.9025344848632812,1
random_008,6,10,"1.875,19.375,0.938","33.750,34.375,0.312",87.51673126220703,82.04964447021484,5.4670867919921875,1,80.59532928466797,82.10174560546875,1.5064163208007812,1
random_008,6,11,"1.875,19.375,0.938","18.125,20.625,0.938",71.2551040649414,71.65878295898438,0.40367889404296875,1,72.67466735839844,72.97673797607422,0.30207061767578125,1
random_008,6,12,"1.875,19.375,0.938","30.000,8.750,0.312",87.13314056396484,84.07124328613281,3.0618972778320312,1,78.81763458251953,78.87870025634766,0.061065673828125,1
random_008,6,13,"1.875,19.375,0.938","3.750,16.250,0.312",58.23436737060547,57.944847106933594,0.289520263671875,1,57.70392990112305,57.70790481567383,0.00397491455078125,1
random_008,6,14,"1.875,19.375,0.938","35.625,36.250,1.562",87.8143539428711,82.44837951660156,5.365974426269531,1,82.60352325439453,85.05542755126953,2.451904296875,1
random_008,6,15,"1.875,19.375,0.938","23.750,21.250,2.188",72.00422668457031,72.81999969482422,0.8157730102539062,1,73.54246520996094,73.07439422607422,0.46807098388671875,1
random_008,6,16,"1.875,19.375,0.938","36.875,9.375,2.188",86.38160705566406,82.527099609375,3.8545074462890625,1,80.86689758300781,82.19905090332031,1.3321533203125,1
random_008,6,17,"1.875,19.375,0.938","26.250,20.000,0.312",75.29041290283203,75.59942626953125,0.30901336669921875,1,71.60113525390625,72.295166015625,0.69403076171875,1
random_008,6,18,"1.875,19.375,0.938","10.625,15.625,1.562",74.72840881347656,67.7141342163086,7.014274597167969,1,68.29703521728516,68.02792358398438,0.26911163330078125,1
random_008,6,19,"1.875,19.375,0.938","23.125,3.125,0.938",85.93812561035156,82.12604522705078,3.8120803833007812,1,78.82929992675781,78.96601867675781,0.13671875,1
random_008,6,20,"1.875,19.375,0.938","6.875,36.250,2.188",87.33998107910156,76.61000061035156,10.72998046875,1,77.9457778930664,73.35765838623047,4.5881195068359375,1
random_008,6,21,"1.875,19.375,0.938","34.375,23.750,2.188",78.91741943359375,78.28299713134766,0.6344223022460938,1,77.35676574707031,80.11676788330078,2.7600021362304688,1
random_008,6,22,"1.875,19.375,0.938","5.625,5.625,2.188",80.51061248779297,69.82778930664062,10.682823181152344,1,68.86187744140625,68.81969451904297,0.04218292236328125,1
random_008,6,23,"1.875,19.375,0.938","8.125,31.875,0.938",77.37425231933594,71.57456970214844,5.7996826171875,1,71.14727783203125,70.77637481689453,0.37090301513671875,1
random_008,6,24,"1.875,19.375,0.938","33.125,6.875,2.188",87.58930206298828,84.38849639892578,3.2008056640625,1,78.03103637695312,78.60230255126953,0.5712661743164062,1
random_008,6,25,"1.875,19.375,0.938","36.875,3.750,2.188",87.92317199707031,84.81409454345703,3.1090774536132812,1,79.68013000488281,81.68701934814453,2.0068893432617188,1
random_008,6,26,"1.875,19.375,0.938","20.625,28.750,0.312",80.58656311035156,77.4656753540039,3.1208877563476562,1,73.69995880126953,74.83544921875,1.1354904174804688,1
random_008,6,27,"1.875,19.375,0.938","36.250,16.250,0.938",89.17664337158203,80.21955871582031,8.957084655761719,1,76.11372375488281,76.03386688232422,0.07985687255859375,1
random_008,6,28,"1.875,19.375,0.938","29.375,13.750,1.562",76.9230728149414,77.44348907470703,0.520416259765625,1,72.08748626708984,72.23931121826172,0.151824951171875,1
random_008,6,29,"1.875,19.375,0.938","8.125,28.750,1.562",76.13520812988281,70.66173553466797,5.473472595214844,1,69.63796997070312,68.7873764038086,0.8505935668945312,1
random_008,7,8,"19.375,15.000,1.562","29.375,16.875,2.188",65.6521987915039,65.6421127319336,0.0100860595703125,1,64.52324676513672,64.56086730957031,0.03762054443359375,1
random_008,7,9,"19.375,15.000,1.562","30.000,31.250,0.312",79.25481414794922,78.9908447265625,0.26396942138671875,1,74.65592956542969,76.60466766357422,1.9487380981445312,1
random_008,7,10,"19.375,15.000,1.562","33.750,34.375,0.312",80.75352478027344,80.06147003173828,0.6920547485351562,1,76.20062255859375,75.6273193359375,0.57330322265625,1
random_008,7,11,"19.375,15.000,1.562","18.125,20.625,0.938",61.90102767944336,62.149017333984375,0.24798965454101562,1,61.42245864868164,61.50327682495117,0.08081817626953125,1
random_008,7,12,"19.375,15.000,1.562","30.000,8.750,0.312",77.68668365478516,75.04210662841797,2.6445770263671875,1,74.92776489257812,72.05545043945312,2.872314453125,1
random_008,7,13,"19.375,15.000,1.562","3.750,16.250,0.312",77.90139770507812,72.14785766601562,5.7535400390625,1,71.45640563964844,69.74442291259766,1.7119827270507812,1
random_008,7,14,"19.375,15.000,1.562","35.625,36.250,1.562",82.10113525390625,80.55158996582031,1.5495452880859375,1,76.58859252929688,76.41584777832031,0.1727447509765625,1
random_008,7,15,"19.375,15.000,1.562","23.750,21.250,2.188",67.75165557861328,67.56217193603516,0.189483642578125,1,66.93475341796875,66.80110931396484,0.13364410400390625,1
random_008,7,16,"19.375,15.000,1.562","36.875,9.375,2.188",84.47459411621094,73.915771484375,10.558822631835938,1,71.83023834228516,71.03247833251953,0.797760009765625,1
random_008,7,17,"19.375,15.000,1.562","26.250,20.000,0.312",64.75679016113281,65.03718566894531,0.2803955078125,1,64.45931243896484,64.60897064208984,0.149658203125,1
random_008,7,18,"19.375,15.000,1.562","10.625,15.625,1.562",64.75198364257812,64.7473373413086,0.00464630126953125,1,63.60545349121094,63.72210693359375,0.1166534423828125,1
random_008,7,19,"19.375,15.000,1.562","23.125,3.125,0.938",78.77672576904297,77.80516052246094,0.9715652465820312,1,71.79339599609375,70.743896484375,1.04949951171875,1
random_008,7,20,"19.375,15.000,1.562","6.875,36.250,2.188",90.27657318115234,81.59283447265625,8.683738708496094,1,76.9109115600586,76.76197814941406,0.14893341064453125,1
random_008,7,21,"19.375,15.000,1.562","34.375,23.750,2.188",70.50004577636719,69.94908905029297,0.5509567260742188,1,69.31576538085938,68.67532348632812,0.64044189453125,1
random_008,7,22,"19.375,15.000,1.562","5.625,5.625,2.188",85.30447387695312,80.46117401123047,4.843299865722656,1,79.87631225585938,78.6565933227539,1.2197189331054688,1
random_008,7,23,"19.375,15.000,1.562","8.125,31.875,0.938",85.28094482421875,75.65863800048828,9.622306823730469,1,72.40833282470703,72.052734375,0.35559844970703125,1
random_008,7,24,"19.375,15.000,1.562","33.125,6.875,2.188",77.60098266601562,77.11433410644531,0.4866485595703125,1,74.0455551147461,71.88490295410156,2.1606521606445312,1
random_008,7,25,"19.375,15.000,1.562","36.875,3.750,2.188",80.88276672363281,79.42804718017578,1.4547195434570312,1,75.71492004394531,75.45882415771484,0.25609588623046875,1
random_008,7,26,"19.375,15.000,1.562","20.625,28.750,0.312",81.90785217285156,70.90194702148438,11.005905151367188,1,70.22004699707031,69.68244934082031,0.53759765625,1
random_008,7,27,"19.375,15.000,1.562","36.250,16.250,0.938",85.93445587158203,71.7239990234375,14.210456848144531,1,72.84485626220703,73.00196838378906,0.15711212158203125,1
random_008,7,28,"19.375,15.000,1.562","29.375,13.750,1.562",65.8140640258789,65.58094787597656,0.23311614990234375,1,66.1637954711914,65.89874267578125,0.26505279541015625,1
random_008,7,29,"19.375,15.000,1.562","8.125,28.750,1.562",85.0418701171875,74.67257690429688,10.369293212890625,1,72.9908218383789,72.52607727050781,0.46474456787109375,1
random_008,8,9,"29.375,16.875,2.188","30.000,31.250,0.312",69.12457275390625,69.12112426757812,0.003448486328125,1,67.75750732421875,67.69328308105469,0.0642242431640625,1
random_008,8,10,"29.375,16.875,2.188","33.750,34.375,0.312",71.44205474853516,71.29493713378906,0.14711761474609375,1,71.75489044189453,71.4438247680664,0.311065673828125,1
random_008,8,11,"29.375,16.875,2.188","18.125,20.625,0.938",67.79475402832031,66.93069458007812,0.8640594482421875,1,65.76386260986328,66.12095642089844,0.35709381103515625,1
random_008,8,12,"29.375,16.875,2.188","30.000,8.750,0.312",64.33561706542969,64.21302032470703,0.12259674072265625,1,63.40486145019531,63.34690856933594,0.057952880859375,1
random_008,8,13,"29.375,16.875,2.188","3.750,16.250,0.312",81.63307189941406,75.56082916259766,6.072242736816406,1,72.16073608398438,73.12181091308594,0.9610748291015625,1
random_008,8,14,"29.375,16.875,2.188","35.625,36.250,1.562",76.5933837890625,73.97425842285156,2.6191253662109375,1,74.27535247802734,77.17182922363281,2.8964767456054688,1
random_008,8,15,"29.375,16.875,2.188","23.750,21.250,2.188",63.7859001159668,62.906314849853516,0.8795852661132812,1,63.39368438720703,62.28150939941406,1.1121749877929688,1
random_008,8,16,"29.375,16.875,2.188","36.875,9.375,2.188",70.97491455078125,70.19627380371094,0.7786407470703125,1,70.24525451660156,69.80384063720703,0.44141387939453125,1
random_008,8,17,"29.375,16.875,2.188","26.250,20.000,0.312",60.25004577636719,60.462928771972656,0.21288299560546875,1,60.38802719116211,60.36857604980469,0.019451141357421875,1
random_008,8,18,"29.375,16.875,2.188","10.625,15.625,1.562",70.62837219238281,70.61479949951172,0.01357269287109375,1,67.55885314941406,67.47401428222656,0.0848388671875,1
random_008,8,19,"29.375,16.875,2.188","23.125,3.125,0.938",72.53034973144531,71.92509460449219,0.605255126953125,1,71.77992248535156,72.38519287109375,0.6052703857421875,1
random_008,8,20,"29.375,16.875,2.188","6.875,36.250,2.188",90.28901672363281,85.65034484863281,4.638671875,1,79.95104217529297,80.37982177734375,0.42877960205078125,1
random_008,8,21,"29.375,16.875,2.188","34.375,23.750,2.188",64.94291687011719,64.64376068115234,0.29915618896484375,1,64.53317260742188,64.56195068359375,0.028778076171875,1
random_008,8,22,"29.375,16.875,2.188","5.625,5.625,2.188",86.90609741210938,84.61559295654297,2.2905044555664062,1,78.30961608886719,78.5844955444336,0.27487945556640625,1
random_008,8,23,"29.375,16.875,2.188","8.125,31.875,0.938",83.90115356445312,82.99527740478516,0.9058761596679688,1,78.22480773925781,76.25936889648438,1.9654388427734375,1
random_008,8,24,"29.375,16.875,2.188","33.125,6.875,2.188",66.07670593261719,66.17228698730469,0.0955810546875,1,65.63685607910156,65.51276397705078,0.12409210205078125,1
random_008,8,25,"29.375,16.875,2.188","36.875,3.750,2.188",75.00070190429688,71.11579132080078,3.8849105834960938,1,71.87271881103516,71.8980484008789,0.02532958984375,1
random_008,8,26,"29.375,16.875,2.188","20.625,28.750,0.312",78.04026794433594,73.6771240234375,4.3631439208984375,1,71.56881713867188,71.50177764892578,0.06703948974609375,1
random_008,8,27,"29.375,16.875,2.188","36.250,16.250,0.938",65.50092315673828,64.1799545288086,1.3209686279296875,1,64.11799621582031,64.2309341430664,0.11293792724609375,1
random_008,8,28,"29.375,16.875,2.188","29.375,13.750,1.562",56.77316665649414,56.52614974975586,0.24701690673828125,1,56.103981018066406,56.1074104309082,0.003429412841796875,1
random_008,8,29,"29.375,16.875,2.188","8.125,28.750,1.562",83.78671264648438,82.28206634521484,1.5046463012695312,1,78.0927734375,77.49040222167969,0.6023712158203125,1
random_008,9,10,"30.000,31.250,0.312","33.750,34.375,0.312",60.51308822631836,60.552215576171875,0.039127349853515625,1,59.06821823120117,59.005332946777344,0.06288528442382812,1
random_008,9,11,"30.000,31.250,0.312","18.125,20.625,0.938",71.30645751953125,72.71395111083984,1.4074935913085938,1,71.78534698486328,70.79206848144531,0.9932785034179688,1
random_008,9,12,"30.000,31.250,0.312","30.000,8.750,0.312",73.18556213378906,73.03953552246094,0.146026611328125,1,72.77146911621094,74.48001861572266,1.7085494995117188,1
random_008,9,13,"30.000,31.250,0.312","3.750,16.250,0.312",82.88636016845703,85.55785369873047,2.6714935302734375,1,81.50963592529297,77.82426452636719,3.6853713989257812,1
random_008,9,14,"30.000,31.250,0.312","35.625,36.250,1.562",64.75515747070312,63.155418395996094,1.5997390747070312,1,64.0013656616211,64.83519744873047,0.833831787109375,1
random_008,9,15,"30.000,31.250,0.312","23.750,21.250,2.188",71.57064819335938,71.37294006347656,0.1977081298828125,1,72.99588775634766,72.53983306884766,0.4560546875,1
random_008,9,16,"30.000,31.250,0.312","36.875,9.375,2.188",76.22303009033203,74.66326141357422,1.5597686767578125,1,74.86686706542969,75.3381118774414,0.47124481201171875,1
random_008,9,17,"30.000,31.250,0.312","26.250,20.000,0.312",67.76302337646484,67.61354064941406,0.14948272705078125,1,67.5640869140625,67.60244750976562,0.038360595703125,1
random_008,9,18,"30.000,31.250,0.312","10.625,15.625,1.562",76.24730682373047,79.07173156738281,2.8244247436523438,1,73.72027587890625,73.6624984741211,0.05777740478515625,1
random_008,9,19,"30.000,31.250,0.312","23.125,3.125,0.938",82.51716613769531,76.93787384033203,5.579292297363281,1,76.02366638183594,74.56053161621094,1.463134765625,1
random_008,9,20,"30.000,31.250,0.312","6.875,36.250,2.188",77.96951293945312,76.69397735595703,1.2755355834960938,1,76.28583526611328,77.79139709472656,1.5055618286132812,1
random_008,9,21,"30.000,31.250,0.312","34.375,23.750,2.188",67.7477035522461,66.736328125,1.0113754272460938,1,66.95390319824219,66.7259521484375,0.2279510498046875,1
random_008,9,22,"30.000,31.250,0.312","5.625,5.625,2.188",89.49771881103516,89.4703598022461,0.0273590087890625,1,84.19676971435547,83.13530731201172,1.06146240234375,1
random_008,9,23,"30.000,31.250,0.312","8.125,31.875,0.938",71.438232421875,70.85608673095703,0.5821456909179688,1,69.5254135131836,68.50614929199219,1.0192642211914062,1
random_008,9,24,"30.000,31.250,0.312","33.125,6.875,2.188",73.84200286865234,73.84104919433594,0.00095367431640625,1,74.77326965332031,71.77456665039062,2.9987030029296875,1
random_008,9,25,"30.000,31.250,0.312","36.875,3.750,2.188",87.23359680175781,79.15054321289062,8.083053588867188,1,77.56964874267578,76.60684204101562,0.9628067016601562,1
random_008,9,26,"30.000,31.250,0.312","20.625,28.750,0.312",64.59357452392578,64.22272491455078,0.370849609375,1,63.840362548828125,63.357051849365234,0.4833106994628906,1
random_008,9,27,"30.000,31.250,0.312","36.250,16.250,0.938",72.94135284423828,71.96202087402344,0.9793319702148438,1,70.74495697021484,70.54962921142578,0.1953277587890625,1
random_008,9,28,"30.000,31.250,0.312","29.375,13.750,1.562",71.04254913330078,70.70288848876953,0.33966064453125,1,71.1343994140625,72.35619354248047,1.2217941284179688,1
random_008,9,29,"30.000,31.250,0.312","8.125,28.750,1.562",71.72968292236328,70.95458984375,0.7750930786132812,1,70.51116943359375,70.90693664550781,0.3957672119140625,1
random_008,10,11,"33.750,34.375,0.312","18.125,20.625,0.938",73.29981231689453,73.00958251953125,0.29022979736328125,1,71.8418960571289,72.42664337158203,0.584747314453125,1
random_008,10,12,"33.750,34.375,0.312","30.000,8.750,0.312",75.96431732177734,75.74933624267578,0.2149810791015625,1,76.69280242919922,81.47090148925781,4.778099060058594,1
random_008,10,13,"33.750,34.375,0.312","3.750,16.250,0.312",83.59555053710938,87.81439971923828,4.218849182128906,1,79.38014221191406,80.73918151855469,1.359039306640625,1
random_008,10,14,"33.750,34.375,0.312","35.625,36.250,1.562",57.23219299316406,56.64592742919922,0.5862655639648438,1,57.110008239746094,57.10509490966797,0.004913330078125,1
random_008,10,15,"33.750,34.375,0.312","23.750,21.250,2.188",74.1094741821289,73.64967346191406,0.45980072021484375,1,72.56826782226562,72.75958251953125,0.191314697265625,1
random_008,10,16,"33.750,34.375,0.312","36.875,9.375,2.188",76.5129623413086,79.43785095214844,2.9248886108398438,1,74.04206848144531,74.93844604492188,0.8963775634765625,1
random_008,10,17,"33.750,34.375,0.312","26.250,20.000,0.312",70.33085632324219,70.48464965820312,0.1537933349609375,1,71.42335510253906,71.60411071777344,0.180755615234375,1
random_008,10,18,"33.750,34.375,0.312","10.625,15.625,1.562",77.76437377929688,80.84838104248047,3.0840072631835938,1,73.90351867675781,75.965087890625,2.0615692138671875,1
random_008,10,19,"33.750,34.375,0.312","23.125,3.125,0.938",83.11621856689453,78.2334976196289,4.882720947265625,1,79.86114501953125,76.06598663330078,3.7951583862304688,1
random_008,10,20,"33.750,34.375,0.312","6.875,36.250,2.188",73.94489288330078,73.0461654663086,0.8987274169921875,1,72.4847412109375,72.45045471191406,0.0342864990234375,1
random_008,10,21,"33.750,34.375,0.312","34.375,23.750,2.188",68.5316390991211,68.28316497802734,0.24847412109375,1,68.44259643554688,68.35208129882812,0.09051513671875,1
random_008,10,22,"33.750,34.375,0.312","5.625,5.625,2.188",90.33851623535156,90.21134948730469,0.127166748046875,1,84.54327392578125,83.84687805175781,0.6963958740234375,1
random_008,10,23,"33.750,34.375,0.312","8.125,31.875,0.938",73.23294830322266,73.94853210449219,0.7155838012695312,1,70.87690734863281,70.81930541992188,0.0576019287109375,1
random_008,10,24,"33.750,34.375,0.312","33.125,6.875,2.188",76.3504638671875,76.32079315185547,0.02967071533203125,1,77.38572692871094,76.78580474853516,0.5999221801757812,1
random_008,10,25,"33.750,34.375,0.312","36.875,3.750,2.188",88.02574920654297,82.77812194824219,5.247627258300781,1,77.20751953125,77.14022827148438,0.067291259765625,1
random_008,10,26,"33.750,34.375,0.312","20.625,28.750,0.312",67.6703872680664,68.83417510986328,1.163787841796875,1,69.05280303955078,68.07679748535156,0.9760055541992188,1
random_008,10,27,"33.750,34.375,0.312","36.250,16.250,0.938",73.09610748291016,72.97169494628906,0.12441253662109375,1,69.83972930908203,74.00008392333984,4.1603546142578125,1
random_008,10,28,"33.750,34.375,0.312","29.375,13.750,1.562",72.89617919921875,72.74388885498047,0.15229034423828125,1,70.96943664550781,70.98268127441406,0.01324462890625,1
random_008,10,29,"33.750,34.375,0.312","8.125,28.750,1.562",73.36308288574219,74.07048797607422,0.7074050903320312,1,69.90498352050781,69.84225463867188,0.0627288818359375,1
random_008,11,12,"18.125,20.625,0.938","30.000,8.750,0.312",70.70223999023438,70.00907897949219,0.6931610107421875,1,67.18797302246094,66.79754638671875,0.3904266357421875,1
random_008,11,13,"18.125,20.625,0.938","3.750,16.250,0.312",72.57673645019531,71.01864624023438,1.5580902099609375,1,68.16569519042969,68.19039154052734,0.02469635009765625,1
random_008,11,14,"18.125,20.625,0.938","35.625,36.250,1.562",74.87059020996094,73.84876251220703,1.0218276977539062,1,77.54508972167969,76.6125717163086,0.9325180053710938,1
random_008,11,15,"18.125,20.625,0.938","23.750,21.250,2.188",61.33618927001953,61.06211471557617,0.2740745544433594,1,61.3712272644043,61.30510330200195,0.06612396240234375,1
random_008,11,16,"18.125,20.625,0.938","36.875,9.375,2.188",87.49263000488281,74.6998062133789,12.792823791503906,1,75.90386199951172,74.91361236572266,0.9902496337890625,1
random_008,11,17,"18.125,20.625,0.938","26.250,20.000,0.312",64.74618530273438,64.49137878417969,0.2548065185546875,1,64.17787170410156,64.90771484375,0.7298431396484375,1
random_008,11,18,"18.125,20.625,0.938","10.625,15.625,1.562",65.23320007324219,64.9183120727539,0.31488800048828125,1,64.1722640991211,64.85083770751953,0.6785736083984375,1
random_008,11,19,"18.125,20.625,0.938","23.125,3.125,0.938",84.75357055664062,76.05874633789062,8.69482421875,1,71.24469757080078,73.55475616455078,2.31005859375,1
random_008,11,20,"18.125,20.625,0.938","6.875,36.250,2.188",89.1021728515625,80.62101745605469,8.481155395507812,1,76.17276000976562,81.79995727539062,5.627197265625,1
random_008,11,21,"18.125,20.625,0.938","34.375,23.750,2.188",70.66158294677734,70.29925537109375,0.36232757568359375,1,69.20040893554688,70.67780303955078,1.4773941040039062,1
random_008,11,22,"18.125,20.625,0.938","5.625,5.625,2.188",88.1621322631836,78.9434585571289,9.218673706054688,1,77.89608001708984,76.75782012939453,1.1382598876953125,1
random_008,11,23,"18.125,20.625,0.938","8.125,31.875,0.938",76.68368530273438,74.31539154052734,2.3682937622070312,1,71.6776123046875,71.70378112792969,0.0261688232421875,1
random_008,11,24,"18.125,20.625,0.938","33.125,6.875,2.188",72.09121704101562,71.28681182861328,0.8044052124023438,1,69.33541870117188,68.59406280517578,0.7413558959960938,1
random_008,11,25,"18.125,20.625,0.938","36.875,3.750,2.188",73.47760009765625,72.78729248046875,0.6903076171875,1,72.42943572998047,72.47260284423828,0.0431671142578125,1
random_008,11,26,"18.125,20.625,0.938","20.625,28.750,0.312",77.0132064819336,67.16529083251953,9.847915649414062,1,65.00209045410156,65.09849548339844,0.096405029296875,1
random_008,11,27,"18.125,20.625,0.938","36.250,16.250,0.938",86.61872863769531,73.2312240600586,13.387504577636719,1,72.79803466796875,72.67161560058594,0.1264190673828125,1
random_008,11,28,"18.125,20.625,0.938","29.375,13.750,1.562",68.40876007080078,67.9789047241211,0.4298553466796875,1,67.05774688720703,67.06912231445312,0.01137542724609375,1
random_008,11,29,"18.125,20.625,0.938","8.125,28.750,1.562",77.37960815429688,72.93170166015625,4.447906494140625,1,72.67540740966797,72.24110412597656,0.43430328369140625,1
random_008,12,13,"30.000,8.750,0.312","3.750,16.250,0.312",83.45491027832031,86.50645446777344,3.051544189453125,1,78.18694305419922,76.42357635498047,1.76336669921875,1
random_008,12,14,"30.000,8.750,0.312","35.625,36.250,1.562",84.5721664428711,80.4129638671875,4.159202575683594,1,73.73833465576172,73.63301086425781,0.10532379150390625,1
random_008,12,15,"30.000,8.750,0.312","23.750,21.250,2.188",74.56831359863281,70.75433349609375,3.8139801025390625,1,69.82788848876953,69.65589904785156,0.17198944091796875,1
random_008,12,16,"30.000,8.750,0.312","36.875,9.375,2.188",65.55987548828125,64.24995422363281,1.3099212646484375,1,65.19840240478516,65.22348022460938,0.02507781982421875,1
random_008,12,17,"30.000,8.750,0.312","26.250,20.000,0.312",67.62939453125,67.43992614746094,0.1894683837890625,1,66.75548553466797,66.61148834228516,0.1439971923828125,1
random_008,12,18,"30.000,8.750,0.312","10.625,15.625,1.562",78.19689178466797,84.25822448730469,6.061332702636719,1,74.05744934082031,74.79470825195312,0.7372589111328125,1
random_008,12,19,"30.000,8.750,0.312","23.125,3.125,0.938",65.30873107910156,65.02657318115234,0.28215789794921875,1,66.18153381347656,65.88230895996094,0.299224853515625,1
random_008,12,20,"30.000,8.750,0.312","6.875,36.250,2.188",91.53144836425781,89.94522094726562,1.5862274169921875,1,80.76836395263672,79.76519775390625,1.0031661987304688,1
random_008,12,21,"30.000,8.750,0.312","34.375,23.750,2.188",69.8690414428711,70.03924560546875,0.17020416259765625,1,68.87815856933594,68.80281066894531,0.075347900390625,1
random_008,12,22,"30.000,8.750,0.312","5.625,5.625,2.188",77.8497543334961,80.99260711669922,3.142852783203125,1,77.05721282958984,75.77084350585938,1.2863693237304688,1
random_008,12,23,"30.000,8.750,0.312","8.125,31.875,0.938",87.98970031738281,84.42118835449219,3.568511962890625,1,77.0762939453125,77.71366882324219,0.6373748779296875,1
random_008,12,24,"30.000,8.750,0.312","33.125,6.875,2.188",58.66044235229492,59.124977111816406,0.4645347595214844,1,59.45979690551758,59.54433822631836,0.08454132080078125,1
random_008,12,25,"30.000,8.750,0.312","36.875,3.750,2.188",64.92178344726562,64.3043441772461,0.6174392700195312,1,63.86054992675781,63.8580322265625,0.0025177001953125,1
random_008,12,26,"30.000,8.750,0.312","20.625,28.750,0.312",86.28206634521484,79.11820983886719,7.163856506347656,1,80.57915496826172,75.33816528320312,5.240989685058594,1
random_008,12,27,"30.000,8.750,0.312","36.250,16.250,0.938",70.46145629882812,69.70052337646484,0.7609329223632812,1,70.32845306396484,68.9177017211914,1.4107513427734375,1
random_008,12,28,"30.000,8.750,0.312","29.375,13.750,1.562",60.498836517333984,60.52983093261719,0.030994415283203125,1,60.59183120727539,60.60991287231445,0.0180816650390625,1
random_008,12,29,"30.000,8.750,0.312","8.125,28.750,1.562",87.27031707763672,84.01272583007812,3.2575912475585938,1,76.2977066040039,78.12325286865234,1.8255462646484375,1
random_008,13,14,"3.750,16.250,0.312","35.625,36.250,1.562",87.58448791503906,83.6829605102539,3.9015274047851562,1,80.88072967529297,80.64659118652344,0.23413848876953125,1
random_008,13,15,"3.750,16.250,0.312","23.750,21.250,2.188",72.73107147216797,80.6451187133789,7.9140472412109375,1,72.36348724365234,72.1987075805664,0.1647796630859375,1
random_008,13,16,"3.750,16.250,0.312","36.875,9.375,2.188",88.72441101074219,85.6746826171875,3.0497283935546875,1,82.43797302246094,80.89729309082031,1.540679931640625,1
random_008,13,17,"3.750,16.250,0.312","26.250,20.000,0.312",75.07743072509766,78.8499526977539,3.77252197265625,1,75.41644287109375,75.14966583251953,0.26677703857421875,1
random_008,13,18,"3.750,16.250,0.312","10.625,15.625,1.562",71.1730728149414,64.25586700439453,6.917205810546875,1,64.46587371826172,64.41109466552734,0.054779052734375,1
random_008,13,19,"3.750,16.250,0.312","23.125,3.125,0.938",84.96717071533203,81.17039489746094,3.7967758178710938,1,77.43708801269531,79.9501724243164,2.5130844116210938,1
random_008,13,20,"3.750,16.250,0.312","6.875,36.250,2.188",90.72412109375,79.72128295898438,11.002838134765625,1,80.83660888671875,75.16307830810547,5.673530578613281,1
random_008,13,21,"3.750,16.250,0.312","34.375,23.750,2.188",79.13365173339844,80.0524673461914,0.9188156127929688,1,75.04776763916016,76.33821105957031,1.2904434204101562,1
random_008,13,22,"3.750,16.250,0.312","5.625,5.625,2.188",77.21163177490234,67.7167739868164,9.494857788085938,1,66.47703552246094,66.83808898925781,0.361053466796875,1
random_008,13,23,"3.750,16.250,0.312","8.125,31.875,0.938",80.80416870117188,71.98918914794922,8.814979553222656,1,69.02387237548828,69.3248291015625,0.30095672607421875,1
random_008,13,24,"3.750,16.250,0.312","33.125,6.875,2.188",87.1180419921875,84.2466049194336,2.8714370727539062,1,75.68757629394531,75.20751953125,0.4800567626953125,1
random_008,13,25,"3.750,16.250,0.312","36.875,3.750,2.188",86.279052734375,83.60292053222656,2.6761322021484375,1,74.14768981933594,76.62832641601562,2.4806365966796875,1
random_008,13,26,"3.750,16.250,0.312","20.625,28.750,0.312",85.13848114013672,77.91883850097656,7.219642639160156,1,77.6858139038086,76.67657470703125,1.0092391967773438,1
random_008,13,27,"3.750,16.250,0.312","36.250,16.250,0.938",89.36285400390625,81.59410095214844,7.7687530517578125,1,75.75899505615234,74.94522857666016,0.8137664794921875,1
random_008,13,28,"3.750,16.250,0.312","29.375,13.750,1.562",75.7545166015625,81.4880599975586,5.733543395996094,1,73.7894287109375,73.37728881835938,0.412139892578125,1
random_008,13,29,"3.750,16.250,0.312","8.125,28.750,1.562",79.5112075805664,70.25012969970703,9.261077880859375,1,70.28829956054688,69.92642974853516,0.36186981201171875,1
random_008,14,15,"35.625,36.250,1.562","23.750,21.250,2.188",74.87186431884766,75.34468841552734,0.4728240966796875,1,73.58241271972656,73.40974426269531,0.17266845703125,1
random_008,14,16,"35.625,36.250,1.562","36.875,9.375,2.188",83.8112564086914,88.00989532470703,4.198638916015625,1,75.54180908203125,76.21540832519531,0.6735992431640625,1
random_008,14,17,"35.625,36.250,1.562","26.250,20.000,0.312",71.30111694335938,71.82367706298828,0.5225601196289062,1,71.53598022460938,71.2359390258789,0.30004119873046875,1
random_008,14,18,"35.625,36.250,1.562","10.625,15.625,1.562",78.18748474121094,85.88291931152344,7.6954345703125,1,75.39847564697266,75.67361450195312,0.27513885498046875,1
random_008,14,19,"35.625,36.250,1.562","23.125,3.125,0.938",87.44934844970703,79.9974594116211,7.4518890380859375,1,79.181396484375,79.27230834960938,0.090911865234375,1
random_008,14,20,"35.625,36.250,1.562","6.875,36.250,2.188",73.92491912841797,73.04093933105469,0.8839797973632812,1,72.77054595947266,74.36802673339844,1.5974807739257812,1
random_008,14,21,"35.625,36.250,1.562","34.375,23.750,2.188",77.07637786865234,71.26844787597656,5.807929992675781,1,70.21113586425781,70.65589141845703,0.44475555419921875,1
random_008,14,22,"35.625,36.250,1.562","5.625,5.625,2.188",90.53239440917969,89.1910171508789,1.3413772583007812,1,86.93412017822266,86.5182113647461,0.4159088134765625,1
random_008,14,23,"35.625,36.250,1.562","8.125,31.875,0.938",77.8062973022461,77.61246490478516,0.1938323974609375,1,74.10116577148438,74.13626098632812,0.03509521484375,1
random_008,14,24,"35.625,36.250,1.562","33.125,6.875,2.188",84.23583221435547,82.14861297607422,2.08721923828125,1,80.86638641357422,79.61566162109375,1.2507247924804688,1
random_008,14,25,"35.625,36.250,1.562","36.875,3.750,2.188",88.31526184082031,87.99169921875,0.3235626220703125,1,78.91130065917969,77.94890594482422,0.9623947143554688,1
random_008,14,26,"35.625,36.250,1.562","20.625,28.750,0.312",69.92277526855469,72.87826538085938,2.9554901123046875,1,67.18075561523438,74.32942962646484,7.148674011230469,1
random_008,14,27,"35.625,36.250,1.562","36.250,16.250,0.938",77.17130279541016,84.08502197265625,6.913719177246094,1,72.58454132080078,71.36354064941406,1.2210006713867188,1
random_008,14,28,"35.625,36.250,1.562","29.375,13.750,1.562",80.29016876220703,81.25006866455078,0.95989990234375,1,73.83070373535156,74.38175201416016,0.5510482788085938,1
random_008,14,29,"35.625,36.250,1.562","8.125,28.750,1.562",76.911865234375,77.54563903808594,0.6337738037109375,1,76.60313415527344,76.52009582519531,0.083038330078125,1
random_008,15,16,"23.750,21.250,2.188","36.875,9.375,2.188",82.0093765258789,77.17173767089844,4.837638854980469,1,76.09378051757812,74.92779541015625,1.165985107421875,1
random_008,15,17,"23.750,21.250,2.188","26.250,20.000,0.312",57.33096694946289,57.25431823730469,0.07664871215820312,1,58.15776443481445,58.15626525878906,0.001499176025390625,1
random_008,15,18,"23.750,21.250,2.188","10.625,15.625,1.562",68.8962631225586,68.53408813476562,0.36217498779296875,1,68.02079010009766,68.1759033203125,0.15511322021484375,1
random_008,15,19,"23.750,21.250,2.188","23.125,3.125,0.938",84.97856903076172,82.81814575195312,2.1604232788085938,1,73.90949249267578,72.83598327636719,1.0735092163085938,1
random_008,15,20,"23.750,21.250,2.188","6.875,36.250,2.188",87.6617431640625,80.72594451904297,6.935798645019531,1,77.6103744506836,76.6767807006836,0.93359375,1
random_008,15,21,"23.750,21.250,2.188","34.375,23.750,2.188",66.14179992675781,66.86359405517578,0.7217941284179688,1,66.72235107421875,66.63184356689453,0.09050750732421875,1
random_008,15,22,"23.750,21.250,2.188","5.625,5.625,2.188",89.77580261230469,84.53915405273438,5.2366485595703125,1,80.73731994628906,79.56221008300781,1.17510986328125,1
random_008,15,23,"23.750,21.250,2.188","8.125,31.875,0.938",77.3050308227539,76.98731231689453,0.317718505859375,1,72.19740295410156,72.37422180175781,0.17681884765625,1
random_008,15,24,"23.750,21.250,2.188","33.125,6.875,2.188",72.93563842773438,74.70083618164062,1.76519775390625,1,72.55796813964844,72.47879791259766,0.07917022705078125,1
random_008,15,25,"23.750,21.250,2.188","36.875,3.750,2.188",80.51680755615234,81.09370422363281,0.5768966674804688,1,75.10313415527344,75.56620025634766,0.46306610107421875,1
random_008,15,26,"23.750,21.250,2.188","20.625,28.750,0.312",70.11763000488281,67.2035140991211,2.9141159057617188,1,65.71183776855469,65.95372772216797,0.24188995361328125,1
random_008,15,27,"23.750,21.250,2.188","36.250,16.250,0.938",80.22071075439453,70.87718200683594,9.343528747558594,1,71.54076385498047,71.57000732421875,0.02924346923828125,1
random_008,15,28,"23.750,21.250,2.188","29.375,13.750,1.562",67.94420623779297,67.5409164428711,0.403289794921875,1,68.42378997802734,68.97750091552734,0.5537109375,1
random_008,15,29,"23.750,21.250,2.188","8.125,28.750,1.562",76.75051879882812,74.37152862548828,2.3789901733398438,1,72.140380859375,72.4340591430664,0.29367828369140625,1
random_008,16,17,"36.875,9.375,2.188","26.250,20.000,0.312",73.0476303100586,79.10415649414062,6.056526184082031,1,71.86156463623047,71.7165298461914,0.1450347900390625,1
random_008,16,18,"36.875,9.375,2.188","10.625,15.625,1.562",80.15223693847656,87.32592010498047,7.173683166503906,1,76.89921569824219,78.28239440917969,1.3831787109375,1
random_008,16,19,"36.875,9.375,2.188","23.125,3.125,0.938",72.15142059326172,75.23458099365234,3.083160400390625,1,70.3129653930664,69.80355072021484,0.5094146728515625,1
random_008,16,20,"36.875,9.375,2.188","6.875,36.250,2.188",93.84877014160156,93.06102752685547,0.7877426147460938,1,87.01943969726562,86.86470031738281,0.1547393798828125,1
random_008,16,21,"36.875,9.375,2.188","34.375,23.750,2.188",68.82415771484375,68.4377212524414,0.38643646240234375,1,66.79096984863281,67.02774810791016,0.23677825927734375,1
random_008,16,22,"36.875,9.375,2.188","5.625,5.625,2.188",82.16970825195312,83.89922332763672,1.7295150756835938,1,78.63227081298828,79.60881805419922,0.9765472412109375,1
random_008,16,23,"36.875,9.375,2.188","8.125,31.875,0.938",89.55096435546875,91.03496551513672,1.4840011596679688,1,82.71981048583984,84.12039947509766,1.4005889892578125,1
random_008,16,24,"36.875,9.375,2.188","33.125,6.875,2.188",61.215965270996094,62.80990219116211,1.5939369201660156,1,62.21800231933594,62.22591781616211,0.007915496826171875,1
random_008,16,25,"36.875,9.375,2.188","36.875,3.750,2.188",62.055938720703125,61.876644134521484,0.17929458618164062,1,62.06239318847656,61.995216369628906,0.06717681884765625,1
random_008,16,26,"36.875,9.375,2.188","20.625,28.750,0.312",87.24032592773438,87.46328735351562,0.22296142578125,1,79.21024322509766,79.4571533203125,0.24691009521484375,1
random_008,16,27,"36.875,9.375,2.188","36.250,16.250,0.938",61.787330627441406,61.272300720214844,0.5150299072265625,1,60.252601623535156,60.103702545166016,0.14889907836914062,1
random_008,16,28,"36.875,9.375,2.188","29.375,13.750,1.562",67.729248046875,68.65544891357422,0.9262008666992188,1,66.73611450195312,66.99278259277344,0.2566680908203125,1
random_008,16,29,"36.875,9.375,2.188","8.125,28.750,1.562",88.68455505371094,89.51580047607422,0.8312454223632812,1,80.2225112915039,81.54270935058594,1.3201980590820312,1
random_008,17,18,"26.250,20.000,0.312","10.625,15.625,1.562",69.69178009033203,70.15241241455078,0.46063232421875,1,68.57341766357422,68.57953643798828,0.0061187744140625,1
random_008,17,19,"26.250,20.000,0.312","23.125,3.125,0.938",76.38251495361328,72.3816909790039,4.000823974609375,1,73.16165161132812,70.40750122070312,2.754150390625,1
random_008,17,20,"26.250,20.000,0.312","6.875,36.250,2.188",88.26722717285156,82.39421844482422,5.873008728027344,1,79.96163177490234,79.5204849243164,0.4411468505859375,1
random_008,17,21,"26.250,20.000,0.312","34.375,23.750,2.188",65.36385345458984,65.35254669189453,0.0113067626953125,1,64.7269287109375,65.60688781738281,0.8799591064453125,1
random_008,17,22,"26.250,20.000,0.312","5.625,5.625,2.188",88.6220703125,84.43269348144531,4.1893768310546875,1,80.02752685546875,79.11181640625,0.91571044921875,1
random_008,17,23,"26.250,20.000,0.312","8.125,31.875,0.938",79.27056121826172,81.0464096069336,1.775848388671875,1,74.92636108398438,74.36360168457031,0.5627593994140625,1
random_008,17,24,"26.250,20.000,0.312","33.125,6.875,2.188",69.1942367553711,69.39283752441406,0.19860076904296875,1,67.36445617675781,68.54148864746094,1.177032470703125,1
random_008,17,25,"26.250,20.000,0.312","36.875,3.750,2.188",77.2635498046875,74.01886749267578,3.2446823120117188,1,74.75456237792969,75.872802734375,1.1182403564453125,1
random_008,17,26,"26.250,20.000,0.312","20.625,28.750,0.312",70.5129165649414,69.92778015136719,0.5851364135742188,1,69.54110717773438,68.79840087890625,0.742706298828125,1
random_008,17,27,"26.250,20.000,0.312","36.250,16.250,0.938",78.60101318359375,68.44268798828125,10.1583251953125,1,67.58357238769531,67.07311248779297,0.5104598999023438,1
random_008,17,28,"26.250,20.000,0.312","29.375,13.750,1.562",63.57891082763672,63.2559928894043,0.3229179382324219,1,63.53593444824219,63.66212844848633,0.12619400024414062,1
random_008,17,29,"26.250,20.000,0.312","8.125,28.750,1.562",78.86894226074219,79.01495361328125,0.1460113525390625,1,73.34332275390625,74.06681823730469,0.7234954833984375,1
random_008,18,19,"10.625,15.625,1.562","23.125,3.125,0.938",82.93232727050781,75.1838607788086,7.748466491699219,1,72.81312561035156,72.19046020507812,0.6226654052734375,1
random_008,18,20,"10.625,15.625,1.562","6.875,36.250,2.188",90.68011474609375,82.20934295654297,8.470771789550781,1,75.67279052734375,73.85606384277344,1.8167266845703125,1
random_008,18,21,"10.625,15.625,1.562","34.375,23.750,2.188",76.52742004394531,75.527587890625,0.9998321533203125,1,75.60132598876953,74.75877380371094,0.8425521850585938,1
random_008,18,22,"10.625,15.625,1.562","5.625,5.625,2.188",81.6963119506836,74.82486724853516,6.8714447021484375,1,73.51698303222656,73.61527252197266,0.09828948974609375,1
random_008,18,23,"10.625,15.625,1.562","8.125,31.875,0.938",83.29564666748047,74.71954345703125,8.576103210449219,1,69.21864318847656,72.95333099365234,3.7346878051757812,1
random_008,18,24,"10.625,15.625,1.562","33.125,6.875,2.188",84.72189331054688,79.40808868408203,5.313804626464844,1,77.56050109863281,75.020263671875,2.5402374267578125,1
random_008,18,25,"10.625,15.625,1.562","36.875,3.750,2.188",83.66345977783203,80.45746612548828,3.20599365234375,1,78.45801544189453,77.2601318359375,1.1978836059570312,1
random_008,18,26,"10.625,15.625,1.562","20.625,28.750,0.312",82.77511596679688,73.81320190429688,8.9619140625,1,74.06916046142578,71.32421112060547,2.7449493408203125,1
random_008,18,27,"10.625,15.625,1.562","36.250,16.250,0.938",88.90601348876953,74.63346862792969,14.272544860839844,1,74.73375701904297,72.37006378173828,2.3636932373046875,1
random_008,18,28,"10.625,15.625,1.562","29.375,13.750,1.562",71.132568359375,70.57821655273438,0.554351806640625,1,74.11498260498047,72.89710235595703,1.2178802490234375,1
random_008,18,29,"10.625,15.625,1.562","8.125,28.750,1.562",81.34163665771484,72.26822662353516,9.073410034179688,1,69.16197204589844,69.0573959350586,0.10457611083984375,1
random_008,19,20,"23.125,3.125,0.938","6.875,36.250,2.188",94.7977294921875,92.61958312988281,2.1781463623046875,1,85.41429138183594,82.04672241210938,3.3675689697265625,1
random_008,19,21,"23.125,3.125,0.938","34.375,23.750,2.188",75.44408416748047,76.29289245605469,0.8488082885742188,1,76.36891174316406,76.6849594116211,0.31604766845703125,1
random_008,19,22,"23.125,3.125,0.938","5.625,5.625,2.188",68.94699096679688,69.27861022949219,0.3316192626953125,1,70.51133728027344,69.93561553955078,0.5757217407226562,1
random_008,19,23,"23.125,3.125,0.938","8.125,31.875,0.938",89.45179748535156,89.9617691040039,0.5099716186523438,1,79.77962493896484,80.33480834960938,0.5551834106445312,1
random_008,19,24,"23.125,3.125,0.938","33.125,6.875,2.188",66.0151596069336,65.85822296142578,0.1569366455078125,1,65.51949310302734,65.47664642333984,0.0428466796875,1
random_008,19,25,"23.125,3.125,0.938","36.875,3.750,2.188",68.0969467163086,67.7154312133789,0.3815155029296875,1,68.050048828125,67.98089599609375,0.06915283203125,1
random_008,19,26,"23.125,3.125,0.938","20.625,28.750,0.312",88.92479705810547,89.80127716064453,0.8764801025390625,1,75.56703186035156,75.55682373046875,0.0102081298828125,1
random_008,19,27,"23.125,3.125,0.938","36.250,16.250,0.938",79.9168472290039,74.98338317871094,4.933464050292969,1,71.8803482055664,73.28630065917969,1.4059524536132812,1
random_008,19,28,"23.125,3.125,0.938","29.375,13.750,1.562",70.70832824707031,71.03400421142578,0.32567596435546875,1,69.51712036132812,69.6511001586914,0.13397979736328125,1
random_008,19,29,"23.125,3.125,0.938","8.125,28.750,1.562",89.35924530029297,89.38909149169922,0.02984619140625,1,80.4317626953125,80.81565856933594,0.3838958740234375,1
random_008,20,21,"6.875,36.250,2.188","34.375,23.750,2.188",80.4006576538086,85.92300415039062,5.522346496582031,1,76.58458709716797,77.58552551269531,1.0009384155273438,1
random_008,20,22,"6.875,36.250,2.188","5.625,5.625,2.188",90.71639251708984,95.551025390625,4.834632873535156,1,80.78359985351562,76.19914245605469,4.5844573974609375,1
random_008,20,23,"6.875,36.250,2.188","8.125,31.875,0.938",62.72422409057617,63.52639389038086,0.8021697998046875,1,61.49119567871094,61.49559020996094,0.00439453125,1
random_008,20,24,"6.875,36.250,2.188","33.125,6.875,2.188",91.09840393066406,91.28414916992188,0.1857452392578125,1,83.24624633789062,84.48664855957031,1.2404022216796875,1
random_008,20,25,"6.875,36.250,2.188","36.875,3.750,2.188",91.64404296875,92.88577270507812,1.241729736328125,1,86.08059692382812,87.6584243774414,1.5778274536132812,1
random_008,20,26,"6.875,36.250,2.188","20.625,28.750,0.312",72.21398162841797,75.00727081298828,2.7932891845703125,1,70.89480590820312,71.2456283569336,0.35082244873046875,1
random_008,20,27,"6.875,36.250,2.188","36.250,16.250,0.938",91.08499145507812,92.87662506103516,1.7916336059570312,1,82.33168029785156,83.04156494140625,0.7098846435546875,1
random_008,20,28,"6.875,36.250,2.188","29.375,13.750,1.562",88.27422332763672,90.84857940673828,2.5743560791015625,1,82.60018157958984,82.7541732788086,0.15399169921875,1
random_008,20,29,"6.875,36.250,2.188","8.125,28.750,1.562",65.27674102783203,74.89348602294922,9.616744995117188,1,64.75446319580078,64.83899688720703,0.08453369140625,1
random_008,21,22,"34.375,23.750,2.188","5.625,5.625,2.188",89.10144805908203,86.76846313476562,2.3329849243164062,1,83.83212280273438,84.19854736328125,0.366424560546875,1
random_008,21,23,"34.375,23.750,2.188","8.125,31.875,0.938",73.92768859863281,74.58856201171875,0.6608734130859375,1,71.58377075195312,72.05288696289062,0.4691162109375,1
random_008,21,24,"34.375,23.750,2.188","33.125,6.875,2.188",70.34980773925781,70.84040069580078,0.49059295654296875,1,69.37117004394531,69.43558502197266,0.06441497802734375,1
random_008,21,25,"34.375,23.750,2.188","36.875,3.750,2.188",83.18842315673828,73.27032470703125,9.918098449707031,1,70.54341125488281,70.85865783691406,0.31524658203125,1
random_008,21,26,"34.375,23.750,2.188","20.625,28.750,0.312",68.75316619873047,69.42073059082031,0.6675643920898438,1,69.66653442382812,68.49801635742188,1.16851806640625,1
random_008,21,27,"34.375,23.750,2.188","36.250,16.250,0.938",63.71305847167969,63.70027542114258,0.012783050537109375,1,62.48187255859375,62.58271789550781,0.1008453369140625,1
random_008,21,28,"34.375,23.750,2.188","29.375,13.750,1.562",66.93624114990234,67.00727081298828,0.0710296630859375,1,67.23147583007812,67.1877670288086,0.04370880126953125,1
random_008,21,29,"34.375,23.750,2.188","8.125,28.750,1.562",78.68783569335938,80.97026062011719,2.2824249267578125,1,74.52767944335938,76.94920349121094,2.4215240478515625,1
random_008,22,23,"5.625,5.625,2.188","8.125,31.875,0.938",88.27488708496094,89.39132690429688,1.1164398193359375,1,77.6021499633789,77.5612564086914,0.0408935546875,1
random_008,22,24,"5.625,5.625,2.188","33.125,6.875,2.188",74.56019592285156,73.24299621582031,1.31719970703125,1,71.13375854492188,72.27168273925781,1.1379241943359375,1
random_008,22,25,"5.625,5.625,2.188","36.875,3.750,2.188",74.68473052978516,73.86075592041016,0.823974609375,1,74.35059356689453,74.2470932006836,0.1035003662109375,1
random_008,22,26,"5.625,5.625,2.188","20.625,28.750,0.312",87.37351989746094,90.022705078125,2.6491851806640625,1,80.787353515625,81.97724914550781,1.1898956298828125,1
random_008,22,27,"5.625,5.625,2.188","36.250,16.250,0.938",87.5234146118164,88.260986328125,0.7375717163085938,1,81.63511657714844,81.76155853271484,0.12644195556640625,1
random_008,22,28,"5.625,5.625,2.188","29.375,13.750,1.562",84.02020263671875,84.50796508789062,0.487762451171875,1,75.96986389160156,78.60900115966797,2.6391372680664062,1
random_008,22,29,"5.625,5.625,2.188","8.125,28.750,1.562",87.54061126708984,89.15149688720703,1.6108856201171875,1,74.84374237060547,76.02581787109375,1.1820755004882812,1
random_008,23,24,"8.125,31.875,0.938","33.125,6.875,2.188",84.50638580322266,87.98429870605469,3.4779129028320312,1,79.5203857421875,79.5936279296875,0.0732421875,1
random_008,23,25,"8.125,31.875,0.938","36.875,3.750,2.188",84.59493255615234,89.14698791503906,4.552055358886719,1,79.0755615234375,80.30838012695312,1.232818603515625,1
random_008,23,26,"8.125,31.875,0.938","20.625,28.750,0.312",66.6781234741211,66.84085083007812,0.16272735595703125,1,62.428810119628906,63.27018737792969,0.8413772583007812,1
random_008,23,27,"8.125,31.875,0.938","36.250,16.250,0.938",87.91773986816406,86.23932647705078,1.6784133911132812,1,81.69462585449219,78.94612884521484,2.7484970092773438,1
random_008,23,28,"8.125,31.875,0.938","29.375,13.750,1.562",83.68978881835938,85.77356719970703,2.0837783813476562,1,78.77466583251953,79.46739959716797,0.6927337646484375,1
random_008,23,29,"8.125,31.875,0.938","8.125,28.750,1.562",56.481109619140625,56.576499938964844,0.09539031982421875,1,56.02249526977539,56.71534729003906,0.6928520202636719,1
random_008,24,25,"33.125,6.875,2.188","36.875,3.750,2.188",60.30509948730469,60.07047653198242,0.23462295532226562,1,59.85850524902344,59.82830810546875,0.0301971435546875,1
random_008,24,26,"33.125,6.875,2.188","20.625,28.750,0.312",86.58714294433594,76.95486450195312,9.632278442382812,1,73.91410064697266,74.12539672851562,0.21129608154296875,1
random_008,24,27,"33.125,6.875,2.188","36.250,16.250,0.938",69.27008819580078,68.73030853271484,0.5397796630859375,1,69.16162109375,69.46157836914062,0.299957275390625,1
random_008,24,28,"33.125,6.875,2.188","29.375,13.750,1.562",63.844017028808594,63.747806549072266,0.09621047973632812,1,62.47995376586914,62.51732635498047,0.037372589111328125,1
random_008,24,29,"33.125,6.875,2.188","8.125,28.750,1.562",87.88188934326172,82.55227661132812,5.329612731933594,1,77.50192260742188,77.65751647949219,0.1555938720703125,1
random_008,25,26,"36.875,3.750,2.188","20.625,28.750,0.312",89.17750549316406,87.2359390258789,1.9415664672851562,1,79.67497253417969,80.26364135742188,0.5886688232421875,1
random_008,25,27,"36.875,3.750,2.188","36.250,16.250,0.938",68.8343734741211,73.28278350830078,4.4484100341796875,1,64.68921661376953,65.49765014648438,0.8084335327148438,1
random_008,25,28,"36.875,3.750,2.188","29.375,13.750,1.562",69.19013214111328,71.08547973632812,1.8953475952148438,1,68.95838928222656,69.03570556640625,0.0773162841796875,1
random_008,25,29,"36.875,3.750,2.188","8.125,28.750,1.562",88.46187591552734,83.24319458007812,5.218681335449219,1,82.45044708251953,82.505126953125,0.05467987060546875,1
random_008,26,27,"20.625,28.750,0.312","36.250,16.250,0.938",83.68125915527344,81.87106323242188,1.8101959228515625,1,76.09577941894531,75.68013763427734,0.41564178466796875,1
random_008,26,28,"20.625,28.750,0.312","29.375,13.750,1.562",74.13890838623047,82.49774169921875,8.358833312988281,1,72.42784118652344,73.3732681274414,0.9454269409179688,1
random_008,26,29,"20.625,28.750,0.312","8.125,28.750,1.562",66.98368835449219,66.59669494628906,0.386993408203125,1,65.16402435302734,65.07709503173828,0.0869293212890625,1
random_008,27,28,"36.250,16.250,0.938","29.375,13.750,1.562",65.89250946044922,66.27497863769531,0.38246917724609375,1,64.57281494140625,64.56006622314453,0.01274871826171875,1
random_008,27,29,"36.250,16.250,0.938","8.125,28.750,1.562",86.1474838256836,87.92975616455078,1.7822723388671875,1,77.64685821533203,77.41632080078125,0.23053741455078125,1
random_008,28,29,"29.375,13.750,1.562","8.125,28.750,1.562",86.6765365600586,79.24600219726562,7.430534362792969,1,76.14347076416016,75.86719512939453,0.276275634765625,1
random_009,0,1,"11.250,21.875,2.188","21.875,32.500,0.938",79.56470489501953,78.07998657226562,1.4847183227539062,1,76.09109497070312,76.93925476074219,0.8481597900390625,1
random_009,0,2,"11.250,21.875,2.188","9.375,15.625,0.312",62.32940673828125,62.31610107421875,0.0133056640625,1,61.93085479736328,62.034263610839844,0.1034088134765625,1
random_009,0,3,"11.250,21.875,2.188","20.625,4.375,0.938",75.75360870361328,76.54085540771484,0.7872467041015625,1,74.35637664794922,73.39738464355469,0.9589920043945312,1
random_009,0,4,"11.250,21.875,2.188","1.250,13.750,1.562",72.2175521850586,71.89422607421875,0.32332611083984375,1,71.70806121826172,70.48623657226562,1.2218246459960938,1
random_009,0,5,"11.250,21.875,2.188","32.500,19.375,1.562",76.84317779541016,87.033935546875,10.190757751464844,1,74.0068588256836,75.07969665527344,1.0728378295898438,1
random_009,0,6,"11.250,21.875,2.188","19.375,3.750,0.938",75.65291595458984,76.19476318359375,0.5418472290039062,1,74.06550598144531,73.05642700195312,1.0090789794921875,1
random_009,0,7,"11.250,21.875,2.188","31.875,13.125,2.188",79.58824157714844,85.31110382080078,5.722862243652344,1,75.44791412353516,78.98821258544922,3.5402984619140625,1
random_009,0,8,"11.250,21.875,2.188","25.625,31.250,0.938",74.59375762939453,82.78399658203125,8.190238952636719,1,74.3876724243164,74.43215942382812,0.04448699951171875,1
random_009,0,9,"11.250,21.875,2.188","12.500,24.375,2.188",55.979026794433594,55.919677734375,0.05934906005859375,1,54.95748519897461,54.88924026489258,0.06824493408203125,1
random_009,0,10,"11.250,21.875,2.188","4.375,11.250,1.562",73.12506866455078,71.82514190673828,1.2999267578125,1,72.122314453125,72.63667297363281,0.5143585205078125,1
random_009,0,11,"11.250,21.875,2.188","20.000,33.125,0.312",79.25245666503906,77.37945556640625,1.8730010986328125,1,76.13884735107422,75.6898193359375,0.44902801513671875,1
random_009,0,12,"11.250,21.875,2.188","30.000,33.125,2.188",76.44366455078125,86.10026550292969,9.656600952148438,1,73.3662338256836,82.80149841308594,9.435264587402344,1
random_009,0,13,"11.250,21.875,2.188","10.625,7.500,2.188",68.09194946289062,67.60546112060547,0.48648834228515625,1,67.0948715209961,66.78524780273438,0.30962371826171875,1
random_009,0,14,"11.250,21.875,2.188","25.625,18.125,0.312",75.81075286865234,81.71194458007812,5.901191711425781,1,72.14204406738281,70.96569061279297,1.1763534545898438,1
random_009,0,15,"11.250,21.875,2.188","18.125,11.250,0.312",72.95986938476562,73.14059448242188,0.18072509765625,1,71.81781005859375,72.0340576171875,0.21624755859375,1
random_009,0,16,"11.250,21.875,2.188","31.250,32.500,2.188",79.40168762207031,86.80895233154297,7.407264709472656,1,76.69236755371094,77.01889038085938,0.3265228271484375,1
random_009,0,17,"11.250,21.875,2.188","2.500,28.750,0.312",67.2647476196289,66.9522476196289,0.3125,1,65.57582092285156,65.56395721435547,0.01186370849609375,1
random_009,0,18,"11.250,21.875,2.188","26.250,16.875,0.312",72.65914916992188,80.32852172851562,7.66937255859375,1,72.46900177001953,70.87315368652344,1.5958480834960938,1
random_009,0,19,"11.250,21.875,2.188","26.875,25.000,1.562",79.94024658203125,84.06314086914062,4.122894287109375,1,72.67589569091797,72.80928802490234,0.133392333984375,1
random_009,0,20,"11.250,21.875,2.188","8.125,12.500,1.562",65.27244567871094,64.88384246826172,0.38860321044921875,1,62.78852844238281,62.74744415283203,0.04108428955078125,1
random_009,0,21,"11.250,21.875,2.188","1.250,37.500,0.938",70.50370788574219,69.51239776611328,0.9913101196289062,1,68.83317565917969,68.68281555175781,0.150360107421875,1
random_009,0,22,"11.250,21.875,2.188","15.625,16.875,2.188",68.27888488769531,67.75547790527344,0.523406982421875,1,67.27987670898438,67.22621154785156,0.0536651611328125,1
random_009,0,23,"11.250,21.875,2.188","28.750,21.250,1.562",80.07159423828125,84.88565826416016,4.814064025878906,1,72.15016174316406,72.25891876220703,0.10875701904296875,1
random_009,0,24,"11.250,21.875,2.188","20.000,12.500,0.938",73.12068176269531,73.39501190185547,0.27433013916015625,1,71.47172546386719,71.57630157470703,0.10457611083984375,1
random_009,0,25,"11.250,21.875,2.188","16.875,23.125,0.312",63.4093132019043,64.01608276367188,0.6067695617675781,1,63.51075744628906,63.55012893676758,0.039371490478515625,1
random_009,0,26,"11.250,21.875,2.188","23.125,9.375,0.938",74.67252349853516,76.65534210205078,1.982818603515625,1,74.3301010131836,77.40159606933594,3.0714950561523438,1
random_009,0,27,"11.250,21.875,2.188","26.250,8.750,2.188",78.3616714477539,81.48344421386719,3.1217727661132812,1,75.31831359863281,77.15863800048828,1.8403244018554688,1
random_009,0,28,"11.250,21.875,2.188","7.500,12.500,2.188",65.25157165527344,65.25691986083984,0.00534820556640625,1,63.50731658935547,63.39248275756836,0.11483383178710938,1
random_009,0,29,"11.250,21.875,2.188","16.875,6.875,1.562",74.36619567871094,74.39417266845703,0.02797698974609375,1,73.86943054199219,73.90669250488281,0.037261962890625,1
random_009,1,2,"21.875,32.500,0.938","9.375,15.625,0.312",80.4552001953125,82.60745239257812,2.152252197265625,1,81.36974334716797,78.694580078125,2.6751632690429688,1
random_009,1,3,"21.875,32.500,0.938","20.625,4.375,0.938",75.09331512451172,74.73920440673828,0.3541107177734375,1,72.25103759765625,73.8792495727539,1.6282119750976562,1
random_009,1,4,"21.875,32.500,0.938","1.250,13.750,1.562",87.4496841430664,87.00184631347656,0.44783782958984375,1,81.18586730957031,80.6827163696289,0.5031509399414062,1
random_009,1,5,"21.875,32.500,0.938","32.500,19.375,1.562",73.09146118164062,73.87931823730469,0.7878570556640625,1,71.57967376708984,72.1943588256836,0.61468505859375,1
random_009,1,6,"21.875,32.500,0.938","19.375,3.750,0.938",75.31621551513672,74.62259674072266,0.6936187744140625,1,73.01676940917969,74.52974700927734,1.5129776000976562,1
random_009,1,7,"21.875,32.500,0.938","31.875,13.125,2.188",71.78593444824219,71.77583312988281,0.010101318359375,1,69.2720947265625,69.5033950805664,0.23130035400390625,1
random_009,1,8,"21.875,32.500,0.938","25.625,31.250,0.938",58.514442443847656,58.46189498901367,0.052547454833984375,1,58.67302322387695,58.67366409301758,0.000640869140625,1
random_009,1,9,"21.875,32.500,0.938","12.500,24.375,2.188",76.30766296386719,76.83010864257812,0.5224456787109375,1,81.32606506347656,75.27069091796875,6.0553741455078125,1
random_009,1,10,"21.875,32.500,0.938","4.375,11.250,1.562",89.53234100341797,87.40428161621094,2.1280593872070312,1,83.05583953857422,81.44271087646484,1.613128662109375,1
random_009,1,11,"21.875,32.500,0.938","20.000,33.125,0.312",53.505210876464844,52.80863952636719,0.6965713500976562,1,53.961341857910156,53.96741485595703,0.006072998046875,1
random_009,1,12,"21.875,32.500,0.938","30.000,33.125,2.188",64.3613510131836,64.24140167236328,0.1199493408203125,1,64.336669921875,64.24592590332031,0.0907440185546875,1
random_009,1,13,"21.875,32.500,0.938","10.625,7.500,2.188",81.9004898071289,81.41445922851562,0.48603057861328125,1,78.19792938232422,77.24981689453125,0.9481124877929688,1
random_009,1,14,"21.875,32.500,0.938","25.625,18.125,0.312",69.24713134765625,69.63770294189453,0.39057159423828125,1,69.0975112915039,67.87650299072266,1.22100830078125,1
random_009,1,15,"21.875,32.500,0.938","18.125,11.250,0.312",72.21482849121094,72.375,0.1601715087890625,1,70.76615142822266,70.71639251708984,0.0497589111328125,1
random_009,1,16,"21.875,32.500,0.938","31.250,32.500,2.188",65.86848449707031,65.20578002929688,0.6627044677734375,1,65.80352020263672,65.71470642089844,0.08881378173828125,1
random_009,1,17,"21.875,32.500,0.938","2.500,28.750,0.312",71.96206665039062,71.61766815185547,0.34439849853515625,1,71.56138610839844,69.80702209472656,1.754364013671875,1
random_009,1,18,"21.875,32.500,0.938","26.250,16.875,0.312",70.16868591308594,70.01422119140625,0.1544647216796875,1,68.50660705566406,69.35580444335938,0.8491973876953125,1
random_009,1,19,"21.875,32.500,0.938","26.875,25.000,1.562",65.44293212890625,66.2446517944336,0.8017196655273438,1,63.91484832763672,64.4281234741211,0.513275146484375,1
random_009,1,20,"21.875,32.500,0.938","8.125,12.500,1.562",81.95207977294922,83.87614440917969,1.9240646362304688,1,80.87846374511719,78.9178237915039,1.9606399536132812,1
random_009,1,21,"21.875,32.500,0.938","1.250,37.500,0.938",79.3060073852539,76.83665466308594,2.4693527221679688,1,71.3896713256836,72.1927490234375,0.8030776977539062,1
random_009,1,22,"21.875,32.500,0.938","15.625,16.875,2.188",70.0650863647461,70.4190673828125,0.35398101806640625,1,68.53826904296875,68.52961730957031,0.0086517333984375,1
random_009,1,23,"21.875,32.500,0.938","28.750,21.250,1.562",68.56768798828125,68.87112426757812,0.303436279296875,1,67.9606704711914,67.5923843383789,0.3682861328125,1
random_009,1,24,"21.875,32.500,0.938","20.000,12.500,0.938",71.89209747314453,71.88837432861328,0.00372314453125,1,71.05967712402344,69.89710235595703,1.1625747680664062,1
random_009,1,25,"21.875,32.500,0.938","16.875,23.125,0.312",69.1964111328125,68.32571411132812,0.870697021484375,1,67.81744384765625,70.29692077636719,2.4794769287109375,1
random_009,1,26,"21.875,32.500,0.938","23.125,9.375,0.938",81.93295288085938,76.5167007446289,5.416252136230469,1,79.03437805175781,77.53011322021484,1.5042648315429688,1
random_009,1,27,"21.875,32.500,0.938","26.250,8.750,2.188",86.28341674804688,75.56256103515625,10.720855712890625,1,73.80274963378906,73.28372192382812,0.5190277099609375,1
random_009,1,28,"21.875,32.500,0.938","7.500,12.500,2.188",82.4361801147461,84.69348907470703,2.2573089599609375,1,77.9352798461914,78.1408462524414,0.20556640625,1
random_009,1,29,"21.875,32.500,0.938","16.875,6.875,1.562",74.2902603149414,74.01761627197266,0.27264404296875,1,74.18133544921875,74.60612487792969,0.4247894287109375,1
random_009,2,3,"9.375,15.625,0.312","20.625,4.375,0.938",74.86893463134766,73.6551284790039,1.21380615234375,1,71.57721710205078,71.18437194824219,0.39284515380859375,1
random_009,2,4,"9.375,15.625,0.312","1.250,13.750,1.562",66.93608093261719,66.26190948486328,0.6741714477539062,1,67.03887176513672,66.81199645996094,0.22687530517578125,1
random_009,2,5,"9.375,15.625,0.312","32.500,19.375,1.562",75.93921661376953,87.96109771728516,12.021881103515625,1,73.38583374023438,81.21409606933594,7.8282623291015625,1
random_009,2,6,"9.375,15.625,0.312","19.375,3.750,0.938",74.85236358642578,73.50775146484375,1.3446121215820312,1,71.52786254882812,70.89655303955078,0.6313095092773438,1
random_009,2,7,"9.375,15.625,0.312","31.875,13.125,2.188",81.165771484375,86.21074676513672,5.044975280761719,1,80.02073669433594,80.38468933105469,0.36395263671875,1
random_009,2,8,"9.375,15.625,0.312","25.625,31.250,0.938",80.70426940917969,83.69954681396484,2.9952774047851562,1,76.20159912109375,75.87368774414062,0.327911376953125,1
random_009,2,9,"9.375,15.625,0.312","12.500,24.375,2.188",64.66093444824219,64.93060302734375,0.2696685791015625,1,64.23554229736328,63.968040466308594,0.2675018310546875,1
random_009,2,10,"9.375,15.625,0.312","4.375,11.250,1.562",68.07527160644531,66.89295959472656,1.18231201171875,1,66.30418395996094,65.80372619628906,0.500457763671875,1
random_009,2,11,"9.375,15.625,0.312","20.000,33.125,0.312",82.57115173339844,79.77015686035156,2.800994873046875,1,78.70016479492188,76.79834747314453,1.9018173217773438,1
random_009,2,12,"9.375,15.625,0.312","30.000,33.125,2.188",83.81692504882812,88.5845947265625,4.767669677734375,1,79.50572204589844,79.76856994628906,0.262847900390625,1
random_009,2,13,"9.375,15.625,0.312","10.625,7.500,2.188",64.08405303955078,63.74715042114258,0.3369026184082031,1,62.93819046020508,62.666473388671875,0.2717170715332031,1
random_009,2,14,"9.375,15.625,0.312","25.625,18.125,0.312",72.3692398071289,82.55113220214844,10.181892395019531,1,72.78778076171875,71.666748046875,1.12103271484375,1
random_009,2,15,"9.375,15.625,0.312","18.125,11.250,0.312",68.47968292236328,69.11705017089844,0.6373672485351562,1,66.81317901611328,66.83018493652344,0.01700592041015625,1
random_009,2,16,"9.375,15.625,0.312","31.250,32.500,2.188",84.08932495117188,88.58882141113281,4.4994964599609375,1,79.48155212402344,79.89640045166016,0.41484832763671875,1
random_009,2,17,"9.375,15.625,0.312","2.500,28.750,0.312",69.33653259277344,68.7539291381836,0.5826034545898438,1,68.97833251953125,68.17328643798828,0.8050460815429688,1
random_009,2,18,"9.375,15.625,0.312","26.250,16.875,0.312",72.5342025756836,82.71227264404297,10.178070068359375,1,70.50984191894531,71.9131088256836,1.4032669067382812,1
random_009,2,19,"9.375,15.625,0.312","26.875,25.000,1.562",80.15852355957031,86.89712524414062,6.7386016845703125,1,75.97970581054688,75.2525405883789,0.7271652221679688,1
random_009,2,20,"9.375,15.625,0.312","8.125,12.500,1.562",57.6225700378418,57.402217864990234,0.2203521728515625,1,57.633338928222656,57.96101379394531,0.32767486572265625,1
random_009,2,21,"9.375,15.625,0.312","1.250,37.500,0.938",72.56922912597656,71.49190521240234,1.0773239135742188,1,70.93812561035156,71.03746032714844,0.099334716796875,1
random_009,2,22,"9.375,15.625,0.312","15.625,16.875,2.188",65.59159088134766,64.04898834228516,1.5426025390625,1,64.56474304199219,64.192138671875,0.3726043701171875,1
random_009,2,23,"9.375,15.625,0.312","28.750,21.250,1.562",78.1501235961914,86.91612243652344,8.765998840332031,1,75.79801940917969,74.99714660644531,0.800872802734375,1
random_009,2,24,"9.375,15.625,0.312","20.000,12.500,0.938",69.40921783447266,68.63645935058594,0.7727584838867188,1,69.34022521972656,68.6045150756836,0.7357101440429688,1
random_009,2,25,"9.375,15.625,0.312","16.875,23.125,0.312",71.43936920166016,71.18004608154297,0.2593231201171875,1,69.92777252197266,69.35543060302734,0.5723419189453125,1
random_009,2,26,"9.375,15.625,0.312","23.125,9.375,0.938",71.7853775024414,72.9954605102539,1.2100830078125,1,70.68177032470703,76.58600616455078,5.90423583984375,1
random_009,2,27,"9.375,15.625,0.312","26.250,8.750,2.188",72.58970642089844,81.08906555175781,8.499359130859375,1,72.45158386230469,76.22415161132812,3.7725677490234375,1
random_009,2,28,"9.375,15.625,0.312","7.500,12.500,2.188",58.904022216796875,58.89082336425781,0.0131988525390625,1,58.44892883300781,59.56804275512695,1.1191139221191406,1
random_009,2,29,"9.375,15.625,0.312","16.875,6.875,1.562",72.49076080322266,71.52425384521484,0.9665069580078125,1,70.68679809570312,70.57149505615234,0.11530303955078125,1
random_009,3,4,"20.625,4.375,0.938","1.250,13.750,1.562",83.1927490234375,83.1346435546875,0.05810546875,1,75.83837127685547,81.12181091308594,5.283439636230469,1
random_009,3,5,"20.625,4.375,0.938","32.500,19.375,1.562",81.86360168457031,82.78268432617188,0.9190826416015625,1,76.7576904296875,76.96414184570312,0.206451416015625,1
random_009,3,6,"20.625,4.375,0.938","19.375,3.750,0.938",49.600860595703125,50.45853805541992,0.8576774597167969,1,49.67788314819336,49.68117141723633,0.00328826904296875,1
random_009,3,7,"20.625,4.375,0.938","31.875,13.125,2.188",80.76334381103516,78.62435150146484,2.1389923095703125,1,76.37218475341797,75.87799835205078,0.4941864013671875,1
random_009,3,8,"20.625,4.375,0.938","25.625,31.250,0.938",74.19348907470703,75.1232681274414,0.929779052734375,1,73.82246398925781,73.58796691894531,0.2344970703125,1
random_009,3,9,"20.625,4.375,0.938","12.500,24.375,2.188",77.90272521972656,76.11940002441406,1.7833251953125,1,75.3633804321289,75.91058349609375,0.5472030639648438,1
random_009,3,10,"20.625,4.375,0.938","4.375,11.250,1.562",82.35079956054688,81.13514709472656,1.2156524658203125,1,74.3094253540039,74.07730865478516,0.23211669921875,1
random_009,3,11,"20.625,4.375,0.938","20.000,33.125,0.312",75.08953857421875,75.45826721191406,0.3687286376953125,1,75.29100036621094,77.15623474121094,1.865234375,1
random_009,3,12,"20.625,4.375,0.938","30.000,33.125,2.188",83.11746215820312,88.79328918457031,5.6758270263671875,1,77.835205078125,77.4891586303711,0.34604644775390625,1
random_009,3,13,"20.625,4.375,0.938","10.625,7.500,2.188",67.94303131103516,69.87627410888672,1.9332427978515625,1,67.15055847167969,67.182861328125,0.0323028564453125,1
random_009,3,14,"20.625,4.375,0.938","25.625,18.125,0.312",71.12772369384766,71.60093688964844,0.47321319580078125,1,68.12435150146484,70.80262756347656,2.6782760620117188,1
random_009,3,15,"20.625,4.375,0.938","18.125,11.250,0.312",63.52525329589844,63.9627685546875,0.4375152587890625,1,63.2535514831543,63.54974365234375,0.2961921691894531,1
random_009,3,16,"20.625,4.375,0.938","31.250,32.500,2.188",80.59776306152344,83.5781021118164,2.9803390502929688,1,76.54597473144531,80.86466979980469,4.318695068359375,1
random_009,3,17,"20.625,4.375,0.938","2.500,28.750,0.312",80.4346694946289,87.83136749267578,7.396697998046875,1,79.12350463867188,78.70018768310547,0.42331695556640625,1
random_009,3,18,"20.625,4.375,0.938","26.250,16.875,0.312",71.0063705444336,71.90715026855469,0.9007797241210938,1,68.72265625,67.58161926269531,1.1410369873046875,1
random_009,3,19,"20.625,4.375,0.938","26.875,25.000,1.562",75.0300064086914,75.30674743652344,0.27674102783203125,1,72.43193817138672,72.22857666015625,0.20336151123046875,1
random_009,3,20,"20.625,4.375,0.938","8.125,12.500,1.562",71.79520416259766,73.52571105957031,1.7305068969726562,1,70.97259521484375,71.10289764404297,0.13030242919921875,1
random_009,3,21,"20.625,4.375,0.938","1.250,37.500,0.938",81.49217987060547,88.64521026611328,7.1530303955078125,1,78.51396179199219,78.69877624511719,0.184814453125,1
random_009,3,22,"20.625,4.375,0.938","15.625,16.875,2.188",67.91277313232422,68.32034301757812,0.40756988525390625,1,67.07100677490234,66.86537170410156,0.20563507080078125,1
random_009,3,23,"20.625,4.375,0.938","28.750,21.250,1.562",73.71924591064453,74.7057876586914,0.986541748046875,1,72.49455261230469,72.39180755615234,0.10274505615234375,1
random_009,3,24,"20.625,4.375,0.938","20.000,12.500,0.938",64.54864501953125,64.7119140625,0.16326904296875,1,63.49506378173828,64.55104064941406,1.0559768676757812,1
random_009,3,25,"20.625,4.375,0.938","16.875,23.125,0.312",70.43489837646484,71.17303466796875,0.7381362915039062,1,67.776123046875,69.87384033203125,2.09771728515625,1
random_009,3,26,"20.625,4.375,0.938","23.125,9.375,0.938",62.10441207885742,61.777278900146484,0.3271331787109375,1,62.49818420410156,62.409915924072266,0.08826828002929688,1
random_009,3,27,"20.625,4.375,0.938","26.250,8.750,2.188",67.97443389892578,68.16707611083984,0.1926422119140625,1,66.80037689208984,66.59943389892578,0.2009429931640625,1
random_009,3,28,"20.625,4.375,0.938","7.500,12.500,2.188",71.94947052001953,74.51810455322266,2.568634033203125,1,70.78287506103516,70.65642547607422,0.1264495849609375,1
random_009,3,29,"20.625,4.375,0.938","16.875,6.875,1.562",59.847164154052734,60.92985153198242,1.0826873779296875,1,59.92222595214844,59.73899841308594,0.1832275390625,1
random_009,4,5,"1.250,13.750,1.562","32.500,19.375,1.562",83.12386322021484,91.77375793457031,8.649894714355469,1,83.91536712646484,78.66876220703125,5.246604919433594,1
random_009,4,6,"1.250,13.750,1.562","19.375,3.750,0.938",83.018798828125,81.95722198486328,1.0615768432617188,1,80.44734191894531,81.87553405761719,1.428192138671875,1
random_009,4,7,"1.250,13.750,1.562","31.875,13.125,2.188",85.83261108398438,90.93428802490234,5.101676940917969,1,78.87022399902344,79.30563354492188,0.4354095458984375,1
random_009,4,8,"1.250,13.750,1.562","25.625,31.250,0.938",85.12100219726562,88.36346435546875,3.242462158203125,1,78.97357177734375,78.85237884521484,0.12119293212890625,1
random_009,4,9,"1.250,13.750,1.562","12.500,24.375,2.188",73.45450592041016,73.77725982666016,0.32275390625,1,68.87348937988281,68.6928482055664,0.18064117431640625,1
random_009,4,10,"1.250,13.750,1.562","4.375,11.250,1.562",58.189788818359375,58.37276840209961,0.18297958374023438,1,58.317928314208984,58.307952880859375,0.009975433349609375,1
random_009,4,11,"1.250,13.750,1.562","20.000,33.125,0.312",84.31855773925781,84.17471313476562,0.1438446044921875,1,81.29621887207031,78.87037658691406,2.42584228515625,1
random_009,4,12,"1.250,13.750,1.562","30.000,33.125,2.188",86.8237075805664,90.12703704833984,3.3033294677734375,1,81.93756866455078,83.28582763671875,1.3482589721679688,1
random_009,4,13,"1.250,13.750,1.562","10.625,7.500,2.188",70.2979736328125,70.53758239746094,0.2396087646484375,1,69.62342834472656,69.92066955566406,0.2972412109375,1
random_009,4,14,"1.250,13.750,1.562","25.625,18.125,0.312",84.91548156738281,89.28866577148438,4.3731842041015625,1,81.34612274169922,83.13224792480469,1.7861251831054688,1
random_009,4,15,"1.250,13.750,1.562","18.125,11.250,0.312",84.70648193359375,84.9361572265625,0.22967529296875,1,80.70316314697266,80.56657409667969,0.13658905029296875,1
random_009,4,16,"1.250,13.750,1.562","31.250,32.500,2.188",87.9445571899414,91.06488800048828,3.120330810546875,1,81.98089599609375,89.79153442382812,7.810638427734375,1
random_009,4,17,"1.250,13.750,1.562","2.500,28.750,0.312",68.93152618408203,69.49761199951172,0.5660858154296875,1,71.374267578125,71.64070892333984,0.26644134521484375,1
random_009,4,18,"1.250,13.750,1.562","26.250,16.875,0.312",84.47047424316406,89.12542724609375,4.6549530029296875,1,74.08673858642578,74.37396240234375,0.28722381591796875,1
random_009,4,19,"1.250,13.750,1.562","26.875,25.000,1.562",85.52275085449219,91.129150390625,5.6063995361328125,1,78.06367492675781,78.83325958251953,0.7695846557617188,1
random_009,4,20,"1.250,13.750,1.562","8.125,12.500,1.562",65.36788177490234,64.98785400390625,0.38002777099609375,1,64.49907684326172,64.5093994140625,0.01032257080078125,1
random_009,4,21,"1.250,13.750,1.562","1.250,37.500,0.938",73.39049530029297,73.49422454833984,0.103729248046875,1,74.09321594238281,73.05366516113281,1.03955078125,1
random_009,4,22,"1.250,13.750,1.562","15.625,16.875,2.188",83.8749008178711,84.88294982910156,1.0080490112304688,1,71.90184783935547,71.86751556396484,0.034332275390625,1
random_009,4,23,"1.250,13.750,1.562","28.750,21.250,1.562",86.1552963256836,91.63666534423828,5.4813690185546875,1,79.44452667236328,79.73474884033203,0.29022216796875,1
random_009,4,24,"1.250,13.750,1.562","20.000,12.500,0.938",85.15374755859375,86.89993286132812,1.746185302734375,1,72.8602066040039,82.2036361694336,9.343429565429688,1
random_009,4,25,"1.250,13.750,1.562","16.875,23.125,0.312",81.9748764038086,85.16665649414062,3.1917800903320312,1,76.00507354736328,75.75553894042969,0.24953460693359375,1
random_009,4,26,"1.250,13.750,1.562","23.125,9.375,0.938",83.44366455078125,86.21577453613281,2.7721099853515625,1,75.16861724853516,82.9917221069336,7.8231048583984375,1
random_009,4,27,"1.250,13.750,1.562","26.250,8.750,2.188",83.18403625488281,88.15242004394531,4.9683837890625,1,75.95158386230469,87.85163116455078,11.900047302246094,1
random_009,4,28,"1.250,13.750,1.562","7.500,12.500,2.188",64.97296142578125,64.1973648071289,0.7755966186523438,1,63.8715934753418,63.70917510986328,0.16241836547851562,1
random_009,4,29,"1.250,13.750,1.562","16.875,6.875,1.562",83.83517456054688,82.67620086669922,1.1589736938476562,1,74.1517562866211,74.34322357177734,0.19146728515625,1
random_009,5,6,"32.500,19.375,1.562","19.375,3.750,0.938",81.32510375976562,80.3841323852539,0.9409713745117188,1,77.48168182373047,74.68670654296875,2.7949752807617188,1
random_009,5,7,"32.500,19.375,1.562","31.875,13.125,2.188",61.90902328491211,61.80973815917969,0.09928512573242188,1,61.40867233276367,61.34147644042969,0.06719589233398438,1
random_009,5,8,"32.500,19.375,1.562","25.625,31.250,0.938",71.6728515625,72.2365493774414,0.5636978149414062,1,70.45661926269531,70.70441436767578,0.24779510498046875,1
random_009,5,9,"32.500,19.375,1.562","12.500,24.375,2.188",87.49018859863281,76.5379867553711,10.952201843261719,1,81.49462890625,73.91468811035156,7.5799407958984375,1
random_009,5,10,"32.500,19.375,1.562","4.375,11.250,1.562",92.54190063476562,81.13916778564453,11.402732849121094,1,77.88874816894531,78.0000228881836,0.11127471923828125,1
random_009,5,11,"32.500,19.375,1.562","20.000,33.125,0.312",72.05614471435547,71.65717315673828,0.3989715576171875,1,72.2612075805664,73.7022476196289,1.4410400390625,1
random_009,5,12,"32.500,19.375,1.562","30.000,33.125,2.188",68.91535949707031,68.75184631347656,0.16351318359375,1,67.9582290649414,68.74781799316406,0.7895889282226562,1
random_009,5,13,"32.500,19.375,1.562","10.625,7.500,2.188",89.55829620361328,78.61356353759766,10.944732666015625,1,76.35267639160156,76.72373962402344,0.371063232421875,1
random_009,5,14,"32.500,19.375,1.562","25.625,18.125,0.312",63.0300178527832,63.435890197753906,0.4058723449707031,1,63.651161193847656,63.618934631347656,0.0322265625,1
random_009,5,15,"32.500,19.375,1.562","18.125,11.250,0.312",71.10726928710938,71.03790283203125,0.069366455078125,1,75.20048522949219,75.8768310546875,0.6763458251953125,1
random_009,5,16,"32.500,19.375,1.562","31.250,32.500,2.188",68.55147552490234,68.31620025634766,0.2352752685546875,1,66.62356567382812,66.90941619873047,0.28585052490234375,1
random_009,5,17,"32.500,19.375,1.562","2.500,28.750,0.312",83.70697021484375,84.02033996582031,0.3133697509765625,1,86.09527587890625,76.79816436767578,9.297111511230469,1
random_009,5,18,"32.500,19.375,1.562","26.250,16.875,0.312",63.01020431518555,63.104347229003906,0.09414291381835938,1,63.02671813964844,62.6378059387207,0.3889122009277344,1
random_009,5,19,"32.500,19.375,1.562","26.875,25.000,1.562",64.82538604736328,63.96137619018555,0.8640098571777344,1,63.87191390991211,63.82412338256836,0.04779052734375,1
random_009,5,20,"32.500,19.375,1.562","8.125,12.500,1.562",88.61055755615234,76.85260772705078,11.757949829101562,1,82.88966369628906,74.93623352050781,7.95343017578125,1
random_009,5,21,"32.500,19.375,1.562","1.250,37.500,0.938",85.58647155761719,84.07931518554688,1.5071563720703125,1,82.51461029052734,80.54607391357422,1.968536376953125,1
random_009,5,22,"32.500,19.375,1.562","15.625,16.875,2.188",70.34883880615234,70.17396545410156,0.17487335205078125,1,69.94969177246094,69.55209350585938,0.3975982666015625,1
random_009,5,23,"32.500,19.375,1.562","28.750,21.250,1.562",59.11118698120117,59.05417251586914,0.05701446533203125,1,59.05740737915039,59.08771896362305,0.03031158447265625,1
random_009,5,24,"32.500,19.375,1.562","20.000,12.500,0.938",69.44259643554688,69.80748748779297,0.36489105224609375,1,72.16848754882812,70.52778625488281,1.6407012939453125,1
random_009,5,25,"32.500,19.375,1.562","16.875,23.125,0.312",72.25897216796875,71.9253921508789,0.33358001708984375,1,70.6068115234375,70.850830078125,0.2440185546875,1
random_009,5,26,"32.500,19.375,1.562","23.125,9.375,0.938",77.56584930419922,76.61498260498047,0.95086669921875,1,74.84235382080078,75.74349212646484,0.9011383056640625,1
random_009,5,27,"32.500,19.375,1.562","26.250,8.750,2.188",75.57756805419922,72.92005920410156,2.6575088500976562,1,75.34521484375,71.03936767578125,4.30584716796875,1
random_009,5,28,"32.500,19.375,1.562","7.500,12.500,2.188",88.24871826171875,77.14798736572266,11.100730895996094,1,75.60730743408203,74.14496612548828,1.46234130859375,1
random_009,5,29,"32.500,19.375,1.562","16.875,6.875,1.562",79.30831146240234,79.45387268066406,0.14556121826171875,1,77.42216491699219,76.06526947021484,1.3568954467773438,1
random_009,6,7,"19.375,3.750,0.938","31.875,13.125,2.188",80.9744644165039,78.20207214355469,2.7723922729492188,1,79.88165283203125,76.4398422241211,3.4418106079101562,1
random_009,6,8,"19.375,3.750,0.938","25.625,31.250,0.938",74.70323944091797,75.23694610595703,0.5337066650390625,1,74.32637023925781,74.1758041381836,0.15056610107421875,1
random_009,6,9,"19.375,3.750,0.938","12.500,24.375,2.188",77.5253677368164,76.12596130371094,1.3994064331054688,1,76.49730682373047,75.9394302368164,0.5578765869140625,1
random_009,6,10,"19.375,3.750,0.938","4.375,11.250,1.562",81.25657653808594,81.0615234375,0.1950531005859375,1,74.0533676147461,73.84400939941406,0.20935821533203125,1
random_009,6,11,"19.375,3.750,0.938","20.000,33.125,0.312",81.55526733398438,77.8887939453125,3.666473388671875,1,75.22879028320312,74.59038543701172,0.6384048461914062,1
random_009,6,12,"19.375,3.750,0.938","30.000,33.125,2.188",79.01976013183594,80.03355407714844,1.0137939453125,1,76.62283325195312,81.25161743164062,4.6287841796875,1
random_009,6,13,"19.375,3.750,0.938","10.625,7.500,2.188",67.46002960205078,69.62611389160156,2.1660842895507812,1,68.06748962402344,67.61404418945312,0.4534454345703125,1
random_009,6,14,"19.375,3.750,0.938","25.625,18.125,0.312",71.6853256225586,72.32666778564453,0.6413421630859375,1,67.00381469726562,69.19186401367188,2.18804931640625,1
random_009,6,15,"19.375,3.750,0.938","18.125,11.250,0.312",63.60346221923828,64.09587860107422,0.4924163818359375,1,63.595794677734375,63.477561950683594,0.11823272705078125,1
random_009,6,16,"19.375,3.750,0.938","31.250,32.500,2.188",84.04818725585938,83.2159194946289,0.8322677612304688,1,76.72456359863281,78.58944702148438,1.8648834228515625,1
random_009,6,17,"19.375,3.750,0.938","2.500,28.750,0.312",80.175048828125,88.52597045898438,8.350921630859375,1,79.81659698486328,78.08659362792969,1.7300033569335938,1
random_009,6,18,"19.375,3.750,0.938","26.250,16.875,0.312",71.86209106445312,72.6221923828125,0.760101318359375,1,67.66585540771484,68.96885681152344,1.3030014038085938,1
random_009,6,19,"19.375,3.750,0.938","26.875,25.000,1.562",72.60458374023438,73.45816802978516,0.8535842895507812,1,73.60167694091797,73.77501678466797,0.17333984375,1
random_009,6,20,"19.375,3.750,0.938","8.125,12.500,1.562",72.07325744628906,73.55731964111328,1.4840621948242188,1,70.36436462402344,71.87190246582031,1.507537841796875,1
random_009,6,21,"19.375,3.750,0.938","1.250,37.500,0.938",81.4320068359375,88.68653869628906,7.2545318603515625,1,77.73551940917969,77.50141906738281,0.234100341796875,1
random_009,6,22,"19.375,3.750,0.938","15.625,16.875,2.188",68.32655334472656,68.4065933227539,0.08003997802734375,1,68.18891143798828,67.47150421142578,0.7174072265625,1
random_009,6,23,"19.375,3.750,0.938","28.750,21.250,1.562",74.23383331298828,74.87644958496094,0.6426162719726562,1,71.56464385986328,72.07738494873047,0.5127410888671875,1
random_009,6,24,"19.375,3.750,0.938","20.000,12.500,0.938",64.98931121826172,65.35199737548828,0.3626861572265625,1,64.37156677246094,65.01873779296875,0.6471710205078125,1
random_009,6,25,"19.375,3.750,0.938","16.875,23.125,0.312",70.81671905517578,71.53353881835938,0.7168197631835938,1,68.1269302368164,69.32394409179688,1.1970138549804688,1
random_009,6,26,"19.375,3.750,0.938","23.125,9.375,0.938",63.73905563354492,63.069854736328125,0.6692008972167969,1,62.68870544433594,62.7968635559082,0.10815811157226562,1
random_009,6,27,"19.375,3.750,0.938","26.250,8.750,2.188",68.62364196777344,69.02545166015625,0.4018096923828125,1,67.81426239013672,67.37122344970703,0.4430389404296875,1
random_009,6,28,"19.375,3.750,0.938","7.500,12.500,2.188",72.23355102539062,74.69821166992188,2.46466064453125,1,70.92465209960938,71.81352233886719,0.8888702392578125,1
random_009,6,29,"19.375,3.750,0.938","16.875,6.875,1.562",58.647186279296875,59.913917541503906,1.2667312622070312,1,59.121673583984375,58.676788330078125,0.44488525390625,1
random_009,7,8,"31.875,13.125,2.188","25.625,31.250,0.938",70.69947052001953,71.4539794921875,0.7545089721679688,1,70.7885513305664,69.88702392578125,0.9015274047851562,1
random_009,7,9,"31.875,13.125,2.188","12.500,24.375,2.188",86.85816955566406,80.03778839111328,6.820381164550781,1,75.96812438964844,76.66319274902344,0.695068359375,1
random_009,7,10,"31.875,13.125,2.188","4.375,11.250,1.562",91.3404312133789,85.12640380859375,6.214027404785156,1,78.63691711425781,78.20657348632812,0.4303436279296875,1
random_009,7,11,"31.875,13.125,2.188","20.000,33.125,0.312",72.74988555908203,72.16888427734375,0.5810012817382812,1,69.54000854492188,69.0284423828125,0.511566162109375,1
random_009,7,12,"31.875,13.125,2.188","30.000,33.125,2.188",71.66287231445312,71.43014526367188,0.23272705078125,1,68.49329376220703,67.89360046386719,0.5996932983398438,1
random_009,7,13,"31.875,13.125,2.188","10.625,7.500,2.188",88.23454284667969,86.60221862792969,1.63232421875,1,79.7975082397461,78.32774353027344,1.4697647094726562,1
random_009,7,14,"31.875,13.125,2.188","25.625,18.125,0.312",67.155517578125,66.31368255615234,0.8418350219726562,1,67.8688735961914,69.02445220947266,1.15557861328125,1
random_009,7,15,"31.875,13.125,2.188","18.125,11.250,0.312",72.92899322509766,78.8126449584961,5.8836517333984375,1,69.20243835449219,75.8990478515625,6.6966094970703125,1
random_009,7,16,"31.875,13.125,2.188","31.250,32.500,2.188",71.75228118896484,71.16452026367188,0.5877609252929688,1,67.920654296875,68.02989959716797,0.10924530029296875,1
random_009,7,17,"31.875,13.125,2.188","2.500,28.750,0.312",85.10809326171875,84.62144470214844,0.4866485595703125,1,77.90681457519531,76.80879211425781,1.0980224609375,1
random_009,7,18,"31.875,13.125,2.188","26.250,16.875,0.312",65.21575164794922,64.4422607421875,0.7734909057617188,1,65.69767761230469,65.99736022949219,0.2996826171875,1
random_009,7,19,"31.875,13.125,2.188","26.875,25.000,1.562",67.39644622802734,67.32827758789062,0.06816864013671875,1,66.06412506103516,66.04435729980469,0.01976776123046875,1
random_009,7,20,"31.875,13.125,2.188","8.125,12.500,1.562",85.8777847290039,83.9545669555664,1.9232177734375,1,76.01258850097656,82.57023620605469,6.557647705078125,1
random_009,7,21,"31.875,13.125,2.188","1.250,37.500,0.938",86.41825103759766,84.94839477539062,1.4698562622070312,1,80.64293670654297,80.37849426269531,0.26444244384765625,1
random_009,7,22,"31.875,13.125,2.188","15.625,16.875,2.188",71.87928771972656,76.30624389648438,4.4269561767578125,1,68.21942901611328,77.37225341796875,9.152824401855469,1
random_009,7,23,"31.875,13.125,2.188","28.750,21.250,1.562",64.87438201904297,64.59949493408203,0.2748870849609375,1,64.29945373535156,64.25798797607422,0.04146575927734375,1
random_009,7,24,"31.875,13.125,2.188","20.000,12.500,0.938",68.7598876953125,71.2414779663086,2.4815902709960938,1,67.75782012939453,68.80382537841797,1.0460052490234375,1
random_009,7,25,"31.875,13.125,2.188","16.875,23.125,0.312",77.10317993164062,77.49898529052734,0.39580535888671875,1,73.64918518066406,75.50287628173828,1.8536911010742188,1
random_009,7,26,"31.875,13.125,2.188","23.125,9.375,0.938",68.59416961669922,70.72730255126953,2.1331329345703125,1,67.76712036132812,69.44096374511719,1.6738433837890625,1
random_009,7,27,"31.875,13.125,2.188","26.250,8.750,2.188",66.5287094116211,67.9255599975586,1.3968505859375,1,67.17729187011719,66.75346374511719,0.423828125,1
random_009,7,28,"31.875,13.125,2.188","7.500,12.500,2.188",85.39729309082031,84.71417999267578,0.6831130981445312,1,74.7631607055664,81.69989776611328,6.936737060546875,1
random_009,7,29,"31.875,13.125,2.188","16.875,6.875,1.562",73.28146362304688,80.7605972290039,7.479133605957031,1,75.4561767578125,80.86656188964844,5.4103851318359375,1
random_009,8,9,"25.625,31.250,0.938","12.500,24.375,2.188",81.323974609375,73.35328674316406,7.9706878662109375,1,70.48499298095703,70.20948791503906,0.27550506591796875,1
random_009,8,10,"25.625,31.250,0.938","4.375,11.250,1.562",90.44374084472656,86.12351989746094,4.320220947265625,1,80.36941528320312,80.75431823730469,0.3849029541015625,1
random_009,8,11,"25.625,31.250,0.938","20.000,33.125,0.312",61.90354919433594,61.80223083496094,0.101318359375,1,60.93483352661133,60.87860107421875,0.056232452392578125,1
random_009,8,12,"25.625,31.250,0.938","30.000,33.125,2.188",60.204627990722656,60.970367431640625,0.7657394409179688,1,60.49949264526367,60.732276916503906,0.23278427124023438,1
random_009,8,13,"25.625,31.250,0.938","10.625,7.500,2.188",85.21842956542969,84.4284439086914,0.7899856567382812,1,80.20266723632812,80.06959533691406,0.1330718994140625,1
random_009,8,14,"25.625,31.250,0.938","25.625,18.125,0.312",68.12133026123047,67.83203125,0.28929901123046875,1,68.99287414550781,68.62718200683594,0.365692138671875,1
random_009,8,15,"25.625,31.250,0.938","18.125,11.250,0.312",76.04946899414062,76.07889556884766,0.02942657470703125,1,72.39344787597656,72.30426025390625,0.0891876220703125,1
random_009,8,16,"25.625,31.250,0.938","31.250,32.500,2.188",61.890869140625,62.217529296875,0.32666015625,1,62.03748321533203,62.08924102783203,0.0517578125,1
random_009,8,17,"25.625,31.250,0.938","2.500,28.750,0.312",73.431640625,73.35458374023438,0.077056884765625,1,73.32461547851562,73.13223266601562,0.1923828125,1
random_009,8,18,"25.625,31.250,0.938","26.250,16.875,0.312",69.07097625732422,68.49862670898438,0.5723495483398438,1,66.07989501953125,66.91929626464844,0.8394012451171875,1
random_009,8,19,"25.625,31.250,0.938","26.875,25.000,1.562",62.486942291259766,62.56993103027344,0.08298873901367188,1,61.067970275878906,61.40684509277344,0.33887481689453125,1
random_009,8,20,"25.625,31.250,0.938","8.125,12.500,1.562",83.88300323486328,83.71711730957031,0.16588592529296875,1,79.23826599121094,76.7590103149414,2.4792556762695312,1
random_009,8,21,"25.625,31.250,0.938","1.250,37.500,0.938",81.1913070678711,78.73797607421875,2.4533309936523438,1,74.43541717529297,74.56819152832031,0.13277435302734375,1
random_009,8,22,"25.625,31.250,0.938","15.625,16.875,2.188",75.2157211303711,74.98188781738281,0.23383331298828125,1,73.71170806884766,74.49313354492188,0.7814254760742188,1
random_009,8,23,"25.625,31.250,0.938","28.750,21.250,1.562",67.86094665527344,66.98770141601562,0.8732452392578125,1,65.11383819580078,65.15377807617188,0.03993988037109375,1
random_009,8,24,"25.625,31.250,0.938","20.000,12.500,0.938",75.27412414550781,74.23011779785156,1.04400634765625,1,70.7706069946289,70.9539794921875,0.18337249755859375,1
random_009,8,25,"25.625,31.250,0.938","16.875,23.125,0.312",68.76990509033203,68.66188049316406,0.10802459716796875,1,67.85250854492188,68.75359344482422,0.9010848999023438,1
random_009,8,26,"25.625,31.250,0.938","23.125,9.375,0.938",84.90768432617188,74.31385803222656,10.593826293945312,1,72.11676025390625,72.1098403930664,0.00691986083984375,1
random_009,8,27,"25.625,31.250,0.938","26.250,8.750,2.188",85.32659912109375,74.02812194824219,11.298477172851562,1,75.11811065673828,71.61162567138672,3.5064849853515625,1
random_009,8,28,"25.625,31.250,0.938","7.500,12.500,2.188",83.83295440673828,84.6110610961914,0.778106689453125,1,79.99898529052734,76.16256713867188,3.8364181518554688,1
random_009,8,29,"25.625,31.250,0.938","16.875,6.875,1.562",76.96131896972656,77.3438720703125,0.3825531005859375,1,74.14424896240234,74.88957214355469,0.7453231811523438,1
random_009,9,10,"12.500,24.375,2.188","4.375,11.250,1.562",74.67818450927734,73.19566345214844,1.4825210571289062,1,72.47982788085938,71.93643188476562,0.54339599609375,1
random_009,9,11,"12.500,24.375,2.188","20.000,33.125,0.312",76.43659973144531,74.6993637084961,1.7372360229492188,1,74.68192291259766,75.0719223022461,0.3899993896484375,1
random_009,9,12,"12.500,24.375,2.188","30.000,33.125,2.188",74.99856567382812,85.37370300292969,10.375137329101562,1,72.85174560546875,80.4155044555664,7.563758850097656,1
random_009,9,13,"12.500,24.375,2.188","10.625,7.500,2.188",69.52189636230469,68.75141906738281,0.770477294921875,1,68.55718994140625,67.9889907836914,0.5681991577148438,1
random_009,9,14,"12.500,24.375,2.188","25.625,18.125,0.312",77.6558837890625,82.85028076171875,5.19439697265625,1,72.43030548095703,72.82284545898438,0.39253997802734375,1
random_009,9,15,"12.500,24.375,2.188","18.125,11.250,0.312",73.63839721679688,74.2158203125,0.577423095703125,1,71.56475067138672,71.96702575683594,0.40227508544921875,1
random_009,9,16,"12.500,24.375,2.188","31.250,32.500,2.188",75.25397491455078,84.848876953125,9.594902038574219,1,74.34966278076172,81.55013275146484,7.200469970703125,1
random_009,9,17,"12.500,24.375,2.188","2.500,28.750,0.312",67.19124603271484,67.20436096191406,0.01311492919921875,1,66.70011901855469,66.55595397949219,0.1441650390625,1
random_009,9,18,"12.500,24.375,2.188","26.250,16.875,0.312",75.71366882324219,82.19916534423828,6.485496520996094,1,72.02177429199219,77.46510314941406,5.443328857421875,1
random_009,9,19,"12.500,24.375,2.188","26.875,25.000,1.562",73.3911361694336,83.27189636230469,9.880760192871094,1,71.97843933105469,71.96568298339844,0.01275634765625,1
random_009,9,20,"12.500,24.375,2.188","8.125,12.500,1.562",67.16455078125,66.62031555175781,0.5442352294921875,1,64.99139404296875,65.01010131835938,0.018707275390625,1
random_009,9,21,"12.500,24.375,2.188","1.250,37.500,0.938",69.91212463378906,68.73112487792969,1.180999755859375,1,65.10713958740234,67.9209976196289,2.8138580322265625,1
random_009,9,22,"12.500,24.375,2.188","15.625,16.875,2.188",69.66912841796875,70.12641906738281,0.4572906494140625,1,68.69859313964844,68.62146759033203,0.07712554931640625,1
random_009,9,23,"12.500,24.375,2.188","28.750,21.250,1.562",75.3265151977539,84.81285858154297,9.486343383789062,1,73.41651916503906,73.44010925292969,0.023590087890625,1
random_009,9,24,"12.500,24.375,2.188","20.000,12.500,0.938",73.72581481933594,74.565185546875,0.8393707275390625,1,73.1496353149414,72.81684112548828,0.332794189453125,1
random_009,9,25,"12.500,24.375,2.188","16.875,23.125,0.312",61.524295806884766,62.923255920410156,1.3989601135253906,1,61.99453353881836,62.07957458496094,0.08504104614257812,1
random_009,9,26,"12.500,24.375,2.188","23.125,9.375,0.938",75.0438232421875,77.69567108154297,2.6518478393554688,1,73.45674133300781,73.63648223876953,0.17974090576171875,1
random_009,9,27,"12.500,24.375,2.188","26.250,8.750,2.188",80.71696472167969,82.85504913330078,2.1380844116210938,1,75.99565124511719,76.14675903320312,0.1511077880859375,1
random_009,9,28,"12.500,24.375,2.188","7.500,12.500,2.188",67.11882019042969,66.9466781616211,0.17214202880859375,1,66.56412506103516,66.0813217163086,0.4828033447265625,1
random_009,9,29,"12.500,24.375,2.188","16.875,6.875,1.562",75.1806411743164,75.72169494628906,0.5410537719726562,1,73.77769470214844,73.9534912109375,0.1757965087890625,1
random_009,10,11,"4.375,11.250,1.562","20.000,33.125,0.312",86.01337432861328,88.10469818115234,2.0913238525390625,1,80.52752685546875,80.61488342285156,0.0873565673828125,1
random_009,10,12,"4.375,11.250,1.562","30.000,33.125,2.188",88.46118927001953,92.43229675292969,3.9711074829101562,1,83.62492370605469,83.7288818359375,0.1039581298828125,1
random_009,10,13,"4.375,11.250,1.562","10.625,7.500,2.188",65.85820770263672,67.20149230957031,1.3432846069335938,1,66.18344116210938,66.22723388671875,0.043792724609375,1
random_009,10,14,"4.375,11.250,1.562","25.625,18.125,0.312",82.59449005126953,89.37734985351562,6.782859802246094,1,75.03998565673828,74.84158325195312,0.19840240478515625,1
random_009,10,15,"4.375,11.250,1.562","18.125,11.250,0.312",82.15702819824219,82.98889923095703,0.8318710327148438,1,78.71270751953125,71.26341247558594,7.4492950439453125,1
random_009,10,16,"4.375,11.250,1.562","31.250,32.500,2.188",88.77335357666016,93.10211181640625,4.328758239746094,1,83.13998413085938,84.08869934082031,0.9487152099609375,1
random_009,10,17,"4.375,11.250,1.562","2.500,28.750,0.312",69.76447296142578,69.7884750366211,0.0240020751953125,1,67.31861114501953,67.85708618164062,0.5384750366210938,1
random_009,10,18,"4.375,11.250,1.562","26.250,16.875,0.312",81.781494140625,89.2508773803711,7.469383239746094,1,74.3739242553711,74.47136688232422,0.097442626953125,1
random_009,10,19,"4.375,11.250,1.562","26.875,25.000,1.562",85.35607147216797,92.27949523925781,6.923423767089844,1,80.22550964355469,81.36753845214844,1.14202880859375,1
random_009,10,20,"4.375,11.250,1.562","8.125,12.500,1.562",60.436805725097656,60.37409210205078,0.062713623046875,1,60.00083923339844,60.035194396972656,0.03435516357421875,1
random_009,10,21,"4.375,11.250,1.562","1.250,37.500,0.938",73.96699523925781,73.68281555175781,0.2841796875,1,76.93206024169922,77.28279876708984,0.350738525390625,1
random_009,10,22,"4.375,11.250,1.562","15.625,16.875,2.188",81.45751953125,83.91069793701172,2.4531784057617188,1,72.84394836425781,72.22087097167969,0.623077392578125,1
random_009,10,23,"4.375,11.250,1.562","28.750,21.250,1.562",82.31175231933594,91.09495544433594,8.783203125,1,80.2523422241211,78.26930236816406,1.9830398559570312,1
random_009,10,24,"4.375,11.250,1.562","20.000,12.500,0.938",82.60376739501953,84.99513244628906,2.3913650512695312,1,73.31624603271484,72.17959594726562,1.1366500854492188,1
random_009,10,25,"4.375,11.250,1.562","16.875,23.125,0.312",81.41683959960938,85.60873413085938,4.19189453125,1,75.71391296386719,76.31845092773438,0.6045379638671875,1
random_009,10,26,"4.375,11.250,1.562","23.125,9.375,0.938",81.17796325683594,85.31005859375,4.1320953369140625,1,72.7431411743164,72.75321197509766,0.01007080078125,1
random_009,10,27,"4.375,11.250,1.562","26.250,8.750,2.188",80.78851318359375,87.75247192382812,6.963958740234375,1,75.7417984008789,84.66373443603516,8.92193603515625,1
random_009,10,28,"4.375,11.250,1.562","7.500,12.500,2.188",59.68384552001953,59.635459899902344,0.0483856201171875,1,59.2255859375,59.15950012207031,0.0660858154296875,1
random_009,10,29,"4.375,11.250,1.562","16.875,6.875,1.562",81.5388412475586,81.15487670898438,0.38396453857421875,1,72.1029052734375,71.2764892578125,0.826416015625,1
random_009,11,12,"20.000,33.125,0.312","30.000,33.125,2.188",65.98167419433594,65.80553436279297,0.17613983154296875,1,65.95330047607422,66.05863189697266,0.1053314208984375,1
random_009,11,13,"20.000,33.125,0.312","10.625,7.500,2.188",82.46892547607422,84.79369354248047,2.32476806640625,1,76.8333969116211,76.9970932006836,0.1636962890625,1
random_009,11,14,"20.000,33.125,0.312","25.625,18.125,0.312",73.12199401855469,72.83729553222656,0.284698486328125,1,74.17830657958984,72.92369079589844,1.2546157836914062,1
random_009,11,15,"20.000,33.125,0.312","18.125,11.250,0.312",74.52108764648438,74.8037338256836,0.28264617919921875,1,72.86680603027344,73.41255950927734,0.5457534790039062,1
random_009,11,16,"20.000,33.125,0.312","31.250,32.500,2.188",67.33000946044922,66.55550384521484,0.774505615234375,1,68.38902282714844,68.48553466796875,0.0965118408203125,1
random_009,11,17,"20.000,33.125,0.312","2.500,28.750,0.312",71.1949462890625,70.63694763183594,0.5579986572265625,1,71.5270004272461,71.18025970458984,0.34674072265625,1
random_009,11,18,"20.000,33.125,0.312","26.250,16.875,0.312",74.00155639648438,73.0025863647461,0.9989700317382812,1,75.3330307006836,72.71319580078125,2.6198348999023438,1
random_009,11,19,"20.000,33.125,0.312","26.875,25.000,1.562",66.40286254882812,67.1029052734375,0.700042724609375,1,65.2598876953125,66.10359191894531,0.8437042236328125,1
random_009,11,20,"20.000,33.125,0.312","8.125,12.500,1.562",81.12580108642578,83.61613464355469,2.4903335571289062,1,76.57032775878906,76.41388702392578,0.15644073486328125,1
random_009,11,21,"20.000,33.125,0.312","1.250,37.500,0.938",78.49713134765625,75.36730194091797,3.1298294067382812,1,69.78327178955078,71.52000427246094,1.7367324829101562,1
random_009,11,22,"20.000,33.125,0.312","15.625,16.875,2.188",72.22086334228516,78.84147644042969,6.620613098144531,1,69.2027359008789,70.27710723876953,1.074371337890625,1
random_009,11,23,"20.000,33.125,0.312","28.750,21.250,1.562",69.2483901977539,69.45950317382812,0.21111297607421875,1,68.52425384521484,68.606201171875,0.08194732666015625,1
random_009,11,24,"20.000,33.125,0.312","20.000,12.500,0.938",72.65636444091797,73.87867736816406,1.2223129272460938,1,73.42379760742188,75.7728042602539,2.3490066528320312,1
random_009,11,25,"20.000,33.125,0.312","16.875,23.125,0.312",68.09920501708984,73.1834716796875,5.084266662597656,1,68.24930572509766,68.10128784179688,0.14801788330078125,1
random_009,11,26,"20.000,33.125,0.312","23.125,9.375,0.938",77.6420669555664,76.0427474975586,1.5993194580078125,1,72.86833953857422,71.07917022705078,1.7891693115234375,1
random_009,11,27,"20.000,33.125,0.312","26.250,8.750,2.188",87.81069946289062,80.77079010009766,7.039909362792969,1,77.46150970458984,75.51685333251953,1.9446563720703125,1
random_009,11,28,"20.000,33.125,0.312","7.500,12.500,2.188",81.92022705078125,84.01593017578125,2.095703125,1,76.5648193359375,76.75508880615234,0.19026947021484375,1
random_009,11,29,"20.000,33.125,0.312","16.875,6.875,1.562",76.32899475097656,81.66292572021484,5.333930969238281,1,72.50223541259766,73.10468292236328,0.602447509765625,1
random_009,12,13,"30.000,33.125,2.188","10.625,7.500,2.188",89.23062896728516,85.34098815917969,3.8896408081054688,1,82.05326080322266,80.23231506347656,1.8209457397460938,1
random_009,12,14,"30.000,33.125,2.188","25.625,18.125,0.312",72.23316192626953,72.5662612915039,0.333099365234375,1,70.49310302734375,70.60462188720703,0.11151885986328125,1
random_009,12,15,"30.000,33.125,2.188","18.125,11.250,0.312",77.36048889160156,77.76072692871094,0.400238037109375,1,75.08928680419922,74.29131317138672,0.7979736328125,1
random_009,12,16,"30.000,33.125,2.188","31.250,32.500,2.188",51.75189971923828,52.422515869140625,0.6706161499023438,1,49.71314239501953,49.702125549316406,0.011016845703125,1
random_009,12,17,"30.000,33.125,2.188","2.500,28.750,0.312",75.06932067871094,74.97820281982422,0.09111785888671875,1,74.31954193115234,71.52893829345703,2.7906036376953125,1
random_009,12,18,"30.000,33.125,2.188","26.250,16.875,0.312",73.06966400146484,73.05225372314453,0.0174102783203125,1,67.14382934570312,67.5762939453125,0.432464599609375,1
random_009,12,19,"30.000,33.125,2.188","26.875,25.000,1.562",66.82199096679688,66.7132568359375,0.108734130859375,1,64.96183776855469,68.56490325927734,3.6030654907226562,1
random_009,12,20,"30.000,33.125,2.188","8.125,12.500,1.562",88.3841552734375,85.10072326660156,3.2834320068359375,1,82.99266815185547,79.9737777709961,3.018890380859375,1
random_009,12,21,"30.000,33.125,2.188","1.250,37.500,0.938",83.1480941772461,79.25920104980469,3.8888931274414062,1,76.2795181274414,77.3631591796875,1.0836410522460938,1
random_009,12,22,"30.000,33.125,2.188","15.625,16.875,2.188",78.69861602783203,77.22235107421875,1.4762649536132812,1,74.28742980957031,76.36840057373047,2.0809707641601562,1
random_009,12,23,"30.000,33.125,2.188","28.750,21.250,1.562",68.16185760498047,67.93505859375,0.22679901123046875,1,65.18409729003906,65.12613677978516,0.05796051025390625,1
random_009,12,24,"30.000,33.125,2.188","20.000,12.500,0.938",73.17105102539062,73.64262390136719,0.4715728759765625,1,71.85309600830078,72.28905487060547,0.4359588623046875,1
random_009,12,25,"30.000,33.125,2.188","16.875,23.125,0.312",72.9638442993164,74.2743148803711,1.3104705810546875,1,73.07015228271484,72.20222473144531,0.8679275512695312,1
random_009,12,26,"30.000,33.125,2.188","23.125,9.375,0.938",87.18136596679688,80.95419311523438,6.2271728515625,1,77.5843276977539,75.91902160644531,1.6653060913085938,1
random_009,12,27,"30.000,33.125,2.188","26.250,8.750,2.188",87.207275390625,76.32421875,10.883056640625,1,79.9264144897461,73.63043212890625,6.295982360839844,1
random_009,12,28,"30.000,33.125,2.188","7.500,12.500,2.188",88.05303192138672,85.7486343383789,2.3043975830078125,1,82.049072265625,83.02215576171875,0.97308349609375,1
random_009,12,29,"30.000,33.125,2.188","16.875,6.875,1.562",76.20654296875,75.85810089111328,0.34844207763671875,1,74.33654022216797,74.68621826171875,0.34967803955078125,1
random_009,13,14,"10.625,7.500,2.188","25.625,18.125,0.312",73.84510803222656,83.5654296875,9.720321655273438,1,72.44779968261719,73.60882568359375,1.1610260009765625,1
random_009,13,15,"10.625,7.500,2.188","18.125,11.250,0.312",66.67957305908203,67.20222473144531,0.5226516723632812,1,67.22879791259766,66.35296630859375,0.8758316040039062,1
random_009,13,16,"10.625,7.500,2.188","31.250,32.500,2.188",85.88825988769531,89.95435333251953,4.066093444824219,1,79.16416931152344,82.26734924316406,3.103179931640625,1
random_009,13,17,"10.625,7.500,2.188","2.500,28.750,0.312",75.32634735107422,75.843505859375,0.5171585083007812,1,72.28327941894531,73.78466033935547,1.5013809204101562,1
random_009,13,18,"10.625,7.500,2.188","26.250,16.875,0.312",73.58573913574219,83.82524871826172,10.239509582519531,1,72.62893676757812,73.76387023925781,1.1349334716796875,1
random_009,13,19,"10.625,7.500,2.188","26.875,25.000,1.562",82.3255386352539,86.1832046508789,3.857666015625,1,79.7978286743164,79.2857666015625,0.5120620727539062,1
random_009,13,20,"10.625,7.500,2.188","8.125,12.500,1.562",61.04568099975586,61.285606384277344,0.23992538452148438,1,60.74809265136719,60.714534759521484,0.033557891845703125,1
random_009,13,21,"10.625,7.500,2.188","1.250,37.500,0.938",75.04647827148438,75.18634033203125,0.139862060546875,1,72.28375244140625,71.71868133544922,0.5650711059570312,1
random_009,13,22,"10.625,7.500,2.188","15.625,16.875,2.188",71.5174789428711,71.01347351074219,0.5040054321289062,1,70.79595947265625,70.9919662475586,0.19600677490234375,1
random_009,13,23,"10.625,7.500,2.188","28.750,21.250,1.562",76.17418670654297,87.4072494506836,11.233062744140625,1,76.77243041992188,76.32445526123047,0.44797515869140625,1
random_009,13,24,"10.625,7.500,2.188","20.000,12.500,0.938",68.837158203125,68.97076416015625,0.13360595703125,1,68.46902465820312,68.33451080322266,0.13451385498046875,1
random_009,13,25,"10.625,7.500,2.188","16.875,23.125,0.312",76.08753967285156,74.94009399414062,1.1474456787109375,1,74.19365692138672,73.52030944824219,0.6733474731445312,1
random_009,13,26,"10.625,7.500,2.188","23.125,9.375,0.938",68.94966125488281,72.92205047607422,3.9723892211914062,1,68.88375091552734,69.24855041503906,0.36479949951171875,1
random_009,13,27,"10.625,7.500,2.188","26.250,8.750,2.188",70.74479675292969,81.0478515625,10.303054809570312,1,71.02421569824219,71.23351287841797,0.20929718017578125,1
random_009,13,28,"10.625,7.500,2.188","7.500,12.500,2.188",61.37369155883789,61.76821517944336,0.39452362060546875,1,61.16140365600586,61.12228775024414,0.03911590576171875,1
random_009,13,29,"10.625,7.500,2.188","16.875,6.875,1.562",64.7500991821289,63.47795104980469,1.2721481323242188,1,63.687583923339844,63.64719772338867,0.040386199951171875,1
random_009,14,15,"25.625,18.125,0.312","18.125,11.250,0.312",66.69200897216797,65.84432983398438,0.8476791381835938,1,65.40296936035156,65.45048522949219,0.047515869140625,1
random_009,14,16,"25.625,18.125,0.312","31.250,32.500,2.188",72.15615844726562,72.06088256835938,0.09527587890625,1,67.94249725341797,68.04380798339844,0.10131072998046875,1
random_009,14,17,"25.625,18.125,0.312","2.500,28.750,0.312",81.19046020507812,86.19497680664062,5.0045166015625,1,77.45755004882812,79.33358001708984,1.8760299682617188,1
random_009,14,18,"25.625,18.125,0.312","26.250,16.875,0.312",49.97010803222656,49.61469268798828,0.35541534423828125,1,49.83499526977539,49.83116912841797,0.003826141357421875,1
random_009,14,19,"25.625,18.125,0.312","26.875,25.000,1.562",63.530765533447266,63.3280029296875,0.20276260375976562,1,62.911529541015625,62.87986755371094,0.0316619873046875,1
random_009,14,20,"25.625,18.125,0.312","8.125,12.500,1.562",83.04119110107422,74.48814392089844,8.553047180175781,1,72.31851196289062,72.23016357421875,0.088348388671875,1
random_009,14,21,"25.625,18.125,0.312","1.250,37.500,0.938",80.03087615966797,86.64305114746094,6.612174987792969,1,77.63615417480469,77.80086517333984,0.16471099853515625,1
random_009,14,22,"25.625,18.125,0.312","15.625,16.875,2.188",66.41483306884766,65.8494873046875,0.5653457641601562,1,66.85758209228516,66.79899597167969,0.05858612060546875,1
random_009,14,23,"25.625,18.125,0.312","28.750,21.250,1.562",60.58942413330078,60.193241119384766,0.3961830139160156,1,59.78033447265625,59.34682846069336,0.4335060119628906,1
random_009,14,24,"25.625,18.125,0.312","20.000,12.500,0.938",64.98182678222656,64.32464599609375,0.6571807861328125,1,64.17828369140625,64.09317016601562,0.085113525390625,1
random_009,14,25,"25.625,18.125,0.312","16.875,23.125,0.312",69.64501190185547,69.04681396484375,0.5981979370117188,1,67.91869354248047,66.52571868896484,1.392974853515625,1
random_009,14,26,"25.625,18.125,0.312","23.125,9.375,0.938",70.18621063232422,67.37458801269531,2.8116226196289062,1,66.1612777709961,67.26738739013672,1.106109619140625,1
random_009,14,27,"25.625,18.125,0.312","26.250,8.750,2.188",75.67314147949219,67.33572387695312,8.337417602539062,1,67.28595733642578,66.51567077636719,0.7702865600585938,1
random_009,14,28,"25.625,18.125,0.312","7.500,12.500,2.188",82.57450103759766,80.22551727294922,2.3489837646484375,1,73.08418273925781,73.54258728027344,0.458404541015625,1
random_009,14,29,"25.625,18.125,0.312","16.875,6.875,1.562",68.84021759033203,68.07219696044922,0.7680206298828125,1,68.6006851196289,68.04977416992188,0.5509109497070312,1
random_009,15,16,"18.125,11.250,0.312","31.250,32.500,2.188",77.4742660522461,79.81024932861328,2.3359832763671875,1,75.59246826171875,73.96540832519531,1.6270599365234375,1
random_009,15,17,"18.125,11.250,0.312","2.500,28.750,0.312",78.09307098388672,86.37315368652344,8.280082702636719,1,75.16785430908203,76.43348693847656,1.2656326293945312,1
random_009,15,18,"18.125,11.250,0.312","26.250,16.875,0.312",65.97138977050781,66.39753723144531,0.4261474609375,1,65.25167846679688,65.31756591796875,0.065887451171875,1
random_009,15,19,"18.125,11.250,0.312","26.875,25.000,1.562",70.31016540527344,70.16587829589844,0.144287109375,1,69.12438201904297,69.18566131591797,0.061279296875,1
random_009,15,20,"18.125,11.250,0.312","8.125,12.500,1.562",68.16532897949219,69.25556945800781,1.090240478515625,1,66.4787826538086,67.30044555664062,0.8216629028320312,1
random_009,15,21,"18.125,11.250,0.312","1.250,37.500,0.938",79.54731750488281,88.30663299560547,8.759315490722656,1,77.3263931274414,77.34050750732422,0.0141143798828125,1
random_009,15,22,"18.125,11.250,0.312","15.625,16.875,2.188",62.655216217041016,62.60701370239258,0.0482025146484375,1,61.34393310546875,60.904624938964844,0.43930816650390625,1
random_009,15,23,"18.125,11.250,0.312","28.750,21.250,1.562",69.10546875,69.01593017578125,0.08953857421875,1,68.59877014160156,69.65672302246094,1.057952880859375,1
random_009,15,24,"18.125,11.250,0.312","20.000,12.500,0.938",54.26671600341797,54.92076873779297,0.654052734375,1,53.8037109375,53.80215072631836,0.001560211181640625,1
random_009,15,25,"18.125,11.250,0.312","16.875,23.125,0.312",66.98174285888672,67.09838104248047,0.11663818359375,1,67.10686492919922,67.07367706298828,0.0331878662109375,1
random_009,15,26,"18.125,11.250,0.312","23.125,9.375,0.938",60.651954650878906,61.18406677246094,0.5321121215820312,1,61.26287078857422,61.045379638671875,0.21749114990234375,1
random_009,15,27,"18.125,11.250,0.312","26.250,8.750,2.188",64.2728500366211,64.51449584960938,0.24164581298828125,1,63.891876220703125,63.95819091796875,0.066314697265625,1
random_009,15,28,"18.125,11.250,0.312","7.500,12.500,2.188",68.6331558227539,71.38689422607422,2.7537384033203125,1,69.5202865600586,68.19843292236328,1.3218536376953125,1
random_009,15,29,"18.125,11.250,0.312","16.875,6.875,1.562",60.11407470703125,59.56203079223633,0.5520439147949219,1,60.04127883911133,59.65796661376953,0.3833122253417969,1
random_009,16,17,"31.250,32.500,2.188","2.500,28.750,0.312",75.44340515136719,75.43995666503906,0.003448486328125,1,72.46089935302734,72.24055480957031,0.22034454345703125,1
random_009,16,18,"31.250,32.500,2.188","26.250,16.875,0.312",70.62503814697266,70.42390441894531,0.20113372802734375,1,67.6488265991211,68.21968841552734,0.57086181640625,1
random_009,16,19,"31.250,32.500,2.188","26.875,25.000,1.562",69.34650421142578,69.56240844726562,0.21590423583984375,1,67.64806365966797,67.46220397949219,0.18585968017578125,1
random_009,16,20,"31.250,32.500,2.188","8.125,12.500,1.562",88.52165222167969,85.45921325683594,3.06243896484375,1,84.41261291503906,82.76900482177734,1.6436080932617188,1
random_009,16,21,"31.250,32.500,2.188","1.250,37.500,0.938",82.88628387451172,79.97795867919922,2.9083251953125,1,76.80441284179688,75.66338348388672,1.1410293579101562,1
random_009,16,22,"31.250,32.500,2.188","15.625,16.875,2.188",81.40827941894531,77.54092407226562,3.8673553466796875,1,74.28484344482422,75.30204772949219,1.0172042846679688,1
random_009,16,23,"31.250,32.500,2.188","28.750,21.250,1.562",67.81271362304688,67.69931030273438,0.1134033203125,1,65.80859375,67.0367431640625,1.2281494140625,1
random_009,16,24,"31.250,32.500,2.188","20.000,12.500,0.938",77.10707092285156,79.94255065917969,2.835479736328125,1,74.85736846923828,76.3638916015625,1.5065231323242188,1
random_009,16,25,"31.250,32.500,2.188","16.875,23.125,0.312",73.2550277709961,74.77833557128906,1.5233078002929688,1,72.95780944824219,72.1468276977539,0.8109817504882812,1
random_009,16,26,"31.250,32.500,2.188","23.125,9.375,0.938",85.55886840820312,78.82223510742188,6.73663330078125,1,79.68773651123047,73.50629425048828,6.1814422607421875,1
random_009,16,27,"31.250,32.500,2.188","26.250,8.750,2.188",85.15217590332031,77.07281494140625,8.079360961914062,1,76.96241760253906,74.946533203125,2.0158843994140625,1
random_009,16,28,"31.250,32.500,2.188","7.500,12.500,2.188",88.19511413574219,86.12639617919922,2.0687179565429688,1,85.99078369140625,83.35555267333984,2.6352310180664062,1
random_009,16,29,"31.250,32.500,2.188","16.875,6.875,1.562",79.53814697265625,82.31207275390625,2.77392578125,1,77.53234100341797,78.04635620117188,0.5140151977539062,1
random_009,17,18,"2.500,28.750,0.312","26.250,16.875,0.312",86.04786682128906,80.29214477539062,5.7557220458984375,1,78.47245025634766,82.3358154296875,3.8633651733398438,1
random_009,17,19,"2.500,28.750,0.312","26.875,25.000,1.562",77.86453247070312,75.7329330444336,2.1315994262695312,1,73.25174713134766,74.6363754272461,1.3846282958984375,1
random_009,17,20,"2.500,28.750,0.312","8.125,12.500,1.562",73.98989868164062,73.72227478027344,0.2676239013671875,1,72.81430053710938,71.37259674072266,1.4417037963867188,1
random_009,17,21,"2.500,28.750,0.312","1.250,37.500,0.938",65.0409164428711,65.01953887939453,0.0213775634765625,1,64.1221923828125,63.56947326660156,0.5527191162109375,1
random_009,17,22,"2.500,28.750,0.312","15.625,16.875,2.188",83.90196990966797,75.19091033935547,8.7110595703125,1,74.00869750976562,74.68550109863281,0.6768035888671875,1
random_009,17,23,"2.500,28.750,0.312","28.750,21.250,1.562",85.70623779296875,81.07426452636719,4.6319732666015625,1,76.14010620117188,77.47518920898438,1.3350830078125,1
random_009,17,24,"2.500,28.750,0.312","20.000,12.500,0.938",86.52493286132812,78.38961029052734,8.135322570800781,1,75.3868179321289,77.02217864990234,1.6353607177734375,1
random_009,17,25,"2.500,28.750,0.312","16.875,23.125,0.312",78.35041046142578,72.5254898071289,5.824920654296875,1,70.86663055419922,69.8526611328125,1.0139694213867188,1
random_009,17,26,"2.500,28.750,0.312","23.125,9.375,0.938",86.29743194580078,80.32357788085938,5.973854064941406,1,76.2918472290039,80.58417510986328,4.292327880859375,1
random_009,17,27,"2.500,28.750,0.312","26.250,8.750,2.188",85.8959732055664,83.10421752929688,2.7917556762695312,1,76.95962524414062,78.0149154663086,1.0552902221679688,1
random_009,17,28,"2.500,28.750,0.312","7.500,12.500,2.188",74.3273696899414,73.69925689697266,0.62811279296875,1,71.25328063964844,71.61090087890625,0.3576202392578125,1
random_009,17,29,"2.500,28.750,0.312","16.875,6.875,1.562",88.18409729003906,79.0024642944336,9.181632995605469,1,75.88658142089844,77.31859588623047,1.4320144653320312,1
random_009,18,19,"26.250,16.875,0.312","26.875,25.000,1.562",64.74073791503906,64.98992919921875,0.2491912841796875,1,64.48066711425781,63.738075256347656,0.7425918579101562,1
random_009,18,20,"26.250,16.875,0.312","8.125,12.500,1.562",82.86058044433594,73.71868896484375,9.141891479492188,1,72.89838409423828,72.09166717529297,0.8067169189453125,1
random_009,18,21,"26.250,16.875,0.312","1.250,37.500,0.938",80.3955307006836,85.73685455322266,5.3413238525390625,1,75.95823669433594,77.08100128173828,1.1227645874023438,1
random_009,18,22,"26.250,16.875,0.312","15.625,16.875,2.188",66.68709564208984,66.44498443603516,0.2421112060546875,1,67.85322570800781,66.7178955078125,1.1353302001953125,1
random_009,18,23,"26.250,16.875,0.312","28.750,21.250,1.562",61.49578857421875,61.358917236328125,0.136871337890625,1,60.939552307128906,61.67308044433594,0.7335281372070312,1
random_009,18,24,"26.250,16.875,0.312","20.000,12.500,0.938",64.2617416381836,63.94298553466797,0.318756103515625,1,64.28174591064453,64.12104797363281,0.16069793701171875,1
random_009,18,25,"26.250,16.875,0.312","16.875,23.125,0.312",70.51349639892578,70.09451293945312,0.41898345947265625,1,69.05439758300781,68.50540161132812,0.5489959716796875,1
random_009,18,26,"26.250,16.875,0.312","23.125,9.375,0.938",68.54872131347656,67.1514892578125,1.3972320556640625,1,65.68727111816406,66.53478240966797,0.8475112915039062,1
random_009,18,27,"26.250,16.875,0.312","26.250,8.750,2.188",72.62323760986328,66.41709899902344,6.206138610839844,1,64.66790771484375,65.03448486328125,0.3665771484375,1
random_009,18,28,"26.250,16.875,0.312","7.500,12.500,2.188",82.24873352050781,78.09219360351562,4.1565399169921875,1,72.94575500488281,72.30223846435547,0.6435165405273438,1
random_009,18,29,"26.250,16.875,0.312","16.875,6.875,1.562",68.86862182617188,68.09259033203125,0.776031494140625,1,67.84033203125,67.990478515625,0.150146484375,1
random_009,19,20,"26.875,25.000,1.562","8.125,12.500,1.562",86.74117279052734,81.8321533203125,4.909019470214844,1,76.76567077636719,76.74864959716797,0.01702117919921875,1
random_009,19,21,"26.875,25.000,1.562","1.250,37.500,0.938",83.58377075195312,81.09259033203125,2.491180419921875,1,77.21670532226562,76.17020416259766,1.0465011596679688,1
random_009,19,22,"26.875,25.000,1.562","15.625,16.875,2.188",72.67768096923828,72.90008544921875,0.22240447998046875,1,70.78767395019531,71.75982666015625,0.9721527099609375,1
random_009,19,23,"26.875,25.000,1.562","28.750,21.250,1.562",59.22803497314453,59.46275329589844,0.23471832275390625,1,59.350582122802734,59.347137451171875,0.003444671630859375,1
random_009,19,24,"26.875,25.000,1.562","20.000,12.500,0.938",68.95327758789062,68.9956283569336,0.04235076904296875,1,69.19935607910156,69.37677001953125,0.1774139404296875,1
random_009,19,25,"26.875,25.000,1.562","16.875,23.125,0.312",67.40769958496094,68.220947265625,0.8132476806640625,1,67.31379699707031,66.2126235961914,1.1011734008789062,1
random_009,19,26,"26.875,25.000,1.562","23.125,9.375,0.938",81.48473358154297,72.33428192138672,9.15045166015625,1,76.30815124511719,70.5069351196289,5.801216125488281,1
random_009,19,27,"26.875,25.000,1.562","26.250,8.750,2.188",81.38322448730469,71.8073501586914,9.575874328613281,1,76.1666488647461,69.92176055908203,6.2448883056640625,1
random_009,19,28,"26.875,25.000,1.562","7.500,12.500,2.188",86.31436157226562,82.69374084472656,3.6206207275390625,1,77.53614044189453,78.38794708251953,0.851806640625,1
random_009,19,29,"26.875,25.000,1.562","16.875,6.875,1.562",72.17460632324219,71.78643798828125,0.3881683349609375,1,71.45523834228516,71.24556732177734,0.2096710205078125,1
random_009,20,21,"8.125,12.500,1.562","1.250,37.500,0.938",74.44593048095703,74.71815490722656,0.27222442626953125,1,71.09296417236328,72.01781463623047,0.9248504638671875,1
random_009,20,22,"8.125,12.500,1.562","15.625,16.875,2.188",74.91144561767578,68.40234375,6.509101867675781,1,67.69339752197266,67.849365234375,0.15596771240234375,1
random_009,20,23,"8.125,12.500,1.562","28.750,21.250,1.562",77.2313232421875,85.95063018798828,8.719306945800781,1,75.59164428710938,76.26485443115234,0.6732101440429688,1
random_009,20,24,"8.125,12.500,1.562","20.000,12.500,0.938",71.95614624023438,69.40713500976562,2.54901123046875,1,68.90847778320312,69.70352935791016,0.7950515747070312,1
random_009,20,25,"8.125,12.500,1.562","16.875,23.125,0.312",77.30459594726562,73.28553009033203,4.019065856933594,1,72.64933776855469,72.26139068603516,0.38794708251953125,1
random_009,20,26,"8.125,12.500,1.562","23.125,9.375,0.938",71.45475769042969,72.63166809082031,1.176910400390625,1,71.01408386230469,70.81025695800781,0.203826904296875,1
random_009,20,27,"8.125,12.500,1.562","26.250,8.750,2.188",72.8907470703125,80.73210906982422,7.841361999511719,1,72.95342254638672,72.7575454711914,0.1958770751953125,1
random_009,20,28,"8.125,12.500,1.562","7.500,12.500,2.188",44.90397262573242,50.38941192626953,5.485439300537109,1,45.692901611328125,45.69233703613281,0.0005645751953125,1
random_009,20,29,"8.125,12.500,1.562","16.875,6.875,1.562",70.33502960205078,69.29080200195312,1.0442276000976562,1,69.70387268066406,68.97807312011719,0.725799560546875,1
random_009,21,22,"1.250,37.500,0.938","15.625,16.875,2.188",85.43963623046875,77.39238739013672,8.047248840332031,1,74.91387939453125,75.0306625366211,0.11678314208984375,1
random_009,21,23,"1.250,37.500,0.938","28.750,21.250,1.562",85.38247680664062,84.20127868652344,1.1811981201171875,1,79.28219604492188,81.48603820800781,2.2038421630859375,1
random_009,21,24,"1.250,37.500,0.938","20.000,12.500,0.938",87.65316772460938,80.17716217041016,7.476005554199219,1,76.49055480957031,76.33655548095703,0.15399932861328125,1
random_009,21,25,"1.250,37.500,0.938","16.875,23.125,0.312",74.54553985595703,76.13130950927734,1.5857696533203125,1,72.34428405761719,71.73661041259766,0.6076736450195312,1
random_009,21,26,"1.250,37.500,0.938","23.125,9.375,0.938",86.81993103027344,81.48241424560547,5.337516784667969,1,78.33726501464844,78.74373626708984,0.40647125244140625,1
random_009,21,27,"1.250,37.500,0.938","26.250,8.750,2.188",86.93549346923828,85.32904052734375,1.6064529418945312,1,81.14900207519531,79.68798828125,1.4610137939453125,1
random_009,21,28,"1.250,37.500,0.938","7.500,12.500,2.188",76.84282684326172,76.50214385986328,0.3406829833984375,1,72.70844268798828,72.33609008789062,0.37235260009765625,1
random_009,21,29,"1.250,37.500,0.938","16.875,6.875,1.562",89.22523498535156,80.20782470703125,9.017410278320312,1,78.18583679199219,77.75300598144531,0.432830810546875,1
random_009,22,23,"15.625,16.875,2.188","28.750,21.250,1.562",70.88436126708984,70.83589935302734,0.0484619140625,1,68.87093353271484,68.7589111328125,0.11202239990234375,1
random_009,22,24,"15.625,16.875,2.188","20.000,12.500,0.938",62.682952880859375,62.85713195800781,0.1741790771484375,1,62.33017349243164,62.27635192871094,0.053821563720703125,1
random_009,22,25,"15.625,16.875,2.188","16.875,23.125,0.312",62.58023452758789,63.03364944458008,0.4534149169921875,1,62.17937088012695,62.179527282714844,0.000156402587890625,1
random_009,22,26,"15.625,16.875,2.188","23.125,9.375,0.938",66.0210952758789,66.3242416381836,0.3031463623046875,1,66.183837890625,65.52933502197266,0.6545028686523438,1
random_009,22,27,"15.625,16.875,2.188","26.250,8.750,2.188",68.7003402709961,67.86617279052734,0.83416748046875,1,66.42780303955078,66.32516479492188,0.10263824462890625,1
random_009,22,28,"15.625,16.875,2.188","7.500,12.500,2.188",68.81011199951172,76.01431274414062,7.204200744628906,1,67.8359146118164,67.75752258300781,0.07839202880859375,1
random_009,22,29,"15.625,16.875,2.188","16.875,6.875,1.562",65.97025299072266,65.9599609375,0.01029205322265625,1,65.71206665039062,65.57018280029297,0.14188385009765625,1
random_009,23,24,"28.750,21.250,1.562","20.000,12.500,0.938",67.78070831298828,68.08324432373047,0.3025360107421875,1,68.04377746582031,67.84537506103516,0.19840240478515625,1
random_009,23,25,"28.750,21.250,1.562","16.875,23.125,0.312",68.75984954833984,69.41053009033203,0.6506805419921875,1,68.67583465576172,68.27704620361328,0.3987884521484375,1
random_009,23,26,"28.750,21.250,1.562","23.125,9.375,0.938",77.92947387695312,71.6461410522461,6.283332824707031,1,69.2570571899414,69.16705322265625,0.09000396728515625,1
random_009,23,27,"28.750,21.250,1.562","26.250,8.750,2.188",78.23043823242188,71.2767333984375,6.953704833984375,1,69.50700378417969,69.10401153564453,0.40299224853515625,1
random_009,23,28,"28.750,21.250,1.562","7.500,12.500,2.188",85.561279296875,77.710693359375,7.8505859375,1,81.61344909667969,78.58944702148438,3.0240020751953125,1
random_009,23,29,"28.750,21.250,1.562","16.875,6.875,1.562",71.32946014404297,70.99801635742188,0.33144378662109375,1,70.07020568847656,70.287109375,0.2169036865234375,1
random_009,24,25,"20.000,12.500,0.938","16.875,23.125,0.312",66.46868896484375,66.81111145019531,0.3424224853515625,1,65.7933349609375,66.01909637451172,0.22576141357421875,1
random_009,24,26,"20.000,12.500,0.938","23.125,9.375,0.938",60.0875129699707,59.544921875,0.5425910949707031,1,59.7202262878418,59.32863235473633,0.39159393310546875,1
random_009,24,27,"20.000,12.500,0.938","26.250,8.750,2.188",63.803104400634766,63.360267639160156,0.4428367614746094,1,63.611812591552734,63.450927734375,0.16088485717773438,1
random_009,24,28,"20.000,12.500,0.938","7.500,12.500,2.188",69.86176300048828,76.92105102539062,7.059288024902344,1,68.51774597167969,69.41336822509766,0.8956222534179688,1
random_009,24,29,"20.000,12.500,0.938","16.875,6.875,1.562",63.188560485839844,62.47136688232422,0.717193603515625,1,62.3021354675293,61.820518493652344,0.4816169738769531,1
random_009,25,26,"16.875,23.125,0.312","23.125,9.375,0.938",69.12731170654297,68.41612243652344,0.7111892700195312,1,68.48616790771484,67.42554473876953,1.0606231689453125,1
random_009,25,27,"16.875,23.125,0.312","26.250,8.750,2.188",77.19810485839844,73.34452056884766,3.8535842895507812,1,71.42766571044922,71.41654968261719,0.01111602783203125,1
random_009,25,28,"16.875,23.125,0.312","7.500,12.500,2.188",73.61656188964844,78.63572692871094,5.0191650390625,1,70.94710540771484,70.92047119140625,0.02663421630859375,1
random_009,25,29,"16.875,23.125,0.312","16.875,6.875,1.562",69.70733642578125,69.60893249511719,0.0984039306640625,1,69.15959930419922,70.23831939697266,1.0787200927734375,1
random_009,26,27,"23.125,9.375,0.938","26.250,8.750,2.188",57.09162139892578,57.182098388671875,0.09047698974609375,1,56.00315475463867,56.57863998413086,0.5754852294921875,1
random_009,26,28,"23.125,9.375,0.938","7.500,12.500,2.188",72.99044799804688,74.2259292602539,1.2354812622070312,1,77.58273315429688,70.78042602539062,6.80230712890625,1
random_009,26,29,"23.125,9.375,0.938","16.875,6.875,1.562",63.18782424926758,62.45819091796875,0.7296333312988281,1,63.3400764465332,63.030513763427734,0.30956268310546875,1
random_009,27,28,"26.250,8.750,2.188","7.500,12.500,2.188",80.10978698730469,74.68305206298828,5.426734924316406,1,79.9543685913086,72.0316162109375,7.922752380371094,1
random_009,27,29,"26.250,8.750,2.188","16.875,6.875,1.562",65.15850067138672,65.02964782714844,0.12885284423828125,1,64.74361419677734,64.63214111328125,0.11147308349609375,1
random_009,28,29,"7.500,12.500,2.188","16.875,6.875,1.562",73.1717529296875,69.66658782958984,3.5051651000976562,1,69.05928802490234,69.53486633300781,0.47557830810546875,1
