scene,i,j,pi_xyz,pj_xyz,unet_ij_tau_rms_ns,unet_ji_tau_rms_ns,unet_absdiff_tau_rms_ns,unet_valid,sionna_ij_tau_rms_ns,sionna_ji_tau_rms_ns,sionna_absdiff_tau_rms_ns,sionna_valid
random_000,0,1,"27.500,23.750,1.562","36.250,17.500,1.562",11.138998031616211,12.031822204589844,0.8928241729736328,1,17.22232437133789,18.829076766967773,1.6067523956298828,1
random_000,0,2,"27.500,23.750,1.562","35.000,13.750,2.188",14.90507698059082,12.055440902709961,2.8496360778808594,1,28.540916442871094,25.44746208190918,3.093454360961914,1
random_000,0,3,"27.500,23.750,1.562","35.625,20.000,0.938",11.415000915527344,10.958927154541016,0.4560737609863281,1,17.52803611755371,18.35938835144043,0.8313522338867188,1
random_000,0,4,"27.500,23.750,1.562","18.125,29.375,1.562",18.38720703125,15.257111549377441,3.1300954818725586,1,26.684383392333984,29.675735473632812,2.991352081298828,1
random_000,0,5,"27.500,23.750,1.562","18.125,12.500,2.188",17.07489013671875,21.33489990234375,4.260009765625,1,34.551578521728516,28.06765365600586,6.483924865722656,1
random_000,0,6,"27.500,23.750,1.562","26.250,36.250,0.312",12.382946014404297,12.058950424194336,0.32399559020996094,1,18.188596725463867,18.42059898376465,0.23200225830078125,1
random_000,0,7,"27.500,23.750,1.562","23.125,10.625,0.312",13.611380577087402,19.938886642456055,6.327506065368652,1,25.203432083129883,27.300235748291016,2.096803665161133,1
random_000,0,8,"27.500,23.750,1.562","28.125,1.250,2.188",10.185413360595703,17.164382934570312,6.978969573974609,1,20.76526641845703,20.373899459838867,0.39136695861816406,1
random_000,0,9,"27.500,23.750,1.562","1.250,31.875,0.312",18.943262100219727,21.529932022094727,2.586669921875,1,17.88028335571289,17.21369171142578,0.6665916442871094,1
random_000,0,10,"27.500,23.750,1.562","25.625,33.750,1.562",11.84034538269043,12.174095153808594,0.33374977111816406,1,17.154197692871094,15.519567489624023,1.6346302032470703,1
random_000,0,11,"27.500,23.750,1.562","29.375,6.250,1.562",11.317489624023438,18.546886444091797,7.229396820068359,1,22.708715438842773,24.171131134033203,1.4624156951904297,1
random_000,0,12,"27.500,23.750,1.562","31.875,11.250,0.938",12.724573135375977,13.988165855407715,1.2635927200317383,1,22.193248748779297,23.409101486206055,1.2158527374267578,1
random_000,0,13,"27.500,23.750,1.562","24.375,10.000,1.562",12.85699462890625,19.295696258544922,6.438701629638672,1,24.629776000976562,25.477380752563477,0.8476047515869141,1
random_000,0,14,"27.500,23.750,1.562","30.000,16.875,0.938",10.72763442993164,10.558238983154297,0.16939544677734375,1,16.351701736450195,17.896127700805664,1.5444259643554688,1
random_000,0,15,"27.500,23.750,1.562","25.000,35.625,0.938",12.442461013793945,12.100702285766602,0.34175872802734375,1,18.36688232421875,18.0418643951416,0.32501792907714844,1
random_000,0,16,"27.500,23.750,1.562","31.250,18.750,1.562",9.386112213134766,9.420838356018066,0.03472614288330078,1,17.850351333618164,17.11442756652832,0.7359237670898438,1
random_000,0,17,"27.500,23.750,1.562","30.625,12.500,0.312",11.890813827514648,14.131857872009277,2.241044044494629,1,21.76080894470215,22.650049209594727,0.8892402648925781,1
random_000,0,18,"27.500,23.750,1.562","6.250,17.500,1.562",18.781150817871094,22.129432678222656,3.3482818603515625,1,28.412281036376953,28.179779052734375,0.23250198364257812,1
random_000,0,19,"27.500,23.750,1.562","8.750,11.250,1.562",21.771623611450195,26.265010833740234,4.493387222290039,1,38.5007209777832,35.93634033203125,2.564380645751953,1
random_000,0,20,"27.500,23.750,1.562","38.125,23.750,2.188",12.036886215209961,9.978096008300781,2.0587902069091797,1,22.03379249572754,21.65510368347168,0.3786888122558594,1
random_000,0,21,"27.500,23.750,1.562","1.250,10.625,0.938",17.537153244018555,22.937049865722656,5.399896621704102,1,23.338512420654297,23.519996643066406,0.18148422241210938,1
random_000,0,22,"27.500,23.750,1.562","10.625,6.875,0.312",21.887298583984375,27.589340209960938,5.7020416259765625,1,41.165130615234375,42.09555435180664,0.9304237365722656,1
random_000,0,23,"27.500,23.750,1.562","25.625,2.500,0.312",10.327207565307617,18.912508010864258,8.58530044555664,1,25.32623863220215,24.377666473388672,0.9485721588134766,1
random_000,0,24,"27.500,23.750,1.562","28.125,26.875,0.938",5.8599700927734375,5.882441520690918,0.02247142791748047,1,10.565214157104492,10.37796401977539,0.18725013732910156,1
random_000,0,25,"27.500,23.750,1.562","28.750,32.500,0.938",11.833015441894531,10.826543807983398,1.0064716339111328,1,19.31992530822754,18.63062286376953,0.6893024444580078,1
random_000,0,26,"27.500,23.750,1.562","7.500,31.875,0.312",14.949650764465332,20.57431411743164,5.624663352966309,1,23.46388816833496,24.99673843383789,1.5328502655029297,1
random_000,0,27,"27.500,23.750,1.562","28.750,12.500,0.312",11.78494930267334,15.222959518432617,3.4380102157592773,1,21.188982009887695,22.997802734375,1.8088207244873047,1
random_000,0,28,"27.500,23.750,1.562","5.000,32.500,2.188",15.104120254516602,20.87042999267578,5.76630973815918,1,15.13573169708252,17.543344497680664,2.4076128005981445,1
random_000,0,29,"27.500,23.750,1.562","28.125,33.125,0.312",11.439823150634766,11.401933670043945,0.03788948059082031,1,19.560739517211914,19.49878692626953,0.06195259094238281,1
random_000,1,2,"36.250,17.500,1.562","35.000,13.750,2.188",7.122004508972168,7.552155017852783,0.43015050888061523,1,9.56653118133545,9.22934627532959,0.3371849060058594,1
random_000,1,3,"36.250,17.500,1.562","35.625,20.000,0.938",4.9184675216674805,5.765159606933594,0.8466920852661133,1,5.939044952392578,6.269051551818848,0.33000659942626953,1
random_000,1,4,"36.250,17.500,1.562","18.125,29.375,1.562",26.883411407470703,20.1352481842041,6.748163223266602,1,32.35562515258789,33.29464340209961,0.9390182495117188,1
random_000,1,5,"36.250,17.500,1.562","18.125,12.500,2.188",19.560874938964844,15.933717727661133,3.627157211303711,1,25.65703773498535,24.803688049316406,0.8533496856689453,1
random_000,1,6,"36.250,17.500,1.562","26.250,36.250,0.312",12.603068351745605,11.926642417907715,0.6764259338378906,1,18.167617797851562,19.999990463256836,1.8323726654052734,1
random_000,1,7,"36.250,17.500,1.562","23.125,10.625,0.312",17.93655776977539,15.229938507080078,2.7066192626953125,1,21.8930606842041,22.396425247192383,0.5033645629882812,1
random_000,1,8,"36.250,17.500,1.562","28.125,1.250,2.188",12.730865478515625,12.587810516357422,0.14305496215820312,1,17.54633903503418,19.929529190063477,2.383190155029297,1
random_000,1,9,"36.250,17.500,1.562","1.250,31.875,0.312",24.03978729248047,19.276283264160156,4.7635040283203125,1,25.853721618652344,23.894611358642578,1.9591102600097656,1
random_000,1,10,"36.250,17.500,1.562","25.625,33.750,1.562",12.347352981567383,11.548751831054688,0.7986011505126953,1,17.265663146972656,21.408470153808594,4.1428070068359375,1
random_000,1,11,"36.250,17.500,1.562","29.375,6.250,1.562",13.564026832580566,13.744649887084961,0.18062305450439453,1,22.48308563232422,23.047359466552734,0.5642738342285156,1
random_000,1,12,"36.250,17.500,1.562","31.875,11.250,0.938",10.731071472167969,10.098394393920898,0.6326770782470703,1,17.92523765563965,16.878477096557617,1.0467605590820312,1
random_000,1,13,"36.250,17.500,1.562","24.375,10.000,1.562",16.934329986572266,14.49806022644043,2.436269760131836,1,23.533050537109375,22.822092056274414,0.7109584808349609,1
random_000,1,14,"36.250,17.500,1.562","30.000,16.875,0.938",9.771785736083984,9.576618194580078,0.19516754150390625,1,16.479345321655273,15.939594268798828,0.5397510528564453,1
random_000,1,15,"36.250,17.500,1.562","25.000,35.625,0.938",12.791411399841309,11.187439918518066,1.6039714813232422,1,18.509592056274414,19.73552703857422,1.2259349822998047,1
random_000,1,16,"36.250,17.500,1.562","31.250,18.750,1.562",8.093676567077637,8.396425247192383,0.3027486801147461,1,13.929019927978516,13.398700714111328,0.5303192138671875,1
random_000,1,17,"36.250,17.500,1.562","30.625,12.500,0.312",11.346365928649902,10.775882720947266,0.5704832077026367,1,19.50934600830078,18.050918579101562,1.4584274291992188,1
random_000,1,18,"36.250,17.500,1.562","6.250,17.500,1.562",17.45732307434082,14.413019180297852,3.0443038940429688,1,21.746421813964844,22.53275489807129,0.7863330841064453,1
random_000,1,19,"36.250,17.500,1.562","8.750,11.250,1.562",20.541446685791016,16.932706832885742,3.6087398529052734,1,24.137022018432617,25.193954467773438,1.0569324493408203,1
random_000,1,20,"36.250,17.500,1.562","38.125,23.750,2.188",8.284326553344727,7.9462385177612305,0.3380880355834961,1,14.466245651245117,10.548401832580566,3.917843818664551,1
random_000,1,21,"36.250,17.500,1.562","1.250,10.625,0.938",19.970176696777344,15.199785232543945,4.770391464233398,1,22.66852569580078,22.996170043945312,0.32764434814453125,1
random_000,1,22,"36.250,17.500,1.562","10.625,6.875,0.312",16.98124122619629,16.65421485900879,0.3270263671875,1,24.416221618652344,25.697492599487305,1.281270980834961,1
random_000,1,23,"36.250,17.500,1.562","25.625,2.500,0.312",14.1265869140625,13.516873359680176,0.6097135543823242,1,21.25577163696289,21.738285064697266,0.482513427734375,1
random_000,1,24,"36.250,17.500,1.562","28.125,26.875,0.938",11.560622215270996,11.620789527893066,0.06016731262207031,1,20.965778350830078,22.128952026367188,1.1631736755371094,1
random_000,1,25,"36.250,17.500,1.562","28.750,32.500,0.938",11.852848052978516,12.492274284362793,0.6394262313842773,1,19.347585678100586,21.649978637695312,2.3023929595947266,1
random_000,1,26,"36.250,17.500,1.562","7.500,31.875,0.312",23.008480072021484,21.020965576171875,1.9875144958496094,1,32.307247161865234,35.39042663574219,3.083179473876953,1
random_000,1,27,"36.250,17.500,1.562","28.750,12.500,0.312",12.863943099975586,12.17941951751709,0.6845235824584961,1,20.00751304626465,20.185571670532227,0.17805862426757812,1
random_000,1,28,"36.250,17.500,1.562","5.000,32.500,2.188",22.99591827392578,19.89040756225586,3.105510711669922,1,27.706947326660156,25.367124557495117,2.339822769165039,1
random_000,1,29,"36.250,17.500,1.562","28.125,33.125,0.312",11.613655090332031,12.532684326171875,0.9190292358398438,1,21.148916244506836,20.816682815551758,0.3322334289550781,1
random_000,2,3,"35.000,13.750,2.188","35.625,20.000,0.938",8.150615692138672,10.054117202758789,1.9035015106201172,1,13.492862701416016,13.610833168029785,0.11797046661376953,1
random_000,2,4,"35.000,13.750,2.188","18.125,29.375,1.562",26.441139221191406,22.446203231811523,3.994935989379883,1,35.979923248291016,33.647029876708984,2.3328933715820312,1
random_000,2,5,"35.000,13.750,2.188","18.125,12.500,2.188",18.343873977661133,16.7578067779541,1.5860671997070312,1,23.92428207397461,23.655656814575195,0.26862525939941406,1
random_000,2,6,"35.000,13.750,2.188","26.250,36.250,0.312",12.015654563903809,9.663741111755371,2.3519134521484375,1,16.617082595825195,18.211091995239258,1.5940093994140625,1
random_000,2,7,"35.000,13.750,2.188","23.125,10.625,0.312",16.22661781311035,15.834243774414062,0.39237403869628906,1,25.08024787902832,23.903676986694336,1.1765708923339844,1
random_000,2,8,"35.000,13.750,2.188","28.125,1.250,2.188",11.46709156036377,12.526780128479004,1.0596885681152344,1,18.120820999145508,18.928232192993164,0.8074111938476562,1
random_000,2,9,"35.000,13.750,2.188","1.250,31.875,0.312",20.59083366394043,17.73379135131836,2.8570423126220703,1,28.64305877685547,27.389549255371094,1.253509521484375,1
random_000,2,10,"35.000,13.750,2.188","25.625,33.750,1.562",12.188243865966797,10.612985610961914,1.5752582550048828,1,18.342439651489258,19.285354614257812,0.9429149627685547,1
random_000,2,11,"35.000,13.750,2.188","29.375,6.250,1.562",12.41391658782959,13.125429153442383,0.711512565612793,1,19.164817810058594,20.09449577331543,0.9296779632568359,1
random_000,2,12,"35.000,13.750,2.188","31.875,11.250,0.938",5.9783525466918945,6.834903717041016,0.8565511703491211,1,13.143087387084961,12.775416374206543,0.36767101287841797,1
random_000,2,13,"35.000,13.750,2.188","24.375,10.000,1.562",15.18445873260498,14.840843200683594,0.3436155319213867,1,23.547094345092773,20.708009719848633,2.8390846252441406,1
random_000,2,14,"35.000,13.750,2.188","30.000,16.875,0.938",8.5308837890625,10.256139755249023,1.7252559661865234,1,17.122772216796875,15.956725120544434,1.1660470962524414,1
random_000,2,15,"35.000,13.750,2.188","25.000,35.625,0.938",12.335448265075684,9.551730155944824,2.7837181091308594,1,15.229113578796387,17.867097854614258,2.637984275817871,1
random_000,2,16,"35.000,13.750,2.188","31.250,18.750,1.562",8.1552152633667,10.877516746520996,2.722301483154297,1,17.646394729614258,16.4066162109375,1.2397785186767578,1
random_000,2,17,"35.000,13.750,2.188","30.625,12.500,0.312",7.048758506774902,8.289952278137207,1.2411937713623047,1,14.29898738861084,13.531220436096191,0.7677669525146484,1
random_000,2,18,"35.000,13.750,2.188","6.250,17.500,1.562",16.591150283813477,15.30610466003418,1.2850456237792969,1,24.3878116607666,22.869430541992188,1.518381118774414,1
random_000,2,19,"35.000,13.750,2.188","8.750,11.250,1.562",19.905675888061523,16.48508644104004,3.4205894470214844,1,29.998973846435547,27.81424903869629,2.184724807739258,1
random_000,2,20,"35.000,13.750,2.188","38.125,23.750,2.188",11.250005722045898,9.44869613647461,1.801309585571289,1,19.299142837524414,18.38637351989746,0.9127693176269531,1
random_000,2,21,"35.000,13.750,2.188","1.250,10.625,0.938",19.01677894592285,15.000530242919922,4.01624870300293,1,25.49448585510254,26.245954513549805,0.7514686584472656,1
random_000,2,22,"35.000,13.750,2.188","10.625,6.875,0.312",16.09200668334961,16.742496490478516,0.6504898071289062,1,25.016788482666016,27.058334350585938,2.041545867919922,1
random_000,2,23,"35.000,13.750,2.188","25.625,2.500,0.312",13.232178688049316,13.420391082763672,0.18821239471435547,1,23.999452590942383,24.139272689819336,0.13982009887695312,1
random_000,2,24,"35.000,13.750,2.188","28.125,26.875,0.938",11.72334098815918,12.016135215759277,0.29279422760009766,1,22.362215042114258,22.031980514526367,0.3302345275878906,1
random_000,2,25,"35.000,13.750,2.188","28.750,32.500,0.938",11.7938871383667,10.257518768310547,1.5363683700561523,1,21.193933486938477,19.08198356628418,2.111949920654297,1
random_000,2,26,"35.000,13.750,2.188","7.500,31.875,0.312",20.18543815612793,20.21904945373535,0.033611297607421875,1,34.27291488647461,30.741500854492188,3.531414031982422,1
random_000,2,27,"35.000,13.750,2.188","28.750,12.500,0.312",9.584640502929688,10.847541809082031,1.2629013061523438,1,17.93231964111328,17.336483001708984,0.5958366394042969,1
random_000,2,28,"35.000,13.750,2.188","5.000,32.500,2.188",20.363161087036133,19.130229949951172,1.232931137084961,1,31.957258224487305,30.67974853515625,1.2775096893310547,1
random_000,2,29,"35.000,13.750,2.188","28.125,33.125,0.312",11.753168106079102,10.704883575439453,1.0482845306396484,1,20.61208724975586,20.042922973632812,0.5691642761230469,1
random_000,3,4,"35.625,20.000,0.938","18.125,29.375,1.562",22.808822631835938,17.51140594482422,5.297416687011719,1,34.05670166015625,32.84756851196289,1.2091331481933594,1
random_000,3,5,"35.625,20.000,0.938","18.125,12.500,2.188",18.628658294677734,15.767251014709473,2.8614072799682617,1,25.548551559448242,28.07419204711914,2.5256404876708984,1
random_000,3,6,"35.625,20.000,0.938","26.250,36.250,0.312",13.793474197387695,13.685705184936523,0.10776901245117188,1,22.276395797729492,21.243267059326172,1.0331287384033203,1
random_000,3,7,"35.625,20.000,0.938","23.125,10.625,0.312",17.451208114624023,16.007368087768555,1.4438400268554688,1,23.2196044921875,23.7373104095459,0.5177059173583984,1
random_000,3,8,"35.625,20.000,0.938","28.125,1.250,2.188",12.402597427368164,12.635035514831543,0.2324380874633789,1,19.71357536315918,22.040281295776367,2.3267059326171875,1
random_000,3,9,"35.625,20.000,0.938","1.250,31.875,0.312",22.35590362548828,18.57831573486328,3.777587890625,1,24.73950958251953,24.208019256591797,0.5314903259277344,1
random_000,3,10,"35.625,20.000,0.938","25.625,33.750,1.562",12.433548927307129,13.44968032836914,1.0161314010620117,1,21.576078414916992,22.318012237548828,0.7419338226318359,1
random_000,3,11,"35.625,20.000,0.938","29.375,6.250,1.562",13.18640422821045,14.477398872375488,1.290994644165039,1,20.462324142456055,21.89160919189453,1.4292850494384766,1
random_000,3,12,"35.625,20.000,0.938","31.875,11.250,0.938",11.277817726135254,11.288747787475586,0.010930061340332031,1,19.249225616455078,19.438282012939453,0.189056396484375,1
random_000,3,13,"35.625,20.000,0.938","24.375,10.000,1.562",16.383573532104492,15.467657089233398,0.9159164428710938,1,22.08819007873535,24.39652442932129,2.3083343505859375,1
random_000,3,14,"35.625,20.000,0.938","30.000,16.875,0.938",9.464323043823242,9.470109939575195,0.005786895751953125,1,15.233197212219238,16.592073440551758,1.3588762283325195,1
random_000,3,15,"35.625,20.000,0.938","25.000,35.625,0.938",14.09961986541748,13.204010963439941,0.8956089019775391,1,22.391502380371094,21.407657623291016,0.9838447570800781,1
random_000,3,16,"35.625,20.000,0.938","31.250,18.750,1.562",7.363839149475098,7.392638206481934,0.028799057006835938,1,12.355113983154297,13.173379898071289,0.8182659149169922,1
random_000,3,17,"35.625,20.000,0.938","30.625,12.500,0.312",11.763324737548828,12.149726867675781,0.3864021301269531,1,19.127912521362305,19.052000045776367,0.0759124755859375,1
random_000,3,18,"35.625,20.000,0.938","6.250,17.500,1.562",16.289731979370117,13.679573059082031,2.610158920288086,1,23.80154037475586,24.770246505737305,0.9687061309814453,1
random_000,3,19,"35.625,20.000,0.938","8.750,11.250,1.562",19.64063262939453,17.592758178710938,2.0478744506835938,1,26.646474838256836,29.41714859008789,2.7706737518310547,1
random_000,3,20,"35.625,20.000,0.938","38.125,23.750,2.188",7.3448486328125,6.115528106689453,1.2293205261230469,1,10.055785179138184,7.479192733764648,2.576592445373535,1
random_000,3,21,"35.625,20.000,0.938","1.250,10.625,0.938",19.430727005004883,15.709385871887207,3.721341133117676,1,27.187719345092773,25.782644271850586,1.4050750732421875,1
random_000,3,22,"35.625,20.000,0.938","10.625,6.875,0.312",16.960834503173828,16.31016731262207,0.6506671905517578,1,26.081783294677734,24.42740249633789,1.6543807983398438,1
random_000,3,23,"35.625,20.000,0.938","25.625,2.500,0.312",13.432336807250977,13.822895050048828,0.39055824279785156,1,21.196592330932617,22.643917083740234,1.4473247528076172,1
random_000,3,24,"35.625,20.000,0.938","28.125,26.875,0.938",10.58091926574707,12.174206733703613,1.593287467956543,1,20.11750030517578,17.100603103637695,3.016897201538086,1
random_000,3,25,"35.625,20.000,0.938","28.750,32.500,0.938",12.682823181152344,13.84621524810791,1.1633920669555664,1,23.149486541748047,22.765199661254883,0.38428688049316406,1
random_000,3,26,"35.625,20.000,0.938","7.500,31.875,0.312",16.92017936706543,17.833293914794922,0.9131145477294922,1,27.921245574951172,24.76253318786621,3.158712387084961,1
random_000,3,27,"35.625,20.000,0.938","28.750,12.500,0.312",13.09294319152832,13.46077823638916,0.36783504486083984,1,18.823762893676758,20.163562774658203,1.3397998809814453,1
random_000,3,28,"35.625,20.000,0.938","5.000,32.500,2.188",16.923185348510742,17.500761032104492,0.57757568359375,1,29.636354446411133,23.48602867126465,6.150325775146484,1
random_000,3,29,"35.625,20.000,0.938","28.125,33.125,0.312",12.152177810668945,14.052608489990234,1.900430679321289,1,22.63975715637207,23.450151443481445,0.810394287109375,1
random_000,4,5,"18.125,29.375,1.562","18.125,12.500,2.188",14.636016845703125,12.888575553894043,1.747441291809082,1,21.24620819091797,20.083663940429688,1.1625442504882812,1
random_000,4,6,"18.125,29.375,1.562","26.250,36.250,0.312",14.789894104003906,16.238101959228516,1.4482078552246094,1,22.142812728881836,22.34163475036621,0.198822021484375,1
random_000,4,7,"18.125,29.375,1.562","23.125,10.625,0.312",14.902595520019531,16.654970169067383,1.7523746490478516,1,22.47480010986328,19.80768394470215,2.667116165161133,1
random_000,4,8,"18.125,29.375,1.562","28.125,1.250,2.188",4.748286247253418,18.77875518798828,14.030468940734863,1,17.290172576904297,15.770580291748047,1.51959228515625,1
random_000,4,9,"18.125,29.375,1.562","1.250,31.875,0.312",12.529817581176758,12.972432136535645,0.4426145553588867,1,17.00478172302246,17.394712448120117,0.38993072509765625,1
random_000,4,10,"18.125,29.375,1.562","25.625,33.750,1.562",11.7869234085083,12.651138305664062,0.8642148971557617,1,19.929746627807617,20.802690505981445,0.8729438781738281,1
random_000,4,11,"18.125,29.375,1.562","29.375,6.250,1.562",9.658889770507812,20.260257720947266,10.601367950439453,1,25.388423919677734,24.81167984008789,0.5767440795898438,1
random_000,4,12,"18.125,29.375,1.562","31.875,11.250,0.938",14.892830848693848,21.553184509277344,6.660353660583496,1,31.616138458251953,32.72663879394531,1.1105003356933594,1
random_000,4,13,"18.125,29.375,1.562","24.375,10.000,1.562",14.09953784942627,17.44816780090332,3.348629951477051,1,21.423267364501953,20.670948028564453,0.7523193359375,1
random_000,4,14,"18.125,29.375,1.562","30.000,16.875,0.938",19.939029693603516,23.04952621459961,3.1104965209960938,1,35.222110748291016,35.50735855102539,0.285247802734375,1
random_000,4,15,"18.125,29.375,1.562","25.000,35.625,0.938",15.637344360351562,16.09800148010254,0.46065711975097656,1,24.50033187866211,32.8313102722168,8.330978393554688,1
random_000,4,16,"18.125,29.375,1.562","31.250,18.750,1.562",21.79183578491211,26.73004150390625,4.938205718994141,1,39.456878662109375,40.37926483154297,0.9223861694335938,1
random_000,4,17,"18.125,29.375,1.562","30.625,12.500,0.312",14.83604621887207,21.32262420654297,6.486577987670898,1,27.09268569946289,30.44963836669922,3.356952667236328,1
random_000,4,18,"18.125,29.375,1.562","6.250,17.500,1.562",19.651504516601562,21.295299530029297,1.6437950134277344,1,30.33051872253418,28.595809936523438,1.7347087860107422,1
random_000,4,19,"18.125,29.375,1.562","8.750,11.250,1.562",11.797965049743652,18.67023277282715,6.872267723083496,1,17.0682315826416,19.0183048248291,1.9500732421875,1
random_000,4,20,"18.125,29.375,1.562","38.125,23.750,2.188",12.086897850036621,17.481311798095703,5.394413948059082,1,21.837238311767578,20.900503158569336,0.9367351531982422,1
random_000,4,21,"18.125,29.375,1.562","1.250,10.625,0.938",21.03914451599121,21.22771453857422,0.1885700225830078,1,24.135709762573242,24.44148063659668,0.3057708740234375,1
random_000,4,22,"18.125,29.375,1.562","10.625,6.875,0.312",14.225828170776367,21.876148223876953,7.650320053100586,1,24.564451217651367,22.000844955444336,2.5636062622070312,1
random_000,4,23,"18.125,29.375,1.562","25.625,2.500,0.312",12.062552452087402,18.938596725463867,6.876044273376465,1,14.66699504852295,20.91281509399414,6.245820045471191,1
random_000,4,24,"18.125,29.375,1.562","28.125,26.875,0.938",10.070454597473145,12.72724723815918,2.656792640686035,1,21.74297332763672,20.72920036315918,1.013772964477539,1
random_000,4,25,"18.125,29.375,1.562","28.750,32.500,0.938",11.045904159545898,12.79840087890625,1.7524967193603516,1,16.738943099975586,19.452617645263672,2.713674545288086,1
random_000,4,26,"18.125,29.375,1.562","7.500,31.875,0.312",12.322626113891602,13.920980453491211,1.5983543395996094,1,17.086349487304688,17.951623916625977,0.8652744293212891,1
random_000,4,27,"18.125,29.375,1.562","28.750,12.500,0.312",13.624013900756836,17.018798828125,3.394784927368164,1,24.214990615844727,23.305986404418945,0.9090042114257812,1
random_000,4,28,"18.125,29.375,1.562","5.000,32.500,2.188",12.625370979309082,12.839332580566406,0.21396160125732422,1,16.295732498168945,17.225364685058594,0.9296321868896484,1
random_000,4,29,"18.125,29.375,1.562","28.125,33.125,0.312",10.440032005310059,13.341346740722656,2.9013147354125977,1,18.22969627380371,19.913328170776367,1.6836318969726562,1
random_000,5,6,"18.125,12.500,2.188","26.250,36.250,0.312",24.7752628326416,23.38885498046875,1.3864078521728516,1,38.246299743652344,39.473426818847656,1.2271270751953125,1
random_000,5,7,"18.125,12.500,2.188","23.125,10.625,0.312",9.537004470825195,10.479244232177734,0.9422397613525391,1,17.831493377685547,18.084115982055664,0.2526226043701172,1
random_000,5,8,"18.125,12.500,2.188","28.125,1.250,2.188",17.55805778503418,21.380630493164062,3.822572708129883,1,32.074134826660156,33.15410614013672,1.0799713134765625,1
random_000,5,9,"18.125,12.500,2.188","1.250,31.875,0.312",23.60763931274414,20.807645797729492,2.7999935150146484,1,29.18350601196289,38.96404266357422,9.780536651611328,1
random_000,5,10,"18.125,12.500,2.188","25.625,33.750,1.562",25.782512664794922,22.49685287475586,3.2856597900390625,1,42.66108322143555,45.375736236572266,2.7146530151367188,1
random_000,5,11,"18.125,12.500,2.188","29.375,6.250,1.562",16.187150955200195,18.25702667236328,2.069875717163086,1,22.506994247436523,27.842166900634766,5.335172653198242,1
random_000,5,12,"18.125,12.500,2.188","31.875,11.250,0.938",15.311906814575195,16.883867263793945,1.57196044921875,1,26.764379501342773,28.135202407836914,1.3708229064941406,1
random_000,5,13,"18.125,12.500,2.188","24.375,10.000,1.562",11.618768692016602,12.103206634521484,0.4844379425048828,1,19.490306854248047,19.033266067504883,0.45704078674316406,1
random_000,5,14,"18.125,12.500,2.188","30.000,16.875,0.938",15.753952026367188,17.112607955932617,1.3586559295654297,1,25.415626525878906,23.47940444946289,1.9362220764160156,1
random_000,5,15,"18.125,12.500,2.188","25.000,35.625,0.938",26.539291381835938,24.163856506347656,2.3754348754882812,1,43.510799407958984,42.53282165527344,0.9779777526855469,1
random_000,5,16,"18.125,12.500,2.188","31.250,18.750,1.562",14.23250961303711,17.87417221069336,3.64166259765625,1,26.134614944458008,25.669666290283203,0.4649486541748047,1
random_000,5,17,"18.125,12.500,2.188","30.625,12.500,0.312",14.773430824279785,16.95716094970703,2.183730125427246,1,23.684762954711914,25.602184295654297,1.9174213409423828,1
random_000,5,18,"18.125,12.500,2.188","6.250,17.500,1.562",17.892290115356445,17.481969833374023,0.4103202819824219,1,24.44575309753418,24.325578689575195,0.12017440795898438,1
random_000,5,19,"18.125,12.500,2.188","8.750,11.250,1.562",14.525459289550781,14.274839401245117,0.25061988830566406,1,22.51667022705078,23.289188385009766,0.7725181579589844,1
random_000,5,20,"18.125,12.500,2.188","38.125,23.750,2.188",19.49776840209961,19.72628402709961,0.228515625,1,26.361717224121094,28.900951385498047,2.539234161376953,1
random_000,5,21,"18.125,12.500,2.188","1.250,10.625,0.938",17.247285842895508,17.42363166809082,0.1763458251953125,1,24.814123153686523,23.231853485107422,1.5822696685791016,1
random_000,5,22,"18.125,12.500,2.188","10.625,6.875,0.312",14.106637954711914,15.857820510864258,1.7511825561523438,1,29.024307250976562,27.66562271118164,1.3586845397949219,1
random_000,5,23,"18.125,12.500,2.188","25.625,2.500,0.312",18.03101921081543,20.451623916625977,2.420604705810547,1,28.600650787353516,30.401670455932617,1.8010196685791016,1
random_000,5,24,"18.125,12.500,2.188","28.125,26.875,0.938",21.833446502685547,17.08188819885254,4.751558303833008,1,27.483375549316406,32.748111724853516,5.264736175537109,1
random_000,5,25,"18.125,12.500,2.188","28.750,32.500,0.938",21.09670066833496,17.01791763305664,4.07878303527832,1,32.50395584106445,31.188386917114258,1.3155689239501953,1
random_000,5,26,"18.125,12.500,2.188","7.500,31.875,0.312",20.16686248779297,17.082651138305664,3.0842113494873047,1,37.24525833129883,39.75833511352539,2.5130767822265625,1
random_000,5,27,"18.125,12.500,2.188","28.750,12.500,0.312",14.527091026306152,16.102397918701172,1.5753068923950195,1,28.680368423461914,26.67310333251953,2.007265090942383,1
random_000,5,28,"18.125,12.500,2.188","5.000,32.500,2.188",20.864179611206055,18.05443572998047,2.809743881225586,1,37.78949737548828,42.280887603759766,4.491390228271484,1
random_000,5,29,"18.125,12.500,2.188","28.125,33.125,0.312",23.12761688232422,20.172216415405273,2.9554004669189453,1,38.359432220458984,38.125518798828125,0.23391342163085938,1
random_000,6,7,"26.250,36.250,0.312","23.125,10.625,0.312",15.039419174194336,15.36748218536377,0.3280630111694336,1,24.862979888916016,28.744977951049805,3.881998062133789,1
random_000,6,8,"26.250,36.250,0.312","28.125,1.250,2.188",6.306863784790039,10.485185623168945,4.178321838378906,1,15.732470512390137,17.332542419433594,1.600071907043457,1
random_000,6,9,"26.250,36.250,0.312","1.250,31.875,0.312",13.026430130004883,10.244588851928711,2.781841278076172,1,21.13343620300293,20.157161712646484,0.9762744903564453,1
random_000,6,10,"26.250,36.250,0.312","25.625,33.750,1.562",4.765104293823242,4.5900774002075195,0.17502689361572266,1,9.058756828308105,10.006230354309082,0.9474735260009766,1
random_000,6,11,"26.250,36.250,0.312","29.375,6.250,1.562",7.281256675720215,13.852744102478027,6.5714874267578125,1,20.509992599487305,19.560302734375,0.9496898651123047,1
random_000,6,12,"26.250,36.250,0.312","31.875,11.250,0.938",9.373600006103516,11.174116134643555,1.800516128540039,1,20.28489875793457,19.01095199584961,1.273946762084961,1
random_000,6,13,"26.250,36.250,0.312","24.375,10.000,1.562",13.341294288635254,12.107721328735352,1.2335729598999023,1,27.3851375579834,28.62590217590332,1.2407646179199219,1
random_000,6,14,"26.250,36.250,0.312","30.000,16.875,0.938",10.125553131103516,12.444961547851562,2.319408416748047,1,24.039875030517578,22.45810317993164,1.5817718505859375,1
random_000,6,15,"26.250,36.250,0.312","25.000,35.625,0.938",1.5328693389892578,3.475688934326172,1.942819595336914,1,5.62637996673584,5.08259391784668,0.5437860488891602,1
random_000,6,16,"26.250,36.250,0.312","31.250,18.750,1.562",10.135807037353516,12.679306030273438,2.543498992919922,1,22.291526794433594,22.86373519897461,0.5722084045410156,1
random_000,6,17,"26.250,36.250,0.312","30.625,12.500,0.312",9.693038940429688,12.09473705291748,2.401698112487793,1,20.01102066040039,21.78905487060547,1.7780342102050781,1
random_000,6,18,"26.250,36.250,0.312","6.250,17.500,1.562",23.869945526123047,25.627229690551758,1.757284164428711,1,40.051239013671875,37.173980712890625,2.87725830078125,1
random_000,6,19,"26.250,36.250,0.312","8.750,11.250,1.562",21.053077697753906,23.97695541381836,2.923877716064453,1,40.05803298950195,40.300636291503906,0.24260330200195312,1
random_000,6,20,"26.250,36.250,0.312","38.125,23.750,2.188",12.200578689575195,11.59028148651123,0.6102972030639648,1,13.218995094299316,14.18368911743164,0.9646940231323242,1
random_000,6,21,"26.250,36.250,0.312","1.250,10.625,0.938",22.1607723236084,22.336029052734375,0.17525672912597656,1,29.85965347290039,26.1872615814209,3.672391891479492,1
random_000,6,22,"26.250,36.250,0.312","10.625,6.875,0.312",23.045034408569336,27.14961051940918,4.104576110839844,1,34.82469940185547,37.78913497924805,2.964435577392578,1
random_000,6,23,"26.250,36.250,0.312","25.625,2.500,0.312",7.503612518310547,12.475061416625977,4.97144889831543,1,20.578962326049805,20.720605850219727,0.14164352416992188,1
random_000,6,24,"26.250,36.250,0.312","28.125,26.875,0.938",11.536355972290039,11.056526184082031,0.4798297882080078,1,20.868417739868164,19.092430114746094,1.7759876251220703,1
random_000,6,25,"26.250,36.250,0.312","28.750,32.500,0.938",7.463682174682617,7.148211479187012,0.31547069549560547,1,14.139575004577637,13.551637649536133,0.5879373550415039,1
random_000,6,26,"26.250,36.250,0.312","7.500,31.875,0.312",13.00922679901123,11.619476318359375,1.3897504806518555,1,21.919668197631836,19.78619384765625,2.133474349975586,1
random_000,6,27,"26.250,36.250,0.312","28.750,12.500,0.312",9.932069778442383,12.857015609741211,2.924945831298828,1,24.254758834838867,24.31485366821289,0.06009483337402344,1
random_000,6,28,"26.250,36.250,0.312","5.000,32.500,2.188",14.005413055419922,10.634641647338867,3.3707714080810547,1,22.344274520874023,22.504047393798828,0.1597728729248047,1
random_000,6,29,"26.250,36.250,0.312","28.125,33.125,0.312",6.508978843688965,6.228344917297363,0.28063392639160156,1,11.445571899414062,10.620664596557617,0.8249073028564453,1
random_000,7,8,"23.125,10.625,0.312","28.125,1.250,2.188",13.434686660766602,16.672910690307617,3.2382240295410156,1,20.754695892333984,21.6346378326416,0.8799419403076172,1
random_000,7,9,"23.125,10.625,0.312","1.250,31.875,0.312",25.172679901123047,20.19359588623047,4.979084014892578,1,32.82862091064453,29.047344207763672,3.7812767028808594,1
random_000,7,10,"23.125,10.625,0.312","25.625,33.750,1.562",17.1909122467041,17.26650047302246,0.07558822631835938,1,29.296464920043945,27.67833709716797,1.6181278228759766,1
random_000,7,11,"23.125,10.625,0.312","29.375,6.250,1.562",13.785049438476562,14.46351146697998,0.678462028503418,1,18.096223831176758,21.049121856689453,2.9528980255126953,1
random_000,7,12,"23.125,10.625,0.312","31.875,11.250,0.938",12.673077583312988,14.12425422668457,1.451176643371582,1,22.227970123291016,24.12587547302246,1.8979053497314453,1
random_000,7,13,"23.125,10.625,0.312","24.375,10.000,1.562",5.556696891784668,4.67897891998291,0.8777179718017578,1,6.425269603729248,6.878018379211426,0.45274877548217773,1
random_000,7,14,"23.125,10.625,0.312","30.000,16.875,0.938",15.036809921264648,15.700389862060547,0.6635799407958984,1,22.69294548034668,23.432132720947266,0.7391872406005859,1
random_000,7,15,"23.125,10.625,0.312","25.000,35.625,0.938",16.60171890258789,16.749876022338867,0.14815711975097656,1,29.834617614746094,25.15416145324707,4.680456161499023,1
random_000,7,16,"23.125,10.625,0.312","31.250,18.750,1.562",15.112502098083496,16.59236717224121,1.4798650741577148,1,25.083044052124023,24.93810272216797,0.1449413299560547,1
random_000,7,17,"23.125,10.625,0.312","30.625,12.500,0.312",11.987571716308594,13.829536437988281,1.8419647216796875,1,20.609407424926758,23.42458152770996,2.815174102783203,1
random_000,7,18,"23.125,10.625,0.312","6.250,17.500,1.562",19.89284324645996,18.462488174438477,1.4303550720214844,1,28.8155517578125,27.23712158203125,1.57843017578125,1
random_000,7,19,"23.125,10.625,0.312","8.750,11.250,1.562",18.63498878479004,16.52046012878418,2.1145286560058594,1,25.299297332763672,27.20985984802246,1.910562515258789,1
random_000,7,20,"23.125,10.625,0.312","38.125,23.750,2.188",20.822114944458008,18.14667510986328,2.6754398345947266,1,25.53097915649414,24.514068603515625,1.0169105529785156,1
random_000,7,21,"23.125,10.625,0.312","1.250,10.625,0.938",19.856348037719727,17.677648544311523,2.178699493408203,1,27.23980140686035,28.660146713256836,1.4203453063964844,1
random_000,7,22,"23.125,10.625,0.312","10.625,6.875,0.312",15.042990684509277,15.923834800720215,0.8808441162109375,1,27.31322479248047,25.320659637451172,1.9925651550292969,1
random_000,7,23,"23.125,10.625,0.312","25.625,2.500,0.312",12.767351150512695,13.305726051330566,0.5383749008178711,1,16.83395767211914,19.371057510375977,2.537099838256836,1
random_000,7,24,"23.125,10.625,0.312","28.125,26.875,0.938",18.58300018310547,13.387374877929688,5.195625305175781,1,25.81977653503418,23.958459854125977,1.8613166809082031,1
random_000,7,25,"23.125,10.625,0.312","28.750,32.500,0.938",14.793743133544922,10.768880844116211,4.024862289428711,1,25.594070434570312,26.964187622070312,1.3701171875,1
random_000,7,26,"23.125,10.625,0.312","7.500,31.875,0.312",21.512845993041992,18.105205535888672,3.4076404571533203,1,32.10783386230469,27.330015182495117,4.77781867980957,1
random_000,7,27,"23.125,10.625,0.312","28.750,12.500,0.312",10.481799125671387,11.697025299072266,1.215226173400879,1,18.50334358215332,19.383302688598633,0.8799591064453125,1
random_000,7,28,"23.125,10.625,0.312","5.000,32.500,2.188",22.36256217956543,18.17290496826172,4.189657211303711,1,28.881845474243164,29.286054611206055,0.4042091369628906,1
random_000,7,29,"23.125,10.625,0.312","28.125,33.125,0.312",15.294397354125977,11.551857948303223,3.742539405822754,1,26.75542449951172,26.610721588134766,0.14470291137695312,1
random_000,8,9,"28.125,1.250,2.188","1.250,31.875,0.312",24.376346588134766,14.91634464263916,9.460001945495605,1,23.081626892089844,25.45051383972168,2.368886947631836,1
random_000,8,10,"28.125,1.250,2.188","25.625,33.750,1.562",10.64307975769043,7.009542465209961,3.6335372924804688,1,17.430086135864258,18.554277420043945,1.1241912841796875,1
random_000,8,11,"28.125,1.250,2.188","29.375,6.250,1.562",7.742824554443359,7.998302459716797,0.2554779052734375,1,13.303388595581055,13.449713706970215,0.14632511138916016,1
random_000,8,12,"28.125,1.250,2.188","31.875,11.250,0.938",11.093216896057129,10.688754081726074,0.4044628143310547,1,18.582862854003906,19.50954246520996,0.9266796112060547,1
random_000,8,13,"28.125,1.250,2.188","24.375,10.000,1.562",13.594871520996094,11.327896118164062,2.2669754028320312,1,18.477741241455078,17.79452896118164,0.6832122802734375,1
random_000,8,14,"28.125,1.250,2.188","30.000,16.875,0.938",12.932574272155762,12.338358879089355,0.5942153930664062,1,25.901660919189453,25.76913070678711,0.13253021240234375,1
random_000,8,15,"28.125,1.250,2.188","25.000,35.625,0.938",11.10200023651123,6.114696502685547,4.987303733825684,1,15.343582153320312,16.911474227905273,1.567892074584961,1
random_000,8,16,"28.125,1.250,2.188","31.250,18.750,1.562",12.034276008605957,12.641441345214844,0.6071653366088867,1,26.96441650390625,26.79952621459961,0.16489028930664062,1
random_000,8,17,"28.125,1.250,2.188","30.625,12.500,0.312",11.782378196716309,11.506380081176758,0.2759981155395508,1,20.46173667907715,20.702922821044922,0.24118614196777344,1
random_000,8,18,"28.125,1.250,2.188","6.250,17.500,1.562",25.120969772338867,22.611196517944336,2.5097732543945312,1,33.362606048583984,37.729469299316406,4.366863250732422,1
random_000,8,19,"28.125,1.250,2.188","8.750,11.250,1.562",25.226951599121094,21.826251983642578,3.4006996154785156,1,33.23420333862305,36.44699478149414,3.2127914428710938,1
random_000,8,20,"28.125,1.250,2.188","38.125,23.750,2.188",15.550202369689941,9.846597671508789,5.703604698181152,1,17.22076988220215,16.357080459594727,0.8636894226074219,1
random_000,8,21,"28.125,1.250,2.188","1.250,10.625,0.938",18.51297378540039,15.403266906738281,3.1097068786621094,1,28.68377113342285,28.398868560791016,0.28490257263183594,1
random_000,8,22,"28.125,1.250,2.188","10.625,6.875,0.312",15.810302734375,16.066816329956055,0.2565135955810547,1,25.5571346282959,24.73936653137207,0.8177680969238281,1
random_000,8,23,"28.125,1.250,2.188","25.625,2.500,0.312",4.683443069458008,6.091999053955078,1.4085559844970703,1,9.274486541748047,9.36354923248291,0.08906269073486328,1
random_000,8,24,"28.125,1.250,2.188","28.125,26.875,0.938",11.150983810424805,9.659814834594727,1.4911689758300781,1,18.488492965698242,19.639347076416016,1.1508541107177734,1
random_000,8,25,"28.125,1.250,2.188","28.750,32.500,0.938",9.729558944702148,8.122200012207031,1.6073589324951172,1,17.88078498840332,16.23467445373535,1.6461105346679688,1
random_000,8,26,"28.125,1.250,2.188","7.500,31.875,0.312",20.324787139892578,13.14210319519043,7.182683944702148,1,28.207096099853516,27.54012680053711,0.6669692993164062,1
random_000,8,27,"28.125,1.250,2.188","28.750,12.500,0.312",11.756678581237793,11.48927116394043,0.2674074172973633,1,20.404695510864258,19.52010154724121,0.8845939636230469,1
random_000,8,28,"28.125,1.250,2.188","5.000,32.500,2.188",21.1854305267334,13.285453796386719,7.89997673034668,1,26.007118225097656,26.766454696655273,0.7593364715576172,1
random_000,8,29,"28.125,1.250,2.188","28.125,33.125,0.312",9.705751419067383,7.977540969848633,1.72821044921875,1,19.686796188354492,19.246238708496094,0.44055747985839844,1
random_000,9,10,"1.250,31.875,0.312","25.625,33.750,1.562",15.919778823852539,14.124427795410156,1.7953510284423828,1,21.48537254333496,19.961782455444336,1.523590087890625,1
random_000,9,11,"1.250,31.875,0.312","29.375,6.250,1.562",17.09618377685547,24.28994369506836,7.193759918212891,1,21.770902633666992,22.169965744018555,0.3990631103515625,1
random_000,9,12,"1.250,31.875,0.312","31.875,11.250,0.938",16.655330657958984,20.406333923339844,3.7510032653808594,1,25.59465980529785,26.955121994018555,1.3604621887207031,1
random_000,9,13,"1.250,31.875,0.312","24.375,10.000,1.562",19.74310874938965,25.006778717041016,5.263669967651367,1,29.11319351196289,30.275449752807617,1.1622562408447266,1
random_000,9,14,"1.250,31.875,0.312","30.000,16.875,0.938",19.19261360168457,22.276578903198242,3.083965301513672,1,32.442806243896484,32.74348449707031,0.3006782531738281,1
random_000,9,15,"1.250,31.875,0.312","25.000,35.625,0.938",11.913909912109375,12.445114135742188,0.5312042236328125,1,21.32183265686035,19.755313873291016,1.566518783569336,1
random_000,9,16,"1.250,31.875,0.312","31.250,18.750,1.562",19.15522003173828,22.519851684570312,3.3646316528320312,1,33.15864562988281,33.90816116333008,0.7495155334472656,1
random_000,9,17,"1.250,31.875,0.312","30.625,12.500,0.312",17.416196823120117,21.779876708984375,4.363679885864258,1,23.940465927124023,25.712501525878906,1.7720355987548828,1
random_000,9,18,"1.250,31.875,0.312","6.250,17.500,1.562",14.875772476196289,10.537894248962402,4.337878227233887,1,19.74781036376953,15.657546043395996,4.090264320373535,1
random_000,9,19,"1.250,31.875,0.312","8.750,11.250,1.562",15.243438720703125,14.413431167602539,0.8300075531005859,1,16.94708251953125,13.758597373962402,3.1884851455688477,1
random_000,9,20,"1.250,31.875,0.312","38.125,23.750,2.188",12.91249942779541,16.22749137878418,3.3149919509887695,1,20.871036529541016,21.995532989501953,1.1244964599609375,1
random_000,9,21,"1.250,31.875,0.312","1.250,10.625,0.938",15.833456039428711,14.007698059082031,1.8257579803466797,1,34.69805908203125,21.34044075012207,13.35761833190918,1
random_000,9,22,"1.250,31.875,0.312","10.625,6.875,0.312",13.285314559936523,15.254300117492676,1.9689855575561523,1,20.698232650756836,19.057096481323242,1.6411361694335938,1
random_000,9,23,"1.250,31.875,0.312","25.625,2.500,0.312",16.845661163330078,25.520450592041016,8.674789428710938,1,27.617919921875,28.81801986694336,1.2000999450683594,1
random_000,9,24,"1.250,31.875,0.312","28.125,26.875,0.938",18.082740783691406,14.311371803283691,3.771368980407715,1,19.0560359954834,15.48991584777832,3.566120147705078,1
random_000,9,25,"1.250,31.875,0.312","28.750,32.500,0.938",14.57340145111084,13.878171920776367,0.6952295303344727,1,23.417192459106445,20.772443771362305,2.6447486877441406,1
random_000,9,26,"1.250,31.875,0.312","7.500,31.875,0.312",8.234870910644531,9.383893013000488,1.149022102355957,1,10.321674346923828,9.588895797729492,0.7327785491943359,1
random_000,9,27,"1.250,31.875,0.312","28.750,12.500,0.312",18.27576446533203,22.723512649536133,4.447748184204102,1,28.913124084472656,29.477169036865234,0.5640449523925781,1
random_000,9,28,"1.250,31.875,0.312","5.000,32.500,2.188",7.007379531860352,5.180291175842285,1.8270883560180664,1,7.365126132965088,7.259124279022217,0.1060018539428711,1
random_000,9,29,"1.250,31.875,0.312","28.125,33.125,0.312",14.087593078613281,14.068763732910156,0.018829345703125,1,19.39988136291504,20.075437545776367,0.6755561828613281,1
random_000,10,11,"25.625,33.750,1.562","29.375,6.250,1.562",7.560150623321533,14.40710163116455,6.846951007843018,1,20.603940963745117,21.897241592407227,1.2933006286621094,1
random_000,10,12,"25.625,33.750,1.562","31.875,11.250,0.938",10.404585838317871,12.381854057312012,1.9772682189941406,1,26.739599227905273,18.336151123046875,8.403448104858398,1
random_000,10,13,"25.625,33.750,1.562","24.375,10.000,1.562",15.910263061523438,14.83122444152832,1.0790386199951172,1,27.511585235595703,26.210142135620117,1.301443099975586,1
random_000,10,14,"25.625,33.750,1.562","30.000,16.875,0.938",11.558219909667969,13.468750953674316,1.9105310440063477,1,22.983779907226562,22.216379165649414,0.7674007415771484,1
random_000,10,15,"25.625,33.750,1.562","25.000,35.625,0.938",3.0521907806396484,5.003130912780762,1.9509401321411133,1,7.137176036834717,6.877028465270996,0.2601475715637207,1
random_000,10,16,"25.625,33.750,1.562","31.250,18.750,1.562",10.643157958984375,12.666556358337402,2.0233983993530273,1,19.88211441040039,20.873682022094727,0.9915676116943359,1
random_000,10,17,"25.625,33.750,1.562","30.625,12.500,0.312",10.675886154174805,13.307849884033203,2.6319637298583984,1,21.25501251220703,23.694259643554688,2.4392471313476562,1
random_000,10,18,"25.625,33.750,1.562","6.250,17.500,1.562",22.237642288208008,24.72039794921875,2.482755661010742,1,34.154151916503906,38.402313232421875,4.248161315917969,1
random_000,10,19,"25.625,33.750,1.562","8.750,11.250,1.562",21.87010383605957,26.432357788085938,4.562253952026367,1,43.14555358886719,41.9946174621582,1.1509361267089844,1
random_000,10,20,"25.625,33.750,1.562","38.125,23.750,2.188",12.439977645874023,11.88835334777832,0.5516242980957031,1,14.941027641296387,14.659733772277832,0.2812938690185547,1
random_000,10,21,"25.625,33.750,1.562","1.250,10.625,0.938",22.447717666625977,24.039226531982422,1.5915088653564453,1,32.60242462158203,32.02350616455078,0.57891845703125,1
random_000,10,22,"25.625,33.750,1.562","10.625,6.875,0.312",23.9613037109375,29.019250869750977,5.057947158813477,1,40.834228515625,39.99510192871094,0.8391265869140625,1
random_000,10,23,"25.625,33.750,1.562","25.625,2.500,0.312",8.697420120239258,14.378290176391602,5.680870056152344,1,21.050464630126953,21.28598976135254,0.23552513122558594,1
random_000,10,24,"25.625,33.750,1.562","28.125,26.875,0.938",10.853630065917969,10.32635498046875,0.5272750854492188,1,17.97100067138672,17.59910774230957,0.37189292907714844,1
random_000,10,25,"25.625,33.750,1.562","28.750,32.500,0.938",6.1583757400512695,5.604522705078125,0.5538530349731445,1,10.761677742004395,9.726034164428711,1.0356435775756836,1
random_000,10,26,"25.625,33.750,1.562","7.500,31.875,0.312",13.661087036132812,16.028518676757812,2.367431640625,1,22.552576065063477,21.35567855834961,1.1968975067138672,1
random_000,10,27,"25.625,33.750,1.562","28.750,12.500,0.312",10.704408645629883,12.956670761108398,2.2522621154785156,1,23.956186294555664,24.560182571411133,0.6039962768554688,1
random_000,10,28,"25.625,33.750,1.562","5.000,32.500,2.188",13.761774063110352,15.287961959838867,1.5261878967285156,1,21.171384811401367,22.155364990234375,0.9839801788330078,1
random_000,10,29,"25.625,33.750,1.562","28.125,33.125,0.312",4.613249778747559,5.118100166320801,0.5048503875732422,1,9.5665922164917,8.872591018676758,0.6940011978149414,1
random_000,11,12,"29.375,6.250,1.562","31.875,11.250,0.938",8.379996299743652,9.024078369140625,0.6440820693969727,1,16.534503936767578,16.006153106689453,0.528350830078125,1
random_000,11,13,"29.375,6.250,1.562","24.375,10.000,1.562",12.128680229187012,11.421758651733398,0.7069215774536133,1,16.179195404052734,15.665305137634277,0.513890266418457,1
random_000,11,14,"29.375,6.250,1.562","30.000,16.875,0.938",14.926175117492676,12.346515655517578,2.5796594619750977,1,22.309165954589844,21.3184814453125,0.9906845092773438,1
random_000,11,15,"29.375,6.250,1.562","25.000,35.625,0.938",14.320209503173828,7.780930995941162,6.539278507232666,1,17.598478317260742,20.434864044189453,2.836385726928711,1
random_000,11,16,"29.375,6.250,1.562","31.250,18.750,1.562",14.072009086608887,12.763455390930176,1.308553695678711,1,24.327457427978516,22.24171257019043,2.085744857788086,1
random_000,11,17,"29.375,6.250,1.562","30.625,12.500,0.312",9.683269500732422,10.042438507080078,0.35916900634765625,1,17.50894546508789,16.410364151000977,1.098581314086914,1
random_000,11,18,"29.375,6.250,1.562","6.250,17.500,1.562",22.512849807739258,18.283666610717773,4.229183197021484,1,28.762575149536133,27.839324951171875,0.9232501983642578,1
random_000,11,19,"29.375,6.250,1.562","8.750,11.250,1.562",21.55379867553711,18.22885513305664,3.3249435424804688,1,30.909372329711914,30.329797744750977,0.5795745849609375,1
random_000,11,20,"29.375,6.250,1.562","38.125,23.750,2.188",16.5865478515625,11.229011535644531,5.357536315917969,1,20.74811363220215,18.22515106201172,2.5229625701904297,1
random_000,11,21,"29.375,6.250,1.562","1.250,10.625,0.938",21.670970916748047,17.246522903442383,4.424448013305664,1,29.332275390625,29.390422821044922,0.058147430419921875,1
random_000,11,22,"29.375,6.250,1.562","10.625,6.875,0.312",16.666061401367188,17.093154907226562,0.427093505859375,1,25.50569725036621,24.863079071044922,0.6426181793212891,1
random_000,11,23,"29.375,6.250,1.562","25.625,2.500,0.312",8.861019134521484,8.621711730957031,0.23930740356445312,1,13.788670539855957,11.539376258850098,2.2492942810058594,1
random_000,11,24,"29.375,6.250,1.562","28.125,26.875,0.938",14.264686584472656,11.704158782958984,2.560527801513672,1,22.83597183227539,22.97299575805664,0.13702392578125,1
random_000,11,25,"29.375,6.250,1.562","28.750,32.500,0.938",12.645959854125977,8.997336387634277,3.648623466491699,1,19.486330032348633,22.99724006652832,3.5109100341796875,1
random_000,11,26,"29.375,6.250,1.562","7.500,31.875,0.312",21.492345809936523,17.005125045776367,4.487220764160156,1,24.07281494140625,26.72223472595215,2.6494197845458984,1
random_000,11,27,"29.375,6.250,1.562","28.750,12.500,0.312",10.18039321899414,9.951360702514648,0.2290325164794922,1,18.099946975708008,17.15378189086914,0.9461650848388672,1
random_000,11,28,"29.375,6.250,1.562","5.000,32.500,2.188",21.763254165649414,16.67112922668457,5.092124938964844,1,26.17990493774414,26.21347999572754,0.03357505798339844,1
random_000,11,29,"29.375,6.250,1.562","28.125,33.125,0.312",13.507081031799316,9.15969467163086,4.347386360168457,1,22.39878273010254,22.232728958129883,0.16605377197265625,1
random_000,12,13,"31.875,11.250,0.938","24.375,10.000,1.562",12.43388843536377,11.025452613830566,1.4084358215332031,1,20.294160842895508,19.243328094482422,1.050832748413086,1
random_000,12,14,"31.875,11.250,0.938","30.000,16.875,0.938",8.441031455993652,9.366003036499023,0.9249715805053711,1,18.143814086914062,18.15477752685547,0.01096343994140625,1
random_000,12,15,"31.875,11.250,0.938","25.000,35.625,0.938",12.917705535888672,9.719409942626953,3.1982955932617188,1,19.71282196044922,20.575679779052734,0.8628578186035156,1
random_000,12,16,"31.875,11.250,0.938","31.250,18.750,1.562",9.317610740661621,10.570463180541992,1.252852439880371,1,20.821123123168945,20.39461898803711,0.42650413513183594,1
random_000,12,17,"31.875,11.250,0.938","30.625,12.500,0.312",3.2701282501220703,5.084227561950684,1.8140993118286133,1,5.976954460144043,6.561263561248779,0.5843091011047363,1
random_000,12,18,"31.875,11.250,0.938","6.250,17.500,1.562",17.128883361816406,14.338334083557129,2.7905492782592773,1,25.786439895629883,23.63519859313965,2.1512413024902344,1
random_000,12,19,"31.875,11.250,0.938","8.750,11.250,1.562",19.52210235595703,16.368223190307617,3.153879165649414,1,26.90736198425293,26.859912872314453,0.04744911193847656,1
random_000,12,20,"31.875,11.250,0.938","38.125,23.750,2.188",13.468710899353027,10.52828598022461,2.940424919128418,1,22.460494995117188,19.790170669555664,2.6703243255615234,1
random_000,12,21,"31.875,11.250,0.938","1.250,10.625,0.938",19.206092834472656,15.670480728149414,3.535612106323242,1,25.807411193847656,24.876487731933594,0.9309234619140625,1
random_000,12,22,"31.875,11.250,0.938","10.625,6.875,0.312",15.699689865112305,16.9971866607666,1.2974967956542969,1,25.449302673339844,24.205442428588867,1.2438602447509766,1
random_000,12,23,"31.875,11.250,0.938","25.625,2.500,0.312",12.423763275146484,13.078767776489258,0.6550045013427734,1,23.957048416137695,22.23288345336914,1.7241649627685547,1
random_000,12,24,"31.875,11.250,0.938","28.125,26.875,0.938",11.927343368530273,11.848749160766602,0.07859420776367188,1,22.01689338684082,19.51190185546875,2.5049915313720703,1
random_000,12,25,"31.875,11.250,0.938","28.750,32.500,0.938",11.229738235473633,10.148031234741211,1.0817070007324219,1,19.820707321166992,18.522857666015625,1.2978496551513672,1
random_000,12,26,"31.875,11.250,0.938","7.500,31.875,0.312",20.38741111755371,17.775331497192383,2.612079620361328,1,33.73579025268555,38.40772247314453,4.671932220458984,1
random_000,12,27,"31.875,11.250,0.938","28.750,12.500,0.312",4.581596374511719,6.513186454772949,1.9315900802612305,1,11.169990539550781,9.753862380981445,1.416128158569336,1
random_000,12,28,"31.875,11.250,0.938","5.000,32.500,2.188",19.883277893066406,16.888853073120117,2.994424819946289,1,33.203914642333984,31.349836349487305,1.8540782928466797,1
random_000,12,29,"31.875,11.250,0.938","28.125,33.125,0.312",11.264486312866211,10.601083755493164,0.6634025573730469,1,18.853559494018555,18.462217330932617,0.3913421630859375,1
random_000,13,14,"24.375,10.000,1.562","30.000,16.875,0.938",14.25709342956543,14.672964096069336,0.41587066650390625,1,22.584688186645508,20.560644149780273,2.0240440368652344,1
random_000,13,15,"24.375,10.000,1.562","25.000,35.625,0.938",13.875314712524414,15.69102954864502,1.8157148361206055,1,29.952913284301758,26.38617515563965,3.5667381286621094,1
random_000,13,16,"24.375,10.000,1.562","31.250,18.750,1.562",14.555572509765625,15.571857452392578,1.0162849426269531,1,24.818037033081055,24.034822463989258,0.7832145690917969,1
random_000,13,17,"24.375,10.000,1.562","30.625,12.500,0.312",10.481803894042969,12.205111503601074,1.7233076095581055,1,19.47452163696289,20.04332160949707,0.5687999725341797,1
random_000,13,18,"24.375,10.000,1.562","6.250,17.500,1.562",19.91595458984375,18.36441993713379,1.551534652709961,1,27.84117317199707,26.508920669555664,1.3322525024414062,1
random_000,13,19,"24.375,10.000,1.562","8.750,11.250,1.562",18.636966705322266,16.268264770507812,2.368701934814453,1,24.542503356933594,28.194406509399414,3.6519031524658203,1
random_000,13,20,"24.375,10.000,1.562","38.125,23.750,2.188",19.993602752685547,16.120704650878906,3.8728981018066406,1,27.375625610351562,26.016761779785156,1.3588638305664062,1
random_000,13,21,"24.375,10.000,1.562","1.250,10.625,0.938",19.805238723754883,17.824928283691406,1.9803104400634766,1,23.848356246948242,24.014522552490234,0.1661663055419922,1
random_000,13,22,"24.375,10.000,1.562","10.625,6.875,0.312",15.32602310180664,16.082462310791016,0.756439208984375,1,25.52008628845215,23.068464279174805,2.4516220092773438,1
random_000,13,23,"24.375,10.000,1.562","25.625,2.500,0.312",11.027193069458008,11.892498970031738,0.8653059005737305,1,18.824888229370117,20.372766494750977,1.5478782653808594,1
random_000,13,24,"24.375,10.000,1.562","28.125,26.875,0.938",16.60910415649414,12.60849380493164,4.0006103515625,1,27.245534896850586,25.81005096435547,1.4354839324951172,1
random_000,13,25,"24.375,10.000,1.562","28.750,32.500,0.938",12.203486442565918,10.374252319335938,1.8292341232299805,1,26.189743041992188,26.278318405151367,0.08857536315917969,1
random_000,13,26,"24.375,10.000,1.562","7.500,31.875,0.312",21.433181762695312,18.703882217407227,2.729299545288086,1,28.92306137084961,31.028623580932617,2.105562210083008,1
random_000,13,27,"24.375,10.000,1.562","28.750,12.500,0.312",8.913864135742188,9.887466430664062,0.973602294921875,1,15.656599044799805,16.63323974609375,0.9766407012939453,1
random_000,13,28,"24.375,10.000,1.562","5.000,32.500,2.188",22.29489517211914,18.329973220825195,3.9649219512939453,1,32.473358154296875,31.261314392089844,1.2120437622070312,1
random_000,13,29,"24.375,10.000,1.562","28.125,33.125,0.312",12.264836311340332,10.495935440063477,1.7689008712768555,1,27.83121681213379,26.355106353759766,1.4761104583740234,1
random_000,14,15,"30.000,16.875,0.938","25.000,35.625,0.938",14.785514831542969,10.500635147094727,4.284879684448242,1,22.427425384521484,25.362565994262695,2.935140609741211,1
random_000,14,16,"30.000,16.875,0.938","31.250,18.750,1.562",6.3263092041015625,3.8710508346557617,2.455258369445801,1,8.5690279006958,7.883055210113525,0.6859726905822754,1
random_000,14,17,"30.000,16.875,0.938","30.625,12.500,0.312",8.040948867797852,7.172229766845703,0.8687191009521484,1,15.212981224060059,15.236194610595703,0.02321338653564453,1
random_000,14,18,"30.000,16.875,0.938","6.250,17.500,1.562",15.642558097839355,14.581132888793945,1.0614252090454102,1,27.25351905822754,26.371082305908203,0.8824367523193359,1
random_000,14,19,"30.000,16.875,0.938","8.750,11.250,1.562",18.786542892456055,16.652860641479492,2.1336822509765625,1,29.47547721862793,27.27833366394043,2.1971435546875,1
random_000,14,20,"30.000,16.875,0.938","38.125,23.750,2.188",13.721343040466309,10.811872482299805,2.909470558166504,1,27.798660278320312,26.51604652404785,1.282613754272461,1
random_000,14,21,"30.000,16.875,0.938","1.250,10.625,0.938",18.775453567504883,14.266580581665039,4.508872985839844,1,28.10807991027832,29.862178802490234,1.754098892211914,1
random_000,14,22,"30.000,16.875,0.938","10.625,6.875,0.312",15.75432300567627,17.445783615112305,1.6914606094360352,1,30.350231170654297,30.077274322509766,0.27295684814453125,1
random_000,14,23,"30.000,16.875,0.938","25.625,2.500,0.312",12.71568489074707,15.187152862548828,2.471467971801758,1,27.619958877563477,29.07798957824707,1.4580307006835938,1
random_000,14,24,"30.000,16.875,0.938","28.125,26.875,0.938",10.673612594604492,11.145328521728516,0.47171592712402344,1,19.869333267211914,20.0869197845459,0.21758651733398438,1
random_000,14,25,"30.000,16.875,0.938","28.750,32.500,0.938",12.33891487121582,10.733987808227539,1.6049270629882812,1,20.930015563964844,20.933584213256836,0.0035686492919921875,1
random_000,14,26,"30.000,16.875,0.938","7.500,31.875,0.312",21.9923152923584,21.871313095092773,0.121002197265625,1,34.013607025146484,31.814842224121094,2.1987648010253906,1
random_000,14,27,"30.000,16.875,0.938","28.750,12.500,0.312",8.226244926452637,8.10029411315918,0.12595081329345703,1,16.22454833984375,16.44451332092285,0.21996498107910156,1
random_000,14,28,"30.000,16.875,0.938","5.000,32.500,2.188",22.57720375061035,20.53289794921875,2.0443058013916016,1,34.5469970703125,36.828006744384766,2.2810096740722656,1
random_000,14,29,"30.000,16.875,0.938","28.125,33.125,0.312",11.842568397521973,10.821724891662598,1.020843505859375,1,22.78609275817871,22.486228942871094,0.2998638153076172,1
random_000,15,16,"25.000,35.625,0.938","31.250,18.750,1.562",10.130990982055664,13.0526704788208,2.9216794967651367,1,22.044498443603516,19.837373733520508,2.207124710083008,1
random_000,15,17,"25.000,35.625,0.938","30.625,12.500,0.312",9.78956413269043,13.921941757202148,4.132377624511719,1,19.316307067871094,24.595958709716797,5.279651641845703,1
random_000,15,18,"25.000,35.625,0.938","6.250,17.500,1.562",26.174724578857422,27.12051773071289,0.9457931518554688,1,42.45906066894531,39.92751693725586,2.531543731689453,1
random_000,15,19,"25.000,35.625,0.938","8.750,11.250,1.562",19.830223083496094,23.23760223388672,3.407379150390625,1,41.39189910888672,37.73454666137695,3.6573524475097656,1
random_000,15,20,"25.000,35.625,0.938","38.125,23.750,2.188",12.142742156982422,12.022289276123047,0.120452880859375,1,14.007230758666992,13.367422103881836,0.6398086547851562,1
random_000,15,21,"25.000,35.625,0.938","1.250,10.625,0.938",22.522924423217773,23.23447608947754,0.7115516662597656,1,29.059551239013672,26.708740234375,2.350811004638672,1
random_000,15,22,"25.000,35.625,0.938","10.625,6.875,0.312",22.864154815673828,27.263019561767578,4.39886474609375,1,31.722702026367188,43.570884704589844,11.848182678222656,1
random_000,15,23,"25.000,35.625,0.938","25.625,2.500,0.312",9.99003791809082,14.952823638916016,4.962785720825195,1,22.115522384643555,21.494239807128906,0.6212825775146484,1
random_000,15,24,"25.000,35.625,0.938","28.125,26.875,0.938",11.750700950622559,11.231565475463867,0.5191354751586914,1,19.51665496826172,19.927064895629883,0.41040992736816406,1
random_000,15,25,"25.000,35.625,0.938","28.750,32.500,0.938",7.927321910858154,8.241658210754395,0.31433629989624023,1,13.957782745361328,13.355157852172852,0.6026248931884766,1
random_000,15,26,"25.000,35.625,0.938","7.500,31.875,0.312",12.361868858337402,12.322187423706055,0.039681434631347656,1,19.081192016601562,19.657499313354492,0.5763072967529297,1
random_000,15,27,"25.000,35.625,0.938","28.750,12.500,0.312",9.860347747802734,13.23299503326416,3.372647285461426,1,23.359664916992188,26.44139862060547,3.0817337036132812,1
random_000,15,28,"25.000,35.625,0.938","5.000,32.500,2.188",12.710915565490723,11.974117279052734,0.7367982864379883,1,20.7027587890625,21.964895248413086,1.262136459350586,1
random_000,15,29,"25.000,35.625,0.938","28.125,33.125,0.312",6.689929962158203,7.200990676879883,0.5110607147216797,1,11.995218276977539,12.6381254196167,0.6429071426391602,1
random_000,16,17,"31.250,18.750,1.562","30.625,12.500,0.312",9.55733585357666,8.760883331298828,0.796452522277832,1,18.315555572509766,19.768238067626953,1.4526824951171875,1
random_000,16,18,"31.250,18.750,1.562","6.250,17.500,1.562",16.170917510986328,12.982240676879883,3.1886768341064453,1,25.348182678222656,23.177993774414062,2.1701889038085938,1
random_000,16,19,"31.250,18.750,1.562","8.750,11.250,1.562",19.15303611755371,15.45740032196045,3.6956357955932617,1,28.90171241760254,30.089099884033203,1.187387466430664,1
random_000,16,20,"31.250,18.750,1.562","38.125,23.750,2.188",13.199846267700195,10.174098014831543,3.0257482528686523,1,26.732501983642578,27.355968475341797,0.6234664916992188,1
random_000,16,21,"31.250,18.750,1.562","1.250,10.625,0.938",18.988506317138672,13.235697746276855,5.752808570861816,1,28.46811294555664,27.840688705444336,0.6274242401123047,1
random_000,16,22,"31.250,18.750,1.562","10.625,6.875,0.312",16.531335830688477,15.345988273620605,1.185347557067871,1,28.725387573242188,30.004653930664062,1.279266357421875,1
random_000,16,23,"31.250,18.750,1.562","25.625,2.500,0.312",12.963830947875977,13.653913497924805,0.6900825500488281,1,26.06407928466797,27.956199645996094,1.892120361328125,1
random_000,16,24,"31.250,18.750,1.562","28.125,26.875,0.938",10.021204948425293,10.159530639648438,0.13832569122314453,1,18.35683250427246,17.95108985900879,0.4057426452636719,1
random_000,16,25,"31.250,18.750,1.562","28.750,32.500,0.938",12.140321731567383,10.369743347167969,1.770578384399414,1,22.88192367553711,22.991575241088867,0.10965156555175781,1
random_000,16,26,"31.250,18.750,1.562","7.500,31.875,0.312",25.245014190673828,23.814842224121094,1.4301719665527344,1,37.19881820678711,35.7514533996582,1.4473648071289062,1
random_000,16,27,"31.250,18.750,1.562","28.750,12.500,0.312",10.601873397827148,10.100983619689941,0.500889778137207,1,20.636943817138672,21.47503089904785,0.8380870819091797,1
random_000,16,28,"31.250,18.750,1.562","5.000,32.500,2.188",25.552494049072266,22.46303939819336,3.0894546508789062,1,36.29419708251953,35.518680572509766,0.7755165100097656,1
random_000,16,29,"31.250,18.750,1.562","28.125,33.125,0.312",11.938825607299805,10.646589279174805,1.292236328125,1,23.26932144165039,23.401071548461914,0.13175010681152344,1
random_000,17,18,"30.625,12.500,0.312","6.250,17.500,1.562",16.63243865966797,14.553315162658691,2.0791234970092773,1,26.350332260131836,23.3758602142334,2.9744720458984375,1
random_000,17,19,"30.625,12.500,0.312","8.750,11.250,1.562",19.60097312927246,15.575258255004883,4.025714874267578,1,27.047168731689453,27.06245231628418,0.015283584594726562,1
random_000,17,20,"30.625,12.500,0.312","38.125,23.750,2.188",14.129011154174805,11.14181900024414,2.987192153930664,1,25.226245880126953,23.31328010559082,1.9129657745361328,1
random_000,17,21,"30.625,12.500,0.312","1.250,10.625,0.938",19.623546600341797,14.967859268188477,4.65568733215332,1,23.581436157226562,26.168241500854492,2.5868053436279297,1
random_000,17,22,"30.625,12.500,0.312","10.625,6.875,0.312",15.818059921264648,16.631681442260742,0.8136215209960938,1,28.097915649414062,27.46778106689453,0.6301345825195312,1
random_000,17,23,"30.625,12.500,0.312","25.625,2.500,0.312",12.887170791625977,13.929587364196777,1.0424165725708008,1,22.019594192504883,24.5764217376709,2.5568275451660156,1
random_000,17,24,"30.625,12.500,0.312","28.125,26.875,0.938",11.898370742797852,11.235809326171875,0.6625614166259766,1,21.003692626953125,18.728384017944336,2.275308609008789,1
random_000,17,25,"30.625,12.500,0.312","28.750,32.500,0.938",11.875873565673828,10.122568130493164,1.753305435180664,1,22.126977920532227,17.179197311401367,4.947780609130859,1
random_000,17,26,"30.625,12.500,0.312","7.500,31.875,0.312",21.32008934020996,18.493167877197266,2.8269214630126953,1,37.54884338378906,37.0112190246582,0.5376243591308594,1
random_000,17,27,"30.625,12.500,0.312","28.750,12.500,0.312",3.7313766479492188,4.311040878295898,0.5796642303466797,1,6.384284019470215,6.048048973083496,0.33623504638671875,1
random_000,17,28,"30.625,12.500,0.312","5.000,32.500,2.188",21.066104888916016,17.638370513916016,3.427734375,1,29.69516372680664,30.29288673400879,0.5977230072021484,1
random_000,17,29,"30.625,12.500,0.312","28.125,33.125,0.312",11.376070022583008,10.361709594726562,1.0143604278564453,1,20.135286331176758,18.522260665893555,1.6130256652832031,1
random_000,18,19,"6.250,17.500,1.562","8.750,11.250,1.562",10.605064392089844,11.47171401977539,0.8666496276855469,1,14.73165512084961,15.006529808044434,0.2748746871948242,1
random_000,18,20,"6.250,17.500,1.562","38.125,23.750,2.188",12.623205184936523,13.56396198272705,0.9407567977905273,1,22.2480525970459,23.578855514526367,1.3308029174804688,1
random_000,18,21,"6.250,17.500,1.562","1.250,10.625,0.938",14.366613388061523,12.822186470031738,1.5444269180297852,1,20.829139709472656,21.92409896850586,1.0949592590332031,1
random_000,18,22,"6.250,17.500,1.562","10.625,6.875,0.312",12.214224815368652,14.229925155639648,2.015700340270996,1,17.168947219848633,18.105236053466797,0.9362888336181641,1
random_000,18,23,"6.250,17.500,1.562","25.625,2.500,0.312",23.296255111694336,25.990127563476562,2.6938724517822266,1,33.852760314941406,34.473548889160156,0.62078857421875,1
random_000,18,24,"6.250,17.500,1.562","28.125,26.875,0.938",24.946674346923828,22.472862243652344,2.4738121032714844,1,37.75282287597656,36.844635009765625,0.9081878662109375,1
random_000,18,25,"6.250,17.500,1.562","28.750,32.500,0.938",25.688159942626953,25.25341033935547,0.4347496032714844,1,36.36679458618164,33.630680084228516,2.736114501953125,1
random_000,18,26,"6.250,17.500,1.562","7.500,31.875,0.312",12.99461555480957,15.569438934326172,2.5748233795166016,1,19.37017059326172,20.448240280151367,1.0780696868896484,1
random_000,18,27,"6.250,17.500,1.562","28.750,12.500,0.312",14.554247856140137,16.663928985595703,2.1096811294555664,1,22.95815086364746,25.234703063964844,2.276552200317383,1
random_000,18,28,"6.250,17.500,1.562","5.000,32.500,2.188",11.714264869689941,14.729738235473633,3.0154733657836914,1,15.080789566040039,16.655426025390625,1.574636459350586,1
random_000,18,29,"6.250,17.500,1.562","28.125,33.125,0.312",25.459415435791016,25.097518920898438,0.3618965148925781,1,39.087135314941406,36.61835861206055,2.4687767028808594,1
random_000,19,20,"8.750,11.250,1.562","38.125,23.750,2.188",22.59842300415039,19.23996925354004,3.3584537506103516,1,30.21105194091797,30.355300903320312,0.14424896240234375,1
random_000,19,21,"8.750,11.250,1.562","1.250,10.625,0.938",11.521577835083008,10.470256805419922,1.051321029663086,1,13.04460620880127,12.81057357788086,0.23403263092041016,1
random_000,19,22,"8.750,11.250,1.562","10.625,6.875,0.312",7.629058361053467,9.665975570678711,2.036917209625244,1,13.730905532836914,13.448983192443848,0.2819223403930664,1
random_000,19,23,"8.750,11.250,1.562","25.625,2.500,0.312",22.571292877197266,25.545276641845703,2.9739837646484375,1,38.296730041503906,37.73715591430664,0.5595741271972656,1
random_000,19,24,"8.750,11.250,1.562","28.125,26.875,0.938",27.82022476196289,25.52861785888672,2.291606903076172,1,45.09529113769531,36.2479362487793,8.847354888916016,1
random_000,19,25,"8.750,11.250,1.562","28.750,32.500,0.938",26.669469833374023,21.751604080200195,4.917865753173828,1,32.16170883178711,36.362632751464844,4.200923919677734,1
random_000,19,26,"8.750,11.250,1.562","7.500,31.875,0.312",16.750444412231445,13.733089447021484,3.017354965209961,1,32.59066390991211,19.736160278320312,12.854503631591797,1
random_000,19,27,"8.750,11.250,1.562","28.750,12.500,0.312",16.092315673828125,19.033973693847656,2.9416580200195312,1,26.013887405395508,26.335542678833008,0.3216552734375,1
random_000,19,28,"8.750,11.250,1.562","5.000,32.500,2.188",15.379932403564453,13.560419082641602,1.8195133209228516,1,13.649637222290039,15.068887710571289,1.41925048828125,1
random_000,19,29,"8.750,11.250,1.562","28.125,33.125,0.312",27.040571212768555,22.969697952270508,4.070873260498047,1,32.6136474609375,35.70289993286133,3.089252471923828,1
random_000,20,21,"38.125,23.750,2.188","1.250,10.625,0.938",18.213701248168945,18.79166603088379,0.5779647827148438,1,32.380619049072266,28.81232452392578,3.5682945251464844,1
random_000,20,22,"38.125,23.750,2.188","10.625,6.875,0.312",18.37054443359375,21.404539108276367,3.033994674682617,1,24.70513916015625,27.804033279418945,3.0988941192626953,1
random_000,20,23,"38.125,23.750,2.188","25.625,2.500,0.312",11.1268892288208,16.711349487304688,5.584460258483887,1,19.011672973632812,19.546293258666992,0.5346202850341797,1
random_000,20,24,"38.125,23.750,2.188","28.125,26.875,0.938",10.438772201538086,11.987337112426758,1.5485649108886719,1,18.755178451538086,19.59194564819336,0.8367671966552734,1
random_000,20,25,"38.125,23.750,2.188","28.750,32.500,0.938",11.515617370605469,11.914305686950684,0.39868831634521484,1,14.449300765991211,14.6390962600708,0.18979549407958984,1
random_000,20,26,"38.125,23.750,2.188","7.500,31.875,0.312",14.480585098266602,14.674610137939453,0.19402503967285156,1,21.658248901367188,23.220067977905273,1.561819076538086,1
random_000,20,27,"38.125,23.750,2.188","28.750,12.500,0.312",12.257623672485352,16.0665225982666,3.80889892578125,1,24.628137588500977,26.070993423461914,1.4428558349609375,1
random_000,20,28,"38.125,23.750,2.188","5.000,32.500,2.188",14.086952209472656,13.484851837158203,0.6021003723144531,1,22.883203506469727,22.123868942260742,0.7593345642089844,1
random_000,20,29,"38.125,23.750,2.188","28.125,33.125,0.312",11.494624137878418,12.497844696044922,1.003220558166504,1,15.021568298339844,14.548173904418945,0.47339439392089844,1
random_000,21,22,"1.250,10.625,0.938","10.625,6.875,0.312",12.863988876342773,13.504653930664062,0.6406650543212891,1,19.84763526916504,18.15082550048828,1.6968097686767578,1
random_000,21,23,"1.250,10.625,0.938","25.625,2.500,0.312",15.740663528442383,19.441640853881836,3.700977325439453,1,35.81657791137695,32.74296951293945,3.0736083984375,1
random_000,21,24,"1.250,10.625,0.938","28.125,26.875,0.938",26.33391571044922,22.526748657226562,3.8071670532226562,1,32.52334213256836,35.212989807128906,2.689647674560547,1
random_000,21,25,"1.250,10.625,0.938","28.750,32.500,0.938",24.42041015625,24.74466323852539,0.3242530822753906,1,28.08997344970703,26.865100860595703,1.2248725891113281,1
random_000,21,26,"1.250,10.625,0.938","7.500,31.875,0.312",15.548669815063477,19.497032165527344,3.948362350463867,1,21.727825164794922,24.4023494720459,2.6745243072509766,1
random_000,21,27,"1.250,10.625,0.938","28.750,12.500,0.312",15.659881591796875,19.648426055908203,3.988544464111328,1,26.317956924438477,25.76742172241211,0.5505352020263672,1
random_000,21,28,"1.250,10.625,0.938","5.000,32.500,2.188",14.780000686645508,17.121501922607422,2.341501235961914,1,20.169506072998047,42.18859100341797,22.019084930419922,1
random_000,21,29,"1.250,10.625,0.938","28.125,33.125,0.312",24.85563087463379,25.228408813476562,0.37277793884277344,1,27.887176513671875,28.66156005859375,0.774383544921875,1
random_000,22,23,"10.625,6.875,0.312","25.625,2.500,0.312",16.95728874206543,15.98505687713623,0.9722318649291992,1,24.063013076782227,21.687990188598633,2.3750228881835938,1
random_000,22,24,"10.625,6.875,0.312","28.125,26.875,0.938",27.5028133392334,22.530805587768555,4.972007751464844,1,38.412925720214844,41.30746841430664,2.894542694091797,1
random_000,22,25,"10.625,6.875,0.312","28.750,32.500,0.938",27.8939266204834,22.146282196044922,5.747644424438477,1,32.94826889038086,35.90559768676758,2.9573287963867188,1
random_000,22,26,"10.625,6.875,0.312","7.500,31.875,0.312",17.797048568725586,11.646142959594727,6.150905609130859,1,20.072158813476562,24.094884872436523,4.022726058959961,1
random_000,22,27,"10.625,6.875,0.312","28.750,12.500,0.312",16.517330169677734,15.675785064697266,0.8415451049804688,1,31.575651168823242,30.898656845092773,0.6769943237304688,1
random_000,22,28,"10.625,6.875,0.312","5.000,32.500,2.188",15.696003913879395,11.301332473754883,4.394671440124512,1,23.628726959228516,18.411518096923828,5.2172088623046875,1
random_000,22,29,"10.625,6.875,0.312","28.125,33.125,0.312",27.853267669677734,23.14495086669922,4.708316802978516,1,33.5817985534668,35.750396728515625,2.168598175048828,1
random_000,23,24,"25.625,2.500,0.312","28.125,26.875,0.938",13.180359840393066,9.800958633422852,3.379401206970215,1,25.497217178344727,27.13367462158203,1.6364574432373047,1
random_000,23,25,"25.625,2.500,0.312","28.750,32.500,0.938",11.321571350097656,8.534876823425293,2.7866945266723633,1,21.467769622802734,18.471477508544922,2.9962921142578125,1
random_000,23,26,"25.625,2.500,0.312","7.500,31.875,0.312",22.792129516601562,15.061137199401855,7.730992317199707,1,30.637065887451172,26.169187545776367,4.467878341674805,1
random_000,23,27,"25.625,2.500,0.312","28.750,12.500,0.312",13.941878318786621,12.412109375,1.529768943786621,1,22.843536376953125,19.217716217041016,3.6258201599121094,1
random_000,23,28,"25.625,2.500,0.312","5.000,32.500,2.188",23.171186447143555,14.951449394226074,8.21973705291748,1,30.703405380249023,36.88557815551758,6.182172775268555,1
random_000,23,29,"25.625,2.500,0.312","28.125,33.125,0.312",11.457345962524414,8.079484939575195,3.3778610229492188,1,23.832534790039062,16.931629180908203,6.900905609130859,1
random_000,24,25,"28.125,26.875,0.938","28.750,32.500,0.938",8.718347549438477,8.694337844848633,0.02400970458984375,1,17.459257125854492,16.734071731567383,0.7251853942871094,1
random_000,24,26,"28.125,26.875,0.938","7.500,31.875,0.312",14.277192115783691,18.069950103759766,3.792757987976074,1,24.825834274291992,24.5438289642334,0.28200531005859375,1
random_000,24,27,"28.125,26.875,0.938","28.750,12.500,0.312",12.891989707946777,12.225866317749023,0.6661233901977539,1,26.464557647705078,23.35516357421875,3.109394073486328,1
random_000,24,28,"28.125,26.875,0.938","5.000,32.500,2.188",14.203131675720215,18.209033966064453,4.005902290344238,1,21.684574127197266,22.515295028686523,0.8307209014892578,1
random_000,24,29,"28.125,26.875,0.938","28.125,33.125,0.312",8.598113059997559,9.40723991394043,0.8091268539428711,1,17.93693733215332,18.06825828552246,0.13132095336914062,1
random_000,25,26,"28.750,32.500,0.938","7.500,31.875,0.312",13.608368873596191,14.535911560058594,0.9275426864624023,1,21.897518157958984,22.03006935119629,0.1325511932373047,1
random_000,25,27,"28.750,32.500,0.938","28.750,12.500,0.312",9.992332458496094,12.627923965454102,2.635591506958008,1,13.578812599182129,30.493972778320312,16.915160179138184,1
random_000,25,28,"28.750,32.500,0.938","5.000,32.500,2.188",13.64948844909668,14.62209701538086,0.9726085662841797,1,26.058414459228516,22.795143127441406,3.2632713317871094,1
random_000,25,29,"28.750,32.500,0.938","28.125,33.125,0.312",4.664623260498047,3.930159568786621,0.7344636917114258,1,3.6748809814453125,3.7878975868225098,0.11301660537719727,1
random_000,26,27,"7.500,31.875,0.312","28.750,12.500,0.312",19.185531616210938,21.371957778930664,2.1864261627197266,1,32.32029342651367,32.14027404785156,0.18001937866210938,1
random_000,26,28,"7.500,31.875,0.312","5.000,32.500,2.188",5.63231086730957,4.9893083572387695,0.6430025100708008,1,7.614619731903076,7.59968900680542,0.01493072509765625,1
random_000,26,29,"7.500,31.875,0.312","28.125,33.125,0.312",13.997235298156738,14.083788871765137,0.08655357360839844,1,23.080259323120117,20.993471145629883,2.0867881774902344,1
random_000,27,28,"28.750,12.500,0.312","5.000,32.500,2.188",21.488752365112305,18.28803062438965,3.2007217407226562,1,27.560983657836914,29.93851089477539,2.3775272369384766,1
random_000,27,29,"28.750,12.500,0.312","28.125,33.125,0.312",12.6549654006958,11.05573844909668,1.599226951599121,1,19.871665954589844,20.755102157592773,0.8834362030029297,1
random_000,28,29,"5.000,32.500,2.188","28.125,33.125,0.312",14.195500373840332,13.976038932800293,0.21946144104003906,1,22.802967071533203,22.30604362487793,0.49692344665527344,1
random_001,0,1,"19.375,26.875,0.312","4.375,23.750,0.312",13.669843673706055,20.582721710205078,6.912878036499023,1,25.370132446289062,26.682514190673828,1.3123817443847656,1
random_001,0,2,"19.375,26.875,0.312","2.500,13.125,1.562",24.127559661865234,28.371246337890625,4.243686676025391,1,35.46376037597656,40.154273986816406,4.690513610839844,1
random_001,0,3,"19.375,26.875,0.312","1.875,13.750,0.938",24.446935653686523,27.62291717529297,3.1759815216064453,1,34.9928092956543,39.68657302856445,4.693763732910156,1
random_001,0,4,"19.375,26.875,0.312","31.250,31.250,0.312",13.394037246704102,13.562901496887207,0.16886425018310547,1,20.289730072021484,21.280851364135742,0.9911212921142578,1
random_001,0,5,"19.375,26.875,0.312","19.375,35.625,1.562",10.650588989257812,9.836446762084961,0.8141422271728516,1,18.633155822753906,17.610328674316406,1.0228271484375,1
random_001,0,6,"19.375,26.875,0.312","32.500,5.625,0.312",18.89081573486328,20.402374267578125,1.5115585327148438,1,30.081689834594727,27.098609924316406,2.9830799102783203,1
random_001,0,7,"19.375,26.875,0.312","1.875,8.750,0.312",25.752059936523438,30.125621795654297,4.373561859130859,1,36.56528091430664,31.827777862548828,4.7375030517578125,1
random_001,0,8,"19.375,26.875,0.312","18.125,35.625,1.562",10.590222358703613,10.150477409362793,0.4397449493408203,1,19.953033447265625,17.19385528564453,2.7591781616210938,1
random_001,0,9,"19.375,26.875,0.312","26.875,16.250,0.938",14.866981506347656,13.939245223999023,0.9277362823486328,1,20.937068939208984,23.209768295288086,2.2726993560791016,1
random_001,0,10,"19.375,26.875,0.312","32.500,8.125,0.938",18.308271408081055,19.877628326416016,1.569356918334961,1,29.038206100463867,29.295602798461914,0.2573966979980469,1
random_001,0,11,"19.375,26.875,0.312","1.875,10.625,2.188",25.10698699951172,29.34229278564453,4.2353057861328125,1,34.857421875,38.172908782958984,3.3154869079589844,1
random_001,0,12,"19.375,26.875,0.312","19.375,13.750,0.312",12.622350692749023,13.322074890136719,0.6997241973876953,1,13.33582592010498,29.349252700805664,16.013426780700684,1
random_001,0,13,"19.375,26.875,0.312","12.500,18.750,0.938",15.345394134521484,15.087401390075684,0.2579927444458008,1,22.6967716217041,25.361675262451172,2.6649036407470703,1
random_001,0,14,"19.375,26.875,0.312","5.000,6.250,1.562",27.973962783813477,34.2608528137207,6.286890029907227,1,46.57969284057617,45.92683410644531,0.6528587341308594,1
random_001,0,15,"19.375,26.875,0.312","27.500,1.875,0.938",16.73615837097168,17.630571365356445,0.8944129943847656,1,21.450057983398438,20.127914428710938,1.3221435546875,1
random_001,0,16,"19.375,26.875,0.312","14.375,24.375,0.938",7.825923442840576,8.664095878601074,0.838172435760498,1,16.025753021240234,15.90234375,0.12340927124023438,1
random_001,0,17,"19.375,26.875,0.312","37.500,33.750,1.562",12.287602424621582,14.993218421936035,2.705615997314453,1,22.940229415893555,22.714046478271484,0.2261829376220703,1
random_001,0,18,"19.375,26.875,0.312","5.000,1.875,0.938",25.321006774902344,32.27610778808594,6.955101013183594,1,42.150699615478516,32.355064392089844,9.795635223388672,1
random_001,0,19,"19.375,26.875,0.312","36.250,27.500,2.188",13.729620933532715,13.624178886413574,0.10544204711914062,1,23.856889724731445,22.371402740478516,1.4854869842529297,1
random_001,0,20,"19.375,26.875,0.312","33.750,23.125,1.562",14.218847274780273,13.63529109954834,0.5835561752319336,1,20.622976303100586,23.869712829589844,3.246736526489258,1
random_001,0,21,"19.375,26.875,0.312","36.875,18.125,2.188",14.178861618041992,15.514177322387695,1.3353157043457031,1,22.002994537353516,22.288766860961914,0.28577232360839844,1
random_001,0,22,"19.375,26.875,0.312","38.125,8.125,0.312",19.837127685546875,20.66289710998535,0.8257694244384766,1,25.148603439331055,24.816343307495117,0.3322601318359375,1
random_001,0,23,"19.375,26.875,0.312","28.125,13.125,1.562",13.210539817810059,14.909261703491211,1.6987218856811523,1,21.7658634185791,21.379316329956055,0.3865470886230469,1
random_001,0,24,"19.375,26.875,0.312","8.125,18.750,2.188",20.797473907470703,21.16493797302246,0.3674640655517578,1,27.9703369140625,30.261960983276367,2.291624069213867,1
random_001,0,25,"19.375,26.875,0.312","4.375,1.250,0.312",24.795696258544922,32.47616195678711,7.6804656982421875,1,40.30742645263672,40.545082092285156,0.2376556396484375,1
random_001,0,26,"19.375,26.875,0.312","1.250,3.125,0.938",25.684261322021484,31.909568786621094,6.225307464599609,1,45.364749908447266,46.723899841308594,1.3591499328613281,1
random_001,0,27,"19.375,26.875,0.312","19.375,10.000,1.562",12.940658569335938,12.817061424255371,0.1235971450805664,1,17.65560531616211,29.845415115356445,12.189809799194336,1
random_001,0,28,"19.375,26.875,0.312","6.875,31.250,2.188",10.644659042358398,13.411857604980469,2.7671985626220703,1,18.18566131591797,17.566226959228516,0.6194343566894531,1
random_001,0,29,"19.375,26.875,0.312","7.500,26.875,0.312",10.08031177520752,15.374929428100586,5.294617652893066,1,21.39980125427246,17.969324111938477,3.4304771423339844,1
random_001,1,2,"4.375,23.750,0.312","2.500,13.125,1.562",12.633912086486816,12.482625007629395,0.15128707885742188,1,18.43633270263672,18.822208404541016,0.3858757019042969,1
random_001,1,3,"4.375,23.750,0.312","1.875,13.750,0.938",12.166186332702637,12.069601058959961,0.09658527374267578,1,18.945270538330078,18.201839447021484,0.7434310913085938,1
random_001,1,4,"4.375,23.750,0.312","31.250,31.250,0.312",17.587190628051758,19.10477066040039,1.5175800323486328,1,27.823463439941406,28.13899040222168,0.31552696228027344,1
random_001,1,5,"4.375,23.750,0.312","19.375,35.625,1.562",13.822769165039062,11.96955394744873,1.853215217590332,1,17.45334243774414,18.704561233520508,1.2512187957763672,1
random_001,1,6,"4.375,23.750,0.312","32.500,5.625,0.312",26.255638122558594,31.113222122192383,4.857583999633789,1,50.73770523071289,49.06544876098633,1.6722564697265625,1
random_001,1,7,"4.375,23.750,0.312","1.875,8.750,0.312",14.723278045654297,13.767882347106934,0.9553956985473633,1,18.96854019165039,21.79053497314453,2.8219947814941406,1
random_001,1,8,"4.375,23.750,0.312","18.125,35.625,1.562",14.078997611999512,11.98660659790039,2.092391014099121,1,19.811973571777344,18.642786026000977,1.1691875457763672,1
random_001,1,9,"4.375,23.750,0.312","26.875,16.250,0.938",24.575393676757812,24.73017120361328,0.15477752685546875,1,36.07121658325195,32.47673797607422,3.5944786071777344,1
random_001,1,10,"4.375,23.750,0.312","32.500,8.125,0.938",25.042882919311523,29.35789680480957,4.315013885498047,1,45.40226364135742,43.61191177368164,1.7903518676757812,1
random_001,1,11,"4.375,23.750,0.312","1.875,10.625,2.188",13.670467376708984,12.825331687927246,0.8451356887817383,1,19.597341537475586,19.78014373779297,0.1828022003173828,1
random_001,1,12,"4.375,23.750,0.312","19.375,13.750,0.312",26.469640731811523,29.620590209960938,3.150949478149414,1,37.381317138671875,34.961158752441406,2.4201583862304688,1
random_001,1,13,"4.375,23.750,0.312","12.500,18.750,0.938",14.96782398223877,12.470403671264648,2.497420310974121,1,24.670673370361328,22.614578247070312,2.0560951232910156,1
random_001,1,14,"4.375,23.750,0.312","5.000,6.250,1.562",12.825124740600586,14.20518684387207,1.3800621032714844,1,20.520360946655273,18.685373306274414,1.8349876403808594,1
random_001,1,15,"4.375,23.750,0.312","27.500,1.875,0.938",23.738021850585938,26.094982147216797,2.3569602966308594,1,41.9099235534668,44.128421783447266,2.2184982299804688,1
random_001,1,16,"4.375,23.750,0.312","14.375,24.375,0.938",12.535536766052246,10.593341827392578,1.942194938659668,1,20.960689544677734,19.97899627685547,0.9816932678222656,1
random_001,1,17,"4.375,23.750,0.312","37.500,33.750,1.562",18.305082321166992,21.132726669311523,2.8276443481445312,1,26.313766479492188,34.821529388427734,8.507762908935547,1
random_001,1,18,"4.375,23.750,0.312","5.000,1.875,0.938",12.833878517150879,14.04214859008789,1.2082700729370117,1,17.5131893157959,18.464740753173828,0.9515514373779297,1
random_001,1,19,"4.375,23.750,0.312","36.250,27.500,2.188",18.04055404663086,21.254627227783203,3.2140731811523438,1,28.265626907348633,27.532499313354492,0.7331275939941406,1
random_001,1,20,"4.375,23.750,0.312","33.750,23.125,1.562",20.73619842529297,23.193941116333008,2.457742691040039,1,31.548330307006836,30.339548110961914,1.2087821960449219,1
random_001,1,21,"4.375,23.750,0.312","36.875,18.125,2.188",21.50263214111328,23.960975646972656,2.458343505859375,1,27.459383010864258,26.62795066833496,0.8314323425292969,1
random_001,1,22,"4.375,23.750,0.312","38.125,8.125,0.312",24.264080047607422,30.132404327392578,5.868324279785156,1,42.898441314697266,43.50156784057617,0.6031265258789062,1
random_001,1,23,"4.375,23.750,0.312","28.125,13.125,1.562",26.250057220458984,31.044410705566406,4.794353485107422,1,40.919193267822266,41.83828353881836,0.9190902709960938,1
random_001,1,24,"4.375,23.750,0.312","8.125,18.750,2.188",9.660457611083984,9.198162078857422,0.4622955322265625,1,15.37378978729248,15.116588592529297,0.2572011947631836,1
random_001,1,25,"4.375,23.750,0.312","4.375,1.250,0.312",12.665218353271484,14.19211483001709,1.5268964767456055,1,16.13358497619629,18.427711486816406,2.294126510620117,1
random_001,1,26,"4.375,23.750,0.312","1.250,3.125,0.938",14.028183937072754,14.023916244506836,0.004267692565917969,1,18.80059051513672,19.298236846923828,0.4976463317871094,1
random_001,1,27,"4.375,23.750,0.312","19.375,10.000,1.562",23.279693603515625,24.36241912841797,1.0827255249023438,1,34.36789321899414,37.028953552246094,2.661060333251953,1
random_001,1,28,"4.375,23.750,0.312","6.875,31.250,2.188",12.14158821105957,10.731325149536133,1.4102630615234375,1,17.432449340820312,18.032581329345703,0.6001319885253906,1
random_001,1,29,"4.375,23.750,0.312","7.500,26.875,0.312",8.140464782714844,7.629920959472656,0.5105438232421875,1,11.498428344726562,10.494600296020508,1.0038280487060547,1
random_001,2,3,"2.500,13.125,1.562","1.875,13.750,0.938",0.38916873931884766,2.508726119995117,2.1195573806762695,1,3.0147464275360107,3.0456531047821045,0.03090667724609375,1
random_001,2,4,"2.500,13.125,1.562","31.250,31.250,0.312",23.877485275268555,24.816652297973633,0.9391670227050781,1,28.029176712036133,27.924222946166992,0.10495376586914062,1
random_001,2,5,"2.500,13.125,1.562","19.375,35.625,1.562",19.79344940185547,18.086267471313477,1.7071819305419922,1,31.007535934448242,24.670591354370117,6.336944580078125,1
random_001,2,6,"2.500,13.125,1.562","32.500,5.625,0.312",20.664241790771484,22.498062133789062,1.8338203430175781,1,39.04821014404297,44.41158676147461,5.363376617431641,1
random_001,2,7,"2.500,13.125,1.562","1.875,8.750,0.312",6.539153099060059,7.236759185791016,0.697606086730957,1,11.371524810791016,11.53850269317627,0.1669778823852539,1
random_001,2,8,"2.500,13.125,1.562","18.125,35.625,1.562",19.124542236328125,17.191871643066406,1.9326705932617188,1,26.690534591674805,21.40005111694336,5.290483474731445,1
random_001,2,9,"2.500,13.125,1.562","26.875,16.250,0.938",24.88885498046875,20.702545166015625,4.186309814453125,1,31.681407928466797,33.07019805908203,1.3887901306152344,1
random_001,2,10,"2.500,13.125,1.562","32.500,8.125,0.938",19.48150062561035,20.385875701904297,0.9043750762939453,1,26.046592712402344,46.77901077270508,20.732418060302734,1
random_001,2,11,"2.500,13.125,1.562","1.875,10.625,2.188",3.9305381774902344,5.000450134277344,1.0699119567871094,1,7.543921947479248,7.529753684997559,0.014168262481689453,1
random_001,2,12,"2.500,13.125,1.562","19.375,13.750,0.312",14.696391105651855,12.865396499633789,1.8309946060180664,1,19.002487182617188,18.018117904663086,0.9843692779541016,1
random_001,2,13,"2.500,13.125,1.562","12.500,18.750,0.938",16.98149871826172,10.595415115356445,6.386083602905273,1,21.966846466064453,20.862232208251953,1.1046142578125,1
random_001,2,14,"2.500,13.125,1.562","5.000,6.250,1.562",9.796306610107422,10.436641693115234,0.6403350830078125,1,13.949312210083008,13.9785737991333,0.02926158905029297,1
random_001,2,15,"2.500,13.125,1.562","27.500,1.875,0.938",21.46487045288086,19.805980682373047,1.6588897705078125,1,35.14316177368164,42.557762145996094,7.414600372314453,1
random_001,2,16,"2.500,13.125,1.562","14.375,24.375,0.938",19.77210235595703,14.24324893951416,5.528853416442871,1,26.67600440979004,25.98761558532715,0.6883888244628906,1
random_001,2,17,"2.500,13.125,1.562","37.500,33.750,1.562",20.989532470703125,23.29290199279785,2.3033695220947266,1,23.69330406188965,24.629169464111328,0.9358654022216797,1
random_001,2,18,"2.500,13.125,1.562","5.000,1.875,0.938",10.936260223388672,12.370665550231934,1.4344053268432617,1,14.469501495361328,14.651605606079102,0.18210411071777344,1
random_001,2,19,"2.500,13.125,1.562","36.250,27.500,2.188",21.055931091308594,22.512699127197266,1.4567680358886719,1,21.851037979125977,19.598766326904297,2.2522716522216797,1
random_001,2,20,"2.500,13.125,1.562","33.750,23.125,1.562",23.612476348876953,22.791135787963867,0.8213405609130859,1,29.797191619873047,25.223426818847656,4.573764801025391,1
random_001,2,21,"2.500,13.125,1.562","36.875,18.125,2.188",21.929407119750977,23.165740966796875,1.2363338470458984,1,36.220542907714844,38.04617691040039,1.8256340026855469,1
random_001,2,22,"2.500,13.125,1.562","38.125,8.125,0.312",19.167919158935547,23.71341323852539,4.545494079589844,1,37.761253356933594,35.37664794921875,2.3846054077148438,1
random_001,2,23,"2.500,13.125,1.562","28.125,13.125,1.562",15.591341972351074,16.258834838867188,0.6674928665161133,1,20.394073486328125,19.315555572509766,1.0785179138183594,1
random_001,2,24,"2.500,13.125,1.562","8.125,18.750,2.188",9.90458869934082,10.462270736694336,0.5576820373535156,1,14.654288291931152,15.259891510009766,0.6056032180786133,1
random_001,2,25,"2.500,13.125,1.562","4.375,1.250,0.312",10.987513542175293,12.554500579833984,1.5669870376586914,1,13.354663848876953,15.139646530151367,1.784982681274414,1
random_001,2,26,"2.500,13.125,1.562","1.250,3.125,0.938",11.557602882385254,11.837060928344727,0.27945804595947266,1,15.229837417602539,16.491235733032227,1.2613983154296875,1
random_001,2,27,"2.500,13.125,1.562","19.375,10.000,1.562",13.684310913085938,11.137289047241211,2.5470218658447266,1,16.6351318359375,14.90535831451416,1.7297735214233398,1
random_001,2,28,"2.500,13.125,1.562","6.875,31.250,2.188",14.217750549316406,14.489962577819824,0.27221202850341797,1,20.353317260742188,18.89386558532715,1.459451675415039,1
random_001,2,29,"2.500,13.125,1.562","7.500,26.875,0.312",13.207698822021484,14.535408973693848,1.3277101516723633,1,20.116506576538086,20.41986083984375,0.30335426330566406,1
random_001,3,4,"1.875,13.750,0.938","31.250,31.250,0.312",23.551849365234375,25.20296859741211,1.6511192321777344,1,26.35287857055664,31.18085479736328,4.827976226806641,1
random_001,3,5,"1.875,13.750,0.938","19.375,35.625,1.562",19.014999389648438,17.987533569335938,1.0274658203125,1,30.475753784179688,31.44711685180664,0.9713630676269531,1
random_001,3,6,"1.875,13.750,0.938","32.500,5.625,0.312",20.680511474609375,23.538373947143555,2.8578624725341797,1,26.583023071289062,36.89388656616211,10.310863494873047,1
random_001,3,7,"1.875,13.750,0.938","1.875,8.750,0.312",7.402589797973633,7.053182601928711,0.3494071960449219,1,12.304458618164062,11.754249572753906,0.5502090454101562,1
random_001,3,8,"1.875,13.750,0.938","18.125,35.625,1.562",18.367557525634766,16.992612838745117,1.3749446868896484,1,26.454431533813477,25.269697189331055,1.1847343444824219,1
random_001,3,9,"1.875,13.750,0.938","26.875,16.250,0.938",27.290760040283203,22.73703956604004,4.553720474243164,1,38.20124435424805,33.2609977722168,4.94024658203125,1
random_001,3,10,"1.875,13.750,0.938","32.500,8.125,0.938",19.78359603881836,21.560108184814453,1.7765121459960938,1,29.94068145751953,46.75579833984375,16.81511688232422,1
random_001,3,11,"1.875,13.750,0.938","1.875,10.625,2.188",5.65891170501709,4.741654396057129,0.9172573089599609,1,9.252553939819336,8.891639709472656,0.3609142303466797,1
random_001,3,12,"1.875,13.750,0.938","19.375,13.750,0.312",15.226487159729004,12.95411205291748,2.2723751068115234,1,18.63345718383789,19.116601943969727,0.48314476013183594,1
random_001,3,13,"1.875,13.750,0.938","12.500,18.750,0.938",16.922103881835938,10.253646850585938,6.66845703125,1,21.54196548461914,20.295917510986328,1.2460479736328125,1
random_001,3,14,"1.875,13.750,0.938","5.000,6.250,1.562",10.12307357788086,10.807229995727539,0.6841564178466797,1,15.725818634033203,15.11649227142334,0.6093263626098633,1
random_001,3,15,"1.875,13.750,0.938","27.500,1.875,0.938",20.928680419921875,20.436983108520508,0.4916973114013672,1,36.459251403808594,44.69425582885742,8.235004425048828,1
random_001,3,16,"1.875,13.750,0.938","14.375,24.375,0.938",19.381723403930664,14.176029205322266,5.205694198608398,1,28.484580993652344,28.460350036621094,0.02423095703125,1
random_001,3,17,"1.875,13.750,0.938","37.500,33.750,1.562",20.587833404541016,23.85812759399414,3.270294189453125,1,24.594654083251953,25.75504493713379,1.160390853881836,1
random_001,3,18,"1.875,13.750,0.938","5.000,1.875,0.938",11.192096710205078,12.625768661499023,1.4336719512939453,1,14.859416007995605,16.506872177124023,1.647456169128418,1
random_001,3,19,"1.875,13.750,0.938","36.250,27.500,2.188",20.650901794433594,22.905029296875,2.2541275024414062,1,21.40662384033203,22.424728393554688,1.0181045532226562,1
random_001,3,20,"1.875,13.750,0.938","33.750,23.125,1.562",23.3101806640625,22.818567276000977,0.49161338806152344,1,27.43614387512207,25.462371826171875,1.9737720489501953,1
random_001,3,21,"1.875,13.750,0.938","36.875,18.125,2.188",22.110610961914062,23.845863342285156,1.7352523803710938,1,36.37956619262695,36.57101058959961,0.19144439697265625,1
random_001,3,22,"1.875,13.750,0.938","38.125,8.125,0.312",19.541461944580078,24.798934936523438,5.257472991943359,1,47.03899383544922,40.086212158203125,6.952781677246094,1
random_001,3,23,"1.875,13.750,0.938","28.125,13.125,1.562",15.445382118225098,17.124027252197266,1.678645133972168,1,24.99907112121582,24.714340209960938,0.2847309112548828,1
random_001,3,24,"1.875,13.750,0.938","8.125,18.750,2.188",10.030677795410156,9.829538345336914,0.2011394500732422,1,14.624565124511719,14.487375259399414,0.1371898651123047,1
random_001,3,25,"1.875,13.750,0.938","4.375,1.250,0.312",11.159198760986328,12.837986946105957,1.678788185119629,1,15.400751113891602,16.872507095336914,1.4717559814453125,1
random_001,3,26,"1.875,13.750,0.938","1.250,3.125,0.938",11.768486022949219,12.41638469696045,0.6478986740112305,1,15.597067832946777,16.627687454223633,1.0306196212768555,1
random_001,3,27,"1.875,13.750,0.938","19.375,10.000,1.562",13.987330436706543,11.448551177978516,2.5387792587280273,1,15.66819953918457,14.882529258728027,0.785670280456543,1
random_001,3,28,"1.875,13.750,0.938","6.875,31.250,2.188",13.904449462890625,14.442032814025879,0.5375833511352539,1,21.9130802154541,20.74421501159668,1.1688652038574219,1
random_001,3,29,"1.875,13.750,0.938","7.500,26.875,0.312",12.89457893371582,14.299592018127441,1.405013084411621,1,20.5594539642334,22.98889923095703,2.429445266723633,1
random_001,4,5,"31.250,31.250,0.312","19.375,35.625,1.562",13.632071495056152,12.08530044555664,1.5467710494995117,1,24.82420539855957,21.879159927368164,2.9450454711914062,1
random_001,4,6,"31.250,31.250,0.312","32.500,5.625,0.312",14.492738723754883,15.111991882324219,0.6192531585693359,1,20.68473243713379,20.81612205505371,0.13138961791992188,1
random_001,4,7,"31.250,31.250,0.312","1.875,8.750,0.312",26.185894012451172,25.550119400024414,0.6357746124267578,1,32.68185806274414,29.246328353881836,3.4355297088623047,1
random_001,4,8,"31.250,31.250,0.312","18.125,35.625,1.562",13.794005393981934,12.133772850036621,1.6602325439453125,1,25.37778663635254,23.805801391601562,1.5719852447509766,1
random_001,4,9,"31.250,31.250,0.312","26.875,16.250,0.938",15.832813262939453,16.07068634033203,0.23787307739257812,1,27.215797424316406,25.651103973388672,1.5646934509277344,1
random_001,4,10,"31.250,31.250,0.312","32.500,8.125,0.938",14.896920204162598,14.616565704345703,0.28035449981689453,1,20.72755241394043,20.844554901123047,0.11700248718261719,1
random_001,4,11,"31.250,31.250,0.312","1.875,10.625,2.188",25.1209716796875,24.47071075439453,0.6502609252929688,1,37.66475296020508,31.358884811401367,6.305868148803711,1
random_001,4,12,"31.250,31.250,0.312","19.375,13.750,0.312",17.286836624145508,15.990276336669922,1.296560287475586,1,29.561193466186523,30.787273406982422,1.2260799407958984,1
random_001,4,13,"31.250,31.250,0.312","12.500,18.750,0.938",19.82061004638672,17.492082595825195,2.3285274505615234,1,25.026460647583008,25.376964569091797,0.35050392150878906,1
random_001,4,14,"31.250,31.250,0.312","5.000,6.250,1.562",26.043811798095703,26.01112174987793,0.03269004821777344,1,25.864398956298828,22.510902404785156,3.353496551513672,1
random_001,4,15,"31.250,31.250,0.312","27.500,1.875,0.938",11.837854385375977,11.993721961975098,0.1558675765991211,1,19.49739646911621,20.089035034179688,0.5916385650634766,1
random_001,4,16,"31.250,31.250,0.312","14.375,24.375,0.938",17.779457092285156,14.331957817077637,3.4474992752075195,1,25.878206253051758,25.019798278808594,0.8584079742431641,1
random_001,4,17,"31.250,31.250,0.312","37.500,33.750,1.562",9.122726440429688,9.555573463439941,0.4328470230102539,1,18.966793060302734,17.60270881652832,1.364084243774414,1
random_001,4,18,"31.250,31.250,0.312","5.000,1.875,0.938",24.390836715698242,22.475303649902344,1.9155330657958984,1,31.339862823486328,32.063873291015625,0.7240104675292969,1
random_001,4,19,"31.250,31.250,0.312","36.250,27.500,2.188",10.167993545532227,8.895151138305664,1.2728424072265625,1,16.01421356201172,15.972512245178223,0.041701316833496094,1
random_001,4,20,"31.250,31.250,0.312","33.750,23.125,1.562",12.46240234375,11.029422760009766,1.4329795837402344,1,18.944629669189453,16.573022842407227,2.3716068267822266,1
random_001,4,21,"31.250,31.250,0.312","36.875,18.125,2.188",12.933082580566406,15.361059188842773,2.427976608276367,1,16.926456451416016,20.257192611694336,3.3307361602783203,1
random_001,4,22,"31.250,31.250,0.312","38.125,8.125,0.312",14.094696044921875,16.473094940185547,2.378398895263672,1,19.56495475769043,20.333904266357422,0.7689495086669922,1
random_001,4,23,"31.250,31.250,0.312","28.125,13.125,1.562",14.440264701843262,15.43530559539795,0.9950408935546875,1,26.935848236083984,28.35470962524414,1.4188613891601562,1
random_001,4,24,"31.250,31.250,0.312","8.125,18.750,2.188",21.73583984375,23.590274810791016,1.8544349670410156,1,25.59023666381836,32.74999237060547,7.159755706787109,1
random_001,4,25,"31.250,31.250,0.312","4.375,1.250,0.312",24.403484344482422,22.379613876342773,2.0238704681396484,1,32.29936599731445,31.576213836669922,0.7231521606445312,1
random_001,4,26,"31.250,31.250,0.312","1.250,3.125,0.938",25.645587921142578,23.89166259765625,1.7539253234863281,1,27.515968322753906,25.880748748779297,1.6352195739746094,1
random_001,4,27,"31.250,31.250,0.312","19.375,10.000,1.562",17.7416934967041,14.494858741760254,3.2468347549438477,1,29.984745025634766,27.48686408996582,2.4978809356689453,1
random_001,4,28,"31.250,31.250,0.312","6.875,31.250,2.188",13.89423942565918,17.844593048095703,3.9503536224365234,1,25.400068283081055,39.27788543701172,13.877817153930664,1
random_001,4,29,"31.250,31.250,0.312","7.500,26.875,0.312",14.288829803466797,14.005850791931152,0.28297901153564453,1,25.139453887939453,24.787260055541992,0.35219383239746094,1
random_001,5,6,"19.375,35.625,1.562","32.500,5.625,0.312",18.054597854614258,19.23972511291504,1.1851272583007812,1,26.739643096923828,23.222484588623047,3.5171585083007812,1
random_001,5,7,"19.375,35.625,1.562","1.875,8.750,0.312",18.57862663269043,20.622638702392578,2.0440120697021484,1,28.595300674438477,25.623607635498047,2.9716930389404297,1
random_001,5,8,"19.375,35.625,1.562","18.125,35.625,1.562",2.226414680480957,2.5470027923583984,0.3205881118774414,1,3.3100545406341553,3.3858046531677246,0.07575011253356934,1
random_001,5,9,"19.375,35.625,1.562","26.875,16.250,0.938",16.399715423583984,14.760650634765625,1.6390647888183594,1,29.665138244628906,29.9857120513916,0.3205738067626953,1
random_001,5,10,"19.375,35.625,1.562","32.500,8.125,0.938",19.296613693237305,18.836502075195312,0.4601116180419922,1,27.404319763183594,28.71046257019043,1.306142807006836,1
random_001,5,11,"19.375,35.625,1.562","1.875,10.625,2.188",17.8026065826416,19.859981536865234,2.057374954223633,1,27.64142608642578,26.80398178100586,0.8374443054199219,1
random_001,5,12,"19.375,35.625,1.562","19.375,13.750,0.312",13.810616493225098,15.936155319213867,2.1255388259887695,1,20.8651180267334,40.04499053955078,19.179872512817383,1
random_001,5,13,"19.375,35.625,1.562","12.500,18.750,0.938",17.877729415893555,16.26885414123535,1.6088752746582031,1,22.021726608276367,23.078968048095703,1.057241439819336,1
random_001,5,14,"19.375,35.625,1.562","5.000,6.250,1.562",23.196197509765625,22.082714080810547,1.1134834289550781,1,32.18833923339844,28.8642578125,3.3240814208984375,1
random_001,5,15,"19.375,35.625,1.562","27.500,1.875,0.938",15.813056945800781,14.90124225616455,0.9118146896362305,1,22.761728286743164,24.036712646484375,1.274984359741211,1
random_001,5,16,"19.375,35.625,1.562","14.375,24.375,0.938",15.623448371887207,16.56278419494629,0.939335823059082,1,24.810945510864258,22.7712345123291,2.0397109985351562,1
random_001,5,17,"19.375,35.625,1.562","37.500,33.750,1.562",15.590351104736328,16.25916290283203,0.6688117980957031,1,23.5305233001709,27.603553771972656,4.073030471801758,1
random_001,5,18,"19.375,35.625,1.562","5.000,1.875,0.938",22.832386016845703,21.46551513671875,1.3668708801269531,1,24.983251571655273,23.03415870666504,1.9490928649902344,1
random_001,5,19,"19.375,35.625,1.562","36.250,27.500,2.188",15.004252433776855,14.735550880432129,0.26870155334472656,1,28.50687026977539,32.45451736450195,3.9476470947265625,1
random_001,5,20,"19.375,35.625,1.562","33.750,23.125,1.562",14.415094375610352,13.984519004821777,0.4305753707885742,1,25.67683219909668,26.29962158203125,0.6227893829345703,1
random_001,5,21,"19.375,35.625,1.562","36.875,18.125,2.188",15.189580917358398,14.926173210144043,0.26340770721435547,1,26.153440475463867,24.316755294799805,1.8366851806640625,1
random_001,5,22,"19.375,35.625,1.562","38.125,8.125,0.312",13.656737327575684,16.166606903076172,2.5098695755004883,1,23.06565284729004,22.324729919433594,0.7409229278564453,1
random_001,5,23,"19.375,35.625,1.562","28.125,13.125,1.562",14.22519302368164,14.474303245544434,0.24911022186279297,1,32.25618362426758,31.03748321533203,1.2187004089355469,1
random_001,5,24,"19.375,35.625,1.562","8.125,18.750,2.188",20.39288902282715,19.336780548095703,1.0561084747314453,1,28.11396026611328,26.09857940673828,2.015380859375,1
random_001,5,25,"19.375,35.625,1.562","4.375,1.250,0.312",21.749067306518555,21.270889282226562,0.4781780242919922,1,23.838815689086914,22.597946166992188,1.2408695220947266,1
random_001,5,26,"19.375,35.625,1.562","1.250,3.125,0.938",21.046955108642578,19.90147590637207,1.1454792022705078,1,29.896806716918945,30.58423614501953,0.6874294281005859,1
random_001,5,27,"19.375,35.625,1.562","19.375,10.000,1.562",13.121318817138672,14.190674781799316,1.0693559646606445,1,22.186790466308594,34.736576080322266,12.549785614013672,1
random_001,5,28,"19.375,35.625,1.562","6.875,31.250,2.188",11.039005279541016,13.222846031188965,2.183840751647949,1,16.425399780273438,17.590452194213867,1.1650524139404297,1
random_001,5,29,"19.375,35.625,1.562","7.500,26.875,0.312",11.855825424194336,13.575958251953125,1.720132827758789,1,16.6307373046875,16.192977905273438,0.4377593994140625,1
random_001,6,7,"32.500,5.625,0.312","1.875,8.750,0.312",20.66207504272461,19.030515670776367,1.6315593719482422,1,25.199909210205078,19.690454483032227,5.509454727172852,1
random_001,6,8,"32.500,5.625,0.312","18.125,35.625,1.562",19.694137573242188,18.117931365966797,1.5762062072753906,1,24.399621963500977,24.175548553466797,0.2240734100341797,1
random_001,6,9,"32.500,5.625,0.312","26.875,16.250,0.938",14.866921424865723,14.316672325134277,0.5502490997314453,1,26.57301139831543,21.686595916748047,4.886415481567383,1
random_001,6,10,"32.500,5.625,0.312","32.500,8.125,0.938",4.403217315673828,3.65234375,0.7508735656738281,1,6.974630832672119,7.0214152336120605,0.046784400939941406,1
random_001,6,11,"32.500,5.625,0.312","1.875,10.625,2.188",21.299222946166992,20.322946548461914,0.9762763977050781,1,27.481231689453125,25.86414909362793,1.6170825958251953,1
random_001,6,12,"32.500,5.625,0.312","19.375,13.750,0.312",18.691299438476562,18.89952278137207,0.2082233428955078,1,25.05625343322754,22.914487838745117,2.141765594482422,1
random_001,6,13,"32.500,5.625,0.312","12.500,18.750,0.938",31.26708221435547,25.59496307373047,5.672119140625,1,44.83472442626953,49.98155212402344,5.146827697753906,1
random_001,6,14,"32.500,5.625,0.312","5.000,6.250,1.562",19.574954986572266,18.015018463134766,1.5599365234375,1,20.378652572631836,21.535043716430664,1.1563911437988281,1
random_001,6,15,"32.500,5.625,0.312","27.500,1.875,0.938",7.759444236755371,8.24122428894043,0.4817800521850586,1,11.418457984924316,10.473169326782227,0.9452886581420898,1
random_001,6,16,"32.500,5.625,0.312","14.375,24.375,0.938",28.740514755249023,23.634326934814453,5.10618782043457,1,36.608394622802734,39.72486114501953,3.116466522216797,1
random_001,6,17,"32.500,5.625,0.312","37.500,33.750,1.562",12.100981712341309,12.489957809448242,0.3889760971069336,1,18.094648361206055,15.50618839263916,2.5884599685668945,1
random_001,6,18,"32.500,5.625,0.312","5.000,1.875,0.938",19.73967742919922,14.4547119140625,5.284965515136719,1,26.644495010375977,21.062179565429688,5.582315444946289,1
random_001,6,19,"32.500,5.625,0.312","36.250,27.500,2.188",11.94991397857666,11.513568878173828,0.43634510040283203,1,14.900961875915527,16.776697158813477,1.8757352828979492,1
random_001,6,20,"32.500,5.625,0.312","33.750,23.125,1.562",12.72169303894043,11.969768524169922,0.7519245147705078,1,21.530887603759766,22.427806854248047,0.8969192504882812,1
random_001,6,21,"32.500,5.625,0.312","36.875,18.125,2.188",10.963140487670898,10.81829833984375,0.14484214782714844,1,18.178760528564453,19.740154266357422,1.5613937377929688,1
random_001,6,22,"32.500,5.625,0.312","38.125,8.125,0.312",7.959845066070557,8.021896362304688,0.06205129623413086,1,13.909411430358887,13.065991401672363,0.8434200286865234,1
random_001,6,23,"32.500,5.625,0.312","28.125,13.125,1.562",12.9092378616333,11.822293281555176,1.086944580078125,1,25.097909927368164,24.60053253173828,0.4973773956298828,1
random_001,6,24,"32.500,5.625,0.312","8.125,18.750,2.188",30.106426239013672,25.67355728149414,4.432868957519531,1,56.447052001953125,49.49863815307617,6.948413848876953,1
random_001,6,25,"32.500,5.625,0.312","4.375,1.250,0.312",20.708438873291016,14.239019393920898,6.469419479370117,1,17.216938018798828,16.66904640197754,0.5478916168212891,1
random_001,6,26,"32.500,5.625,0.312","1.250,3.125,0.938",19.349836349487305,16.447723388671875,2.9021129608154297,1,17.910520553588867,20.899126052856445,2.988605499267578,1
random_001,6,27,"32.500,5.625,0.312","19.375,10.000,1.562",14.449542045593262,15.087335586547852,0.6377935409545898,1,21.344356536865234,13.414024353027344,7.930332183837891,1
random_001,6,28,"32.500,5.625,0.312","6.875,31.250,2.188",24.49569320678711,21.97891616821289,2.5167770385742188,1,23.769214630126953,27.51386260986328,3.744647979736328,1
random_001,6,29,"32.500,5.625,0.312","7.500,26.875,0.312",30.76476287841797,25.506593704223633,5.258169174194336,1,45.899940490722656,46.3209228515625,0.42098236083984375,1
random_001,7,8,"1.875,8.750,0.312","18.125,35.625,1.562",18.839649200439453,17.266345977783203,1.57330322265625,1,28.427165985107422,26.466341018676758,1.960824966430664,1
random_001,7,9,"1.875,8.750,0.312","26.875,16.250,0.938",22.55040740966797,16.07325553894043,6.477151870727539,1,28.96033477783203,21.662492752075195,7.297842025756836,1
random_001,7,10,"1.875,8.750,0.312","32.500,8.125,0.938",17.82720184326172,19.149127960205078,1.3219261169433594,1,16.26640510559082,19.8780574798584,3.611652374267578,1
random_001,7,11,"1.875,8.750,0.312","1.875,10.625,2.188",4.909513473510742,2.630251884460449,2.279261589050293,1,7.405013084411621,7.068887233734131,0.33612585067749023,1
random_001,7,12,"1.875,8.750,0.312","19.375,13.750,0.312",15.052852630615234,13.614190101623535,1.4386625289916992,1,17.33507537841797,17.017906188964844,0.317169189453125,1
random_001,7,13,"1.875,8.750,0.312","12.500,18.750,0.938",20.507930755615234,12.824055671691895,7.68387508392334,1,26.23555564880371,25.868114471435547,0.36744117736816406,1
random_001,7,14,"1.875,8.750,0.312","5.000,6.250,1.562",7.274911880493164,6.979930877685547,0.2949810028076172,1,9.880544662475586,9.407463073730469,0.4730815887451172,1
random_001,7,15,"1.875,8.750,0.312","27.500,1.875,0.938",17.189239501953125,15.425593376159668,1.763646125793457,1,25.003982543945312,25.906654357910156,0.9026718139648438,1
random_001,7,16,"1.875,8.750,0.312","14.375,24.375,0.938",21.348573684692383,14.681145668029785,6.667428016662598,1,28.581165313720703,30.86571502685547,2.2845497131347656,1
random_001,7,17,"1.875,8.750,0.312","37.500,33.750,1.562",21.868839263916016,25.34778594970703,3.4789466857910156,1,24.207700729370117,19.92863655090332,4.279064178466797,1
random_001,7,18,"1.875,8.750,0.312","5.000,1.875,0.938",9.633712768554688,10.411083221435547,0.7773704528808594,1,12.16864013671875,11.143342971801758,1.0252971649169922,1
random_001,7,19,"1.875,8.750,0.312","36.250,27.500,2.188",21.886627197265625,24.154491424560547,2.267864227294922,1,29.249937057495117,24.78477668762207,4.465160369873047,1
random_001,7,20,"1.875,8.750,0.312","33.750,23.125,1.562",23.10938262939453,24.503177642822266,1.3937950134277344,1,27.67959976196289,25.223281860351562,2.456317901611328,1
random_001,7,21,"1.875,8.750,0.312","36.875,18.125,2.188",19.466552734375,20.707164764404297,1.2406120300292969,1,23.617233276367188,29.013887405395508,5.39665412902832,1
random_001,7,22,"1.875,8.750,0.312","38.125,8.125,0.312",18.453144073486328,23.391460418701172,4.938316345214844,1,42.42919158935547,43.575252532958984,1.1460609436035156,1
random_001,7,23,"1.875,8.750,0.312","28.125,13.125,1.562",16.371347427368164,14.928372383117676,1.4429750442504883,1,25.882837295532227,19.2972354888916,6.585601806640625,1
random_001,7,24,"1.875,8.750,0.312","8.125,18.750,2.188",11.246337890625,11.942955017089844,0.6966171264648438,1,17.29600715637207,14.932916641235352,2.3630905151367188,1
random_001,7,25,"1.875,8.750,0.312","4.375,1.250,0.312",9.244279861450195,10.470526695251465,1.2262468338012695,1,11.641692161560059,10.80567741394043,0.8360147476196289,1
random_001,7,26,"1.875,8.750,0.312","1.250,3.125,0.938",8.02751350402832,7.292659759521484,0.7348537445068359,1,10.341076850891113,10.301403045654297,0.039673805236816406,1
random_001,7,27,"1.875,8.750,0.312","19.375,10.000,1.562",13.733124732971191,10.952398300170898,2.780726432800293,1,16.42660903930664,13.636183738708496,2.7904253005981445,1
random_001,7,28,"1.875,8.750,0.312","6.875,31.250,2.188",14.359228134155273,15.058232307434082,0.6990041732788086,1,24.23207664489746,23.319477081298828,0.9125995635986328,1
random_001,7,29,"1.875,8.750,0.312","7.500,26.875,0.312",14.03801441192627,15.573012351989746,1.5349979400634766,1,22.174793243408203,22.925399780273438,0.7506065368652344,1
random_001,8,9,"18.125,35.625,1.562","26.875,16.250,0.938",16.555988311767578,15.351956367492676,1.2040319442749023,1,29.870576858520508,31.966930389404297,2.096353530883789,1
random_001,8,10,"18.125,35.625,1.562","32.500,8.125,0.938",19.262697219848633,19.383495330810547,0.12079811096191406,1,28.59142303466797,28.422739028930664,0.1686840057373047,1
random_001,8,11,"18.125,35.625,1.562","1.875,10.625,2.188",17.11914825439453,18.77741241455078,1.65826416015625,1,27.13971710205078,28.12188148498535,0.9821643829345703,1
random_001,8,12,"18.125,35.625,1.562","19.375,13.750,0.312",15.772839546203613,17.048067092895508,1.2752275466918945,1,22.839418411254883,25.572494506835938,2.7330760955810547,1
random_001,8,13,"18.125,35.625,1.562","12.500,18.750,0.938",15.621767044067383,14.22510051727295,1.3966665267944336,1,22.702905654907227,21.95077896118164,0.7521266937255859,1
random_001,8,14,"18.125,35.625,1.562","5.000,6.250,1.562",17.55925941467285,19.850847244262695,2.2915878295898438,1,28.983612060546875,30.380788803100586,1.397176742553711,1
random_001,8,15,"18.125,35.625,1.562","27.500,1.875,0.938",16.226938247680664,16.74139404296875,0.5144557952880859,1,22.184246063232422,23.347631454467773,1.1633853912353516,1
random_001,8,16,"18.125,35.625,1.562","14.375,24.375,0.938",13.548833847045898,14.847830772399902,1.298996925354004,1,25.825727462768555,25.012659072875977,0.8130683898925781,1
random_001,8,17,"18.125,35.625,1.562","37.500,33.750,1.562",16.796092987060547,15.732540130615234,1.0635528564453125,1,47.62104797363281,29.86841583251953,17.75263214111328,1
random_001,8,18,"18.125,35.625,1.562","5.000,1.875,0.938",18.342809677124023,19.365665435791016,1.0228557586669922,1,25.126569747924805,25.991533279418945,0.8649635314941406,1
random_001,8,19,"18.125,35.625,1.562","36.250,27.500,2.188",15.397018432617188,15.018280029296875,0.3787384033203125,1,29.41529083251953,30.814775466918945,1.399484634399414,1
random_001,8,20,"18.125,35.625,1.562","33.750,23.125,1.562",14.584395408630371,14.534624099731445,0.04977130889892578,1,22.2777042388916,29.2753963470459,6.997692108154297,1
random_001,8,21,"18.125,35.625,1.562","36.875,18.125,2.188",15.326652526855469,15.421364784240723,0.0947122573852539,1,23.87840461730957,26.1109561920166,2.2325515747070312,1
random_001,8,22,"18.125,35.625,1.562","38.125,8.125,0.312",13.595100402832031,16.57509994506836,2.979999542236328,1,22.896018981933594,22.534242630004883,0.36177635192871094,1
random_001,8,23,"18.125,35.625,1.562","28.125,13.125,1.562",14.064861297607422,15.180402755737305,1.1155414581298828,1,30.896535873413086,31.0009708404541,0.10443496704101562,1
random_001,8,24,"18.125,35.625,1.562","8.125,18.750,2.188",19.1575984954834,18.034360885620117,1.1232376098632812,1,31.284908294677734,34.678688049316406,3.393779754638672,1
random_001,8,25,"18.125,35.625,1.562","4.375,1.250,0.312",15.431377410888672,18.43014907836914,2.9987716674804688,1,24.881893157958984,26.476383209228516,1.5944900512695312,1
random_001,8,26,"18.125,35.625,1.562","1.250,3.125,0.938",14.972152709960938,17.88077163696289,2.908618927001953,1,28.996442794799805,27.290771484375,1.7056713104248047,1
random_001,8,27,"18.125,35.625,1.562","19.375,10.000,1.562",14.064857482910156,15.240618705749512,1.1757612228393555,1,28.5076904296875,30.168813705444336,1.661123275756836,1
random_001,8,28,"18.125,35.625,1.562","6.875,31.250,2.188",10.804536819458008,12.57641315460205,1.771876335144043,1,16.035621643066406,17.51732635498047,1.4817047119140625,1
random_001,8,29,"18.125,35.625,1.562","7.500,26.875,0.312",11.81461238861084,13.831642150878906,2.0170297622680664,1,17.7578067779541,16.25430679321289,1.503499984741211,1
random_001,9,10,"26.875,16.250,0.938","32.500,8.125,0.938",13.094878196716309,14.173009872436523,1.0781316757202148,1,23.36028480529785,28.04791259765625,4.687627792358398,1
random_001,9,11,"26.875,16.250,0.938","1.875,10.625,2.188",15.130306243896484,21.36492919921875,6.234622955322266,1,22.367130279541016,25.68035888671875,3.3132286071777344,1
random_001,9,12,"26.875,16.250,0.938","19.375,13.750,0.312",12.785593032836914,11.636226654052734,1.1493663787841797,1,28.526086807250977,19.261627197265625,9.264459609985352,1
random_001,9,13,"26.875,16.250,0.938","12.500,18.750,0.938",14.372172355651855,12.343570709228516,2.02860164642334,1,23.01216697692871,22.627710342407227,0.3844566345214844,1
random_001,9,14,"26.875,16.250,0.938","5.000,6.250,1.562",20.378864288330078,24.522872924804688,4.144008636474609,1,29.09105110168457,34.41139221191406,5.320341110229492,1
random_001,9,15,"26.875,16.250,0.938","27.500,1.875,0.938",10.451465606689453,10.881499290466309,0.43003368377685547,1,14.705678939819336,14.660520553588867,0.04515838623046875,1
random_001,9,16,"26.875,16.250,0.938","14.375,24.375,0.938",17.42729949951172,15.701154708862305,1.726144790649414,1,28.958057403564453,26.51426887512207,2.443788528442383,1
random_001,9,17,"26.875,16.250,0.938","37.500,33.750,1.562",13.495915412902832,16.366544723510742,2.87062931060791,1,25.421842575073242,25.693309783935547,0.2714672088623047,1
random_001,9,18,"26.875,16.250,0.938","5.000,1.875,0.938",25.6494140625,28.297256469726562,2.6478424072265625,1,53.974853515625,48.640838623046875,5.334014892578125,1
random_001,9,19,"26.875,16.250,0.938","36.250,27.500,2.188",13.225051879882812,14.818530082702637,1.5934782028198242,1,23.740549087524414,24.222829818725586,0.4822807312011719,1
random_001,9,20,"26.875,16.250,0.938","33.750,23.125,1.562",12.099445343017578,13.209258079528809,1.1098127365112305,1,20.91106414794922,19.981409072875977,0.9296550750732422,1
random_001,9,21,"26.875,16.250,0.938","36.875,18.125,2.188",10.688655853271484,11.744340896606445,1.055685043334961,1,18.000843048095703,20.447002410888672,2.4461593627929688,1
random_001,9,22,"26.875,16.250,0.938","38.125,8.125,0.312",15.925167083740234,17.807449340820312,1.8822822570800781,1,22.483896255493164,22.942094802856445,0.45819854736328125,1
random_001,9,23,"26.875,16.250,0.938","28.125,13.125,1.562",5.139352798461914,4.468428611755371,0.670924186706543,1,7.660820960998535,9.287484169006348,1.6266632080078125,1
random_001,9,24,"26.875,16.250,0.938","8.125,18.750,2.188",21.770673751831055,16.713228225708008,5.057445526123047,1,24.212100982666016,26.23293113708496,2.0208301544189453,1
random_001,9,25,"26.875,16.250,0.938","4.375,1.250,0.312",25.850296020507812,28.734630584716797,2.8843345642089844,1,40.69061279296875,40.920806884765625,0.230194091796875,1
random_001,9,26,"26.875,16.250,0.938","1.250,3.125,0.938",20.18528175354004,25.045394897460938,4.860113143920898,1,29.940515518188477,30.704864501953125,0.7643489837646484,1
random_001,9,27,"26.875,16.250,0.938","19.375,10.000,1.562",16.81056785583496,13.915721893310547,2.894845962524414,1,23.150423049926758,28.452491760253906,5.302068710327148,1
random_001,9,28,"26.875,16.250,0.938","6.875,31.250,2.188",20.34288787841797,19.98227882385254,0.3606090545654297,1,26.105104446411133,28.32257652282715,2.2174720764160156,1
random_001,9,29,"26.875,16.250,0.938","7.500,26.875,0.312",26.505489349365234,25.341678619384766,1.1638107299804688,1,34.26082992553711,37.45374298095703,3.192913055419922,1
random_001,10,11,"32.500,8.125,0.938","1.875,10.625,2.188",19.528167724609375,18.70297622680664,0.8251914978027344,1,23.738801956176758,21.486740112304688,2.2520618438720703,1
random_001,10,12,"32.500,8.125,0.938","19.375,13.750,0.312",12.094613075256348,16.51226043701172,4.417647361755371,1,16.71271514892578,18.718280792236328,2.005565643310547,1
random_001,10,13,"32.500,8.125,0.938","12.500,18.750,0.938",25.10825538635254,21.6588134765625,3.449441909790039,1,31.407493591308594,28.68412208557129,2.7233715057373047,1
random_001,10,14,"32.500,8.125,0.938","5.000,6.250,1.562",20.000446319580078,18.418529510498047,1.5819168090820312,1,34.0980224609375,20.560359954833984,13.537662506103516,1
random_001,10,15,"32.500,8.125,0.938","27.500,1.875,0.938",9.956689834594727,10.385059356689453,0.42836952209472656,1,16.07901382446289,13.901507377624512,2.177506446838379,1
random_001,10,16,"32.500,8.125,0.938","14.375,24.375,0.938",28.960289001464844,24.628162384033203,4.332126617431641,1,40.82491683959961,36.4205207824707,4.404396057128906,1
random_001,10,17,"32.500,8.125,0.938","37.500,33.750,1.562",11.74368667602539,13.03769588470459,1.2940092086791992,1,19.428953170776367,17.57240104675293,1.8565521240234375,1
random_001,10,18,"32.500,8.125,0.938","5.000,1.875,0.938",24.42374038696289,16.345478057861328,8.078262329101562,1,17.34963035583496,21.738697052001953,4.389066696166992,1
random_001,10,19,"32.500,8.125,0.938","36.250,27.500,2.188",11.515045166015625,11.93236255645752,0.41731739044189453,1,18.590044021606445,19.156448364257812,0.5664043426513672,1
random_001,10,20,"32.500,8.125,0.938","33.750,23.125,1.562",12.073763847351074,12.186240196228027,0.11247634887695312,1,22.886157989501953,21.968151092529297,0.9180068969726562,1
random_001,10,21,"32.500,8.125,0.938","36.875,18.125,2.188",10.425207138061523,10.510286331176758,0.08507919311523438,1,19.33323097229004,19.108463287353516,0.22476768493652344,1
random_001,10,22,"32.500,8.125,0.938","38.125,8.125,0.312",7.019292831420898,7.8228302001953125,0.8035373687744141,1,12.650259971618652,12.222075462341309,0.42818450927734375,1
random_001,10,23,"32.500,8.125,0.938","28.125,13.125,1.562",11.579368591308594,9.47807502746582,2.1012935638427734,1,21.807823181152344,22.255125045776367,0.44730186462402344,1
random_001,10,24,"32.500,8.125,0.938","8.125,18.750,2.188",28.669578552246094,25.42076873779297,3.248809814453125,1,49.0070686340332,46.83785629272461,2.1692123413085938,1
random_001,10,25,"32.500,8.125,0.938","4.375,1.250,0.312",25.335540771484375,16.55370330810547,8.781837463378906,1,27.080373764038086,20.756385803222656,6.32398796081543,1
random_001,10,26,"32.500,8.125,0.938","1.250,3.125,0.938",21.808300018310547,18.38813018798828,3.4201698303222656,1,16.587276458740234,23.500757217407227,6.913480758666992,1
random_001,10,27,"32.500,8.125,0.938","19.375,10.000,1.562",11.562681198120117,15.28476619720459,3.7220849990844727,1,18.16565704345703,17.8039493560791,0.3617076873779297,1
random_001,10,28,"32.500,8.125,0.938","6.875,31.250,2.188",24.046199798583984,23.407344818115234,0.63885498046875,1,25.959877014160156,24.105587005615234,1.8542900085449219,1
random_001,10,29,"32.500,8.125,0.938","7.500,26.875,0.312",31.35956573486328,26.75518226623535,4.60438346862793,1,38.121002197265625,44.428993225097656,6.307991027832031,1
random_001,11,12,"1.875,10.625,2.188","19.375,13.750,0.312",14.654500961303711,12.763391494750977,1.8911094665527344,1,19.109264373779297,18.83160972595215,0.27765464782714844,1
random_001,11,13,"1.875,10.625,2.188","12.500,18.750,0.938",18.956546783447266,11.919178009033203,7.0373687744140625,1,38.261844635009766,23.182188034057617,15.079656600952148,1
random_001,11,14,"1.875,10.625,2.188","5.000,6.250,1.562",8.325774192810059,8.558510780334473,0.23273658752441406,1,11.887584686279297,11.603790283203125,0.2837944030761719,1
random_001,11,15,"1.875,10.625,2.188","27.500,1.875,0.938",19.065196990966797,17.81833267211914,1.2468643188476562,1,24.508960723876953,28.90823745727539,4.3992767333984375,1
random_001,11,16,"1.875,10.625,2.188","14.375,24.375,0.938",20.734649658203125,14.577460289001465,6.15718936920166,1,36.17627716064453,29.145212173461914,7.031064987182617,1
random_001,11,17,"1.875,10.625,2.188","37.500,33.750,1.562",20.551311492919922,23.651721954345703,3.1004104614257812,1,22.207666397094727,31.192562103271484,8.984895706176758,1
random_001,11,18,"1.875,10.625,2.188","5.000,1.875,0.938",9.913259506225586,11.026769638061523,1.1135101318359375,1,12.323590278625488,12.890508651733398,0.5669183731079102,1
random_001,11,19,"1.875,10.625,2.188","36.250,27.500,2.188",22.445913314819336,23.3525390625,0.9066257476806641,1,20.536380767822266,25.202896118164062,4.666515350341797,1
random_001,11,20,"1.875,10.625,2.188","33.750,23.125,1.562",23.721853256225586,24.031326293945312,0.30947303771972656,1,35.01137924194336,33.058250427246094,1.9531288146972656,1
random_001,11,21,"1.875,10.625,2.188","36.875,18.125,2.188",17.281124114990234,19.547489166259766,2.2663650512695312,1,29.5969181060791,24.602462768554688,4.994455337524414,1
random_001,11,22,"1.875,10.625,2.188","38.125,8.125,0.312",18.61932373046875,23.38589859008789,4.766574859619141,1,38.70899200439453,40.71922302246094,2.0102310180664062,1
random_001,11,23,"1.875,10.625,2.188","28.125,13.125,1.562",15.664782524108887,14.976611137390137,0.68817138671875,1,21.369274139404297,20.411962509155273,0.9573116302490234,1
random_001,11,24,"1.875,10.625,2.188","8.125,18.750,2.188",10.285167694091797,11.073822021484375,0.7886543273925781,1,16.40501594543457,16.50502586364746,0.10000991821289062,1
random_001,11,25,"1.875,10.625,2.188","4.375,1.250,0.312",9.802064895629883,11.396062850952148,1.5939979553222656,1,12.61933422088623,13.026836395263672,0.4075021743774414,1
random_001,11,26,"1.875,10.625,2.188","1.250,3.125,0.938",9.831663131713867,10.53535270690918,0.7036895751953125,1,12.42062759399414,13.835251808166504,1.4146242141723633,1
random_001,11,27,"1.875,10.625,2.188","19.375,10.000,1.562",13.334668159484863,10.97643756866455,2.3582305908203125,1,13.87403392791748,11.631758689880371,2.2422752380371094,1
random_001,11,28,"1.875,10.625,2.188","6.875,31.250,2.188",14.091198921203613,14.826618194580078,0.7354192733764648,1,23.72376823425293,17.523868560791016,6.199899673461914,1
random_001,11,29,"1.875,10.625,2.188","7.500,26.875,0.312",13.387693405151367,15.227331161499023,1.8396377563476562,1,21.12397003173828,21.07256317138672,0.0514068603515625,1
random_001,12,13,"19.375,13.750,0.312","12.500,18.750,0.938",17.519634246826172,15.77049446105957,1.7491397857666016,1,26.801902770996094,27.593399047851562,0.7914962768554688,1
random_001,12,14,"19.375,13.750,0.312","5.000,6.250,1.562",16.014625549316406,15.900237083435059,0.11438846588134766,1,17.256366729736328,18.607839584350586,1.3514728546142578,1
random_001,12,15,"19.375,13.750,0.312","27.500,1.875,0.938",12.3340482711792,15.104011535644531,2.769963264465332,1,20.187942504882812,22.93436622619629,2.7464237213134766,1
random_001,12,16,"19.375,13.750,0.312","14.375,24.375,0.938",19.366601943969727,20.41611099243164,1.049509048461914,1,26.08864974975586,27.970386505126953,1.8817367553710938,1
random_001,12,17,"19.375,13.750,0.312","37.500,33.750,1.562",14.615192413330078,17.825542449951172,3.2103500366210938,1,27.6121883392334,21.738601684570312,5.873586654663086,1
random_001,12,18,"19.375,13.750,0.312","5.000,1.875,0.938",19.62495994567871,18.32673454284668,1.2982254028320312,1,19.667627334594727,21.09214210510254,1.4245147705078125,1
random_001,12,19,"19.375,13.750,0.312","36.250,27.500,2.188",13.812263488769531,15.279905319213867,1.467641830444336,1,34.96003723144531,32.17875289916992,2.7812843322753906,1
random_001,12,20,"19.375,13.750,0.312","33.750,23.125,1.562",13.61879825592041,15.715475082397461,2.096676826477051,1,27.294918060302734,25.372726440429688,1.9221916198730469,1
random_001,12,21,"19.375,13.750,0.312","36.875,18.125,2.188",15.295353889465332,13.884520530700684,1.4108333587646484,1,25.329374313354492,29.461557388305664,4.132183074951172,1
random_001,12,22,"19.375,13.750,0.312","38.125,8.125,0.312",16.545564651489258,14.79925537109375,1.7463092803955078,1,20.307472229003906,21.998828887939453,1.6913566589355469,1
random_001,12,23,"19.375,13.750,0.312","28.125,13.125,1.562",10.0496826171875,10.123641967773438,0.0739593505859375,1,20.61150360107422,20.054454803466797,0.5570487976074219,1
random_001,12,24,"19.375,13.750,0.312","8.125,18.750,2.188",24.784439086914062,20.136228561401367,4.648210525512695,1,31.826269149780273,28.410972595214844,3.4152965545654297,1
random_001,12,25,"19.375,13.750,0.312","4.375,1.250,0.312",18.978595733642578,18.018413543701172,0.9601821899414062,1,20.916213989257812,21.68418312072754,0.7679691314697266,1
random_001,12,26,"19.375,13.750,0.312","1.250,3.125,0.938",15.150313377380371,15.239585876464844,0.08927249908447266,1,14.885037422180176,15.25649642944336,0.3714590072631836,1
random_001,12,27,"19.375,13.750,0.312","19.375,10.000,1.562",7.276419639587402,5.796753883361816,1.479665756225586,1,12.840714454650879,12.528802871704102,0.31191158294677734,1
random_001,12,28,"19.375,13.750,0.312","6.875,31.250,2.188",26.341896057128906,25.970233917236328,0.3716621398925781,1,38.85525894165039,40.61030578613281,1.7550468444824219,1
random_001,12,29,"19.375,13.750,0.312","7.500,26.875,0.312",31.457178115844727,30.400760650634766,1.056417465209961,1,41.023502349853516,43.186771392822266,2.16326904296875,1
random_001,13,14,"12.500,18.750,0.938","5.000,6.250,1.562",16.54569435119629,22.387310028076172,5.841615676879883,1,28.309343338012695,28.349905014038086,0.040561676025390625,1
random_001,13,15,"12.500,18.750,0.938","27.500,1.875,0.938",18.071121215820312,25.639297485351562,7.56817626953125,1,34.798370361328125,41.054256439208984,6.255886077880859,1
random_001,13,16,"12.500,18.750,0.938","14.375,24.375,0.938",7.649228096008301,6.966974258422852,0.6822538375854492,1,12.413235664367676,11.98200511932373,0.4312305450439453,1
random_001,13,17,"12.500,18.750,0.938","37.500,33.750,1.562",16.312055587768555,18.616506576538086,2.3044509887695312,1,22.399808883666992,26.223390579223633,3.8235816955566406,1
random_001,13,18,"12.500,18.750,0.938","5.000,1.875,0.938",15.04407787322998,23.73467254638672,8.690594673156738,1,22.78120231628418,26.54065704345703,3.7594547271728516,1
random_001,13,19,"12.500,18.750,0.938","36.250,27.500,2.188",14.83523178100586,17.026025772094727,2.190793991088867,1,22.68879508972168,23.164348602294922,0.4755535125732422,1
random_001,13,20,"12.500,18.750,0.938","33.750,23.125,1.562",13.529369354248047,17.269372940063477,3.7400035858154297,1,23.422893524169922,23.80194854736328,0.3790550231933594,1
random_001,13,21,"12.500,18.750,0.938","36.875,18.125,2.188",12.97635555267334,17.96758270263672,4.991227149963379,1,24.624452590942383,48.2841796875,23.659727096557617,1
random_001,13,22,"12.500,18.750,0.938","38.125,8.125,0.312",19.865020751953125,28.71358871459961,8.848567962646484,1,39.22040939331055,41.817420959472656,2.5970115661621094,1
random_001,13,23,"12.500,18.750,0.938","28.125,13.125,1.562",14.15416145324707,17.77493667602539,3.6207752227783203,1,23.282989501953125,22.99234390258789,0.2906455993652344,1
random_001,13,24,"12.500,18.750,0.938","8.125,18.750,2.188",5.132232666015625,6.682673454284668,1.550440788269043,1,8.758928298950195,8.807424545288086,0.048496246337890625,1
random_001,13,25,"12.500,18.750,0.938","4.375,1.250,0.312",15.435748100280762,23.672624588012695,8.236876487731934,1,25.05512237548828,24.566076278686523,0.4890460968017578,1
random_001,13,26,"12.500,18.750,0.938","1.250,3.125,0.938",12.861507415771484,21.395112991333008,8.533605575561523,1,20.18827247619629,22.897876739501953,2.709604263305664,1
random_001,13,27,"12.500,18.750,0.938","19.375,10.000,1.562",13.125389099121094,12.907817840576172,0.21757125854492188,1,18.67481803894043,20.039875030517578,1.3650569915771484,1
random_001,13,28,"12.500,18.750,0.938","6.875,31.250,2.188",15.294914245605469,17.189393997192383,1.894479751586914,1,22.582561492919922,23.076215744018555,0.4936542510986328,1
random_001,13,29,"12.500,18.750,0.938","7.500,26.875,0.312",14.970471382141113,16.962514877319336,1.9920434951782227,1,25.876293182373047,28.37810516357422,2.501811981201172,1
random_001,14,15,"5.000,6.250,1.562","27.500,1.875,0.938",14.057923316955566,13.293712615966797,0.7642107009887695,1,18.828493118286133,37.18305587768555,18.354562759399414,1
random_001,14,16,"5.000,6.250,1.562","14.375,24.375,0.938",21.521474838256836,14.372196197509766,7.14927864074707,1,27.449655532836914,29.18487548828125,1.735219955444336,1
random_001,14,17,"5.000,6.250,1.562","37.500,33.750,1.562",21.707199096679688,24.342578887939453,2.6353797912597656,1,24.285919189453125,25.04426383972168,0.7583446502685547,1
random_001,14,18,"5.000,6.250,1.562","5.000,1.875,0.938",6.551008224487305,7.9597883224487305,1.4087800979614258,1,8.94682502746582,9.196529388427734,0.24970436096191406,1
random_001,14,19,"5.000,6.250,1.562","36.250,27.500,2.188",19.833345413208008,22.884214401245117,3.0508689880371094,1,26.93060874938965,21.87543296813965,5.05517578125,1
random_001,14,20,"5.000,6.250,1.562","33.750,23.125,1.562",19.105714797973633,21.158260345458984,2.0525455474853516,1,21.35603904724121,19.92172622680664,1.4343128204345703,1
random_001,14,21,"5.000,6.250,1.562","36.875,18.125,2.188",19.053009033203125,21.041969299316406,1.9889602661132812,1,22.492252349853516,25.72419548034668,3.231943130493164,1
random_001,14,22,"5.000,6.250,1.562","38.125,8.125,0.312",18.973876953125,22.59931182861328,3.6254348754882812,1,33.45651626586914,41.65513229370117,8.198616027832031,1
random_001,14,23,"5.000,6.250,1.562","28.125,13.125,1.562",16.685455322265625,15.51042366027832,1.1750316619873047,1,21.682401657104492,16.080459594726562,5.60194206237793,1
random_001,14,24,"5.000,6.250,1.562","8.125,18.750,2.188",12.037196159362793,11.197526931762695,0.8396692276000977,1,16.61404037475586,16.077146530151367,0.5368938446044922,1
random_001,14,25,"5.000,6.250,1.562","4.375,1.250,0.312",6.907271385192871,8.768644332885742,1.861372947692871,1,9.656763076782227,9.839913368225098,0.1831502914428711,1
random_001,14,26,"5.000,6.250,1.562","1.250,3.125,0.938",7.181219100952148,7.985988616943359,0.8047695159912109,1,8.922831535339355,8.940570831298828,0.017739295959472656,1
random_001,14,27,"5.000,6.250,1.562","19.375,10.000,1.562",14.978133201599121,12.077614784240723,2.9005184173583984,1,17.498380661010742,13.68498706817627,3.8133935928344727,1
random_001,14,28,"5.000,6.250,1.562","6.875,31.250,2.188",14.480384826660156,13.227140426635742,1.253244400024414,1,23.21752166748047,20.321542739868164,2.8959789276123047,1
random_001,14,29,"5.000,6.250,1.562","7.500,26.875,0.312",14.462356567382812,13.94482421875,0.5175323486328125,1,21.55014991760254,19.568954467773438,1.9811954498291016,1
random_001,15,16,"27.500,1.875,0.938","14.375,24.375,0.938",23.28963851928711,18.833696365356445,4.455942153930664,1,32.04118347167969,35.57563400268555,3.5344505310058594,1
random_001,15,17,"27.500,1.875,0.938","37.500,33.750,1.562",13.427371978759766,13.638873100280762,0.2115011215209961,1,21.566274642944336,27.13179588317871,5.565521240234375,1
random_001,15,18,"27.500,1.875,0.938","5.000,1.875,0.938",12.090104103088379,11.043258666992188,1.0468454360961914,1,14.428643226623535,13.41829776763916,1.010345458984375,1
random_001,15,19,"27.500,1.875,0.938","36.250,27.500,2.188",13.30262565612793,12.699402809143066,0.6032228469848633,1,23.028289794921875,21.376623153686523,1.6516666412353516,1
random_001,15,20,"27.500,1.875,0.938","33.750,23.125,1.562",13.658365249633789,12.670166015625,0.9881992340087891,1,19.776750564575195,20.592138290405273,0.8153877258300781,1
random_001,15,21,"27.500,1.875,0.938","36.875,18.125,2.188",13.904439926147461,13.320341110229492,0.5840988159179688,1,26.883230209350586,23.362625122070312,3.5206050872802734,1
random_001,15,22,"27.500,1.875,0.938","38.125,8.125,0.312",11.551496505737305,10.87309741973877,0.6783990859985352,1,11.819090843200684,13.036225318908691,1.2171344757080078,1
random_001,15,23,"27.500,1.875,0.938","28.125,13.125,1.562",8.968509674072266,9.29488468170166,0.32637500762939453,1,15.111458778381348,14.078510284423828,1.0329484939575195,1
random_001,15,24,"27.500,1.875,0.938","8.125,18.750,2.188",26.093238830566406,24.420013427734375,1.6732254028320312,1,30.803068161010742,39.849361419677734,9.046293258666992,1
random_001,15,25,"27.500,1.875,0.938","4.375,1.250,0.312",11.940631866455078,11.108352661132812,0.8322792053222656,1,25.389041900634766,12.531712532043457,12.857329368591309,1
random_001,15,26,"27.500,1.875,0.938","1.250,3.125,0.938",11.65616226196289,12.012319564819336,0.3561573028564453,1,26.91969108581543,20.57923698425293,6.3404541015625,1
random_001,15,27,"27.500,1.875,0.938","19.375,10.000,1.562",14.739873886108398,11.055276870727539,3.6845970153808594,1,21.988378524780273,20.989233016967773,0.9991455078125,1
random_001,15,28,"27.500,1.875,0.938","6.875,31.250,2.188",22.15666961669922,21.852815628051758,0.30385398864746094,1,28.081876754760742,24.163551330566406,3.918325424194336,1
random_001,15,29,"27.500,1.875,0.938","7.500,26.875,0.312",28.037195205688477,24.870071411132812,3.167123794555664,1,40.01344680786133,37.7117805480957,2.301666259765625,1
random_001,16,17,"14.375,24.375,0.938","37.500,33.750,1.562",14.040095329284668,20.23514747619629,6.195052146911621,1,30.469070434570312,31.394529342651367,0.9254589080810547,1
random_001,16,18,"14.375,24.375,0.938","5.000,1.875,0.938",16.91219139099121,24.115375518798828,7.203184127807617,1,28.30219268798828,24.406841278076172,3.8953514099121094,1
random_001,16,19,"14.375,24.375,0.938","36.250,27.500,2.188",13.316001892089844,18.282699584960938,4.966697692871094,1,25.88945198059082,25.33563232421875,0.5538196563720703,1
random_001,16,20,"14.375,24.375,0.938","33.750,23.125,1.562",12.133462905883789,18.105093002319336,5.971630096435547,1,27.44891929626465,28.461706161499023,1.012786865234375,1
random_001,16,21,"14.375,24.375,0.938","36.875,18.125,2.188",14.503264427185059,19.41883087158203,4.915566444396973,1,27.76656150817871,46.58085632324219,18.814294815063477,1
random_001,16,22,"14.375,24.375,0.938","38.125,8.125,0.312",21.512739181518555,28.241870880126953,6.729131698608398,1,37.15909194946289,29.112794876098633,8.046297073364258,1
random_001,16,23,"14.375,24.375,0.938","28.125,13.125,1.562",17.00106430053711,20.937950134277344,3.9368858337402344,1,29.047039031982422,32.665409088134766,3.6183700561523438,1
random_001,16,24,"14.375,24.375,0.938","8.125,18.750,2.188",12.327465057373047,14.952613830566406,2.6251487731933594,1,19.72821807861328,23.586530685424805,3.8583126068115234,1
random_001,16,25,"14.375,24.375,0.938","4.375,1.250,0.312",16.12670135498047,23.826004028320312,7.699302673339844,1,29.69306182861328,25.047245025634766,4.645816802978516,1
random_001,16,26,"14.375,24.375,0.938","1.250,3.125,0.938",12.584451675415039,21.56641387939453,8.981962203979492,1,29.753480911254883,32.934932708740234,3.1814517974853516,1
random_001,16,27,"14.375,24.375,0.938","19.375,10.000,1.562",22.133995056152344,16.61839485168457,5.515600204467773,1,29.207063674926758,28.5246524810791,0.6824111938476562,1
random_001,16,28,"14.375,24.375,0.938","6.875,31.250,2.188",9.972475051879883,13.221774101257324,3.2492990493774414,1,17.848100662231445,19.693185806274414,1.8450851440429688,1
random_001,16,29,"14.375,24.375,0.938","7.500,26.875,0.312",8.63707160949707,12.635175704956055,3.9981040954589844,1,18.69293975830078,19.65831184387207,0.9653720855712891,1
random_001,17,18,"37.500,33.750,1.562","5.000,1.875,0.938",23.0950870513916,18.420122146606445,4.674964904785156,1,16.761734008789062,19.08356285095215,2.321828842163086,1
random_001,17,19,"37.500,33.750,1.562","36.250,27.500,2.188",8.663694381713867,8.342775344848633,0.3209190368652344,1,15.381426811218262,14.979896545410156,0.40153026580810547,1
random_001,17,20,"37.500,33.750,1.562","33.750,23.125,1.562",10.960443496704102,11.314434051513672,0.3539905548095703,1,17.877792358398438,17.18695640563965,0.6908359527587891,1
random_001,17,21,"37.500,33.750,1.562","36.875,18.125,2.188",12.182088851928711,12.539396286010742,0.35730743408203125,1,18.581356048583984,19.57835578918457,0.9969997406005859,1
random_001,17,22,"37.500,33.750,1.562","38.125,8.125,0.312",12.842081069946289,12.79519271850586,0.04688835144042969,1,19.128795623779297,23.274755477905273,4.145959854125977,1
random_001,17,23,"37.500,33.750,1.562","28.125,13.125,1.562",14.430343627929688,13.76671028137207,0.6636333465576172,1,24.488948822021484,25.7927303314209,1.303781509399414,1
random_001,17,24,"37.500,33.750,1.562","8.125,18.750,2.188",18.926855087280273,21.605979919433594,2.6791248321533203,1,28.339359283447266,22.4771671295166,5.862192153930664,1
random_001,17,25,"37.500,33.750,1.562","4.375,1.250,0.312",23.60472869873047,18.083242416381836,5.521486282348633,1,15.999556541442871,18.87390899658203,2.87435245513916,1
random_001,17,26,"37.500,33.750,1.562","1.250,3.125,0.938",24.70709991455078,19.623842239379883,5.083257675170898,1,19.31315803527832,21.361873626708984,2.048715591430664,1
random_001,17,27,"37.500,33.750,1.562","19.375,10.000,1.562",20.89759063720703,16.411842346191406,4.485748291015625,1,28.640871047973633,30.3270206451416,1.6861495971679688,1
random_001,17,28,"37.500,33.750,1.562","6.875,31.250,2.188",19.815269470214844,22.7066707611084,2.8914012908935547,1,30.65591812133789,42.85865783691406,12.202739715576172,1
random_001,17,29,"37.500,33.750,1.562","7.500,26.875,0.312",17.08070182800293,16.37428092956543,0.7064208984375,1,38.790252685546875,24.939638137817383,13.850614547729492,1
random_001,18,19,"5.000,1.875,0.938","36.250,27.500,2.188",19.867534637451172,21.721778869628906,1.8542442321777344,1,20.04917335510254,20.173194885253906,0.12402153015136719,1
random_001,18,20,"5.000,1.875,0.938","33.750,23.125,1.562",22.65761375427246,22.64382553100586,0.013788223266601562,1,30.55494499206543,29.545839309692383,1.0091056823730469,1
random_001,18,21,"5.000,1.875,0.938","36.875,18.125,2.188",23.310531616210938,24.033374786376953,0.7228431701660156,1,28.881206512451172,40.95378112792969,12.072574615478516,1
random_001,18,22,"5.000,1.875,0.938","38.125,8.125,0.312",16.39543914794922,25.348011016845703,8.952571868896484,1,30.501680374145508,33.69731521606445,3.1956348419189453,1
random_001,18,23,"5.000,1.875,0.938","28.125,13.125,1.562",20.36386489868164,20.293508529663086,0.07035636901855469,1,36.315391540527344,43.68935012817383,7.373958587646484,1
random_001,18,24,"5.000,1.875,0.938","8.125,18.750,2.188",12.239298820495605,12.069921493530273,0.16937732696533203,1,15.005709648132324,14.347991943359375,0.6577177047729492,1
random_001,18,25,"5.000,1.875,0.938","4.375,1.250,0.312",2.029974937438965,2.6077613830566406,0.5777864456176758,1,1.8190916776657104,1.6045209169387817,0.2145707607269287,1
random_001,18,26,"5.000,1.875,0.938","1.250,3.125,0.938",6.094303131103516,6.323984146118164,0.22968101501464844,1,5.8483805656433105,5.817579746246338,0.030800819396972656,1
random_001,18,27,"5.000,1.875,0.938","19.375,10.000,1.562",21.300025939941406,17.82521629333496,3.4748096466064453,1,22.353797912597656,22.312747955322266,0.041049957275390625,1
random_001,18,28,"5.000,1.875,0.938","6.875,31.250,2.188",14.008466720581055,12.298202514648438,1.7102642059326172,1,19.741491317749023,17.986732482910156,1.7547588348388672,1
random_001,18,29,"5.000,1.875,0.938","7.500,26.875,0.312",13.870760917663574,13.176044464111328,0.6947164535522461,1,20.551517486572266,19.484853744506836,1.0666637420654297,1
random_001,19,20,"36.250,27.500,2.188","33.750,23.125,1.562",8.393533706665039,7.142034530639648,1.2514991760253906,1,14.670390129089355,14.343701362609863,0.3266887664794922,1
random_001,19,21,"36.250,27.500,2.188","36.875,18.125,2.188",10.296529769897461,10.832403182983398,0.5358734130859375,1,16.430482864379883,17.31809425354004,0.8876113891601562,1
random_001,19,22,"36.250,27.500,2.188","38.125,8.125,0.312",11.95368766784668,12.635351181030273,0.6816635131835938,1,18.57590675354004,19.125818252563477,0.5499114990234375,1
random_001,19,23,"36.250,27.500,2.188","28.125,13.125,1.562",13.252256393432617,13.197745323181152,0.054511070251464844,1,25.63411521911621,25.909038543701172,0.27492332458496094,1
random_001,19,24,"36.250,27.500,2.188","8.125,18.750,2.188",20.833486557006836,20.60371971130371,0.229766845703125,1,20.480783462524414,19.639135360717773,0.8416481018066406,1
random_001,19,25,"36.250,27.500,2.188","4.375,1.250,0.312",21.288021087646484,19.715248107910156,1.5727729797363281,1,26.31770896911621,18.89949607849121,7.418212890625,1
random_001,19,26,"36.250,27.500,2.188","1.250,3.125,0.938",21.431392669677734,18.223068237304688,3.208324432373047,1,15.80424690246582,21.2927303314209,5.488483428955078,1
random_001,19,27,"36.250,27.500,2.188","19.375,10.000,1.562",21.99886131286621,17.78384017944336,4.215021133422852,1,29.6551513671875,39.58589172363281,9.930740356445312,1
random_001,19,28,"36.250,27.500,2.188","6.875,31.250,2.188",14.857487678527832,15.602418899536133,0.7449312210083008,1,26.711261749267578,23.42601203918457,3.285249710083008,1
random_001,19,29,"36.250,27.500,2.188","7.500,26.875,0.312",16.53718376159668,15.05872631072998,1.4784574508666992,1,28.236351013183594,24.356821060180664,3.8795299530029297,1
random_001,20,21,"33.750,23.125,1.562","36.875,18.125,2.188",8.58952522277832,8.49223518371582,0.0972900390625,1,18.609018325805664,18.358068466186523,0.2509498596191406,1
random_001,20,22,"33.750,23.125,1.562","38.125,8.125,0.312",12.29220199584961,12.871374130249023,0.5791721343994141,1,20.742431640625,22.29657745361328,1.5541458129882812,1
random_001,20,23,"33.750,23.125,1.562","28.125,13.125,1.562",12.192487716674805,13.168743133544922,0.9762554168701172,1,25.785602569580078,25.736278533935547,0.04932403564453125,1
random_001,20,24,"33.750,23.125,1.562","8.125,18.750,2.188",23.28072738647461,19.641542434692383,3.6391849517822266,1,21.89855194091797,19.23063087463379,2.6679210662841797,1
random_001,20,25,"33.750,23.125,1.562","4.375,1.250,0.312",22.157939910888672,22.691913604736328,0.5339736938476562,1,25.1707763671875,26.85800552368164,1.6872291564941406,1
random_001,20,26,"33.750,23.125,1.562","1.250,3.125,0.938",18.808868408203125,17.57801055908203,1.2308578491210938,1,14.934240341186523,14.096872329711914,0.8373680114746094,1
random_001,20,27,"33.750,23.125,1.562","19.375,10.000,1.562",21.246721267700195,16.544485092163086,4.702236175537109,1,35.17671585083008,40.15193176269531,4.975215911865234,1
random_001,20,28,"33.750,23.125,1.562","6.875,31.250,2.188",16.24556541442871,14.566807746887207,1.678757667541504,1,22.834442138671875,24.718738555908203,1.8842964172363281,1
random_001,20,29,"33.750,23.125,1.562","7.500,26.875,0.312",21.278345108032227,16.54393196105957,4.734413146972656,1,26.11808967590332,27.73514175415039,1.6170520782470703,1
random_001,21,22,"36.875,18.125,2.188","38.125,8.125,0.312",10.709484100341797,10.47531509399414,0.23416900634765625,1,18.452774047851562,17.610435485839844,0.8423385620117188,1
random_001,21,23,"36.875,18.125,2.188","28.125,13.125,1.562",13.954296112060547,13.758420944213867,0.1958751678466797,1,26.61115837097168,25.321794509887695,1.2893638610839844,1
random_001,21,24,"36.875,18.125,2.188","8.125,18.750,2.188",23.23412322998047,17.767980575561523,5.466142654418945,1,26.511186599731445,43.394798278808594,16.88361167907715,1
random_001,21,25,"36.875,18.125,2.188","4.375,1.250,0.312",24.546300888061523,23.1541690826416,1.3921318054199219,1,44.53635025024414,37.12335968017578,7.412990570068359,1
random_001,21,26,"36.875,18.125,2.188","1.250,3.125,0.938",21.249725341796875,18.981008529663086,2.268716812133789,1,19.4894962310791,22.5286808013916,3.0391845703125,1
random_001,21,27,"36.875,18.125,2.188","19.375,10.000,1.562",16.757802963256836,13.02989387512207,3.7279090881347656,1,24.77519416809082,24.062191009521484,0.7130031585693359,1
random_001,21,28,"36.875,18.125,2.188","6.875,31.250,2.188",17.710208892822266,16.411664962768555,1.298543930053711,1,17.21177864074707,21.72262191772461,4.510843276977539,1
random_001,21,29,"36.875,18.125,2.188","7.500,26.875,0.312",23.410863876342773,21.27564239501953,2.135221481323242,1,25.335187911987305,24.434410095214844,0.9007778167724609,1
random_001,22,23,"38.125,8.125,0.312","28.125,13.125,1.562",14.358960151672363,12.668929100036621,1.6900310516357422,1,20.575496673583984,20.940401077270508,0.36490440368652344,1
random_001,22,24,"38.125,8.125,0.312","8.125,18.750,2.188",31.908531188964844,23.527042388916016,8.381488800048828,1,48.39426040649414,50.6224365234375,2.2281761169433594,1
random_001,22,25,"38.125,8.125,0.312","4.375,1.250,0.312",26.11151885986328,16.27716064453125,9.834358215332031,1,33.82180404663086,29.844419479370117,3.977384567260742,1
random_001,22,26,"38.125,8.125,0.312","1.250,3.125,0.938",24.18920135498047,17.370834350585938,6.818367004394531,1,32.161869049072266,24.86871910095215,7.293149948120117,1
random_001,22,27,"38.125,8.125,0.312","19.375,10.000,1.562",16.560443878173828,18.32773780822754,1.767293930053711,1,25.92270278930664,23.07342529296875,2.8492774963378906,1
random_001,22,28,"38.125,8.125,0.312","6.875,31.250,2.188",22.659948348999023,20.897855758666992,1.7620925903320312,1,23.12752914428711,24.219636917114258,1.0921077728271484,1
random_001,22,29,"38.125,8.125,0.312","7.500,26.875,0.312",28.859737396240234,23.779273986816406,5.080463409423828,1,38.95616149902344,34.462093353271484,4.494068145751953,1
random_001,23,24,"28.125,13.125,1.562","8.125,18.750,2.188",27.412321090698242,19.784889221191406,7.627431869506836,1,24.440698623657227,26.503881454467773,2.063182830810547,1
random_001,23,25,"28.125,13.125,1.562","4.375,1.250,0.312",20.25564193725586,20.607730865478516,0.35208892822265625,1,34.16660690307617,35.53838348388672,1.3717765808105469,1
random_001,23,26,"28.125,13.125,1.562","1.250,3.125,0.938",16.32028579711914,17.031661987304688,0.7113761901855469,1,19.324176788330078,19.657007217407227,0.33283042907714844,1
random_001,23,27,"28.125,13.125,1.562","19.375,10.000,1.562",10.662832260131836,9.004003524780273,1.6588287353515625,1,16.490877151489258,19.564130783081055,3.073253631591797,1
random_001,23,28,"28.125,13.125,1.562","6.875,31.250,2.188",20.67009925842285,20.528324127197266,0.14177513122558594,1,27.68534278869629,29.265029907226562,1.5796871185302734,1
random_001,23,29,"28.125,13.125,1.562","7.500,26.875,0.312",32.22096633911133,27.2239990234375,4.996967315673828,1,39.9819221496582,42.216739654541016,2.2348175048828125,1
random_001,24,25,"8.125,18.750,2.188","4.375,1.250,0.312",12.281431198120117,12.253662109375,0.027769088745117188,1,16.699724197387695,14.220535278320312,2.479188919067383,1
random_001,24,26,"8.125,18.750,2.188","1.250,3.125,0.938",12.687588691711426,11.686338424682617,1.0012502670288086,1,16.874067306518555,14.715442657470703,2.1586246490478516,1
random_001,24,27,"8.125,18.750,2.188","19.375,10.000,1.562",20.585250854492188,23.943359375,3.3581085205078125,1,31.233104705810547,31.557584762573242,0.3244800567626953,1
random_001,24,28,"8.125,18.750,2.188","6.875,31.250,2.188",13.419898986816406,12.51004409790039,0.9098548889160156,1,20.772411346435547,20.078746795654297,0.69366455078125,1
random_001,24,29,"8.125,18.750,2.188","7.500,26.875,0.312",11.786767959594727,11.831838607788086,0.045070648193359375,1,15.106361389160156,15.596965789794922,0.4906044006347656,1
random_001,25,26,"4.375,1.250,0.312","1.250,3.125,0.938",5.8075103759765625,4.949193000793457,0.8583173751831055,1,5.215007781982422,5.643287658691406,0.4282798767089844,1
random_001,25,27,"4.375,1.250,0.312","19.375,10.000,1.562",21.154335021972656,17.54252052307129,3.611814498901367,1,22.044326782226562,21.535690307617188,0.508636474609375,1
random_001,25,28,"4.375,1.250,0.312","6.875,31.250,2.188",14.120180130004883,11.886516571044922,2.233663558959961,1,19.467370986938477,18.45003318786621,1.0173377990722656,1
random_001,25,29,"4.375,1.250,0.312","7.500,26.875,0.312",14.04611587524414,12.950704574584961,1.0954113006591797,1,18.828296661376953,18.310226440429688,0.5180702209472656,1
random_001,26,27,"1.250,3.125,0.938","19.375,10.000,1.562",16.406780242919922,12.655591011047363,3.7511892318725586,1,15.120304107666016,14.089884757995605,1.0304193496704102,1
random_001,26,28,"1.250,3.125,0.938","6.875,31.250,2.188",14.118103981018066,13.348725318908691,0.769378662109375,1,20.518436431884766,21.406890869140625,0.8884544372558594,1
random_001,26,29,"1.250,3.125,0.938","7.500,26.875,0.312",13.935750007629395,14.492733001708984,0.5569829940795898,1,18.91431427001953,19.971485137939453,1.0571708679199219,1
random_001,27,28,"19.375,10.000,1.562","6.875,31.250,2.188",25.24358558654785,28.285703659057617,3.0421180725097656,1,36.75372314453125,39.54663848876953,2.7929153442382812,1
random_001,27,29,"19.375,10.000,1.562","7.500,26.875,0.312",26.02057456970215,27.0167293548584,0.99615478515625,1,35.688175201416016,37.1079216003418,1.4197463989257812,1
random_001,28,29,"6.875,31.250,2.188","7.500,26.875,0.312",7.890751361846924,8.44264030456543,0.5518889427185059,1,11.949851036071777,12.470819473266602,0.5209684371948242,1
random_002,0,1,"30.000,32.500,2.188","7.500,5.625,0.312",21.832012176513672,20.58926010131836,1.2427520751953125,1,30.167104721069336,28.148639678955078,2.018465042114258,1
random_002,0,2,"30.000,32.500,2.188","29.375,9.375,2.188",11.754693984985352,12.707747459411621,0.9530534744262695,1,22.69966697692871,22.959884643554688,0.26021766662597656,1
random_002,0,3,"30.000,32.500,2.188","30.625,29.375,0.312",5.612194061279297,5.9353485107421875,0.3231544494628906,1,9.779001235961914,9.69279956817627,0.08620166778564453,1
random_002,0,4,"30.000,32.500,2.188","30.625,20.625,2.188",11.390174865722656,10.940179824829102,0.4499950408935547,1,18.104576110839844,17.776119232177734,0.3284568786621094,1
random_002,0,5,"30.000,32.500,2.188","5.625,3.750,0.938",19.69133758544922,19.777202606201172,0.08586502075195312,1,26.86787986755371,26.41508674621582,0.4527931213378906,1
random_002,0,6,"30.000,32.500,2.188","30.625,12.500,1.562",11.442375183105469,13.303374290466309,1.8609991073608398,1,23.358314514160156,24.579082489013672,1.2207679748535156,1
random_002,0,7,"30.000,32.500,2.188","25.000,23.125,2.188",11.87917709350586,10.614532470703125,1.2646446228027344,1,19.655803680419922,20.992996215820312,1.3371925354003906,1
random_002,0,8,"30.000,32.500,2.188","10.625,6.875,0.938",22.77498435974121,20.075992584228516,2.6989917755126953,1,28.65597152709961,31.02800178527832,2.372030258178711,1
random_002,0,9,"30.000,32.500,2.188","27.500,25.000,0.312",9.596149444580078,10.232431411743164,0.6362819671630859,1,16.93825912475586,18.458417892456055,1.5201587677001953,1
random_002,0,10,"30.000,32.500,2.188","21.250,18.750,0.938",14.014263153076172,12.17615795135498,1.8381052017211914,1,20.288536071777344,21.179027557373047,0.8904914855957031,1
random_002,0,11,"30.000,32.500,2.188","16.250,14.375,0.312",25.71364974975586,18.584667205810547,7.1289825439453125,1,31.227497100830078,35.48020935058594,4.252712249755859,1
random_002,0,12,"30.000,32.500,2.188","11.250,4.375,1.562",21.490432739257812,19.227306365966797,2.2631263732910156,1,26.64937400817871,27.06648063659668,0.41710662841796875,1
random_002,0,13,"30.000,32.500,2.188","8.125,10.000,0.312",25.51019287109375,22.519474029541016,2.9907188415527344,1,33.754112243652344,35.089317321777344,1.335205078125,1
random_002,0,14,"30.000,32.500,2.188","21.250,3.750,0.938",11.087629318237305,13.614282608032227,2.526653289794922,1,21.62862205505371,20.652597427368164,0.9760246276855469,1
random_002,0,15,"30.000,32.500,2.188","35.625,29.375,1.562",8.13504409790039,8.429842948913574,0.2947988510131836,1,11.846930503845215,13.177077293395996,1.3301467895507812,1
random_002,0,16,"30.000,32.500,2.188","28.125,4.375,2.188",11.024092674255371,13.282878875732422,2.258786201477051,1,24.85181427001953,24.507352828979492,0.34446144104003906,1
random_002,0,17,"30.000,32.500,2.188","31.875,16.250,2.188",12.132152557373047,12.639762878417969,0.5076103210449219,1,21.764616012573242,22.961029052734375,1.1964130401611328,1
random_002,0,18,"30.000,32.500,2.188","16.250,5.000,1.562",23.29463768005371,19.011856079101562,4.282781600952148,1,23.657255172729492,27.189517974853516,3.5322628021240234,1
random_002,0,19,"30.000,32.500,2.188","28.125,26.875,0.312",8.958961486816406,8.68968391418457,0.26927757263183594,1,14.41916561126709,15.391571044921875,0.9724054336547852,1
random_002,0,20,"30.000,32.500,2.188","9.375,3.125,1.562",20.039621353149414,18.898860931396484,1.1407604217529297,1,25.86700439453125,27.548067092895508,1.6810626983642578,1
random_002,0,21,"30.000,32.500,2.188","11.250,19.375,0.938",27.5767822265625,20.774538040161133,6.802244186401367,1,34.95092010498047,35.72066879272461,0.7697486877441406,1
random_002,0,22,"30.000,32.500,2.188","37.500,26.250,1.562",11.02716064453125,11.684534072875977,0.6573734283447266,1,20.192462921142578,19.287967681884766,0.9044952392578125,1
random_002,0,23,"30.000,32.500,2.188","14.375,36.875,0.312",11.896060943603516,11.254013061523438,0.6420478820800781,1,16.530391693115234,16.694198608398438,0.16380691528320312,1
random_002,0,24,"30.000,32.500,2.188","29.375,37.500,1.562",5.354804039001465,6.689343452453613,1.3345394134521484,1,9.727978706359863,10.31089973449707,0.582921028137207,1
random_002,0,25,"30.000,32.500,2.188","10.625,5.000,1.562",21.6210994720459,19.829153060913086,1.7919464111328125,1,27.51878547668457,29.66530990600586,2.146524429321289,1
random_002,0,26,"30.000,32.500,2.188","20.625,24.375,0.312",11.698789596557617,11.440960884094238,0.2578287124633789,1,20.04091453552246,19.368818283081055,0.6720962524414062,1
random_002,0,27,"30.000,32.500,2.188","8.750,21.250,0.312",27.051677703857422,21.142492294311523,5.909185409545898,1,34.516353607177734,36.48213577270508,1.9657821655273438,1
random_002,0,28,"30.000,32.500,2.188","9.375,8.125,2.188",23.01165008544922,20.124204635620117,2.8874454498291016,1,31.63496208190918,30.727094650268555,0.907867431640625,1
random_002,0,29,"30.000,32.500,2.188","35.625,30.000,2.188",7.26399040222168,7.262138366699219,0.0018520355224609375,1,11.460298538208008,12.235865592956543,0.7755670547485352,1
random_002,1,2,"7.500,5.625,0.312","29.375,9.375,2.188",19.800792694091797,18.270421981811523,1.5303707122802734,1,26.950214385986328,25.897233963012695,1.0529804229736328,1
random_002,1,3,"7.500,5.625,0.312","30.625,29.375,0.312",21.486230850219727,22.72412109375,1.2378902435302734,1,28.458654403686523,29.18230438232422,0.7236499786376953,1
random_002,1,4,"7.500,5.625,0.312","30.625,20.625,2.188",21.587764739990234,21.332727432250977,0.2550373077392578,1,33.773216247558594,37.44374465942383,3.6705284118652344,1
random_002,1,5,"7.500,5.625,0.312","5.625,3.750,0.938",5.27379035949707,5.336416244506836,0.06262588500976562,1,7.722762584686279,8.19505500793457,0.472292423248291,1
random_002,1,6,"7.500,5.625,0.312","30.625,12.500,1.562",23.402612686157227,20.851226806640625,2.5513858795166016,1,28.60628890991211,29.596834182739258,0.9905452728271484,1
random_002,1,7,"7.500,5.625,0.312","25.000,23.125,2.188",27.645292282104492,23.71721839904785,3.9280738830566406,1,41.49949264526367,40.227142333984375,1.2723503112792969,1
random_002,1,8,"7.500,5.625,0.312","10.625,6.875,0.938",7.063127517700195,5.730203628540039,1.3329238891601562,1,10.324623107910156,11.179879188537598,0.8552560806274414,1
random_002,1,9,"7.500,5.625,0.312","27.500,25.000,0.312",25.840167999267578,24.819477081298828,1.02069091796875,1,38.79829406738281,39.76966094970703,0.9713668823242188,1
random_002,1,10,"7.500,5.625,0.312","21.250,18.750,0.938",24.405488967895508,21.992996215820312,2.4124927520751953,1,34.48885726928711,35.56282043457031,1.0739631652832031,1
random_002,1,11,"7.500,5.625,0.312","16.250,14.375,0.312",14.631526947021484,13.477479934692383,1.1540470123291016,1,21.732074737548828,21.58194351196289,0.1501312255859375,1
random_002,1,12,"7.500,5.625,0.312","11.250,4.375,1.562",8.265789031982422,7.794837951660156,0.4709510803222656,1,12.313697814941406,12.472847938537598,0.1591501235961914,1
random_002,1,13,"7.500,5.625,0.312","8.125,10.000,0.312",8.940118789672852,9.622151374816895,0.682032585144043,1,14.180987358093262,14.212698936462402,0.031711578369140625,1
random_002,1,14,"7.500,5.625,0.312","21.250,3.750,0.938",14.817264556884766,12.601261138916016,2.21600341796875,1,23.48535919189453,15.762499809265137,7.7228593826293945,1
random_002,1,15,"7.500,5.625,0.312","35.625,29.375,1.562",20.264413833618164,23.088565826416016,2.8241519927978516,1,26.688505172729492,24.45504379272461,2.233461380004883,1
random_002,1,16,"7.500,5.625,0.312","28.125,4.375,2.188",16.943557739257812,17.318784713745117,0.3752269744873047,1,16.59608268737793,16.990047454833984,0.3939647674560547,1
random_002,1,17,"7.500,5.625,0.312","31.875,16.250,2.188",24.021808624267578,23.266883850097656,0.7549247741699219,1,33.08826446533203,36.33356475830078,3.24530029296875,1
random_002,1,18,"7.500,5.625,0.312","16.250,5.000,1.562",11.236879348754883,10.181888580322266,1.0549907684326172,1,15.378119468688965,17.451292037963867,2.0731725692749023,1
random_002,1,19,"7.500,5.625,0.312","28.125,26.875,0.312",25.08127784729004,24.733257293701172,0.3480205535888672,1,31.207983016967773,36.892333984375,5.684350967407227,1
random_002,1,20,"7.500,5.625,0.312","9.375,3.125,1.562",7.502875328063965,6.128262519836426,1.374612808227539,1,9.622200012207031,9.883381843566895,0.2611818313598633,1
random_002,1,21,"7.500,5.625,0.312","11.250,19.375,0.938",20.70024871826172,14.732358932495117,5.967889785766602,1,23.293439865112305,26.070863723754883,2.777423858642578,1
random_002,1,22,"7.500,5.625,0.312","37.500,26.250,1.562",21.65505599975586,22.855653762817383,1.2005977630615234,1,27.484996795654297,29.166364669799805,1.6813678741455078,1
random_002,1,23,"7.500,5.625,0.312","14.375,36.875,0.312",23.8507080078125,23.035659790039062,0.8150482177734375,1,27.665271759033203,36.05596160888672,8.390689849853516,1
random_002,1,24,"7.500,5.625,0.312","29.375,37.500,1.562",20.965999603271484,22.157516479492188,1.1915168762207031,1,22.42487144470215,20.2188720703125,2.2059993743896484,1
random_002,1,25,"7.500,5.625,0.312","10.625,5.000,1.562",7.568930625915527,5.819057464599609,1.749873161315918,1,10.406506538391113,10.703853607177734,0.2973470687866211,1
random_002,1,26,"7.500,5.625,0.312","20.625,24.375,0.312",29.153942108154297,24.035228729248047,5.11871337890625,1,37.35584259033203,38.87612533569336,1.5202827453613281,1
random_002,1,27,"7.500,5.625,0.312","8.750,21.250,0.312",20.375761032104492,16.647228240966797,3.7285327911376953,1,25.066789627075195,26.986318588256836,1.9195289611816406,1
random_002,1,28,"7.500,5.625,0.312","9.375,8.125,2.188",7.916338920593262,5.275119781494141,2.641219139099121,1,10.921904563903809,11.302905082702637,0.3810005187988281,1
random_002,1,29,"7.500,5.625,0.312","35.625,30.000,2.188",20.12529945373535,23.008304595947266,2.883005142211914,1,26.419443130493164,26.84373664855957,0.42429351806640625,1
random_002,2,3,"29.375,9.375,2.188","30.625,29.375,0.312",12.719818115234375,12.45667839050293,0.2631397247314453,1,25.55010223388672,25.272897720336914,0.2772045135498047,1
random_002,2,4,"29.375,9.375,2.188","30.625,20.625,2.188",10.995720863342285,10.735233306884766,0.26048755645751953,1,17.959854125976562,19.55883026123047,1.5989761352539062,1
random_002,2,5,"29.375,9.375,2.188","5.625,3.750,0.938",20.458311080932617,20.475563049316406,0.017251968383789062,1,31.074600219726562,32.50551986694336,1.4309196472167969,1
random_002,2,6,"29.375,9.375,2.188","30.625,12.500,1.562",5.416572570800781,5.367156982421875,0.04941558837890625,1,8.677363395690918,7.9843926429748535,0.6929707527160645,1
random_002,2,7,"29.375,9.375,2.188","25.000,23.125,2.188",13.16588306427002,12.607142448425293,0.5587406158447266,1,23.756702423095703,21.664443969726562,2.0922584533691406,1
random_002,2,8,"29.375,9.375,2.188","10.625,6.875,0.938",17.254924774169922,18.66075325012207,1.4058284759521484,1,20.390291213989258,23.07126808166504,2.6809768676757812,1
random_002,2,9,"29.375,9.375,2.188","27.500,25.000,0.312",13.136412620544434,13.238290786743164,0.10187816619873047,1,23.49043083190918,22.242595672607422,1.2478351593017578,1
random_002,2,10,"29.375,9.375,2.188","21.250,18.750,0.938",15.583647727966309,15.378204345703125,0.2054433822631836,1,29.31743812561035,28.432239532470703,0.8851985931396484,1
random_002,2,11,"29.375,9.375,2.188","16.250,14.375,0.312",21.915620803833008,18.29285430908203,3.6227664947509766,1,25.84473419189453,25.759275436401367,0.08545875549316406,1
random_002,2,12,"29.375,9.375,2.188","11.250,4.375,1.562",19.377193450927734,20.82643699645996,1.4492435455322266,1,29.349241256713867,26.973047256469727,2.3761940002441406,1
random_002,2,13,"29.375,9.375,2.188","8.125,10.000,0.312",16.22068977355957,18.197452545166016,1.9767627716064453,1,20.3187198638916,21.388826370239258,1.0701065063476562,1
random_002,2,14,"29.375,9.375,2.188","21.250,3.750,0.938",11.049609184265137,13.734736442565918,2.6851272583007812,1,15.77737045288086,15.794384956359863,0.017014503479003906,1
random_002,2,15,"29.375,9.375,2.188","35.625,29.375,1.562",15.375297546386719,16.222272872924805,0.8469753265380859,1,23.348182678222656,21.331392288208008,2.0167903900146484,1
random_002,2,16,"29.375,9.375,2.188","28.125,4.375,2.188",6.355557441711426,6.463336944580078,0.10777950286865234,1,9.360793113708496,9.296727180480957,0.06406593322753906,1
random_002,2,17,"29.375,9.375,2.188","31.875,16.250,2.188",8.960060119628906,8.577471733093262,0.38258838653564453,1,13.608222961425781,14.933045387268066,1.3248224258422852,1
random_002,2,18,"29.375,9.375,2.188","16.250,5.000,1.562",14.408547401428223,15.795733451843262,1.387186050415039,1,16.06743049621582,30.5352840423584,14.467853546142578,1
random_002,2,19,"29.375,9.375,2.188","28.125,26.875,0.312",13.12965202331543,13.427486419677734,0.2978343963623047,1,25.500492095947266,26.274381637573242,0.7738895416259766,1
random_002,2,20,"29.375,9.375,2.188","9.375,3.125,1.562",19.086076736450195,18.642446517944336,0.4436302185058594,1,24.034385681152344,27.18019676208496,3.145811080932617,1
random_002,2,21,"29.375,9.375,2.188","11.250,19.375,0.938",27.929224014282227,22.649566650390625,5.279657363891602,1,33.45820617675781,36.341636657714844,2.8834304809570312,1
random_002,2,22,"29.375,9.375,2.188","37.500,26.250,1.562",12.120712280273438,10.31538200378418,1.8053302764892578,1,18.526569366455078,19.41608238220215,0.8895130157470703,1
random_002,2,23,"29.375,9.375,2.188","14.375,36.875,0.312",22.0594425201416,22.068626403808594,0.009183883666992188,1,25.030614852905273,25.525068283081055,0.49445343017578125,1
random_002,2,24,"29.375,9.375,2.188","29.375,37.500,1.562",11.45724105834961,13.359179496765137,1.9019384384155273,1,20.955581665039062,21.333799362182617,0.3782176971435547,1
random_002,2,25,"29.375,9.375,2.188","10.625,5.000,1.562",19.992002487182617,20.526123046875,0.5341205596923828,1,35.47496032714844,28.51233673095703,6.962623596191406,1
random_002,2,26,"29.375,9.375,2.188","20.625,24.375,0.312",17.10334587097168,17.785768508911133,0.6824226379394531,1,28.8165340423584,30.116086959838867,1.2995529174804688,1
random_002,2,27,"29.375,9.375,2.188","8.750,21.250,0.312",28.283935546875,23.614776611328125,4.669158935546875,1,31.71068000793457,33.31096267700195,1.6002826690673828,1
random_002,2,28,"29.375,9.375,2.188","9.375,8.125,2.188",17.067424774169922,17.880504608154297,0.813079833984375,1,19.505456924438477,20.414539337158203,0.9090824127197266,1
random_002,2,29,"29.375,9.375,2.188","35.625,30.000,2.188",15.62204647064209,15.724411964416504,0.10236549377441406,1,19.165672302246094,18.59422492980957,0.5714473724365234,1
random_002,3,4,"30.625,29.375,0.312","30.625,20.625,2.188",11.158256530761719,9.746776580810547,1.4114799499511719,1,16.800077438354492,16.937877655029297,0.1378002166748047,1
random_002,3,5,"30.625,29.375,0.312","5.625,3.750,0.938",20.88889503479004,20.218538284301758,0.6703567504882812,1,33.24013137817383,28.48859405517578,4.751537322998047,1
random_002,3,6,"30.625,29.375,0.312","30.625,12.500,1.562",11.695023536682129,12.954389572143555,1.2593660354614258,1,26.58124542236328,24.71654510498047,1.8647003173828125,1
random_002,3,7,"30.625,29.375,0.312","25.000,23.125,2.188",12.258331298828125,9.652779579162598,2.6055517196655273,1,19.35249900817871,19.169864654541016,0.1826343536376953,1
random_002,3,8,"30.625,29.375,0.312","10.625,6.875,0.938",23.750587463378906,21.429134368896484,2.321453094482422,1,37.832252502441406,38.71968460083008,0.8874320983886719,1
random_002,3,9,"30.625,29.375,0.312","27.500,25.000,0.312",8.902192115783691,8.170382499694824,0.7318096160888672,1,12.373757362365723,14.684122085571289,2.3103647232055664,1
random_002,3,10,"30.625,29.375,0.312","21.250,18.750,0.938",14.54906177520752,12.66876220703125,1.8802995681762695,1,23.322065353393555,23.026103973388672,0.2959613800048828,1
random_002,3,11,"30.625,29.375,0.312","16.250,14.375,0.312",26.53809356689453,18.946317672729492,7.591775894165039,1,41.707420349121094,43.00743865966797,1.300018310546875,1
random_002,3,12,"30.625,29.375,0.312","11.250,4.375,1.562",22.705387115478516,20.831995010375977,1.873392105102539,1,34.221439361572266,30.688098907470703,3.5333404541015625,1
random_002,3,13,"30.625,29.375,0.312","8.125,10.000,0.312",24.04681396484375,21.254108428955078,2.792705535888672,1,36.66558837890625,34.368534088134766,2.2970542907714844,1
random_002,3,14,"30.625,29.375,0.312","21.250,3.750,0.938",12.108277320861816,14.495355606079102,2.387078285217285,1,24.1389217376709,23.721052169799805,0.41786956787109375,1
random_002,3,15,"30.625,29.375,0.312","35.625,29.375,1.562",6.19730281829834,6.62877082824707,0.43146800994873047,1,10.186108589172363,11.268057823181152,1.081949234008789,1
random_002,3,16,"30.625,29.375,0.312","28.125,4.375,2.188",11.5820894241333,14.001425743103027,2.4193363189697266,1,26.52027702331543,25.019622802734375,1.5006542205810547,1
random_002,3,17,"30.625,29.375,0.312","31.875,16.250,2.188",12.459379196166992,11.8612642288208,0.5981149673461914,1,22.12888526916504,22.150684356689453,0.021799087524414062,1
random_002,3,18,"30.625,29.375,0.312","16.250,5.000,1.562",24.297622680664062,21.800678253173828,2.4969444274902344,1,29.52690887451172,28.9526309967041,0.5742778778076172,1
random_002,3,19,"30.625,29.375,0.312","28.125,26.875,0.312",5.976169586181641,5.4887285232543945,0.4874410629272461,1,10.324653625488281,10.43923282623291,0.1145792007446289,1
random_002,3,20,"30.625,29.375,0.312","9.375,3.125,1.562",21.341552734375,20.409820556640625,0.931732177734375,1,30.402978897094727,31.892152786254883,1.4891738891601562,1
random_002,3,21,"30.625,29.375,0.312","11.250,19.375,0.938",24.94328498840332,19.06297492980957,5.88031005859375,1,33.830265045166016,32.12521743774414,1.705047607421875,1
random_002,3,22,"30.625,29.375,0.312","37.500,26.250,1.562",9.613866806030273,9.750274658203125,0.13640785217285156,1,16.972848892211914,16.530296325683594,0.4425525665283203,1
random_002,3,23,"30.625,29.375,0.312","14.375,36.875,0.312",13.687546730041504,12.976887702941895,0.7106590270996094,1,14.925207138061523,13.87099552154541,1.0542116165161133,1
random_002,3,24,"30.625,29.375,0.312","29.375,37.500,1.562",7.974838733673096,9.39570426940918,1.420865535736084,1,13.868318557739258,13.651521682739258,0.216796875,1
random_002,3,25,"30.625,29.375,0.312","10.625,5.000,1.562",22.87126922607422,21.29027557373047,1.58099365234375,1,37.21785354614258,33.121971130371094,4.095882415771484,1
random_002,3,26,"30.625,29.375,0.312","20.625,24.375,0.312",11.675789833068848,11.590847969055176,0.08494186401367188,1,21.260040283203125,20.392555236816406,0.8674850463867188,1
random_002,3,27,"30.625,29.375,0.312","8.750,21.250,0.312",28.038606643676758,20.88064193725586,7.157964706420898,1,40.235740661621094,42.6285400390625,2.3927993774414062,1
random_002,3,28,"30.625,29.375,0.312","9.375,8.125,2.188",23.546096801757812,21.212244033813477,2.333852767944336,1,35.931915283203125,34.58555603027344,1.3463592529296875,1
random_002,3,29,"30.625,29.375,0.312","35.625,30.000,2.188",5.757638931274414,6.971574783325195,1.2139358520507812,1,10.324618339538574,11.748205184936523,1.4235868453979492,1
random_002,4,5,"30.625,20.625,2.188","5.625,3.750,0.938",20.665019989013672,21.067005157470703,0.40198516845703125,1,32.83024215698242,33.73820877075195,0.9079666137695312,1
random_002,4,6,"30.625,20.625,2.188","30.625,12.500,1.562",9.344146728515625,10.391338348388672,1.0471916198730469,1,18.315185546875,18.717308044433594,0.40212249755859375,1
random_002,4,7,"30.625,20.625,2.188","25.000,23.125,2.188",8.392757415771484,7.741884231567383,0.6508731842041016,1,14.068137168884277,13.484396934509277,0.583740234375,1
random_002,4,8,"30.625,20.625,2.188","10.625,6.875,0.938",20.853389739990234,21.319847106933594,0.4664573669433594,1,31.722230911254883,28.744571685791016,2.977659225463867,1
random_002,4,9,"30.625,20.625,2.188","27.500,25.000,0.312",8.080674171447754,9.31155776977539,1.2308835983276367,1,15.650960922241211,14.900066375732422,0.7508945465087891,1
random_002,4,10,"30.625,20.625,2.188","21.250,18.750,0.938",9.825691223144531,10.090456008911133,0.26476478576660156,1,20.813228607177734,18.832239151000977,1.9809894561767578,1
random_002,4,11,"30.625,20.625,2.188","16.250,14.375,0.312",19.805938720703125,13.787506103515625,6.0184326171875,1,42.383968353271484,32.03531265258789,10.348655700683594,1
random_002,4,12,"30.625,20.625,2.188","11.250,4.375,1.562",23.329700469970703,23.05841827392578,0.2712821960449219,1,38.2526741027832,39.21856689453125,0.9658927917480469,1
random_002,4,13,"30.625,20.625,2.188","8.125,10.000,0.312",18.870153427124023,19.957134246826172,1.0869808197021484,1,30.829833984375,30.096445083618164,0.7333889007568359,1
random_002,4,14,"30.625,20.625,2.188","21.250,3.750,0.938",17.404794692993164,20.401752471923828,2.996957778930664,1,27.169645309448242,22.63167381286621,4.537971496582031,1
random_002,4,15,"30.625,20.625,2.188","35.625,29.375,1.562",12.779230117797852,14.712773323059082,1.9335432052612305,1,20.566776275634766,21.960054397583008,1.3932781219482422,1
random_002,4,16,"30.625,20.625,2.188","28.125,4.375,2.188",12.212068557739258,13.163130760192871,0.9510622024536133,1,21.04824447631836,20.447200775146484,0.601043701171875,1
random_002,4,17,"30.625,20.625,2.188","31.875,16.250,2.188",7.357485771179199,7.233668327331543,0.12381744384765625,1,11.7211332321167,11.123095512390137,0.5980377197265625,1
random_002,4,18,"30.625,20.625,2.188","16.250,5.000,1.562",25.608989715576172,25.958087921142578,0.34909820556640625,1,39.47004699707031,39.89011764526367,0.4200706481933594,1
random_002,4,19,"30.625,20.625,2.188","28.125,26.875,0.312",8.890817642211914,10.398341178894043,1.507523536682129,1,17.25902557373047,16.720264434814453,0.5387611389160156,1
random_002,4,20,"30.625,20.625,2.188","9.375,3.125,1.562",22.784854888916016,23.059364318847656,0.2745094299316406,1,42.709136962890625,41.60138702392578,1.1077499389648438,1
random_002,4,21,"30.625,20.625,2.188","11.250,19.375,0.938",20.190311431884766,17.449554443359375,2.7407569885253906,1,31.467708587646484,28.642335891723633,2.8253726959228516,1
random_002,4,22,"30.625,20.625,2.188","37.500,26.250,1.562",11.195169448852539,12.494291305541992,1.2991218566894531,1,21.218067169189453,19.115312576293945,2.102754592895508,1
random_002,4,23,"30.625,20.625,2.188","14.375,36.875,0.312",17.122282028198242,14.509553909301758,2.6127281188964844,1,21.40245246887207,22.321481704711914,0.9190292358398438,1
random_002,4,24,"30.625,20.625,2.188","29.375,37.500,1.562",11.11164379119873,13.059329986572266,1.9476861953735352,1,19.21849250793457,18.531423568725586,0.6870689392089844,1
random_002,4,25,"30.625,20.625,2.188","10.625,5.000,1.562",21.889408111572266,22.452592849731445,0.5631847381591797,1,33.3676872253418,39.47709274291992,6.109405517578125,1
random_002,4,26,"30.625,20.625,2.188","20.625,24.375,0.312",10.67398738861084,11.285726547241211,0.6117391586303711,1,21.938581466674805,21.1613712310791,0.7772102355957031,1
random_002,4,27,"30.625,20.625,2.188","8.750,21.250,0.312",21.066082000732422,19.89596939086914,1.1701126098632812,1,43.61214828491211,27.634061813354492,15.978086471557617,1
random_002,4,28,"30.625,20.625,2.188","9.375,8.125,2.188",19.98824691772461,20.976184844970703,0.9879379272460938,1,30.656375885009766,33.44702911376953,2.7906532287597656,1
random_002,4,29,"30.625,20.625,2.188","35.625,30.000,2.188",13.258252143859863,14.30677604675293,1.0485239028930664,1,18.957637786865234,22.474334716796875,3.5166969299316406,1
random_002,5,6,"5.625,3.750,0.938","30.625,12.500,1.562",23.38973045349121,22.205602645874023,1.1841278076171875,1,27.56133460998535,33.562950134277344,6.001615524291992,1
random_002,5,7,"5.625,3.750,0.938","25.000,23.125,2.188",26.994346618652344,22.04518699645996,4.949159622192383,1,39.43478012084961,38.66535949707031,0.7694206237792969,1
random_002,5,8,"5.625,3.750,0.938","10.625,6.875,0.938",10.8939790725708,10.212732315063477,0.6812467575073242,1,14.687594413757324,15.774836540222168,1.0872421264648438,1
random_002,5,9,"5.625,3.750,0.938","27.500,25.000,0.312",25.09950828552246,23.07289695739746,2.026611328125,1,38.2288818359375,35.4325065612793,2.796375274658203,1
random_002,5,10,"5.625,3.750,0.938","21.250,18.750,0.938",22.904664993286133,21.033580780029297,1.871084213256836,1,33.13323974609375,35.83309555053711,2.6998558044433594,1
random_002,5,11,"5.625,3.750,0.938","16.250,14.375,0.312",13.707185745239258,13.958051681518555,0.2508659362792969,1,22.104036331176758,21.553497314453125,0.5505390167236328,1
random_002,5,12,"5.625,3.750,0.938","11.250,4.375,1.562",9.017537117004395,8.796135902404785,0.22140121459960938,1,14.314459800720215,14.497092247009277,0.1826324462890625,1
random_002,5,13,"5.625,3.750,0.938","8.125,10.000,0.312",11.48594856262207,11.52383041381836,0.03788185119628906,1,15.777606010437012,16.391712188720703,0.6141061782836914,1
random_002,5,14,"5.625,3.750,0.938","21.250,3.750,0.938",15.075993537902832,11.90007209777832,3.1759214401245117,1,15.82555866241455,17.244234085083008,1.418675422668457,1
random_002,5,15,"5.625,3.750,0.938","35.625,29.375,1.562",18.775508880615234,19.895523071289062,1.1200141906738281,1,25.602262496948242,23.491268157958984,2.110994338989258,1
random_002,5,16,"5.625,3.750,0.938","28.125,4.375,2.188",16.088787078857422,16.20096206665039,0.11217498779296875,1,16.886064529418945,16.030311584472656,0.8557529449462891,1
random_002,5,17,"5.625,3.750,0.938","31.875,16.250,2.188",24.16891098022461,23.172786712646484,0.996124267578125,1,56.122901916503906,38.38143539428711,17.741466522216797,1
random_002,5,18,"5.625,3.750,0.938","16.250,5.000,1.562",10.538253784179688,10.752523422241211,0.21426963806152344,1,14.292932510375977,15.969198226928711,1.6762657165527344,1
random_002,5,19,"5.625,3.750,0.938","28.125,26.875,0.312",24.15926170349121,22.676898956298828,1.4823627471923828,1,32.5897216796875,33.196990966796875,0.607269287109375,1
random_002,5,20,"5.625,3.750,0.938","9.375,3.125,1.562",6.445198059082031,6.372585296630859,0.07261276245117188,1,11.074630737304688,11.31375789642334,0.23912715911865234,1
random_002,5,21,"5.625,3.750,0.938","11.250,19.375,0.938",21.26342010498047,16.763038635253906,4.5003814697265625,1,25.27088165283203,23.586658477783203,1.6842231750488281,1
random_002,5,22,"5.625,3.750,0.938","37.500,26.250,1.562",20.195598602294922,20.002248764038086,0.19334983825683594,1,25.5069637298584,28.583009719848633,3.0760459899902344,1
random_002,5,23,"5.625,3.750,0.938","14.375,36.875,0.312",22.462608337402344,21.6796875,0.7829208374023438,1,32.67787170410156,28.71706771850586,3.960803985595703,1
random_002,5,24,"5.625,3.750,0.938","29.375,37.500,1.562",20.921052932739258,20.948444366455078,0.027391433715820312,1,19.79867172241211,19.630794525146484,0.167877197265625,1
random_002,5,25,"5.625,3.750,0.938","10.625,5.000,1.562",9.318279266357422,8.770997047424316,0.5472822189331055,1,13.679285049438477,13.558565139770508,0.12071990966796875,1
random_002,5,26,"5.625,3.750,0.938","20.625,24.375,0.312",28.762239456176758,23.00012969970703,5.762109756469727,1,39.862152099609375,39.089263916015625,0.77288818359375,1
random_002,5,27,"5.625,3.750,0.938","8.750,21.250,0.312",20.647066116333008,16.521617889404297,4.125448226928711,1,26.420652389526367,26.406055450439453,0.014596939086914062,1
random_002,5,28,"5.625,3.750,0.938","9.375,8.125,2.188",10.880202293395996,9.941459655761719,0.9387426376342773,1,14.400162696838379,14.802589416503906,0.40242671966552734,1
random_002,5,29,"5.625,3.750,0.938","35.625,30.000,2.188",18.665010452270508,19.848676681518555,1.1836662292480469,1,22.529151916503906,24.02855110168457,1.499399185180664,1
random_002,6,7,"30.625,12.500,1.562","25.000,23.125,2.188",12.265482902526855,11.742788314819336,0.5226945877075195,1,22.608318328857422,23.238370895385742,0.6300525665283203,1
random_002,6,8,"30.625,12.500,1.562","10.625,6.875,0.938",19.30788803100586,21.810928344726562,2.503040313720703,1,26.347320556640625,23.104185104370117,3.243135452270508,1
random_002,6,9,"30.625,12.500,1.562","27.500,25.000,0.312",12.703508377075195,12.209259033203125,0.4942493438720703,1,26.272457122802734,24.92429542541504,1.3481616973876953,1
random_002,6,10,"30.625,12.500,1.562","21.250,18.750,0.938",12.468572616577148,11.758334159851074,0.7102384567260742,1,25.142770767211914,24.731115341186523,0.4116554260253906,1
random_002,6,11,"30.625,12.500,1.562","16.250,14.375,0.312",20.23041343688965,16.185392379760742,4.045021057128906,1,53.35697555541992,28.28852081298828,25.06845474243164,1
random_002,6,12,"30.625,12.500,1.562","11.250,4.375,1.562",24.679214477539062,28.017738342285156,3.3385238647460938,1,31.281597137451172,30.592037200927734,0.6895599365234375,1
random_002,6,13,"30.625,12.500,1.562","8.125,10.000,0.312",16.59383201599121,20.94164276123047,4.347810745239258,1,21.289321899414062,31.979032516479492,10.68971061706543,1
random_002,6,14,"30.625,12.500,1.562","21.250,3.750,0.938",13.487956047058105,16.42932891845703,2.941372871398926,1,21.977733612060547,22.078386306762695,0.10065269470214844,1
random_002,6,15,"30.625,12.500,1.562","35.625,29.375,1.562",15.279886245727539,16.616838455200195,1.3369522094726562,1,23.068363189697266,23.12440299987793,0.05603981018066406,1
random_002,6,16,"30.625,12.500,1.562","28.125,4.375,2.188",8.6202392578125,9.15561294555664,0.5353736877441406,1,15.114801406860352,13.973091125488281,1.1417102813720703,1
random_002,6,17,"30.625,12.500,1.562","31.875,16.250,2.188",6.498072624206543,5.8929595947265625,0.6051130294799805,1,9.862260818481445,9.479787826538086,0.3824729919433594,1
random_002,6,18,"30.625,12.500,1.562","16.250,5.000,1.562",20.20676040649414,22.6846923828125,2.4779319763183594,1,25.86655044555664,27.214200973510742,1.3476505279541016,1
random_002,6,19,"30.625,12.500,1.562","28.125,26.875,0.312",13.076860427856445,12.62160873413086,0.45525169372558594,1,25.12520980834961,25.19503402709961,0.06982421875,1
random_002,6,20,"30.625,12.500,1.562","9.375,3.125,1.562",25.861068725585938,26.881591796875,1.0205230712890625,1,35.20705795288086,44.252620697021484,9.045562744140625,1
random_002,6,21,"30.625,12.500,1.562","11.250,19.375,0.938",24.27369499206543,21.329837799072266,2.943857192993164,1,29.73659896850586,25.725858688354492,4.010740280151367,1
random_002,6,22,"30.625,12.500,1.562","37.500,26.250,1.562",11.632796287536621,11.109619140625,0.5231771469116211,1,18.282140731811523,19.662050247192383,1.3799095153808594,1
random_002,6,23,"30.625,12.500,1.562","14.375,36.875,0.312",19.213279724121094,15.58316707611084,3.630112648010254,1,24.494741439819336,23.107343673706055,1.3873977661132812,1
random_002,6,24,"30.625,12.500,1.562","29.375,37.500,1.562",12.095758438110352,13.442678451538086,1.3469200134277344,1,23.09294319152832,23.697391510009766,0.6044483184814453,1
random_002,6,25,"30.625,12.500,1.562","10.625,5.000,1.562",23.05718994140625,25.924968719482422,2.867778778076172,1,32.236785888671875,44.99032211303711,12.753536224365234,1
random_002,6,26,"30.625,12.500,1.562","20.625,24.375,0.312",13.336262702941895,13.17243766784668,0.16382503509521484,1,24.001541137695312,25.60966682434082,1.6081256866455078,1
random_002,6,27,"30.625,12.500,1.562","8.750,21.250,0.312",26.28112030029297,23.524261474609375,2.7568588256835938,1,32.56364822387695,29.14824104309082,3.415407180786133,1
random_002,6,28,"30.625,12.500,1.562","9.375,8.125,2.188",18.23509979248047,20.984588623046875,2.7494888305664062,1,39.207489013671875,26.351728439331055,12.85576057434082,1
random_002,6,29,"30.625,12.500,1.562","35.625,30.000,2.188",15.723628044128418,16.042638778686523,0.31901073455810547,1,21.375324249267578,22.584148406982422,1.2088241577148438,1
random_002,7,8,"25.000,23.125,2.188","10.625,6.875,0.938",23.046276092529297,26.925846099853516,3.8795700073242188,1,37.36009216308594,40.09730911254883,2.7372169494628906,1
random_002,7,9,"25.000,23.125,2.188","27.500,25.000,0.312",5.414909362792969,5.736058235168457,0.3211488723754883,1,8.977109909057617,10.078609466552734,1.1014995574951172,1
random_002,7,10,"25.000,23.125,2.188","21.250,18.750,0.938",6.001934051513672,7.6740922927856445,1.6721582412719727,1,14.25007438659668,14.437165260314941,0.18709087371826172,1
random_002,7,11,"25.000,23.125,2.188","16.250,14.375,0.312",17.132883071899414,16.853591918945312,0.27929115295410156,1,39.3060188293457,38.09723663330078,1.2087821960449219,1
random_002,7,12,"25.000,23.125,2.188","11.250,4.375,1.562",22.100290298461914,26.30462646484375,4.204336166381836,1,36.25893020629883,32.538124084472656,3.720806121826172,1
random_002,7,13,"25.000,23.125,2.188","8.125,10.000,0.312",22.81148338317871,26.112350463867188,3.3008670806884766,1,34.33025360107422,35.284934997558594,0.954681396484375,1
random_002,7,14,"25.000,23.125,2.188","21.250,3.750,0.938",10.969595909118652,13.706009864807129,2.7364139556884766,1,22.942829132080078,20.867204666137695,2.075624465942383,1
random_002,7,15,"25.000,23.125,2.188","35.625,29.375,1.562",14.274304389953613,16.31816864013672,2.0438642501831055,1,22.892282485961914,22.45755386352539,0.43472862243652344,1
random_002,7,16,"25.000,23.125,2.188","28.125,4.375,2.188",14.515143394470215,16.549104690551758,2.033961296081543,1,22.12395668029785,27.145830154418945,5.021873474121094,1
random_002,7,17,"25.000,23.125,2.188","31.875,16.250,2.188",10.817363739013672,10.548746109008789,0.2686176300048828,1,25.171070098876953,24.964397430419922,0.20667266845703125,1
random_002,7,18,"25.000,23.125,2.188","16.250,5.000,1.562",24.883085250854492,24.980804443359375,0.09771919250488281,1,29.84229278564453,31.073781967163086,1.2314891815185547,1
random_002,7,19,"25.000,23.125,2.188","28.125,26.875,0.312",6.863580703735352,8.860488891601562,1.996908187866211,1,12.74705696105957,13.541800498962402,0.794743537902832,1
random_002,7,20,"25.000,23.125,2.188","9.375,3.125,1.562",21.50372886657715,26.704017639160156,5.200288772583008,1,37.757789611816406,38.7087287902832,0.9509391784667969,1
random_002,7,21,"25.000,23.125,2.188","11.250,19.375,0.938",15.285045623779297,19.737716674804688,4.452671051025391,1,26.211233139038086,22.29300880432129,3.918224334716797,1
random_002,7,22,"25.000,23.125,2.188","37.500,26.250,1.562",14.047094345092773,13.159412384033203,0.8876819610595703,1,21.849151611328125,21.42439079284668,0.4247608184814453,1
random_002,7,23,"25.000,23.125,2.188","14.375,36.875,0.312",15.019176483154297,13.842570304870605,1.1766061782836914,1,20.95492172241211,24.17637062072754,3.2214488983154297,1
random_002,7,24,"25.000,23.125,2.188","29.375,37.500,1.562",10.407571792602539,13.522456169128418,3.114884376525879,1,20.559724807739258,20.242050170898438,0.3176746368408203,1
random_002,7,25,"25.000,23.125,2.188","10.625,5.000,1.562",22.288532257080078,26.938308715820312,4.649776458740234,1,36.847774505615234,38.25121307373047,1.4034385681152344,1
random_002,7,26,"25.000,23.125,2.188","20.625,24.375,0.312",5.4916839599609375,6.614147186279297,1.1224632263183594,1,13.657296180725098,13.21615982055664,0.44113636016845703,1
random_002,7,27,"25.000,23.125,2.188","8.750,21.250,0.312",16.868518829345703,20.524871826171875,3.656352996826172,1,27.57560157775879,24.956518173217773,2.6190834045410156,1
random_002,7,28,"25.000,23.125,2.188","9.375,8.125,2.188",23.323368072509766,26.66216278076172,3.338794708251953,1,37.94813537597656,40.43482208251953,2.4866867065429688,1
random_002,7,29,"25.000,23.125,2.188","35.625,30.000,2.188",15.025581359863281,16.535120010375977,1.5095386505126953,1,24.199979782104492,22.502405166625977,1.6975746154785156,1
random_002,8,9,"10.625,6.875,0.938","27.500,25.000,0.312",25.627216339111328,25.346609115600586,0.2806072235107422,1,37.07948684692383,33.0802116394043,3.9992752075195312,1
random_002,8,10,"10.625,6.875,0.938","21.250,18.750,0.938",23.37197494506836,20.09644889831543,3.2755260467529297,1,35.14621353149414,35.484622955322266,0.338409423828125,1
random_002,8,11,"10.625,6.875,0.938","16.250,14.375,0.312",12.589112281799316,11.287683486938477,1.3014287948608398,1,17.6873836517334,17.47850227355957,0.20888137817382812,1
random_002,8,12,"10.625,6.875,0.938","11.250,4.375,1.562",6.104339599609375,4.85062313079834,1.2537164688110352,1,8.458555221557617,8.276667594909668,0.18188762664794922,1
random_002,8,13,"10.625,6.875,0.938","8.125,10.000,0.312",8.302473068237305,9.375242233276367,1.0727691650390625,1,10.337858200073242,11.9696626663208,1.6318044662475586,1
random_002,8,14,"10.625,6.875,0.938","21.250,3.750,0.938",11.938971519470215,12.724822044372559,0.7858505249023438,1,14.67080020904541,15.778709411621094,1.1079092025756836,1
random_002,8,15,"10.625,6.875,0.938","35.625,29.375,1.562",20.93212890625,24.03777313232422,3.1056442260742188,1,27.608240127563477,28.67679786682129,1.0685577392578125,1
random_002,8,16,"10.625,6.875,0.938","28.125,4.375,2.188",17.953533172607422,19.154237747192383,1.200704574584961,1,32.81072235107422,16.749549865722656,16.061172485351562,1
random_002,8,17,"10.625,6.875,0.938","31.875,16.250,2.188",23.34187889099121,22.589248657226562,0.7526302337646484,1,29.58999252319336,29.51505470275879,0.07493782043457031,1
random_002,8,18,"10.625,6.875,0.938","16.250,5.000,1.562",9.900419235229492,8.418569564819336,1.4818496704101562,1,14.242755889892578,13.903467178344727,0.33928871154785156,1
random_002,8,19,"10.625,6.875,0.938","28.125,26.875,0.312",24.811725616455078,25.330036163330078,0.518310546875,1,36.07593536376953,35.40175247192383,0.6741828918457031,1
random_002,8,20,"10.625,6.875,0.938","9.375,3.125,1.562",8.334173202514648,6.882734298706055,1.4514389038085938,1,11.570632934570312,12.037110328674316,0.4664773941040039,1
random_002,8,21,"10.625,6.875,0.938","11.250,19.375,0.938",17.577770233154297,13.12657356262207,4.451196670532227,1,21.694887161254883,21.83561897277832,0.1407318115234375,1
random_002,8,22,"10.625,6.875,0.938","37.500,26.250,1.562",22.632240295410156,23.562570571899414,0.9303302764892578,1,28.762353897094727,28.419910430908203,0.34244346618652344,1
random_002,8,23,"10.625,6.875,0.938","14.375,36.875,0.312",24.988481521606445,23.376516342163086,1.6119651794433594,1,33.48917770385742,29.572416305541992,3.9167613983154297,1
random_002,8,24,"10.625,6.875,0.938","29.375,37.500,1.562",18.89443588256836,22.004901885986328,3.1104660034179688,1,25.249784469604492,23.827831268310547,1.4219532012939453,1
random_002,8,25,"10.625,6.875,0.938","10.625,5.000,1.562",4.799958229064941,3.8246030807495117,0.9753551483154297,1,6.621571063995361,6.398385047912598,0.22318601608276367,1
random_002,8,26,"10.625,6.875,0.938","20.625,24.375,0.312",27.579484939575195,20.607616424560547,6.971868515014648,1,39.654998779296875,39.466278076171875,0.188720703125,1
random_002,8,27,"10.625,6.875,0.938","8.750,21.250,0.312",19.036880493164062,16.340932846069336,2.6959476470947266,1,25.36928367614746,24.298900604248047,1.070383071899414,1
random_002,8,28,"10.625,6.875,0.938","9.375,8.125,2.188",4.640824317932129,3.773416519165039,0.8674077987670898,1,7.19429874420166,6.558821201324463,0.6354775428771973,1
random_002,8,29,"10.625,6.875,0.938","35.625,30.000,2.188",20.706409454345703,23.92582130432129,3.219411849975586,1,26.89514923095703,27.424306869506836,0.5291576385498047,1
random_002,9,10,"27.500,25.000,0.312","21.250,18.750,0.938",10.531180381774902,10.899059295654297,0.36787891387939453,1,19.477676391601562,20.276596069335938,0.798919677734375,1
random_002,9,11,"27.500,25.000,0.312","16.250,14.375,0.312",24.08057403564453,19.672853469848633,4.407720565795898,1,40.828399658203125,37.41454315185547,3.4138565063476562,1
random_002,9,12,"27.500,25.000,0.312","11.250,4.375,1.562",24.630521774291992,24.958824157714844,0.32830238342285156,1,38.719886779785156,36.909427642822266,1.8104591369628906,1
random_002,9,13,"27.500,25.000,0.312","8.125,10.000,0.312",24.20073699951172,24.53229522705078,0.3315582275390625,1,35.90887451171875,33.4393424987793,2.469532012939453,1
random_002,9,14,"27.500,25.000,0.312","21.250,3.750,0.938",12.52286148071289,15.106303215026855,2.583441734313965,1,24.299217224121094,21.794435501098633,2.504781723022461,1
random_002,9,15,"27.500,25.000,0.312","35.625,29.375,1.562",11.284762382507324,13.124140739440918,1.8393783569335938,1,18.51024627685547,18.449365615844727,0.06088066101074219,1
random_002,9,16,"27.500,25.000,0.312","28.125,4.375,2.188",13.595174789428711,15.163665771484375,1.568490982055664,1,23.346845626831055,24.555896759033203,1.2090511322021484,1
random_002,9,17,"27.500,25.000,0.312","31.875,16.250,2.188",11.937772750854492,11.182046890258789,0.7557258605957031,1,20.56052589416504,21.483489990234375,0.9229640960693359,1
random_002,9,18,"27.500,25.000,0.312","16.250,5.000,1.562",25.712017059326172,25.67525863647461,0.0367584228515625,1,34.679508209228516,35.678348541259766,0.99884033203125,1
random_002,9,19,"27.500,25.000,0.312","28.125,26.875,0.312",5.814703941345215,3.938612937927246,1.8760910034179688,1,6.5521697998046875,6.597413539886475,0.04524374008178711,1
random_002,9,20,"27.500,25.000,0.312","9.375,3.125,1.562",23.52679443359375,25.205242156982422,1.6784477233886719,1,43.587921142578125,40.877235412597656,2.7106857299804688,1
random_002,9,21,"27.500,25.000,0.312","11.250,19.375,0.938",20.778762817382812,19.84937286376953,0.9293899536132812,1,29.67613983154297,26.239864349365234,3.4362754821777344,1
random_002,9,22,"27.500,25.000,0.312","37.500,26.250,1.562",10.521818161010742,10.17624282836914,0.34557533264160156,1,20.32318878173828,17.158632278442383,3.1645565032958984,1
random_002,9,23,"27.500,25.000,0.312","14.375,36.875,0.312",16.216142654418945,13.914214134216309,2.3019285202026367,1,20.186986923217773,20.858016967773438,0.6710300445556641,1
random_002,9,24,"27.500,25.000,0.312","29.375,37.500,1.562",10.391461372375488,12.097077369689941,1.7056159973144531,1,19.808847427368164,19.346525192260742,0.4623222351074219,1
random_002,9,25,"27.500,25.000,0.312","10.625,5.000,1.562",24.71651840209961,25.473041534423828,0.7565231323242188,1,40.61780548095703,38.32121658325195,2.296588897705078,1
random_002,9,26,"27.500,25.000,0.312","20.625,24.375,0.312",8.955573081970215,8.729300498962402,0.2262725830078125,1,18.978668212890625,16.695158004760742,2.283510208129883,1
random_002,9,27,"27.500,25.000,0.312","8.750,21.250,0.312",21.413806915283203,20.79351234436035,0.6202945709228516,1,29.87456703186035,27.74537467956543,2.129192352294922,1
random_002,9,28,"27.500,25.000,0.312","9.375,8.125,2.188",24.99798583984375,25.048877716064453,0.050891876220703125,1,36.10017395019531,36.44072341918945,0.3405494689941406,1
random_002,9,29,"27.500,25.000,0.312","35.625,30.000,2.188",11.795624732971191,13.931315422058105,2.135690689086914,1,17.388511657714844,19.215835571289062,1.8273239135742188,1
random_002,10,11,"21.250,18.750,0.938","16.250,14.375,0.312",10.46653938293457,9.266892433166504,1.1996469497680664,1,21.192209243774414,20.92510414123535,0.2671051025390625,1
random_002,10,12,"21.250,18.750,0.938","11.250,4.375,1.562",18.538814544677734,23.07122039794922,4.532405853271484,1,35.53322219848633,33.30781936645508,2.22540283203125,1
random_002,10,13,"21.250,18.750,0.938","8.125,10.000,0.312",19.73836326599121,23.855239868164062,4.116876602172852,1,30.154691696166992,29.268247604370117,0.886444091796875,1
random_002,10,14,"21.250,18.750,0.938","21.250,3.750,0.938",10.399927139282227,10.067447662353516,0.33247947692871094,1,17.62688636779785,19.98863410949707,2.3617477416992188,1
random_002,10,15,"21.250,18.750,0.938","35.625,29.375,1.562",17.084156036376953,18.2801570892334,1.1960010528564453,1,35.750030517578125,25.40022087097168,10.349809646606445,1
random_002,10,16,"21.250,18.750,0.938","28.125,4.375,2.188",18.832477569580078,16.242713928222656,2.589763641357422,1,26.755767822265625,30.606361389160156,3.8505935668945312,1
random_002,10,17,"21.250,18.750,0.938","31.875,16.250,2.188",10.216691970825195,10.10049057006836,0.11620140075683594,1,19.40203285217285,21.34103775024414,1.939004898071289,1
random_002,10,18,"21.250,18.750,0.938","16.250,5.000,1.562",21.841114044189453,18.95098876953125,2.890125274658203,1,26.04095458984375,31.730138778686523,5.689184188842773,1
random_002,10,19,"21.250,18.750,0.938","28.125,26.875,0.312",11.949906349182129,12.187151908874512,0.2372455596923828,1,22.65731430053711,21.45443344116211,1.202880859375,1
random_002,10,20,"21.250,18.750,0.938","9.375,3.125,1.562",19.24063491821289,23.296916961669922,4.056282043457031,1,36.20116424560547,34.281925201416016,1.9192390441894531,1
random_002,10,21,"21.250,18.750,0.938","11.250,19.375,0.938",8.880663871765137,15.46484375,6.584179878234863,1,16.893728256225586,15.393320083618164,1.5004081726074219,1
random_002,10,22,"21.250,18.750,0.938","37.500,26.250,1.562",16.047691345214844,15.532798767089844,0.514892578125,1,27.318607330322266,27.860198974609375,0.5415916442871094,1
random_002,10,23,"21.250,18.750,0.938","14.375,36.875,0.312",21.625869750976562,22.16579818725586,0.5399284362792969,1,37.87664031982422,36.473907470703125,1.4027328491210938,1
random_002,10,24,"21.250,18.750,0.938","29.375,37.500,1.562",11.082826614379883,15.281209945678711,4.198383331298828,1,18.508970260620117,17.7738094329834,0.7351608276367188,1
random_002,10,25,"21.250,18.750,0.938","10.625,5.000,1.562",19.003108978271484,23.0875301361084,4.084421157836914,1,36.20380783081055,33.73568344116211,2.4681243896484375,1
random_002,10,26,"21.250,18.750,0.938","20.625,24.375,0.312",6.789426803588867,6.073565483093262,0.7158613204956055,1,14.849960327148438,13.602251052856445,1.2477092742919922,1
random_002,10,27,"21.250,18.750,0.938","8.750,21.250,0.312",10.992201805114746,19.361164093017578,8.368962287902832,1,20.22108268737793,17.919763565063477,2.301319122314453,1
random_002,10,28,"21.250,18.750,0.938","9.375,8.125,2.188",20.952213287353516,24.370487213134766,3.41827392578125,1,35.61259460449219,35.3378791809082,0.2747154235839844,1
random_002,10,29,"21.250,18.750,0.938","35.625,30.000,2.188",17.45516586303711,18.69228172302246,1.2371158599853516,1,27.202810287475586,27.005311965942383,0.19749832153320312,1
random_002,11,12,"16.250,14.375,0.312","11.250,4.375,1.562",10.47604751586914,12.627084732055664,2.1510372161865234,1,17.30540657043457,18.501771926879883,1.1963653564453125,1
random_002,11,13,"16.250,14.375,0.312","8.125,10.000,0.312",10.905824661254883,12.379342079162598,1.4735174179077148,1,20.632129669189453,21.089731216430664,0.45760154724121094,1
random_002,11,14,"16.250,14.375,0.312","21.250,3.750,0.938",11.69072437286377,16.84100341796875,5.1502790451049805,1,22.711355209350586,23.648197174072266,0.9368419647216797,1
random_002,11,15,"16.250,14.375,0.312","35.625,29.375,1.562",20.805458068847656,26.56243896484375,5.756980895996094,1,36.44221115112305,33.714683532714844,2.727527618408203,1
random_002,11,16,"16.250,14.375,0.312","28.125,4.375,2.188",23.666324615478516,25.240148544311523,1.5738239288330078,1,32.78566360473633,36.06162643432617,3.2759628295898438,1
random_002,11,17,"16.250,14.375,0.312","31.875,16.250,2.188",12.195014953613281,21.12422752380371,8.92921257019043,1,24.554813385009766,24.755779266357422,0.20096588134765625,1
random_002,11,18,"16.250,14.375,0.312","16.250,5.000,1.562",12.763519287109375,10.749497413635254,2.014021873474121,1,16.380823135375977,16.482542037963867,0.10171890258789062,1
random_002,11,19,"16.250,14.375,0.312","28.125,26.875,0.312",19.794652938842773,26.067764282226562,6.273111343383789,1,41.69002151489258,46.43421936035156,4.744197845458984,1
random_002,11,20,"16.250,14.375,0.312","9.375,3.125,1.562",11.9262056350708,13.064216613769531,1.1380109786987305,1,19.290552139282227,19.527042388916016,0.23649024963378906,1
random_002,11,21,"16.250,14.375,0.312","11.250,19.375,0.938",8.936811447143555,9.726187705993652,0.7893762588500977,1,16.999460220336914,15.558243751525879,1.4412164688110352,1
random_002,11,22,"16.250,14.375,0.312","37.500,26.250,1.562",20.7841796875,23.376020431518555,2.5918407440185547,1,31.449390411376953,32.741886138916016,1.2924957275390625,1
random_002,11,23,"16.250,14.375,0.312","14.375,36.875,0.312",18.665904998779297,22.26845932006836,3.6025543212890625,1,29.534582138061523,29.089265823364258,0.4453163146972656,1
random_002,11,24,"16.250,14.375,0.312","29.375,37.500,1.562",17.76316261291504,26.73434066772461,8.97117805480957,1,26.39986801147461,24.482757568359375,1.9171104431152344,1
random_002,11,25,"16.250,14.375,0.312","10.625,5.000,1.562",11.471800804138184,12.869940757751465,1.3981399536132812,1,18.397981643676758,18.545778274536133,0.147796630859375,1
random_002,11,26,"16.250,14.375,0.312","20.625,24.375,0.312",14.019979476928711,13.724273681640625,0.29570579528808594,1,31.00048828125,31.887706756591797,0.8872184753417969,1
random_002,11,27,"16.250,14.375,0.312","8.750,21.250,0.312",11.01655387878418,12.41335391998291,1.3968000411987305,1,20.023576736450195,16.872751235961914,3.1508255004882812,1
random_002,11,28,"16.250,14.375,0.312","9.375,8.125,2.188",11.77221965789795,12.016026496887207,0.2438068389892578,1,18.814407348632812,18.82624626159668,0.011838912963867188,1
random_002,11,29,"16.250,14.375,0.312","35.625,30.000,2.188",20.881961822509766,26.81341552734375,5.931453704833984,1,38.3284797668457,36.67746353149414,1.6510162353515625,1
random_002,12,13,"11.250,4.375,1.562","8.125,10.000,0.312",10.948726654052734,11.394523620605469,0.4457969665527344,1,14.841705322265625,16.327064514160156,1.4853591918945312,1
random_002,12,14,"11.250,4.375,1.562","21.250,3.750,0.938",9.636905670166016,9.440902709960938,0.19600296020507812,1,12.725418090820312,10.520267486572266,2.205150604248047,1
random_002,12,15,"11.250,4.375,1.562","35.625,29.375,1.562",20.551807403564453,22.427396774291992,1.875589370727539,1,26.991247177124023,26.311874389648438,0.6793727874755859,1
random_002,12,16,"11.250,4.375,1.562","28.125,4.375,2.188",15.69133186340332,13.272685050964355,2.418646812438965,1,14.322683334350586,16.653240203857422,2.330556869506836,1
random_002,12,17,"11.250,4.375,1.562","31.875,16.250,2.188",29.992794036865234,26.59600830078125,3.3967857360839844,1,39.305545806884766,41.281620025634766,1.97607421875,1
random_002,12,18,"11.250,4.375,1.562","16.250,5.000,1.562",7.175371170043945,7.346701622009277,0.17133045196533203,1,10.657703399658203,10.957130432128906,0.2994270324707031,1
random_002,12,19,"11.250,4.375,1.562","28.125,26.875,0.312",24.042766571044922,24.413402557373047,0.370635986328125,1,33.446876525878906,34.59995651245117,1.1530799865722656,1
random_002,12,20,"11.250,4.375,1.562","9.375,3.125,1.562",4.2125654220581055,4.3222198486328125,0.10965442657470703,1,6.865865707397461,6.997016429901123,0.1311507225036621,1
random_002,12,21,"11.250,4.375,1.562","11.250,19.375,0.938",19.1875,13.373056411743164,5.814443588256836,1,21.572420120239258,22.36956024169922,0.7971401214599609,1
random_002,12,22,"11.250,4.375,1.562","37.500,26.250,1.562",22.756000518798828,22.612489700317383,0.1435108184814453,1,29.034833908081055,29.386920928955078,0.35208702087402344,1
random_002,12,23,"11.250,4.375,1.562","14.375,36.875,0.312",22.26323890686035,21.63450050354004,0.6287384033203125,1,31.67181968688965,28.563085556030273,3.108734130859375,1
random_002,12,24,"11.250,4.375,1.562","29.375,37.500,1.562",18.168865203857422,20.57376480102539,2.4048995971679688,1,20.396860122680664,21.350494384765625,0.9536342620849609,1
random_002,12,25,"11.250,4.375,1.562","10.625,5.000,1.562",2.5493040084838867,2.2125625610351562,0.33674144744873047,1,2.962897777557373,2.947998285293579,0.014899492263793945,1
random_002,12,26,"11.250,4.375,1.562","20.625,24.375,0.312",26.782451629638672,18.591835021972656,8.190616607666016,1,35.85530471801758,37.485321044921875,1.6300163269042969,1
random_002,12,27,"11.250,4.375,1.562","8.750,21.250,0.312",20.13312530517578,15.101237297058105,5.031888008117676,1,23.851858139038086,23.158788681030273,0.6930694580078125,1
random_002,12,28,"11.250,4.375,1.562","9.375,8.125,2.188",8.656595230102539,8.82968521118164,0.17308998107910156,1,12.626683235168457,12.391366004943848,0.23531723022460938,1
random_002,12,29,"11.250,4.375,1.562","35.625,30.000,2.188",20.25813102722168,22.28838539123535,2.030254364013672,1,25.669391632080078,25.821758270263672,0.15236663818359375,1
random_002,13,14,"8.125,10.000,0.312","21.250,3.750,0.938",19.74891471862793,19.91956329345703,0.17064857482910156,1,24.589454650878906,22.666919708251953,1.9225349426269531,1
random_002,13,15,"8.125,10.000,0.312","35.625,29.375,1.562",20.029834747314453,23.015899658203125,2.986064910888672,1,28.394529342651367,27.784297943115234,0.6102313995361328,1
random_002,13,16,"8.125,10.000,0.312","28.125,4.375,2.188",17.686574935913086,18.598114013671875,0.9115390777587891,1,22.061201095581055,20.021020889282227,2.040180206298828,1
random_002,13,17,"8.125,10.000,0.312","31.875,16.250,2.188",21.49308204650879,18.911100387573242,2.581981658935547,1,33.34462356567383,22.49235725402832,10.852266311645508,1
random_002,13,18,"8.125,10.000,0.312","16.250,5.000,1.562",13.545977592468262,13.293764114379883,0.2522134780883789,1,24.532127380371094,23.995847702026367,0.5362796783447266,1
random_002,13,19,"8.125,10.000,0.312","28.125,26.875,0.312",24.013988494873047,25.37771987915039,1.3637313842773438,1,32.583675384521484,34.39455032348633,1.8108749389648438,1
random_002,13,20,"8.125,10.000,0.312","9.375,3.125,1.562",11.777290344238281,11.1387939453125,0.6384963989257812,1,16.091081619262695,16.75347137451172,0.6623897552490234,1
random_002,13,21,"8.125,10.000,0.312","11.250,19.375,0.938",17.10682487487793,13.170103073120117,3.9367218017578125,1,23.643428802490234,22.717529296875,0.9258995056152344,1
random_002,13,22,"8.125,10.000,0.312","37.500,26.250,1.562",20.638198852539062,21.563182830810547,0.9249839782714844,1,27.75288200378418,24.33942222595215,3.4134597778320312,1
random_002,13,23,"8.125,10.000,0.312","14.375,36.875,0.312",23.098194122314453,22.58669662475586,0.5114974975585938,1,33.72178268432617,32.86172103881836,0.8600616455078125,1
random_002,13,24,"8.125,10.000,0.312","29.375,37.500,1.562",22.84893035888672,24.82132911682129,1.9723987579345703,1,32.35197067260742,33.53419494628906,1.1822242736816406,1
random_002,13,25,"8.125,10.000,0.312","10.625,5.000,1.562",11.31153678894043,9.975391387939453,1.3361454010009766,1,16.052967071533203,14.058272361755371,1.994694709777832,1
random_002,13,26,"8.125,10.000,0.312","20.625,24.375,0.312",30.522315979003906,28.507469177246094,2.0148468017578125,1,47.21249771118164,44.476444244384766,2.736053466796875,1
random_002,13,27,"8.125,10.000,0.312","8.750,21.250,0.312",16.514158248901367,14.435017585754395,2.0791406631469727,1,25.487133026123047,23.679927825927734,1.8072052001953125,1
random_002,13,28,"8.125,10.000,0.312","9.375,8.125,2.188",6.866921424865723,5.859946250915527,1.0069751739501953,1,9.079139709472656,9.675063133239746,0.5959234237670898,1
random_002,13,29,"8.125,10.000,0.312","35.625,30.000,2.188",19.98760414123535,23.035377502441406,3.0477733612060547,1,29.466157913208008,27.6783504486084,1.7878074645996094,1
random_002,14,15,"21.250,3.750,0.938","35.625,29.375,1.562",21.27825927734375,18.335369110107422,2.942890167236328,1,22.581302642822266,21.553668975830078,1.0276336669921875,1
random_002,14,16,"21.250,3.750,0.938","28.125,4.375,2.188",7.994789123535156,6.605607032775879,1.3891820907592773,1,10.481537818908691,10.508378982543945,0.026841163635253906,1
random_002,14,17,"21.250,3.750,0.938","31.875,16.250,2.188",18.969566345214844,16.99433135986328,1.9752349853515625,1,20.59540367126465,20.69811248779297,0.10270881652832031,1
random_002,14,18,"21.250,3.750,0.938","16.250,5.000,1.562",6.43364143371582,6.369577407836914,0.06406402587890625,1,7.85665225982666,7.7311015129089355,0.1255507469177246,1
random_002,14,19,"21.250,3.750,0.938","28.125,26.875,0.312",15.026894569396973,12.491368293762207,2.5355262756347656,1,21.642473220825195,22.22824478149414,0.5857715606689453,1
random_002,14,20,"21.250,3.750,0.938","9.375,3.125,1.562",10.338233947753906,10.976344108581543,0.6381101608276367,1,11.811258316040039,13.337340354919434,1.5260820388793945,1
random_002,14,21,"21.250,3.750,0.938","11.250,19.375,0.938",22.086231231689453,21.616764068603516,0.4694671630859375,1,26.384035110473633,27.240455627441406,0.8564205169677734,1
random_002,14,22,"21.250,3.750,0.938","37.500,26.250,1.562",21.991615295410156,18.36528205871582,3.626333236694336,1,23.97842025756836,24.13675880432129,0.1583385467529297,1
random_002,14,23,"21.250,3.750,0.938","14.375,36.875,0.312",21.29102325439453,16.849594116210938,4.441429138183594,1,29.15578842163086,30.395549774169922,1.2397613525390625,1
random_002,14,24,"21.250,3.750,0.938","29.375,37.500,1.562",12.126432418823242,11.715507507324219,0.41092491149902344,1,19.276660919189453,19.10328483581543,0.17337608337402344,1
random_002,14,25,"21.250,3.750,0.938","10.625,5.000,1.562",10.358346939086914,11.173803329467773,0.8154563903808594,1,12.587607383728027,18.68890380859375,6.101296424865723,1
random_002,14,26,"21.250,3.750,0.938","20.625,24.375,0.312",11.770401000976562,10.51159954071045,1.2588014602661133,1,24.095909118652344,23.649892807006836,0.4460163116455078,1
random_002,14,27,"21.250,3.750,0.938","8.750,21.250,0.312",26.330957412719727,24.607250213623047,1.7237071990966797,1,26.62636947631836,28.629417419433594,2.0030479431152344,1
random_002,14,28,"21.250,3.750,0.938","9.375,8.125,2.188",16.811059951782227,16.673694610595703,0.13736534118652344,1,22.40941619873047,24.7056884765625,2.2962722778320312,1
random_002,14,29,"21.250,3.750,0.938","35.625,30.000,2.188",21.29207420349121,18.34511375427246,2.94696044921875,1,22.92999267578125,21.60019302368164,1.3297996520996094,1
random_002,15,16,"35.625,29.375,1.562","28.125,4.375,2.188",14.691263198852539,16.028791427612305,1.3375282287597656,1,20.026527404785156,21.694299697875977,1.6677722930908203,1
random_002,15,17,"35.625,29.375,1.562","31.875,16.250,2.188",15.540318489074707,13.492210388183594,2.0481081008911133,1,19.567089080810547,17.41262435913086,2.1544647216796875,1
random_002,15,18,"35.625,29.375,1.562","16.250,5.000,1.562",22.443635940551758,22.953105926513672,0.5094699859619141,1,33.327720642089844,32.20909881591797,1.118621826171875,1
random_002,15,19,"35.625,29.375,1.562","28.125,26.875,0.312",10.763633728027344,9.33437442779541,1.4292593002319336,1,15.699888229370117,14.03152847290039,1.6683597564697266,1
random_002,15,20,"35.625,29.375,1.562","9.375,3.125,1.562",20.908369064331055,19.571788787841797,1.3365802764892578,1,21.15682029724121,22.484195709228516,1.3273754119873047,1
random_002,15,21,"35.625,29.375,1.562","11.250,19.375,0.938",24.682743072509766,18.78192138671875,5.900821685791016,1,21.16507911682129,20.502214431762695,0.6628646850585938,1
random_002,15,22,"35.625,29.375,1.562","37.500,26.250,1.562",4.60362434387207,5.609342575073242,1.0057182312011719,1,7.2281494140625,6.724301338195801,0.5038480758666992,1
random_002,15,23,"35.625,29.375,1.562","14.375,36.875,0.312",12.511314392089844,20.157758712768555,7.646444320678711,1,12.888947486877441,10.041589736938477,2.847357749938965,1
random_002,15,24,"35.625,29.375,1.562","29.375,37.500,1.562",9.769474029541016,10.48196792602539,0.712493896484375,1,15.479454040527344,13.377785682678223,2.101668357849121,1
random_002,15,25,"35.625,29.375,1.562","10.625,5.000,1.562",22.778072357177734,20.782373428344727,1.9956989288330078,1,25.3387393951416,24.722820281982422,0.6159191131591797,1
random_002,15,26,"35.625,29.375,1.562","20.625,24.375,0.312",14.725081443786621,17.231727600097656,2.506646156311035,1,23.455615997314453,22.740888595581055,0.7147274017333984,1
random_002,15,27,"35.625,29.375,1.562","8.750,21.250,0.312",24.59271812438965,18.435752868652344,6.156965255737305,1,20.26254653930664,37.342037200927734,17.079490661621094,1
random_002,15,28,"35.625,29.375,1.562","9.375,8.125,2.188",23.830991744995117,20.66954803466797,3.1614437103271484,1,24.80608558654785,27.329803466796875,2.5237178802490234,1
random_002,15,29,"35.625,29.375,1.562","35.625,30.000,2.188",0.3366708755493164,6.488858222961426,6.152187347412109,1,2.0222833156585693,1.9216760396957397,0.10060727596282959,1
random_002,16,17,"28.125,4.375,2.188","31.875,16.250,2.188",11.485723495483398,10.386675834655762,1.0990476608276367,1,16.261974334716797,17.456539154052734,1.1945648193359375,1
random_002,16,18,"28.125,4.375,2.188","16.250,5.000,1.562",8.492108345031738,11.655351638793945,3.163243293762207,1,11.821306228637695,25.105093002319336,13.28378677368164,1
random_002,16,19,"28.125,4.375,2.188","28.125,26.875,0.312",14.533307075500488,13.218280792236328,1.3150262832641602,1,22.731111526489258,24.392377853393555,1.6612663269042969,1
random_002,16,20,"28.125,4.375,2.188","9.375,3.125,1.562",14.317312240600586,15.139566421508789,0.8222541809082031,1,13.443479537963867,16.81172752380371,3.3682479858398438,1
random_002,16,21,"28.125,4.375,2.188","11.250,19.375,0.938",30.520401000976562,23.991600036621094,6.528800964355469,1,35.942283630371094,30.40581703186035,5.536466598510742,1
random_002,16,22,"28.125,4.375,2.188","37.500,26.250,1.562",13.236881256103516,10.114633560180664,3.1222476959228516,1,15.626762390136719,17.480602264404297,1.8538398742675781,1
random_002,16,23,"28.125,4.375,2.188","14.375,36.875,0.312",21.863548278808594,19.13936424255371,2.724184036254883,1,22.459718704223633,22.416614532470703,0.04310417175292969,1
random_002,16,24,"28.125,4.375,2.188","29.375,37.500,1.562",11.78405475616455,11.719310760498047,0.0647439956665039,1,21.211833953857422,21.796833038330078,0.5849990844726562,1
random_002,16,25,"28.125,4.375,2.188","10.625,5.000,1.562",15.026106834411621,15.790821075439453,0.764714241027832,1,12.624553680419922,14.444123268127441,1.8195695877075195,1
random_002,16,26,"28.125,4.375,2.188","20.625,24.375,0.312",17.209993362426758,19.58078384399414,2.370790481567383,1,25.827919006347656,26.1652889251709,0.3373699188232422,1
random_002,16,27,"28.125,4.375,2.188","8.750,21.250,0.312",30.284223556518555,23.754493713378906,6.529729843139648,1,36.31172180175781,31.899917602539062,4.41180419921875,1
random_002,16,28,"28.125,4.375,2.188","9.375,8.125,2.188",20.637069702148438,16.925594329833984,3.711475372314453,1,29.403114318847656,27.845972061157227,1.5571422576904297,1
random_002,16,29,"28.125,4.375,2.188","35.625,30.000,2.188",16.10773277282715,14.404937744140625,1.7027950286865234,1,21.330015182495117,20.570087432861328,0.7599277496337891,1
random_002,17,18,"31.875,16.250,2.188","16.250,5.000,1.562",25.295204162597656,26.55831527709961,1.2631111145019531,1,30.448814392089844,30.449113845825195,0.0002994537353515625,1
random_002,17,19,"31.875,16.250,2.188","28.125,26.875,0.312",11.795852661132812,12.731554985046387,0.9357023239135742,1,23.777122497558594,24.12909698486328,0.3519744873046875,1
random_002,17,20,"31.875,16.250,2.188","9.375,3.125,1.562",27.29079818725586,28.808456420898438,1.5176582336425781,1,36.29313278198242,39.82810974121094,3.5349769592285156,1
random_002,17,21,"31.875,16.250,2.188","11.250,19.375,0.938",18.867284774780273,16.080928802490234,2.786355972290039,1,28.530780792236328,29.714736938476562,1.1839561462402344,1
random_002,17,22,"31.875,16.250,2.188","37.500,26.250,1.562",10.164107322692871,10.539436340332031,0.37532901763916016,1,13.684152603149414,14.307098388671875,0.6229457855224609,1
random_002,17,23,"31.875,16.250,2.188","14.375,36.875,0.312",17.600645065307617,14.06429386138916,3.536351203918457,1,25.01508903503418,25.066469192504883,0.051380157470703125,1
random_002,17,24,"31.875,16.250,2.188","29.375,37.500,1.562",12.188790321350098,13.783244132995605,1.5944538116455078,1,22.407794952392578,22.324745178222656,0.08304977416992188,1
random_002,17,25,"31.875,16.250,2.188","10.625,5.000,1.562",24.69096565246582,26.392852783203125,1.7018871307373047,1,35.38260269165039,32.284000396728516,3.098602294921875,1
random_002,17,26,"31.875,16.250,2.188","20.625,24.375,0.312",12.167425155639648,12.367194175720215,0.1997690200805664,1,23.35397720336914,26.936574935913086,3.5825977325439453,1
random_002,17,27,"31.875,16.250,2.188","8.750,21.250,0.312",19.786148071289062,18.71278190612793,1.0733661651611328,1,24.130538940429688,23.792343139648438,0.33819580078125,1
random_002,17,28,"31.875,16.250,2.188","9.375,8.125,2.188",21.22563934326172,22.010835647583008,0.7851963043212891,1,45.48807144165039,33.22756576538086,12.260505676269531,1
random_002,17,29,"31.875,16.250,2.188","35.625,30.000,2.188",13.851470947265625,15.088508605957031,1.2370376586914062,1,18.85738182067871,20.518062591552734,1.6606807708740234,1
random_002,18,19,"16.250,5.000,1.562","28.125,26.875,0.312",24.518924713134766,25.63922882080078,1.1203041076660156,1,38.02662658691406,36.623435974121094,1.4031906127929688,1
random_002,18,20,"16.250,5.000,1.562","9.375,3.125,1.562",9.067533493041992,7.785587310791016,1.2819461822509766,1,12.566154479980469,11.173460006713867,1.3926944732666016,1
random_002,18,21,"16.250,5.000,1.562","11.250,19.375,0.938",17.504060745239258,18.881498336791992,1.3774375915527344,1,20.411090850830078,29.79182243347168,9.380731582641602,1
random_002,18,22,"16.250,5.000,1.562","37.500,26.250,1.562",25.73278045654297,23.449689865112305,2.283090591430664,1,33.78263854980469,37.09370803833008,3.3110694885253906,1
random_002,18,23,"16.250,5.000,1.562","14.375,36.875,0.312",20.388771057128906,20.336063385009766,0.052707672119140625,1,21.15631675720215,20.539106369018555,0.6172103881835938,1
random_002,18,24,"16.250,5.000,1.562","29.375,37.500,1.562",16.409027099609375,20.381664276123047,3.972637176513672,1,18.982492446899414,13.033110618591309,5.9493818283081055,1
random_002,18,25,"16.250,5.000,1.562","10.625,5.000,1.562",8.456817626953125,8.029558181762695,0.4272594451904297,1,13.552183151245117,12.521416664123535,1.030766487121582,1
random_002,18,26,"16.250,5.000,1.562","20.625,24.375,0.312",23.367523193359375,23.229541778564453,0.13798141479492188,1,28.85529136657715,30.49313735961914,1.6378459930419922,1
random_002,18,27,"16.250,5.000,1.562","8.750,21.250,0.312",20.6064510345459,19.30769157409668,1.2987594604492188,1,29.45138168334961,24.09305763244629,5.35832405090332,1
random_002,18,28,"16.250,5.000,1.562","9.375,8.125,2.188",10.519964218139648,11.24343490600586,0.7234706878662109,1,15.693300247192383,16.967803955078125,1.2745037078857422,1
random_002,18,29,"16.250,5.000,1.562","35.625,30.000,2.188",22.34946060180664,22.54208755493164,0.192626953125,1,30.317331314086914,29.011817932128906,1.3055133819580078,1
random_002,19,20,"28.125,26.875,0.312","9.375,3.125,1.562",23.035030364990234,24.05535125732422,1.0203208923339844,1,33.63508987426758,35.696449279785156,2.061359405517578,1
random_002,19,21,"28.125,26.875,0.312","11.250,19.375,0.938",23.579212188720703,20.234251022338867,3.344961166381836,1,30.66749382019043,29.905597686767578,0.7618961334228516,1
random_002,19,22,"28.125,26.875,0.312","37.500,26.250,1.562",9.847236633300781,9.632217407226562,0.21501922607421875,1,16.919189453125,17.63379669189453,0.7146072387695312,1
random_002,19,23,"28.125,26.875,0.312","14.375,36.875,0.312",15.459549903869629,13.492012023925781,1.9675378799438477,1,18.32785415649414,17.587318420410156,0.7405357360839844,1
random_002,19,24,"28.125,26.875,0.312","29.375,37.500,1.562",9.565942764282227,10.807720184326172,1.2417774200439453,1,18.086938858032227,17.88348388671875,0.20345497131347656,1
random_002,19,25,"28.125,26.875,0.312","10.625,5.000,1.562",24.5606632232666,24.586156845092773,0.025493621826171875,1,35.79875183105469,37.82914352416992,2.0303916931152344,1
random_002,19,26,"28.125,26.875,0.312","20.625,24.375,0.312",9.839239120483398,8.825967788696289,1.0132713317871094,1,19.48838996887207,19.220928192138672,0.26746177673339844,1
random_002,19,27,"28.125,26.875,0.312","8.750,21.250,0.312",24.843154907226562,20.21454429626465,4.628610610961914,1,28.133146286010742,28.19713020324707,0.06398391723632812,1
random_002,19,28,"28.125,26.875,0.312","9.375,8.125,2.188",25.15503692626953,24.3885555267334,0.7664813995361328,1,36.16309356689453,34.45024490356445,1.7128486633300781,1
random_002,19,29,"28.125,26.875,0.312","35.625,30.000,2.188",9.60749626159668,11.573226928710938,1.9657306671142578,1,14.09325885772705,15.851136207580566,1.7578773498535156,1
random_002,20,21,"9.375,3.125,1.562","11.250,19.375,0.938",20.737407684326172,13.922977447509766,6.814430236816406,1,22.26646614074707,23.39069175720215,1.1242256164550781,1
random_002,20,22,"9.375,3.125,1.562","37.500,26.250,1.562",21.763254165649414,21.435009002685547,0.3282451629638672,1,27.992185592651367,29.478900909423828,1.486715316772461,1
random_002,20,23,"9.375,3.125,1.562","14.375,36.875,0.312",23.299598693847656,20.910579681396484,2.389019012451172,1,26.717687606811523,27.114437103271484,0.39674949645996094,1
random_002,20,24,"9.375,3.125,1.562","29.375,37.500,1.562",17.75965118408203,19.69136619567871,1.9317150115966797,1,18.793853759765625,18.675050735473633,0.11880302429199219,1
random_002,20,25,"9.375,3.125,1.562","10.625,5.000,1.562",4.710284233093262,4.4830169677734375,0.22726726531982422,1,6.941006183624268,6.526698589324951,0.4143075942993164,1
random_002,20,26,"9.375,3.125,1.562","20.625,24.375,0.312",26.78683090209961,18.83542251586914,7.951408386230469,1,37.33331298828125,37.145172119140625,0.188140869140625,1
random_002,20,27,"9.375,3.125,1.562","8.750,21.250,0.312",21.406246185302734,16.001033782958984,5.40521240234375,1,23.070302963256836,22.761964797973633,0.3083381652832031,1
random_002,20,28,"9.375,3.125,1.562","9.375,8.125,2.188",9.305093765258789,10.166014671325684,0.8609209060668945,1,13.594123840332031,13.62122631072998,0.02710247039794922,1
random_002,20,29,"9.375,3.125,1.562","35.625,30.000,2.188",19.290830612182617,20.75889778137207,1.4680671691894531,1,23.994455337524414,23.264633178710938,0.7298221588134766,1
random_002,21,22,"11.250,19.375,0.938","37.500,26.250,1.562",19.25713348388672,21.25988006591797,2.00274658203125,1,44.58143997192383,19.91051483154297,24.67092514038086,1
random_002,21,23,"11.250,19.375,0.938","14.375,36.875,0.312",16.971303939819336,19.214771270751953,2.243467330932617,1,23.274911880493164,23.629846572875977,0.3549346923828125,1
random_002,21,24,"11.250,19.375,0.938","29.375,37.500,1.562",23.853002548217773,31.260581970214844,7.40757942199707,1,29.56580924987793,32.31535339355469,2.749544143676758,1
random_002,21,25,"11.250,19.375,0.938","10.625,5.000,1.562",12.953047752380371,19.436655044555664,6.483607292175293,1,24.20176887512207,28.680639266967773,4.478870391845703,1
random_002,21,26,"11.250,19.375,0.938","20.625,24.375,0.312",18.293716430664062,12.83523941040039,5.458477020263672,1,21.54705810546875,22.059307098388672,0.5122489929199219,1
random_002,21,27,"11.250,19.375,0.938","8.750,21.250,0.312",4.935765266418457,6.956453323364258,2.020688056945801,1,9.02289867401123,8.296089172363281,0.7268095016479492,1
random_002,21,28,"11.250,19.375,0.938","9.375,8.125,2.188",12.689188003540039,17.04094886779785,4.3517608642578125,1,22.134952545166016,21.999225616455078,0.1357269287109375,1
random_002,21,29,"11.250,19.375,0.938","35.625,30.000,2.188",19.068031311035156,24.696252822875977,5.62822151184082,1,41.52186584472656,22.546031951904297,18.975833892822266,1
random_002,22,23,"37.500,26.250,1.562","14.375,36.875,0.312",14.983063697814941,18.92782211303711,3.944758415222168,1,15.563549041748047,16.26418685913086,0.7006378173828125,1
random_002,22,24,"37.500,26.250,1.562","29.375,37.500,1.562",12.294835090637207,12.857416152954102,0.5625810623168945,1,19.310256958007812,18.483535766601562,0.82672119140625,1
random_002,22,25,"37.500,26.250,1.562","10.625,5.000,1.562",22.503459930419922,22.534812927246094,0.031352996826171875,1,27.12986183166504,26.276092529296875,0.8537693023681641,1
random_002,22,26,"37.500,26.250,1.562","20.625,24.375,0.312",13.416854858398438,17.337116241455078,3.9202613830566406,1,23.39535903930664,25.141372680664062,1.7460136413574219,1
random_002,22,27,"37.500,26.250,1.562","8.750,21.250,0.312",21.715320587158203,18.60573387145996,3.109586715698242,1,20.001693725585938,21.53799819946289,1.5363044738769531,1
random_002,22,28,"37.500,26.250,1.562","9.375,8.125,2.188",23.092239379882812,21.664377212524414,1.4278621673583984,1,27.844425201416016,28.870473861694336,1.0260486602783203,1
random_002,22,29,"37.500,26.250,1.562","35.625,30.000,2.188",5.004657745361328,5.09968376159668,0.09502601623535156,1,7.08486795425415,7.7064127922058105,0.6215448379516602,1
random_002,23,24,"14.375,36.875,0.312","29.375,37.500,1.562",14.387186050415039,11.949995994567871,2.437190055847168,1,15.76175308227539,14.722189903259277,1.0395631790161133,1
random_002,23,25,"14.375,36.875,0.312","10.625,5.000,1.562",22.157577514648438,24.028671264648438,1.87109375,1,30.103805541992188,35.530155181884766,5.426349639892578,1
random_002,23,26,"14.375,36.875,0.312","20.625,24.375,0.312",18.631832122802734,17.890438079833984,0.74139404296875,1,26.465316772460938,25.87073516845703,0.5945816040039062,1
random_002,23,27,"14.375,36.875,0.312","8.750,21.250,0.312",14.668811798095703,14.12550163269043,0.5433101654052734,1,15.380757331848145,16.649518966674805,1.2687616348266602,1
random_002,23,28,"14.375,36.875,0.312","9.375,8.125,2.188",23.027442932128906,24.015703201293945,0.9882602691650391,1,36.412933349609375,34.9814567565918,1.4314765930175781,1
random_002,23,29,"14.375,36.875,0.312","35.625,30.000,2.188",20.4559326171875,12.040114402770996,8.415818214416504,1,9.435689926147461,11.867624282836914,2.431934356689453,1
random_002,24,25,"29.375,37.500,1.562","10.625,5.000,1.562",21.145488739013672,18.487131118774414,2.658357620239258,1,20.130327224731445,21.3254451751709,1.1951179504394531,1
random_002,24,26,"29.375,37.500,1.562","20.625,24.375,0.312",13.399038314819336,9.642629623413086,3.75640869140625,1,18.54240608215332,18.213796615600586,0.3286094665527344,1
random_002,24,27,"29.375,37.500,1.562","8.750,21.250,0.312",30.306385040283203,24.260669708251953,6.04571533203125,1,32.05929183959961,30.97298812866211,1.0863037109375,1
random_002,24,28,"29.375,37.500,1.562","9.375,8.125,2.188",22.851030349731445,19.804229736328125,3.0468006134033203,1,26.04833221435547,26.496828079223633,0.44849586486816406,1
random_002,24,29,"29.375,37.500,1.562","35.625,30.000,2.188",9.663341522216797,8.7860746383667,0.8772668838500977,1,14.358064651489258,14.856499671936035,0.49843502044677734,1
random_002,25,26,"10.625,5.000,1.562","20.625,24.375,0.312",27.280715942382812,19.613540649414062,7.66717529296875,1,38.55371856689453,37.19816970825195,1.3555488586425781,1
random_002,25,27,"10.625,5.000,1.562","8.750,21.250,0.312",20.386734008789062,15.449151039123535,4.937582969665527,1,24.92757797241211,25.278610229492188,0.3510322570800781,1
random_002,25,28,"10.625,5.000,1.562","9.375,8.125,2.188",7.425675392150879,8.054664611816406,0.6289892196655273,1,10.671724319458008,10.457233428955078,0.2144908905029297,1
random_002,25,29,"10.625,5.000,1.562","35.625,30.000,2.188",20.542816162109375,22.64022445678711,2.0974082946777344,1,25.4810733795166,25.880931854248047,0.3998584747314453,1
random_002,26,27,"20.625,24.375,0.312","8.750,21.250,0.312",12.028092384338379,19.69635581970215,7.6682634353637695,1,21.862716674804688,18.662250518798828,3.2004661560058594,1
random_002,26,28,"20.625,24.375,0.312","9.375,8.125,2.188",22.65437126159668,27.31952667236328,4.665155410766602,1,39.370391845703125,38.8682746887207,0.5021171569824219,1
random_002,26,29,"20.625,24.375,0.312","35.625,30.000,2.188",17.37649917602539,15.079350471496582,2.2971487045288086,1,23.759361267089844,23.60396957397461,0.15539169311523438,1
random_002,27,28,"8.750,21.250,0.312","9.375,8.125,2.188",16.507047653198242,17.294008255004883,0.7869606018066406,1,25.826160430908203,25.799219131469727,0.026941299438476562,1
random_002,27,29,"8.750,21.250,0.312","35.625,30.000,2.188",19.10300064086914,25.14358139038086,6.040580749511719,1,26.119083404541016,28.335796356201172,2.2167129516601562,1
random_002,28,29,"9.375,8.125,2.188","35.625,30.000,2.188",20.523025512695312,23.76575469970703,3.2427291870117188,1,26.167516708374023,27.761320114135742,1.5938034057617188,1
random_003,0,1,"4.375,33.125,0.312","13.125,27.500,2.188",15.615249633789062,13.544713020324707,2.0705366134643555,1,31.02858543395996,26.367570877075195,4.661014556884766,1
random_003,0,2,"4.375,33.125,0.312","5.000,20.625,0.312",12.048544883728027,14.624794006347656,2.576249122619629,1,23.84380531311035,23.290706634521484,0.5530986785888672,1
random_003,0,3,"4.375,33.125,0.312","11.250,23.125,2.188",15.025634765625,14.266229629516602,0.7594051361083984,1,27.77638053894043,26.40884780883789,1.367532730102539,1
random_003,0,4,"4.375,33.125,0.312","25.000,11.875,2.188",18.00655746459961,21.657230377197266,3.6506729125976562,1,28.71341323852539,26.71938705444336,1.9940261840820312,1
random_003,0,5,"4.375,33.125,0.312","37.500,1.250,2.188",16.762985229492188,19.285404205322266,2.522418975830078,1,18.952991485595703,18.015851974487305,0.9371395111083984,1
random_003,0,6,"4.375,33.125,0.312","20.625,31.875,1.562",14.563347816467285,10.865062713623047,3.6982851028442383,1,23.24639129638672,17.129043579101562,6.117347717285156,1
random_003,0,7,"4.375,33.125,0.312","7.500,26.250,0.938",11.162591934204102,11.528460502624512,0.36586856842041016,1,20.842164993286133,20.708967208862305,0.13319778442382812,1
random_003,0,8,"4.375,33.125,0.312","23.750,35.000,0.938",12.327753067016602,11.23280143737793,1.0949516296386719,1,13.74325942993164,14.20142650604248,0.45816707611083984,1
random_003,0,9,"4.375,33.125,0.312","18.750,6.250,0.312",20.313499450683594,25.083602905273438,4.770103454589844,1,24.682262420654297,21.419898986816406,3.2623634338378906,1
random_003,0,10,"4.375,33.125,0.312","38.125,11.875,0.938",19.265056610107422,21.170167922973633,1.905111312866211,1,28.37889289855957,27.518871307373047,0.8600215911865234,1
random_003,0,11,"4.375,33.125,0.312","28.125,11.875,0.312",17.931350708007812,22.732288360595703,4.800937652587891,1,28.35123062133789,26.605003356933594,1.7462272644042969,1
random_003,0,12,"4.375,33.125,0.312","35.000,3.125,1.562",17.254133224487305,20.21831512451172,2.964181900024414,1,17.179162979125977,16.61255645751953,0.5666065216064453,1
random_003,0,13,"4.375,33.125,0.312","5.000,18.125,1.562",12.43125057220459,15.540244102478027,3.1089935302734375,1,17.656246185302734,17.036590576171875,0.6196556091308594,1
random_003,0,14,"4.375,33.125,0.312","14.375,8.750,0.938",20.288307189941406,24.68486785888672,4.3965606689453125,1,23.011110305786133,22.191904067993164,0.8192062377929688,1
random_003,0,15,"4.375,33.125,0.312","14.375,6.250,0.312",24.098339080810547,25.4859619140625,1.3876228332519531,1,29.932727813720703,30.90156364440918,0.9688358306884766,1
random_003,0,16,"4.375,33.125,0.312","14.375,30.625,0.312",15.792759895324707,13.597957611083984,2.1948022842407227,1,22.870899200439453,23.580913543701172,0.7100143432617188,1
random_003,0,17,"4.375,33.125,0.312","21.875,12.500,2.188",17.03895378112793,21.63863754272461,4.59968376159668,1,29.802011489868164,28.227577209472656,1.5744342803955078,1
random_003,0,18,"4.375,33.125,0.312","28.750,30.625,2.188",14.130430221557617,15.516678810119629,1.3862485885620117,1,26.713184356689453,26.311193466186523,0.4019908905029297,1
random_003,0,19,"4.375,33.125,0.312","25.625,16.250,0.312",17.916168212890625,23.746784210205078,5.830615997314453,1,31.878705978393555,27.160587310791016,4.718118667602539,1
random_003,0,20,"4.375,33.125,0.312","10.625,30.000,0.938",14.876941680908203,12.532447814941406,2.344493865966797,1,27.87085723876953,25.430816650390625,2.4400405883789062,1
random_003,0,21,"4.375,33.125,0.312","13.750,36.875,1.562",8.93045425415039,9.926122665405273,0.9956684112548828,1,15.15815544128418,13.814579963684082,1.3435754776000977,1
random_003,0,22,"4.375,33.125,0.312","20.000,12.500,2.188",16.247819900512695,21.759469985961914,5.511650085449219,1,29.061500549316406,26.42508316040039,2.6364173889160156,1
random_003,0,23,"4.375,33.125,0.312","34.375,35.000,0.938",11.949165344238281,13.578316688537598,1.6291513442993164,1,10.245969772338867,12.043288230895996,1.797318458557129,1
random_003,0,24,"4.375,33.125,0.312","29.375,10.000,0.312",16.475492477416992,21.162120819091797,4.686628341674805,1,23.57677459716797,21.246843338012695,2.3299312591552734,1
random_003,0,25,"4.375,33.125,0.312","34.375,16.875,2.188",22.336475372314453,22.60938835144043,0.27291297912597656,1,27.867406845092773,28.484102249145508,0.6166954040527344,1
random_003,0,26,"4.375,33.125,0.312","10.625,20.625,0.938",14.111161231994629,15.787010192871094,1.6758489608764648,1,26.84490394592285,24.656171798706055,2.188732147216797,1
random_003,0,27,"4.375,33.125,0.312","11.875,16.875,0.938",14.737873077392578,16.284135818481445,1.5462627410888672,1,26.27142906188965,22.41802215576172,3.8534069061279297,1
random_003,0,28,"4.375,33.125,0.312","15.000,26.875,2.188",16.697851181030273,15.001303672790527,1.696547508239746,1,29.357044219970703,23.86985969543457,5.487184524536133,1
random_003,0,29,"4.375,33.125,0.312","6.250,3.750,0.312",9.165103912353516,14.242918968200684,5.077815055847168,1,11.309452056884766,14.575028419494629,3.2655763626098633,1
random_003,1,2,"13.125,27.500,2.188","5.000,20.625,0.312",12.84518814086914,11.77055835723877,1.074629783630371,1,20.321182250976562,21.068880081176758,0.7476978302001953,1
random_003,1,3,"13.125,27.500,2.188","11.250,23.125,2.188",7.862086296081543,7.52017879486084,0.3419075012207031,1,14.221466064453125,12.913195610046387,1.3082704544067383,1
random_003,1,4,"13.125,27.500,2.188","25.000,11.875,2.188",12.959907531738281,13.53996753692627,0.5800600051879883,1,28.294857025146484,25.37190818786621,2.9229488372802734,1
random_003,1,5,"13.125,27.500,2.188","37.500,1.250,2.188",17.07199478149414,19.01450538635254,1.9425106048583984,1,15.147539138793945,19.077537536621094,3.9299983978271484,1
random_003,1,6,"13.125,27.500,2.188","20.625,31.875,1.562",10.01249885559082,11.407878875732422,1.3953800201416016,1,34.83168029785156,17.821279525756836,17.010400772094727,1
random_003,1,7,"13.125,27.500,2.188","7.500,26.250,0.938",7.850718975067139,8.896648406982422,1.0459294319152832,1,17.823034286499023,14.394946098327637,3.4280881881713867,1
random_003,1,8,"13.125,27.500,2.188","23.750,35.000,0.938",20.44771385192871,18.586082458496094,1.8616313934326172,1,31.855148315429688,38.81803512573242,6.962886810302734,1
random_003,1,9,"13.125,27.500,2.188","18.750,6.250,0.312",9.243793487548828,15.31204605102539,6.0682525634765625,1,24.398860931396484,24.163087844848633,0.23577308654785156,1
random_003,1,10,"13.125,27.500,2.188","38.125,11.875,0.938",23.291410446166992,25.200794219970703,1.909383773803711,1,37.64369583129883,39.38475036621094,1.7410545349121094,1
random_003,1,11,"13.125,27.500,2.188","28.125,11.875,0.312",14.507855415344238,13.824463844299316,0.6833915710449219,1,28.45598602294922,28.116369247436523,0.3396167755126953,1
random_003,1,12,"13.125,27.500,2.188","35.000,3.125,1.562",19.001907348632812,20.32094955444336,1.3190422058105469,1,18.671674728393555,20.45537567138672,1.783700942993164,1
random_003,1,13,"13.125,27.500,2.188","5.000,18.125,1.562",12.579345703125,11.152654647827148,1.4266910552978516,1,20.875152587890625,24.46310806274414,3.5879554748535156,1
random_003,1,14,"13.125,27.500,2.188","14.375,8.750,0.938",10.71041202545166,14.3388671875,3.62845516204834,1,27.328208923339844,27.550424575805664,0.2222156524658203,1
random_003,1,15,"13.125,27.500,2.188","14.375,6.250,0.312",17.45389175415039,15.895942687988281,1.5579490661621094,1,25.471702575683594,28.5975399017334,3.1258373260498047,1
random_003,1,16,"13.125,27.500,2.188","14.375,30.625,0.312",5.8395490646362305,5.247142791748047,0.5924062728881836,1,11.012253761291504,11.761274337768555,0.7490205764770508,1
random_003,1,17,"13.125,27.500,2.188","21.875,12.500,2.188",11.717979431152344,13.788247108459473,2.070267677307129,1,28.288618087768555,26.914840698242188,1.3737773895263672,1
random_003,1,18,"13.125,27.500,2.188","28.750,30.625,2.188",10.917043685913086,11.249923706054688,0.33288002014160156,1,15.669157981872559,16.90350914001465,1.2343511581420898,1
random_003,1,19,"13.125,27.500,2.188","25.625,16.250,0.312",12.868557929992676,13.067174911499023,0.19861698150634766,1,26.887584686279297,28.279251098632812,1.3916664123535156,1
random_003,1,20,"13.125,27.500,2.188","10.625,30.000,0.938",5.113142967224121,6.387042999267578,1.273900032043457,1,11.870848655700684,10.52560043334961,1.3452482223510742,1
random_003,1,21,"13.125,27.500,2.188","13.750,36.875,1.562",8.783843040466309,8.56021785736084,0.22362518310546875,1,16.823461532592773,17.004253387451172,0.18079185485839844,1
random_003,1,22,"13.125,27.500,2.188","20.000,12.500,2.188",11.241639137268066,13.917182922363281,2.675543785095215,1,27.937028884887695,25.188108444213867,2.748920440673828,1
random_003,1,23,"13.125,27.500,2.188","34.375,35.000,0.938",11.953449249267578,12.78651237487793,0.8330631256103516,1,21.296499252319336,22.89466667175293,1.5981674194335938,1
random_003,1,24,"13.125,27.500,2.188","29.375,10.000,0.312",13.315088272094727,13.527472496032715,0.21238422393798828,1,23.186349868774414,24.457763671875,1.271413803100586,1
random_003,1,25,"13.125,27.500,2.188","34.375,16.875,2.188",23.88806915283203,24.76089859008789,0.8728294372558594,1,37.8851318359375,40.99182891845703,3.1066970825195312,1
random_003,1,26,"13.125,27.500,2.188","10.625,20.625,0.938",9.984441757202148,10.806962966918945,0.8225212097167969,1,20.706207275390625,20.542652130126953,0.16355514526367188,1
random_003,1,27,"13.125,27.500,2.188","11.875,16.875,0.938",10.4841890335083,11.281501770019531,0.7973127365112305,1,17.233379364013672,16.513656616210938,0.7197227478027344,1
random_003,1,28,"13.125,27.500,2.188","15.000,26.875,2.188",3.3332128524780273,4.143426895141602,0.8102140426635742,1,5.843863010406494,5.676236629486084,0.16762638092041016,1
random_003,1,29,"13.125,27.500,2.188","6.250,3.750,0.312",13.705155372619629,18.461259841918945,4.756104469299316,1,23.296133041381836,24.033781051635742,0.7376480102539062,1
random_003,2,3,"5.000,20.625,0.312","11.250,23.125,2.188",9.08664321899414,11.125250816345215,2.038607597351074,1,17.247474670410156,17.863027572631836,0.6155529022216797,1
random_003,2,4,"5.000,20.625,0.312","25.000,11.875,2.188",13.92138385772705,14.455477714538574,0.5340938568115234,1,27.394763946533203,28.752418518066406,1.3576545715332031,1
random_003,2,5,"5.000,20.625,0.312","37.500,1.250,2.188",20.135990142822266,24.067935943603516,3.93194580078125,1,25.013059616088867,21.287700653076172,3.7253589630126953,1
random_003,2,6,"5.000,20.625,0.312","20.625,31.875,1.562",16.6298828125,15.442975997924805,1.1869068145751953,1,27.007667541503906,25.051626205444336,1.9560413360595703,1
random_003,2,7,"5.000,20.625,0.312","7.500,26.250,0.938",8.51662826538086,9.83140754699707,1.314779281616211,1,15.758787155151367,16.99567413330078,1.236886978149414,1
random_003,2,8,"5.000,20.625,0.312","23.750,35.000,0.938",23.05111312866211,18.928058624267578,4.123054504394531,1,28.905099868774414,25.372812271118164,3.53228759765625,1
random_003,2,9,"5.000,20.625,0.312","18.750,6.250,0.312",20.22552490234375,25.101285934448242,4.875761032104492,1,32.27742385864258,35.574302673339844,3.2968788146972656,1
random_003,2,10,"5.000,20.625,0.312","38.125,11.875,0.938",14.894062995910645,17.28289222717285,2.388829231262207,1,15.928642272949219,15.913650512695312,0.01499176025390625,1
random_003,2,11,"5.000,20.625,0.312","28.125,11.875,0.312",15.131058692932129,15.18708324432373,0.05602455139160156,1,23.855497360229492,24.54070472717285,0.6852073669433594,1
random_003,2,12,"5.000,20.625,0.312","35.000,3.125,1.562",20.835575103759766,23.571914672851562,2.736339569091797,1,21.28631591796875,19.828840255737305,1.4574756622314453,1
random_003,2,13,"5.000,20.625,0.312","5.000,18.125,1.562",4.70728874206543,4.076642036437988,0.6306467056274414,1,7.536437034606934,7.662132263183594,0.12569522857666016,1
random_003,2,14,"5.000,20.625,0.312","14.375,8.750,0.938",17.1540470123291,19.854270935058594,2.700223922729492,1,33.182777404785156,28.65703582763672,4.5257415771484375,1
random_003,2,15,"5.000,20.625,0.312","14.375,6.250,0.312",20.839075088500977,22.4622802734375,1.6232051849365234,1,41.19273376464844,41.821712493896484,0.6289787292480469,1
random_003,2,16,"5.000,20.625,0.312","14.375,30.625,0.312",12.882494926452637,13.408402442932129,0.5259075164794922,1,23.774999618530273,22.002614974975586,1.7723846435546875,1
random_003,2,17,"5.000,20.625,0.312","21.875,12.500,2.188",14.752363204956055,14.574823379516602,0.17753982543945312,1,25.67639923095703,28.061901092529297,2.3855018615722656,1
random_003,2,18,"5.000,20.625,0.312","28.750,30.625,2.188",12.924358367919922,13.918559074401855,0.9942007064819336,1,14.88300895690918,18.640878677368164,3.7578697204589844,1
random_003,2,19,"5.000,20.625,0.312","25.625,16.250,0.312",14.043395042419434,14.803911209106445,0.7605161666870117,1,22.84969711303711,26.1219482421875,3.2722511291503906,1
random_003,2,20,"5.000,20.625,0.312","10.625,30.000,0.938",12.147165298461914,12.503666877746582,0.35650157928466797,1,22.310688018798828,19.844188690185547,2.4664993286132812,1
random_003,2,21,"5.000,20.625,0.312","13.750,36.875,1.562",9.828593254089355,10.766340255737305,0.9377470016479492,1,18.078388214111328,18.305561065673828,0.2271728515625,1
random_003,2,22,"5.000,20.625,0.312","20.000,12.500,2.188",16.52984619140625,17.740053176879883,1.2102069854736328,1,34.56882858276367,33.67991256713867,0.888916015625,1
random_003,2,23,"5.000,20.625,0.312","34.375,35.000,0.938",11.286746978759766,12.250656127929688,0.9639091491699219,1,14.634790420532227,14.877419471740723,0.2426290512084961,1
random_003,2,24,"5.000,20.625,0.312","29.375,10.000,0.312",14.511849403381348,14.734216690063477,0.2223672866821289,1,24.209461212158203,23.550067901611328,0.659393310546875,1
random_003,2,25,"5.000,20.625,0.312","34.375,16.875,2.188",19.015892028808594,16.548402786254883,2.467489242553711,1,27.21779441833496,21.013456344604492,6.204338073730469,1
random_003,2,26,"5.000,20.625,0.312","10.625,20.625,0.938",8.234334945678711,7.629011154174805,0.6053237915039062,1,17.22679328918457,16.17647933959961,1.050313949584961,1
random_003,2,27,"5.000,20.625,0.312","11.875,16.875,0.938",9.506608963012695,10.238022804260254,0.7314138412475586,1,15.496630668640137,14.974207878112793,0.5224227905273438,1
random_003,2,28,"5.000,20.625,0.312","15.000,26.875,2.188",12.266090393066406,13.143699645996094,0.8776092529296875,1,21.11936378479004,21.54350471496582,0.42414093017578125,1
random_003,2,29,"5.000,20.625,0.312","6.250,3.750,0.312",11.068673133850098,12.328786849975586,1.2601137161254883,1,19.730043411254883,21.690021514892578,1.9599781036376953,1
random_003,3,4,"11.250,23.125,2.188","25.000,11.875,2.188",15.35497760772705,14.957472801208496,0.3975048065185547,1,27.70818328857422,27.187179565429688,0.5210037231445312,1
random_003,3,5,"11.250,23.125,2.188","37.500,1.250,2.188",20.817161560058594,24.2982177734375,3.4810562133789062,1,28.503599166870117,30.827302932739258,2.3237037658691406,1
random_003,3,6,"11.250,23.125,2.188","20.625,31.875,1.562",16.367652893066406,14.5323486328125,1.8353042602539062,1,28.220373153686523,24.405311584472656,3.815061569213867,1
random_003,3,7,"11.250,23.125,2.188","7.500,26.250,0.938",7.1688737869262695,9.513662338256836,2.3447885513305664,1,15.825512886047363,14.718706130981445,1.106806755065918,1
random_003,3,8,"11.250,23.125,2.188","23.750,35.000,0.938",22.228443145751953,18.075868606567383,4.15257453918457,1,26.971954345703125,31.5846004486084,4.612646102905273,1
random_003,3,9,"11.250,23.125,2.188","18.750,6.250,0.312",16.402660369873047,19.381732940673828,2.9790725708007812,1,33.22425842285156,29.742568969726562,3.481689453125,1
random_003,3,10,"11.250,23.125,2.188","38.125,11.875,0.938",17.098217010498047,18.437665939331055,1.3394489288330078,1,20.49730682373047,23.95046043395996,3.453153610229492,1
random_003,3,11,"11.250,23.125,2.188","28.125,11.875,0.312",16.336856842041016,15.097862243652344,1.2389945983886719,1,27.615617752075195,22.223501205444336,5.392116546630859,1
random_003,3,12,"11.250,23.125,2.188","35.000,3.125,1.562",20.991901397705078,24.028560638427734,3.0366592407226562,1,22.30608558654785,25.223033905029297,2.9169483184814453,1
random_003,3,13,"11.250,23.125,2.188","5.000,18.125,1.562",14.131648063659668,13.427936553955078,0.7037115097045898,1,26.155277252197266,25.199909210205078,0.9553680419921875,1
random_003,3,14,"11.250,23.125,2.188","14.375,8.750,0.938",13.347110748291016,14.319366455078125,0.9722557067871094,1,27.276004791259766,27.050487518310547,0.22551727294921875,1
random_003,3,15,"11.250,23.125,2.188","14.375,6.250,0.312",21.299104690551758,15.76272964477539,5.536375045776367,1,29.973730087280273,31.81130599975586,1.837575912475586,1
random_003,3,16,"11.250,23.125,2.188","14.375,30.625,0.312",11.173640251159668,10.892816543579102,0.2808237075805664,1,17.89491844177246,20.13881492614746,2.243896484375,1
random_003,3,17,"11.250,23.125,2.188","21.875,12.500,2.188",14.998754501342773,14.617335319519043,0.38141918182373047,1,24.076950073242188,29.096487045288086,5.019536972045898,1
random_003,3,18,"11.250,23.125,2.188","28.750,30.625,2.188",12.90697193145752,11.890702247619629,1.0162696838378906,1,21.323301315307617,21.33918571472168,0.0158843994140625,1
random_003,3,19,"11.250,23.125,2.188","25.625,16.250,0.312",14.761446952819824,13.674131393432617,1.087315559387207,1,29.56062889099121,27.91922378540039,1.6414051055908203,1
random_003,3,20,"11.250,23.125,2.188","10.625,30.000,0.938",9.990701675415039,10.531975746154785,0.5412740707397461,1,16.5277099609375,18.540489196777344,2.0127792358398438,1
random_003,3,21,"11.250,23.125,2.188","13.750,36.875,1.562",10.193811416625977,9.23038101196289,0.9634304046630859,1,20.556550979614258,20.92519760131836,0.36864662170410156,1
random_003,3,22,"11.250,23.125,2.188","20.000,12.500,2.188",14.487005233764648,14.528155326843262,0.04115009307861328,1,24.691553115844727,27.58055877685547,2.889005661010742,1
random_003,3,23,"11.250,23.125,2.188","34.375,35.000,0.938",12.735333442687988,11.683496475219727,1.0518369674682617,1,17.260143280029297,19.70128059387207,2.4411373138427734,1
random_003,3,24,"11.250,23.125,2.188","29.375,10.000,0.312",15.21081256866455,15.000003814697266,0.21080875396728516,1,25.05745506286621,23.34746551513672,1.7099895477294922,1
random_003,3,25,"11.250,23.125,2.188","34.375,16.875,2.188",20.27083969116211,14.515129089355469,5.755710601806641,1,26.725387573242188,22.639759063720703,4.085628509521484,1
random_003,3,26,"11.250,23.125,2.188","10.625,20.625,0.938",4.124224662780762,5.698497772216797,1.5742731094360352,1,9.745246887207031,9.712394714355469,0.0328521728515625,1
random_003,3,27,"11.250,23.125,2.188","11.875,16.875,0.938",8.91914176940918,8.456554412841797,0.4625873565673828,1,14.965646743774414,13.22950553894043,1.7361412048339844,1
random_003,3,28,"11.250,23.125,2.188","15.000,26.875,2.188",8.384742736816406,7.764382362365723,0.6203603744506836,1,13.475336074829102,12.79642105102539,0.6789150238037109,1
random_003,3,29,"11.250,23.125,2.188","6.250,3.750,0.312",15.937444686889648,22.05021095275879,6.112766265869141,1,38.241512298583984,34.75270080566406,3.488811492919922,1
random_003,4,5,"25.000,11.875,2.188","37.500,1.250,2.188",21.19364356994629,22.075321197509766,0.8816776275634766,1,33.04033279418945,34.085594177246094,1.0452613830566406,1
random_003,4,6,"25.000,11.875,2.188","20.625,31.875,1.562",14.884437561035156,13.008216857910156,1.876220703125,1,16.995223999023438,18.733448028564453,1.7382240295410156,1
random_003,4,7,"25.000,11.875,2.188","7.500,26.250,0.938",17.239826202392578,15.721644401550293,1.5181818008422852,1,30.387447357177734,31.31186294555664,0.9244155883789062,1
random_003,4,8,"25.000,11.875,2.188","23.750,35.000,0.938",19.022537231445312,16.946767807006836,2.0757694244384766,1,24.230777740478516,22.889251708984375,1.3415260314941406,1
random_003,4,9,"25.000,11.875,2.188","18.750,6.250,0.312",13.821744918823242,13.849498748779297,0.027753829956054688,1,21.473344802856445,19.667434692382812,1.8059101104736328,1
random_003,4,10,"25.000,11.875,2.188","38.125,11.875,0.938",11.796327590942383,15.924800872802734,4.128473281860352,1,15.162415504455566,16.488935470581055,1.3265199661254883,1
random_003,4,11,"25.000,11.875,2.188","28.125,11.875,0.312",5.703149795532227,7.005631446838379,1.3024816513061523,1,11.163004875183105,11.130887985229492,0.03211688995361328,1
random_003,4,12,"25.000,11.875,2.188","35.000,3.125,1.562",19.749698638916016,21.621070861816406,1.8713722229003906,1,30.279726028442383,30.987815856933594,0.7080898284912109,1
random_003,4,13,"25.000,11.875,2.188","5.000,18.125,1.562",18.159591674804688,18.41647720336914,0.2568855285644531,1,36.86330032348633,37.363162994384766,0.4998626708984375,1
random_003,4,14,"25.000,11.875,2.188","14.375,8.750,0.938",14.376453399658203,13.315633773803711,1.0608196258544922,1,22.952898025512695,21.706445693969727,1.2464523315429688,1
random_003,4,15,"25.000,11.875,2.188","14.375,6.250,0.312",16.056304931640625,14.340619087219238,1.7156858444213867,1,21.06892967224121,23.01382064819336,1.9448909759521484,1
random_003,4,16,"25.000,11.875,2.188","14.375,30.625,0.312",14.084269523620605,12.994773864746094,1.0894956588745117,1,28.51540184020996,23.220033645629883,5.295368194580078,1
random_003,4,17,"25.000,11.875,2.188","21.875,12.500,2.188",6.551583290100098,7.439031600952148,0.8874483108520508,1,10.284390449523926,9.15603256225586,1.1283578872680664,1
random_003,4,18,"25.000,11.875,2.188","28.750,30.625,2.188",12.778655052185059,13.129007339477539,0.35035228729248047,1,22.307109832763672,19.753759384155273,2.5533504486083984,1
random_003,4,19,"25.000,11.875,2.188","25.625,16.250,0.312",10.004928588867188,9.096351623535156,0.9085769653320312,1,14.936018943786621,14.49669361114502,0.43932533264160156,1
random_003,4,20,"25.000,11.875,2.188","10.625,30.000,0.938",15.253618240356445,14.565611839294434,0.6880064010620117,1,28.496370315551758,26.8487548828125,1.6476154327392578,1
random_003,4,21,"25.000,11.875,2.188","13.750,36.875,1.562",21.79167938232422,22.48893928527832,0.6972599029541016,1,36.953773498535156,38.19661331176758,1.2428398132324219,1
random_003,4,22,"25.000,11.875,2.188","20.000,12.500,2.188",9.324546813964844,9.525321006774902,0.2007741928100586,1,15.550129890441895,14.5736722946167,0.9764575958251953,1
random_003,4,23,"25.000,11.875,2.188","34.375,35.000,0.938",20.978801727294922,20.662853240966797,0.315948486328125,1,29.070192337036133,28.417316436767578,0.6528759002685547,1
random_003,4,24,"25.000,11.875,2.188","29.375,10.000,0.312",8.524831771850586,9.026947975158691,0.5021162033081055,1,15.124959945678711,14.817310333251953,0.3076496124267578,1
random_003,4,25,"25.000,11.875,2.188","34.375,16.875,2.188",14.997718811035156,17.252565383911133,2.2548465728759766,1,17.16573715209961,20.605487823486328,3.4397506713867188,1
random_003,4,26,"25.000,11.875,2.188","10.625,20.625,0.938",14.414619445800781,16.443140029907227,2.0285205841064453,1,27.898027420043945,28.685108184814453,0.7870807647705078,1
random_003,4,27,"25.000,11.875,2.188","11.875,16.875,0.938",16.298377990722656,16.380783081054688,0.08240509033203125,1,26.911067962646484,27.052541732788086,0.14147377014160156,1
random_003,4,28,"25.000,11.875,2.188","15.000,26.875,2.188",12.802437782287598,10.708229064941406,2.0942087173461914,1,23.191417694091797,28.163686752319336,4.972269058227539,1
random_003,4,29,"25.000,11.875,2.188","6.250,3.750,0.312",20.286727905273438,22.75014305114746,2.4634151458740234,1,30.19862937927246,30.269556045532227,0.07092666625976562,1
random_003,5,6,"37.500,1.250,2.188","20.625,31.875,1.562",20.838777542114258,14.763245582580566,6.075531959533691,1,15.875112533569336,17.33965492248535,1.4645423889160156,1
random_003,5,7,"37.500,1.250,2.188","7.500,26.250,0.938",23.53166961669922,19.51810073852539,4.013568878173828,1,27.517047882080078,30.326107025146484,2.8090591430664062,1
random_003,5,8,"37.500,1.250,2.188","23.750,35.000,0.938",18.122982025146484,11.586280822753906,6.536701202392578,1,22.4036865234375,25.23801612854004,2.834329605102539,1
random_003,5,9,"37.500,1.250,2.188","18.750,6.250,0.312",15.71556568145752,14.44241714477539,1.273148536682129,1,20.37241554260254,17.25720977783203,3.115205764770508,1
random_003,5,10,"37.500,1.250,2.188","38.125,11.875,0.938",7.619139671325684,8.597919464111328,0.9787797927856445,1,12.550782203674316,12.759329795837402,0.20854759216308594,1
random_003,5,11,"37.500,1.250,2.188","28.125,11.875,0.312",18.190481185913086,14.848787307739258,3.341693878173828,1,21.895090103149414,15.13979434967041,6.755295753479004,1
random_003,5,12,"37.500,1.250,2.188","35.000,3.125,1.562",5.411791801452637,4.722626686096191,0.6891651153564453,1,5.0049333572387695,4.985748767852783,0.019184589385986328,1
random_003,5,13,"37.500,1.250,2.188","5.000,18.125,1.562",23.62784767150879,21.73353385925293,1.8943138122558594,1,28.76862335205078,28.3186092376709,0.4500141143798828,1
random_003,5,14,"37.500,1.250,2.188","14.375,8.750,0.938",17.602195739746094,15.613114356994629,1.9890813827514648,1,23.161836624145508,24.20826530456543,1.0464286804199219,1
random_003,5,15,"37.500,1.250,2.188","14.375,6.250,0.312",12.811904907226562,14.692087173461914,1.8801822662353516,1,17.198463439941406,17.094512939453125,0.10395050048828125,1
random_003,5,16,"37.500,1.250,2.188","14.375,30.625,0.312",21.954483032226562,21.169109344482422,0.7853736877441406,1,28.52862548828125,19.918071746826172,8.610553741455078,1
random_003,5,17,"37.500,1.250,2.188","21.875,12.500,2.188",22.817272186279297,22.833831787109375,0.016559600830078125,1,41.498313903808594,31.75779151916504,9.740522384643555,1
random_003,5,18,"37.500,1.250,2.188","28.750,30.625,2.188",17.754056930541992,7.93564510345459,9.818411827087402,1,20.69450569152832,15.575992584228516,5.118513107299805,1
random_003,5,19,"37.500,1.250,2.188","25.625,16.250,0.312",17.430490493774414,13.964099884033203,3.466390609741211,1,24.621891021728516,22.58338165283203,2.0385093688964844,1
random_003,5,20,"37.500,1.250,2.188","10.625,30.000,0.938",18.8112735748291,18.1264591217041,0.684814453125,1,18.78567886352539,19.21683692932129,0.43115806579589844,1
random_003,5,21,"37.500,1.250,2.188","13.750,36.875,1.562",15.427993774414062,17.529809951782227,2.101816177368164,1,29.563518524169922,27.28121566772461,2.2823028564453125,1
random_003,5,22,"37.500,1.250,2.188","20.000,12.500,2.188",23.245521545410156,22.95914649963379,0.2863750457763672,1,41.99409484863281,34.44575881958008,7.548336029052734,1
random_003,5,23,"37.500,1.250,2.188","34.375,35.000,0.938",10.033524513244629,8.229005813598633,1.804518699645996,1,19.935649871826172,18.218002319335938,1.7176475524902344,1
random_003,5,24,"37.500,1.250,2.188","29.375,10.000,0.312",19.029064178466797,15.205355644226074,3.8237085342407227,1,21.950693130493164,20.413612365722656,1.5370807647705078,1
random_003,5,25,"37.500,1.250,2.188","34.375,16.875,2.188",10.705163955688477,9.576805114746094,1.1283588409423828,1,12.916711807250977,12.46723461151123,0.4494771957397461,1
random_003,5,26,"37.500,1.250,2.188","10.625,20.625,0.938",24.999013900756836,21.43221092224121,3.566802978515625,1,31.16876792907715,28.465221405029297,2.7035465240478516,1
random_003,5,27,"37.500,1.250,2.188","11.875,16.875,0.938",29.77060317993164,23.959327697753906,5.811275482177734,1,41.47052001953125,42.618560791015625,1.148040771484375,1
random_003,5,28,"37.500,1.250,2.188","15.000,26.875,2.188",18.376718521118164,15.669159889221191,2.7075586318969727,1,25.5040283203125,27.321762084960938,1.8177337646484375,1
random_003,5,29,"37.500,1.250,2.188","6.250,3.750,0.312",11.98904037475586,14.575403213500977,2.586362838745117,1,17.061010360717773,13.59725570678711,3.463754653930664,1
random_003,6,7,"20.625,31.875,1.562","7.500,26.250,0.938",14.00130844116211,15.680420875549316,1.679112434387207,1,17.837512969970703,25.77778434753418,7.940271377563477,1
random_003,6,8,"20.625,31.875,1.562","23.750,35.000,0.938",7.1292572021484375,7.788440227508545,0.6591830253601074,1,10.489575386047363,11.902536392211914,1.4129610061645508,1
random_003,6,9,"20.625,31.875,1.562","18.750,6.250,0.312",7.114482879638672,15.471357345581055,8.356874465942383,1,25.839862823486328,24.82589340209961,1.0139694213867188,1
random_003,6,10,"20.625,31.875,1.562","38.125,11.875,0.938",20.415130615234375,24.40410614013672,3.9889755249023438,1,20.48285675048828,23.422286987304688,2.9394302368164062,1
random_003,6,11,"20.625,31.875,1.562","28.125,11.875,0.312",13.829392433166504,15.952316284179688,2.1229238510131836,1,17.194686889648438,16.562990188598633,0.6316967010498047,1
random_003,6,12,"20.625,31.875,1.562","35.000,3.125,1.562",15.558477401733398,21.453157424926758,5.894680023193359,1,20.759044647216797,22.998523712158203,2.2394790649414062,1
random_003,6,13,"20.625,31.875,1.562","5.000,18.125,1.562",17.33596420288086,20.220619201660156,2.884654998779297,1,28.305496215820312,30.86605453491211,2.560558319091797,1
random_003,6,14,"20.625,31.875,1.562","14.375,8.750,0.938",9.887453079223633,12.23906421661377,2.3516111373901367,1,20.3944149017334,21.444623947143555,1.0502090454101562,1
random_003,6,15,"20.625,31.875,1.562","14.375,6.250,0.312",15.117558479309082,16.26630973815918,1.1487512588500977,1,30.17214012145996,20.410539627075195,9.761600494384766,1
random_003,6,16,"20.625,31.875,1.562","14.375,30.625,0.312",7.744139671325684,8.571171760559082,0.8270320892333984,1,14.55855941772461,35.40011978149414,20.84156036376953,1
random_003,6,17,"20.625,31.875,1.562","21.875,12.500,2.188",11.993470191955566,13.906224250793457,1.9127540588378906,1,27.172035217285156,25.105236053466797,2.0667991638183594,1
random_003,6,18,"20.625,31.875,1.562","28.750,30.625,2.188",8.625284194946289,8.190301895141602,0.4349822998046875,1,14.528182983398438,13.705744743347168,0.8224382400512695,1
random_003,6,19,"20.625,31.875,1.562","25.625,16.250,0.312",15.031435012817383,13.631208419799805,1.4002265930175781,1,20.672571182250977,25.044139862060547,4.37156867980957,1
random_003,6,20,"20.625,31.875,1.562","10.625,30.000,0.938",10.786759376525879,12.448554992675781,1.6617956161499023,1,15.169743537902832,35.719844818115234,20.550101280212402,1
random_003,6,21,"20.625,31.875,1.562","13.750,36.875,1.562",9.461244583129883,11.45326042175293,1.9920158386230469,1,16.332870483398438,28.894365310668945,12.561494827270508,1
random_003,6,22,"20.625,31.875,1.562","20.000,12.500,2.188",10.099543571472168,14.142579078674316,4.043035507202148,1,21.03936767578125,22.39684295654297,1.3574752807617188,1
random_003,6,23,"20.625,31.875,1.562","34.375,35.000,0.938",10.603621482849121,11.815824508666992,1.212203025817871,1,17.43348503112793,15.279632568359375,2.1538524627685547,1
random_003,6,24,"20.625,31.875,1.562","29.375,10.000,0.312",13.660198211669922,16.4144229888916,2.7542247772216797,1,16.982913970947266,20.741592407226562,3.758678436279297,1
random_003,6,25,"20.625,31.875,1.562","34.375,16.875,2.188",23.156906127929688,24.755373001098633,1.5984668731689453,1,23.529651641845703,19.4217472076416,4.107904434204102,1
random_003,6,26,"20.625,31.875,1.562","10.625,20.625,0.938",15.259061813354492,17.54966926574707,2.290607452392578,1,30.21646499633789,33.458465576171875,3.2420005798339844,1
random_003,6,27,"20.625,31.875,1.562","11.875,16.875,0.938",15.345084190368652,13.965465545654297,1.3796186447143555,1,18.697282791137695,21.003829956054688,2.306547164916992,1
random_003,6,28,"20.625,31.875,1.562","15.000,26.875,2.188",11.171339988708496,10.894210815429688,0.2771291732788086,1,18.101205825805664,34.08916473388672,15.987958908081055,1
random_003,6,29,"20.625,31.875,1.562","6.250,3.750,0.312",14.593751907348633,20.867008209228516,6.273256301879883,1,32.35879898071289,23.033628463745117,9.325170516967773,1
random_003,7,8,"7.500,26.250,0.938","23.750,35.000,0.938",23.985721588134766,21.355743408203125,2.6299781799316406,1,32.009212493896484,28.316848754882812,3.692363739013672,1
random_003,7,9,"7.500,26.250,0.938","18.750,6.250,0.312",16.922569274902344,20.65067481994629,3.7281055450439453,1,33.195411682128906,31.74285125732422,1.4525604248046875,1
random_003,7,10,"7.500,26.250,0.938","38.125,11.875,0.938",17.079416275024414,19.446029663085938,2.3666133880615234,1,32.464317321777344,23.464481353759766,8.999835968017578,1
random_003,7,11,"7.500,26.250,0.938","28.125,11.875,0.312",16.66868019104004,17.027795791625977,0.3591156005859375,1,29.079620361328125,30.336591720581055,1.2569713592529297,1
random_003,7,12,"7.500,26.250,0.938","35.000,3.125,1.562",19.91927719116211,23.7159366607666,3.796659469604492,1,17.967798233032227,23.465160369873047,5.49736213684082,1
random_003,7,13,"7.500,26.250,0.938","5.000,18.125,1.562",11.228143692016602,10.085159301757812,1.142984390258789,1,18.62920379638672,18.60521125793457,0.023992538452148438,1
random_003,7,14,"7.500,26.250,0.938","14.375,8.750,0.938",17.588584899902344,16.87881851196289,0.7097663879394531,1,27.590612411499023,26.89068031311035,0.6999320983886719,1
random_003,7,15,"7.500,26.250,0.938","14.375,6.250,0.312",23.437753677368164,21.145483016967773,2.2922706604003906,1,33.2469482421875,37.62004470825195,4.373096466064453,1
random_003,7,16,"7.500,26.250,0.938","14.375,30.625,0.312",10.519054412841797,10.702598571777344,0.18354415893554688,1,17.681861877441406,19.093177795410156,1.41131591796875,1
random_003,7,17,"7.500,26.250,0.938","21.875,12.500,2.188",14.844154357910156,16.692724227905273,1.8485698699951172,1,30.972000122070312,28.553876876831055,2.418123245239258,1
random_003,7,18,"7.500,26.250,0.938","28.750,30.625,2.188",12.500067710876465,11.067802429199219,1.432265281677246,1,21.0361270904541,21.075368881225586,0.039241790771484375,1
random_003,7,19,"7.500,26.250,0.938","25.625,16.250,0.312",14.988764762878418,15.664758682250977,0.6759939193725586,1,29.020509719848633,31.932146072387695,2.9116363525390625,1
random_003,7,20,"7.500,26.250,0.938","10.625,30.000,0.938",8.144109725952148,7.33510684967041,0.8090028762817383,1,15.434120178222656,16.09962272644043,0.6655025482177734,1
random_003,7,21,"7.500,26.250,0.938","13.750,36.875,1.562",10.206208229064941,10.999889373779297,0.7936811447143555,1,20.678607940673828,20.319639205932617,0.35896873474121094,1
random_003,7,22,"7.500,26.250,0.938","20.000,12.500,2.188",14.345894813537598,16.539836883544922,2.193942070007324,1,27.981449127197266,32.968788146972656,4.987339019775391,1
random_003,7,23,"7.500,26.250,0.938","34.375,35.000,0.938",15.268280982971191,14.203288078308105,1.064992904663086,1,17.57573699951172,19.318801879882812,1.7430648803710938,1
random_003,7,24,"7.500,26.250,0.938","29.375,10.000,0.312",15.384116172790527,16.80251693725586,1.418400764465332,1,28.777454376220703,27.827877044677734,0.9495773315429688,1
random_003,7,25,"7.500,26.250,0.938","34.375,16.875,2.188",21.041187286376953,17.96390724182129,3.077280044555664,1,28.43393325805664,23.05680274963379,5.377130508422852,1
random_003,7,26,"7.500,26.250,0.938","10.625,20.625,0.938",11.405574798583984,9.955612182617188,1.4499626159667969,1,15.62454605102539,19.3955078125,3.7709617614746094,1
random_003,7,27,"7.500,26.250,0.938","11.875,16.875,0.938",12.814310073852539,12.107646942138672,0.7066631317138672,1,20.320518493652344,23.01534080505371,2.694822311401367,1
random_003,7,28,"7.500,26.250,0.938","15.000,26.875,2.188",11.718981742858887,9.964512825012207,1.7544689178466797,1,17.166650772094727,18.93706512451172,1.7704143524169922,1
random_003,7,29,"7.500,26.250,0.938","6.250,3.750,0.312",11.309240341186523,12.745450973510742,1.4362106323242188,1,20.79814338684082,22.219247817993164,1.4211044311523438,1
random_003,8,9,"23.750,35.000,0.938","18.750,6.250,0.312",9.329442977905273,18.219343185424805,8.889900207519531,1,26.463760375976562,26.282733917236328,0.18102645874023438,1
random_003,8,10,"23.750,35.000,0.938","38.125,11.875,0.938",13.83633804321289,20.14889907836914,6.31256103515625,1,19.090290069580078,21.878559112548828,2.78826904296875,1
random_003,8,11,"23.750,35.000,0.938","28.125,11.875,0.312",14.876565933227539,17.8255615234375,2.948995590209961,1,22.836545944213867,19.550708770751953,3.285837173461914,1
random_003,8,12,"23.750,35.000,0.938","35.000,3.125,1.562",11.376248359680176,18.47407341003418,7.097825050354004,1,21.893396377563477,25.50613021850586,3.612733840942383,1
random_003,8,13,"23.750,35.000,0.938","5.000,18.125,1.562",19.961015701293945,23.52247428894043,3.5614585876464844,1,26.26789665222168,25.798969268798828,0.46892738342285156,1
random_003,8,14,"23.750,35.000,0.938","14.375,8.750,0.938",10.203380584716797,19.111351013183594,8.907970428466797,1,28.240158081054688,26.084712982177734,2.155445098876953,1
random_003,8,15,"23.750,35.000,0.938","14.375,6.250,0.312",11.818877220153809,20.577041625976562,8.758164405822754,1,31.723461151123047,23.56549835205078,8.157962799072266,1
random_003,8,16,"23.750,35.000,0.938","14.375,30.625,0.312",18.528839111328125,19.66797637939453,1.1391372680664062,1,38.43004608154297,36.45158004760742,1.9784660339355469,1
random_003,8,17,"23.750,35.000,0.938","21.875,12.500,2.188",13.778045654296875,17.916400909423828,4.138355255126953,1,22.828594207763672,21.47835350036621,1.350240707397461,1
random_003,8,18,"23.750,35.000,0.938","28.750,30.625,2.188",11.1657133102417,9.640595436096191,1.5251178741455078,1,19.260404586791992,18.059484481811523,1.2009201049804688,1
random_003,8,19,"23.750,35.000,0.938","25.625,16.250,0.312",18.363216400146484,18.84197998046875,0.4787635803222656,1,35.779457092285156,31.698509216308594,4.0809478759765625,1
random_003,8,20,"23.750,35.000,0.938","10.625,30.000,0.938",18.035694122314453,19.19471549987793,1.1590213775634766,1,25.0362606048584,36.15851593017578,11.122255325317383,1
random_003,8,21,"23.750,35.000,0.938","13.750,36.875,1.562",8.567590713500977,9.068791389465332,0.5012006759643555,1,13.21664047241211,15.402894020080566,2.186253547668457,1
random_003,8,22,"23.750,35.000,0.938","20.000,12.500,2.188",12.630087852478027,18.81859588623047,6.188508033752441,1,23.80838966369629,20.397937774658203,3.410451889038086,1
random_003,8,23,"23.750,35.000,0.938","34.375,35.000,0.938",8.6956205368042,10.3168363571167,1.6212158203125,1,11.568601608276367,13.144445419311523,1.5758438110351562,1
random_003,8,24,"23.750,35.000,0.938","29.375,10.000,0.312",13.538865089416504,17.1947021484375,3.655837059020996,1,17.667499542236328,28.598417282104492,10.930917739868164,1
random_003,8,25,"23.750,35.000,0.938","34.375,16.875,2.188",19.680898666381836,20.43793487548828,0.7570362091064453,1,23.971084594726562,23.285327911376953,0.6857566833496094,1
random_003,8,26,"23.750,35.000,0.938","10.625,20.625,0.938",17.57273292541504,22.670242309570312,5.097509384155273,1,30.071630477905273,26.08547019958496,3.9861602783203125,1
random_003,8,27,"23.750,35.000,0.938","11.875,16.875,0.938",15.528237342834473,17.11871337890625,1.5904760360717773,1,22.488597869873047,20.985994338989258,1.502603530883789,1
random_003,8,28,"23.750,35.000,0.938","15.000,26.875,2.188",17.16675567626953,17.34023666381836,0.17348098754882812,1,33.09296417236328,30.481937408447266,2.6110267639160156,1
random_003,8,29,"23.750,35.000,0.938","6.250,3.750,0.312",13.103363990783691,20.828983306884766,7.725619316101074,1,29.664104461669922,30.926197052001953,1.2620925903320312,1
random_003,9,10,"18.750,6.250,0.312","38.125,11.875,0.938",15.38560962677002,17.69862174987793,2.31301212310791,1,21.548145294189453,23.228790283203125,1.6806449890136719,1
random_003,9,11,"18.750,6.250,0.312","28.125,11.875,0.312",15.087578773498535,14.915942192077637,0.17163658142089844,1,22.978164672851562,24.70455551147461,1.7263908386230469,1
random_003,9,12,"18.750,6.250,0.312","35.000,3.125,1.562",12.991983413696289,15.198650360107422,2.206666946411133,1,20.009016036987305,21.521690368652344,1.512674331665039,1
random_003,9,13,"18.750,6.250,0.312","5.000,18.125,1.562",20.895286560058594,17.73909568786621,3.156190872192383,1,30.498641967773438,31.791135787963867,1.2924938201904297,1
random_003,9,14,"18.750,6.250,0.312","14.375,8.750,0.938",9.243579864501953,9.361814498901367,0.11823463439941406,1,13.71260929107666,15.371785163879395,1.6591758728027344,1
random_003,9,15,"18.750,6.250,0.312","14.375,6.250,0.312",7.904906749725342,8.063236236572266,0.15832948684692383,1,12.163799285888672,12.314786911010742,0.1509876251220703,1
random_003,9,16,"18.750,6.250,0.312","14.375,30.625,0.312",15.410073280334473,9.726102828979492,5.6839704513549805,1,21.688207626342773,18.86172103881836,2.826486587524414,1
random_003,9,17,"18.750,6.250,0.312","21.875,12.500,2.188",13.315322875976562,11.720230102539062,1.5950927734375,1,14.854423522949219,18.137981414794922,3.283557891845703,1
random_003,9,18,"18.750,6.250,0.312","28.750,30.625,2.188",18.28742790222168,9.772494316101074,8.514933586120605,1,27.6755428314209,19.968935012817383,7.706607818603516,1
random_003,9,19,"18.750,6.250,0.312","25.625,16.250,0.312",16.48555564880371,15.163009643554688,1.3225460052490234,1,24.419597625732422,24.638362884521484,0.2187652587890625,1
random_003,9,20,"18.750,6.250,0.312","10.625,30.000,0.938",15.813015937805176,10.679548263549805,5.133467674255371,1,22.332746505737305,22.282920837402344,0.04982566833496094,1
random_003,9,21,"18.750,6.250,0.312","13.750,36.875,1.562",10.567402839660645,8.061223030090332,2.5061798095703125,1,20.539987564086914,16.675256729125977,3.8647308349609375,1
random_003,9,22,"18.750,6.250,0.312","20.000,12.500,2.188",12.683709144592285,10.50262451171875,2.181084632873535,1,15.462640762329102,18.340444564819336,2.8778038024902344,1
random_003,9,23,"18.750,6.250,0.312","34.375,35.000,0.938",22.739124298095703,16.880264282226562,5.858860015869141,1,27.807348251342773,27.610822677612305,0.19652557373046875,1
random_003,9,24,"18.750,6.250,0.312","29.375,10.000,0.312",15.25573444366455,14.598628997802734,0.6571054458618164,1,21.28463363647461,22.25495719909668,0.9703235626220703,1
random_003,9,25,"18.750,6.250,0.312","34.375,16.875,2.188",18.93279457092285,18.043989181518555,0.8888053894042969,1,29.877986907958984,26.30282974243164,3.5751571655273438,1
random_003,9,26,"18.750,6.250,0.312","10.625,20.625,0.938",19.624404907226562,18.03136444091797,1.5930404663085938,1,30.33384132385254,33.20965576171875,2.875814437866211,1
random_003,9,27,"18.750,6.250,0.312","11.875,16.875,0.938",17.779945373535156,15.424236297607422,2.3557090759277344,1,27.216415405273438,27.867660522460938,0.6512451171875,1
random_003,9,28,"18.750,6.250,0.312","15.000,26.875,2.188",14.815208435058594,8.489299774169922,6.325908660888672,1,25.72295570373535,24.48107147216797,1.2418842315673828,1
random_003,9,29,"18.750,6.250,0.312","6.250,3.750,0.312",12.711655616760254,14.570784568786621,1.8591289520263672,1,17.783781051635742,19.987558364868164,2.203777313232422,1
random_003,10,11,"38.125,11.875,0.938","28.125,11.875,0.312",13.956114768981934,10.506296157836914,3.4498186111450195,1,16.751527786254883,16.792564392089844,0.04103660583496094,1
random_003,10,12,"38.125,11.875,0.938","35.000,3.125,1.562",8.635185241699219,8.087231636047363,0.5479536056518555,1,12.29169750213623,11.673822402954102,0.6178750991821289,1
random_003,10,13,"38.125,11.875,0.938","5.000,18.125,1.562",16.322776794433594,14.031289100646973,2.291487693786621,1,17.662281036376953,24.04880714416504,6.386526107788086,1
random_003,10,14,"38.125,11.875,0.938","14.375,8.750,0.938",14.893011093139648,15.55019474029541,0.6571836471557617,1,22.473886489868164,19.207324981689453,3.266561508178711,1
random_003,10,15,"38.125,11.875,0.938","14.375,6.250,0.312",14.993929862976074,15.909780502319336,0.9158506393432617,1,16.522687911987305,17.781246185302734,1.2585582733154297,1
random_003,10,16,"38.125,11.875,0.938","14.375,30.625,0.312",24.888011932373047,22.188108444213867,2.6999034881591797,1,39.38723373413086,42.2298583984375,2.8426246643066406,1
random_003,10,17,"38.125,11.875,0.938","21.875,12.500,2.188",16.923465728759766,12.86764907836914,4.055816650390625,1,18.2159366607666,17.5993709564209,0.6165657043457031,1
random_003,10,18,"38.125,11.875,0.938","28.750,30.625,2.188",16.16942024230957,9.279577255249023,6.889842987060547,1,24.30681037902832,23.720714569091797,0.5860958099365234,1
random_003,10,19,"38.125,11.875,0.938","25.625,16.250,0.312",16.029394149780273,12.819032669067383,3.2103614807128906,1,21.87003517150879,17.648454666137695,4.221580505371094,1
random_003,10,20,"38.125,11.875,0.938","10.625,30.000,0.938",23.916473388671875,22.971145629882812,0.9453277587890625,1,34.6776237487793,34.122982025146484,0.5546417236328125,1
random_003,10,21,"38.125,11.875,0.938","13.750,36.875,1.562",20.7900447845459,22.028345108032227,1.2383003234863281,1,29.884384155273438,30.141468048095703,0.2570838928222656,1
random_003,10,22,"38.125,11.875,0.938","20.000,12.500,2.188",17.47701644897461,14.060355186462402,3.416661262512207,1,17.397668838500977,16.6931209564209,0.7045478820800781,1
random_003,10,23,"38.125,11.875,0.938","34.375,35.000,0.938",11.019893646240234,8.900457382202148,2.119436264038086,1,18.750980377197266,17.791696548461914,0.9592838287353516,1
random_003,10,24,"38.125,11.875,0.938","29.375,10.000,0.312",12.729291915893555,9.559690475463867,3.1696014404296875,1,15.3167724609375,12.613429069519043,2.703343391418457,1
random_003,10,25,"38.125,11.875,0.938","34.375,16.875,2.188",8.306644439697266,7.194273948669434,1.112370491027832,1,10.79749870300293,10.607176780700684,0.1903219223022461,1
random_003,10,26,"38.125,11.875,0.938","10.625,20.625,0.938",17.775390625,16.79740333557129,0.9779872894287109,1,19.87385368347168,17.067768096923828,2.8060855865478516,1
random_003,10,27,"38.125,11.875,0.938","11.875,16.875,0.938",17.1463623046875,15.776906967163086,1.369455337524414,1,17.89084243774414,16.501041412353516,1.389801025390625,1
random_003,10,28,"38.125,11.875,0.938","15.000,26.875,2.188",26.1656551361084,23.85820770263672,2.3074474334716797,1,45.27751541137695,35.06117248535156,10.21634292602539,1
random_003,10,29,"38.125,11.875,0.938","6.250,3.750,0.312",15.161907196044922,14.683759689331055,0.4781475067138672,1,19.3994197845459,14.309805870056152,5.089613914489746,1
random_003,11,12,"28.125,11.875,0.312","35.000,3.125,1.562",15.422286033630371,19.85875129699707,4.436465263366699,1,25.854888916015625,27.849634170532227,1.9947452545166016,1
random_003,11,13,"28.125,11.875,0.312","5.000,18.125,1.562",17.453399658203125,16.207225799560547,1.2461738586425781,1,29.475345611572266,33.09144973754883,3.6161041259765625,1
random_003,11,14,"28.125,11.875,0.312","14.375,8.750,0.938",15.493868827819824,14.869566917419434,0.6243019104003906,1,24.572782516479492,22.838659286499023,1.7341232299804688,1
random_003,11,15,"28.125,11.875,0.312","14.375,6.250,0.312",16.632896423339844,16.345481872558594,0.28741455078125,1,24.921411514282227,23.023971557617188,1.897439956665039,1
random_003,11,16,"28.125,11.875,0.312","14.375,30.625,0.312",24.170928955078125,21.167524337768555,3.0034046173095703,1,32.78426742553711,32.991004943847656,0.20673751831054688,1
random_003,11,17,"28.125,11.875,0.312","21.875,12.500,2.188",12.040023803710938,9.740922927856445,2.299100875854492,1,15.93599796295166,17.857044219970703,1.921046257019043,1
random_003,11,18,"28.125,11.875,0.312","28.750,30.625,2.188",12.177844047546387,11.757217407226562,0.4206266403198242,1,21.078149795532227,20.093297958374023,0.9848518371582031,1
random_003,11,19,"28.125,11.875,0.312","25.625,16.250,0.312",10.777810096740723,9.642263412475586,1.1355466842651367,1,13.003996849060059,14.93345832824707,1.9294614791870117,1
random_003,11,20,"28.125,11.875,0.312","10.625,30.000,0.938",14.846707344055176,15.900065422058105,1.0533580780029297,1,30.55586814880371,30.518178939819336,0.037689208984375,1
random_003,11,21,"28.125,11.875,0.312","13.750,36.875,1.562",20.75802993774414,20.907821655273438,0.14979171752929688,1,36.25362014770508,32.31171798706055,3.9419021606445312,1
random_003,11,22,"28.125,11.875,0.312","20.000,12.500,2.188",13.6951322555542,12.059165000915527,1.6359672546386719,1,20.421173095703125,19.45346450805664,0.9677085876464844,1
random_003,11,23,"28.125,11.875,0.312","34.375,35.000,0.938",19.86239242553711,19.654884338378906,0.20750808715820312,1,29.152231216430664,31.65328598022461,2.5010547637939453,1
random_003,11,24,"28.125,11.875,0.312","29.375,10.000,0.312",5.883260726928711,5.533736228942871,0.34952449798583984,1,6.912600517272949,7.900384902954102,0.9877843856811523,1
random_003,11,25,"28.125,11.875,0.312","34.375,16.875,2.188",13.735944747924805,14.316346168518066,0.5804014205932617,1,19.926584243774414,19.533769607543945,0.39281463623046875,1
random_003,11,26,"28.125,11.875,0.312","10.625,20.625,0.938",14.901949882507324,17.101837158203125,2.199887275695801,1,29.280963897705078,30.373868942260742,1.092905044555664,1
random_003,11,27,"28.125,11.875,0.312","11.875,16.875,0.938",16.22947883605957,15.273555755615234,0.9559230804443359,1,24.446449279785156,28.619905471801758,4.173456192016602,1
random_003,11,28,"28.125,11.875,0.312","15.000,26.875,2.188",13.98819351196289,12.360795974731445,1.6273975372314453,1,26.1625919342041,23.368331909179688,2.794260025024414,1
random_003,11,29,"28.125,11.875,0.312","6.250,3.750,0.312",17.755126953125,19.895275115966797,2.140148162841797,1,22.575910568237305,18.35910415649414,4.216806411743164,1
random_003,12,13,"35.000,3.125,1.562","5.000,18.125,1.562",24.988290786743164,22.3282413482666,2.6600494384765625,1,27.94361686706543,28.609403610229492,0.6657867431640625,1
random_003,12,14,"35.000,3.125,1.562","14.375,8.750,0.938",16.475555419921875,16.301284790039062,0.1742706298828125,1,23.502363204956055,20.773839950561523,2.7285232543945312,1
random_003,12,15,"35.000,3.125,1.562","14.375,6.250,0.312",13.280753135681152,14.806885719299316,1.526132583618164,1,16.514301300048828,16.02554702758789,0.4887542724609375,1
random_003,12,16,"35.000,3.125,1.562","14.375,30.625,0.312",24.580171585083008,20.990140914916992,3.5900306701660156,1,28.18988037109375,29.853097915649414,1.663217544555664,1
random_003,12,17,"35.000,3.125,1.562","21.875,12.500,2.188",22.113061904907227,21.440799713134766,0.6722621917724609,1,44.30775833129883,34.03692626953125,10.270832061767578,1
random_003,12,18,"35.000,3.125,1.562","28.750,30.625,2.188",17.805944442749023,8.87956428527832,8.926380157470703,1,25.510332107543945,26.062257766723633,0.5519256591796875,1
random_003,12,19,"35.000,3.125,1.562","25.625,16.250,0.312",19.410642623901367,15.52596664428711,3.884675979614258,1,29.383071899414062,26.211328506469727,3.171743392944336,1
random_003,12,20,"35.000,3.125,1.562","10.625,30.000,0.938",19.943323135375977,19.507034301757812,0.43628883361816406,1,25.0767822265625,26.68154525756836,1.6047630310058594,1
random_003,12,21,"35.000,3.125,1.562","13.750,36.875,1.562",15.726252555847168,19.6231746673584,3.8969221115112305,1,35.97268295288086,33.9617919921875,2.0108909606933594,1
random_003,12,22,"35.000,3.125,1.562","20.000,12.500,2.188",22.364612579345703,21.217756271362305,1.1468563079833984,1,33.69875717163086,32.17338943481445,1.5253677368164062,1
random_003,12,23,"35.000,3.125,1.562","34.375,35.000,0.938",10.561186790466309,8.616959571838379,1.9442272186279297,1,20.051578521728516,16.983884811401367,3.0676937103271484,1
random_003,12,24,"35.000,3.125,1.562","29.375,10.000,0.312",18.773752212524414,14.028050422668457,4.745701789855957,1,28.057645797729492,22.52973175048828,5.527914047241211,1
random_003,12,25,"35.000,3.125,1.562","34.375,16.875,2.188",10.910356521606445,9.49822998046875,1.4121265411376953,1,13.867140769958496,13.905101776123047,0.03796100616455078,1
random_003,12,26,"35.000,3.125,1.562","10.625,20.625,0.938",24.370820999145508,21.773792266845703,2.5970287322998047,1,30.211259841918945,20.396547317504883,9.814712524414062,1
random_003,12,27,"35.000,3.125,1.562","11.875,16.875,0.938",28.723134994506836,24.11783218383789,4.605302810668945,1,39.042945861816406,35.51551055908203,3.527435302734375,1
random_003,12,28,"35.000,3.125,1.562","15.000,26.875,2.188",21.71210479736328,18.59865951538086,3.113445281982422,1,32.788421630859375,32.287109375,0.501312255859375,1
random_003,12,29,"35.000,3.125,1.562","6.250,3.750,0.312",12.678911209106445,13.674209594726562,0.9952983856201172,1,12.722326278686523,11.472907066345215,1.2494192123413086,1
random_003,13,14,"5.000,18.125,1.562","14.375,8.750,0.938",14.28941822052002,15.98745059967041,1.6980323791503906,1,25.33084487915039,26.054052352905273,0.7232074737548828,1
random_003,13,15,"5.000,18.125,1.562","14.375,6.250,0.312",20.372844696044922,20.573209762573242,0.2003650665283203,1,34.186119079589844,30.84392738342285,3.342191696166992,1
random_003,13,16,"5.000,18.125,1.562","14.375,30.625,0.312",12.858241081237793,13.108606338500977,0.2503652572631836,1,22.630046844482422,21.9538516998291,0.6761951446533203,1
random_003,13,17,"5.000,18.125,1.562","21.875,12.500,2.188",18.984838485717773,17.398038864135742,1.5867996215820312,1,37.38636779785156,37.77504348754883,0.3886756896972656,1
random_003,13,18,"5.000,18.125,1.562","28.750,30.625,2.188",18.406497955322266,15.584549903869629,2.8219480514526367,1,24.54358673095703,22.746994018554688,1.7965927124023438,1
random_003,13,19,"5.000,18.125,1.562","25.625,16.250,0.312",14.414495468139648,12.682482719421387,1.7320127487182617,1,28.888948440551758,27.705312728881836,1.1836357116699219,1
random_003,13,20,"5.000,18.125,1.562","10.625,30.000,0.938",12.137020111083984,12.191986083984375,0.054965972900390625,1,21.488609313964844,20.070417404174805,1.418191909790039,1
random_003,13,21,"5.000,18.125,1.562","13.750,36.875,1.562",9.219892501831055,10.404438018798828,1.1845455169677734,1,19.51451873779297,17.864452362060547,1.6500663757324219,1
random_003,13,22,"5.000,18.125,1.562","20.000,12.500,2.188",19.2027587890625,18.572071075439453,0.6306877136230469,1,31.939821243286133,26.704833984375,5.234987258911133,1
random_003,13,23,"5.000,18.125,1.562","34.375,35.000,0.938",17.286996841430664,16.025848388671875,1.261148452758789,1,20.71196174621582,18.588333129882812,2.123628616333008,1
random_003,13,24,"5.000,18.125,1.562","29.375,10.000,0.312",18.56615447998047,19.27176856994629,0.7056140899658203,1,36.28657913208008,32.33069610595703,3.955883026123047,1
random_003,13,25,"5.000,18.125,1.562","34.375,16.875,2.188",17.521596908569336,12.883752822875977,4.637844085693359,1,31.007156372070312,22.361141204833984,8.646015167236328,1
random_003,13,26,"5.000,18.125,1.562","10.625,20.625,0.938",9.723018646240234,8.861854553222656,0.8611640930175781,1,14.032134056091309,15.863601684570312,1.831467628479004,1
random_003,13,27,"5.000,18.125,1.562","11.875,16.875,0.938",8.5480375289917,8.34040641784668,0.20763111114501953,1,13.798276901245117,12.992085456848145,0.8061914443969727,1
random_003,13,28,"5.000,18.125,1.562","15.000,26.875,2.188",15.101785659790039,15.232542037963867,0.13075637817382812,1,26.898265838623047,28.17127227783203,1.2730064392089844,1
random_003,13,29,"5.000,18.125,1.562","6.250,3.750,0.312",11.000091552734375,11.860664367675781,0.8605728149414062,1,17.772294998168945,19.99366569519043,2.2213706970214844,1
random_003,14,15,"14.375,8.750,0.938","14.375,6.250,0.312",5.33132266998291,4.738216400146484,0.5931062698364258,1,7.598141193389893,7.710712432861328,0.11257123947143555,1
random_003,14,16,"14.375,8.750,0.938","14.375,30.625,0.312",15.005377769470215,11.302742958068848,3.702634811401367,1,23.114423751831055,21.104778289794922,2.009645462036133,1
random_003,14,17,"14.375,8.750,0.938","21.875,12.500,2.188",12.254249572753906,11.459209442138672,0.7950401306152344,1,15.998440742492676,18.45804786682129,2.4596071243286133,1
random_003,14,18,"14.375,8.750,0.938","28.750,30.625,2.188",21.16522979736328,14.04417896270752,7.121050834655762,1,28.45354652404785,27.543943405151367,0.9096031188964844,1
random_003,14,19,"14.375,8.750,0.938","25.625,16.250,0.312",14.640331268310547,15.416029930114746,0.7756986618041992,1,21.749637603759766,22.800344467163086,1.0507068634033203,1
random_003,14,20,"14.375,8.750,0.938","10.625,30.000,0.938",14.547365188598633,13.402128219604492,1.1452369689941406,1,27.22317886352539,27.00029182434082,0.2228870391845703,1
random_003,14,21,"14.375,8.750,0.938","13.750,36.875,1.562",9.351863861083984,9.27485466003418,0.07700920104980469,1,17.23340606689453,18.648263931274414,1.4148578643798828,1
random_003,14,22,"14.375,8.750,0.938","20.000,12.500,2.188",10.98438835144043,9.57363224029541,1.4107561111450195,1,14.980446815490723,15.983565330505371,1.0031185150146484,1
random_003,14,23,"14.375,8.750,0.938","34.375,35.000,0.938",22.59469985961914,18.367183685302734,4.227516174316406,1,27.556032180786133,29.438295364379883,1.88226318359375,1
random_003,14,24,"14.375,8.750,0.938","29.375,10.000,0.312",14.869714736938477,14.431818008422852,0.437896728515625,1,25.772069931030273,24.753986358642578,1.0180835723876953,1
random_003,14,25,"14.375,8.750,0.938","34.375,16.875,2.188",18.85297203063965,18.964113235473633,0.11114120483398438,1,25.613874435424805,26.545900344848633,0.9320259094238281,1
random_003,14,26,"14.375,8.750,0.938","10.625,20.625,0.938",14.06021785736084,14.07917594909668,0.018958091735839844,1,23.6131649017334,25.040454864501953,1.4272899627685547,1
random_003,14,27,"14.375,8.750,0.938","11.875,16.875,0.938",11.662131309509277,10.161979675292969,1.5001516342163086,1,19.305788040161133,18.3027400970459,1.0030479431152344,1
random_003,14,28,"14.375,8.750,0.938","15.000,26.875,2.188",15.068649291992188,10.846992492675781,4.221656799316406,1,28.042116165161133,27.67319679260254,0.36891937255859375,1
random_003,14,29,"14.375,8.750,0.938","6.250,3.750,0.312",15.579249382019043,19.70191764831543,4.122668266296387,1,27.12145233154297,27.97960662841797,0.858154296875,1
random_003,15,16,"14.375,6.250,0.312","14.375,30.625,0.312",16.832611083984375,17.741952896118164,0.9093418121337891,1,21.02002716064453,19.096467971801758,1.9235591888427734,1
random_003,15,17,"14.375,6.250,0.312","21.875,12.500,2.188",18.267118453979492,16.490337371826172,1.7767810821533203,1,29.7230281829834,27.66386604309082,2.059162139892578,1
random_003,15,18,"14.375,6.250,0.312","28.750,30.625,2.188",24.21200180053711,16.576431274414062,7.635570526123047,1,29.46959686279297,18.79071617126465,10.67888069152832,1
random_003,15,19,"14.375,6.250,0.312","25.625,16.250,0.312",20.291152954101562,18.505311965942383,1.7858409881591797,1,28.97821617126465,29.753984451293945,0.7757682800292969,1
random_003,15,20,"14.375,6.250,0.312","10.625,30.000,0.938",16.549835205078125,19.93961524963379,3.389780044555664,1,30.031742095947266,27.05610466003418,2.975637435913086,1
random_003,15,21,"14.375,6.250,0.312","13.750,36.875,1.562",9.251285552978516,15.737349510192871,6.4860639572143555,1,21.52914810180664,15.678366661071777,5.850781440734863,1
random_003,15,22,"14.375,6.250,0.312","20.000,12.500,2.188",18.167217254638672,16.433761596679688,1.7334556579589844,1,26.224308013916016,24.536483764648438,1.6878242492675781,1
random_003,15,23,"14.375,6.250,0.312","34.375,35.000,0.938",23.89682388305664,17.12896728515625,6.767856597900391,1,30.196557998657227,32.066314697265625,1.8697566986083984,1
random_003,15,24,"14.375,6.250,0.312","29.375,10.000,0.312",15.886914253234863,14.769479751586914,1.1174345016479492,1,22.155593872070312,22.13837242126465,0.017221450805664062,1
random_003,15,25,"14.375,6.250,0.312","34.375,16.875,2.188",19.292573928833008,18.840383529663086,0.4521903991699219,1,16.861526489257812,23.388755798339844,6.527229309082031,1
random_003,15,26,"14.375,6.250,0.312","10.625,20.625,0.938",15.686182022094727,21.475276947021484,5.789094924926758,1,43.15509033203125,29.610191345214844,13.544898986816406,1
random_003,15,27,"14.375,6.250,0.312","11.875,16.875,0.938",14.032822608947754,14.668656349182129,0.635833740234375,1,45.85176086425781,22.55719566345215,23.294565200805664,1
random_003,15,28,"14.375,6.250,0.312","15.000,26.875,2.188",16.56260871887207,15.268548011779785,1.2940607070922852,1,26.89371681213379,23.944271087646484,2.9494457244873047,1
random_003,15,29,"14.375,6.250,0.312","6.250,3.750,0.312",10.215288162231445,11.228694915771484,1.013406753540039,1,12.792738914489746,12.392936706542969,0.39980220794677734,1
random_003,16,17,"14.375,30.625,0.312","21.875,12.500,2.188",11.409064292907715,14.363513946533203,2.9544496536254883,1,22.709396362304688,28.640317916870117,5.93092155456543,1
random_003,16,18,"14.375,30.625,0.312","28.750,30.625,2.188",10.663344383239746,11.008292198181152,0.34494781494140625,1,18.16585922241211,16.655733108520508,1.5101261138916016,1
random_003,16,19,"14.375,30.625,0.312","25.625,16.250,0.312",25.844951629638672,23.29280662536621,2.552145004272461,1,41.10992431640625,40.79611587524414,0.3138084411621094,1
random_003,16,20,"14.375,30.625,0.312","10.625,30.000,0.938",5.923174858093262,6.026114463806152,0.10293960571289062,1,11.880702018737793,10.951010704040527,0.9296913146972656,1
random_003,16,21,"14.375,30.625,0.312","13.750,36.875,1.562",7.431325912475586,7.914988994598389,0.48366308212280273,1,14.675080299377441,13.287254333496094,1.3878259658813477,1
random_003,16,22,"14.375,30.625,0.312","20.000,12.500,2.188",11.19210433959961,14.292470932006836,3.1003665924072266,1,27.44146728515625,26.44352912902832,0.9979381561279297,1
random_003,16,23,"14.375,30.625,0.312","34.375,35.000,0.938",14.80990982055664,15.805055618286133,0.9951457977294922,1,22.282833099365234,24.837106704711914,2.5542736053466797,1
random_003,16,24,"14.375,30.625,0.312","29.375,10.000,0.312",18.604862213134766,23.10401725769043,4.499155044555664,1,30.05626106262207,27.252363204956055,2.8038978576660156,1
random_003,16,25,"14.375,30.625,0.312","34.375,16.875,2.188",26.49618148803711,26.584177017211914,0.08799552917480469,1,36.3440055847168,36.30821990966797,0.035785675048828125,1
random_003,16,26,"14.375,30.625,0.312","10.625,20.625,0.938",11.675862312316895,13.453885078430176,1.7780227661132812,1,21.84931755065918,20.861629486083984,0.9876880645751953,1
random_003,16,27,"14.375,30.625,0.312","11.875,16.875,0.938",11.914036750793457,12.75495433807373,0.8409175872802734,1,17.84723663330078,15.856963157653809,1.9902734756469727,1
random_003,16,28,"14.375,30.625,0.312","15.000,26.875,2.188",6.284104347229004,5.61346435546875,0.6706399917602539,1,11.852851867675781,11.170808792114258,0.6820430755615234,1
random_003,16,29,"14.375,30.625,0.312","6.250,3.750,0.312",13.269718170166016,17.2508602142334,3.981142044067383,1,19.22877311706543,20.840517044067383,1.6117439270019531,1
random_003,17,18,"21.875,12.500,2.188","28.750,30.625,2.188",15.6777982711792,14.314298629760742,1.363499641418457,1,19.845298767089844,23.88901710510254,4.043718338012695,1
random_003,17,19,"21.875,12.500,2.188","25.625,16.250,0.312",9.753238677978516,10.746025085449219,0.9927864074707031,1,17.000818252563477,14.454517364501953,2.5463008880615234,1
random_003,17,20,"21.875,12.500,2.188","10.625,30.000,0.938",15.147944450378418,13.312602996826172,1.835341453552246,1,30.045862197875977,29.04813575744629,0.9977264404296875,1
random_003,17,21,"21.875,12.500,2.188","13.750,36.875,1.562",9.675905227661133,12.02208137512207,2.3461761474609375,1,26.44428825378418,29.514690399169922,3.070402145385742,1
random_003,17,22,"21.875,12.500,2.188","20.000,12.500,2.188",5.2551116943359375,8.242454528808594,2.9873428344726562,1,6.502475738525391,5.676649570465088,0.8258261680603027,1
random_003,17,23,"21.875,12.500,2.188","34.375,35.000,0.938",22.996761322021484,20.87253189086914,2.1242294311523438,1,33.85420227050781,34.533878326416016,0.6796760559082031,1
random_003,17,24,"21.875,12.500,2.188","29.375,10.000,0.312",11.88475227355957,12.175519943237305,0.2907676696777344,1,17.674938201904297,20.641206741333008,2.966268539428711,1
random_003,17,25,"21.875,12.500,2.188","34.375,16.875,2.188",16.249103546142578,18.681549072265625,2.432445526123047,1,20.605270385742188,21.94061851501465,1.335348129272461,1
random_003,17,26,"21.875,12.500,2.188","10.625,20.625,0.938",13.690337181091309,15.650266647338867,1.9599294662475586,1,25.664199829101562,20.983842849731445,4.680356979370117,1
random_003,17,27,"21.875,12.500,2.188","11.875,16.875,0.938",16.080718994140625,16.495851516723633,0.4151325225830078,1,33.86946487426758,31.91860580444336,1.9508590698242188,1
random_003,17,28,"21.875,12.500,2.188","15.000,26.875,2.188",13.562143325805664,10.089448928833008,3.4726943969726562,1,25.565828323364258,21.274438858032227,4.291389465332031,1
random_003,17,29,"21.875,12.500,2.188","6.250,3.750,0.312",20.61536979675293,24.081806182861328,3.4664363861083984,1,30.787761688232422,35.42121505737305,4.633453369140625,1
random_003,18,19,"28.750,30.625,2.188","25.625,16.250,0.312",13.934292793273926,12.860125541687012,1.074167251586914,1,26.038543701171875,17.995920181274414,8.042623519897461,1
random_003,18,20,"28.750,30.625,2.188","10.625,30.000,0.938",11.378979682922363,11.684635162353516,0.30565547943115234,1,18.07016372680664,20.505287170410156,2.4351234436035156,1
random_003,18,21,"28.750,30.625,2.188","13.750,36.875,1.562",16.060487747192383,16.580089569091797,0.5196018218994141,1,17.048572540283203,20.62723159790039,3.5786590576171875,1
random_003,18,22,"28.750,30.625,2.188","20.000,12.500,2.188",13.88907527923584,17.303085327148438,3.4140100479125977,1,24.738733291625977,22.87789535522461,1.8608379364013672,1
random_003,18,23,"28.750,30.625,2.188","34.375,35.000,0.938",8.779996871948242,12.136319160461426,3.3563222885131836,1,15.913753509521484,16.70746612548828,0.7937126159667969,1
random_003,18,24,"28.750,30.625,2.188","29.375,10.000,0.312",10.948863983154297,12.146435737609863,1.1975717544555664,1,19.758859634399414,19.489500045776367,0.2693595886230469,1
random_003,18,25,"28.750,30.625,2.188","34.375,16.875,2.188",12.48078727722168,15.590234756469727,3.109447479248047,1,18.374387741088867,22.591014862060547,4.21662712097168,1
random_003,18,26,"28.750,30.625,2.188","10.625,20.625,0.938",13.13349723815918,16.01207733154297,2.878580093383789,1,25.109085083007812,19.9094181060791,5.199666976928711,1
random_003,18,27,"28.750,30.625,2.188","11.875,16.875,0.938",17.61113739013672,20.773357391357422,3.162220001220703,1,22.26248550415039,29.621780395507812,7.359294891357422,1
random_003,18,28,"28.750,30.625,2.188","15.000,26.875,2.188",11.2546968460083,10.460847854614258,0.793848991394043,1,14.304560661315918,15.512266159057617,1.2077054977416992,1
random_003,18,29,"28.750,30.625,2.188","6.250,3.750,0.312",15.58803653717041,25.876384735107422,10.288348197937012,1,20.996877670288086,24.57158088684082,3.5747032165527344,1
random_003,19,20,"25.625,16.250,0.312","10.625,30.000,0.938",13.38448715209961,15.451009750366211,2.0665225982666016,1,30.853424072265625,30.923179626464844,0.06975555419921875,1
random_003,19,21,"25.625,16.250,0.312","13.750,36.875,1.562",19.42987823486328,22.751148223876953,3.321269989013672,1,35.46352767944336,36.47737121582031,1.0138435363769531,1
random_003,19,22,"25.625,16.250,0.312","20.000,12.500,2.188",12.7655029296875,11.26871109008789,1.4967918395996094,1,19.395750045776367,16.328022003173828,3.067728042602539,1
random_003,19,23,"25.625,16.250,0.312","34.375,35.000,0.938",21.06536865234375,19.950780868530273,1.1145877838134766,1,28.3299560546875,30.734447479248047,2.404491424560547,1
random_003,19,24,"25.625,16.250,0.312","29.375,10.000,0.312",11.23208236694336,12.60695743560791,1.3748750686645508,1,15.552265167236328,16.04499053955078,0.4927253723144531,1
random_003,19,25,"25.625,16.250,0.312","34.375,16.875,2.188",11.987997055053711,12.68897819519043,0.7009811401367188,1,15.108445167541504,16.635103225708008,1.526658058166504,1
random_003,19,26,"25.625,16.250,0.312","10.625,20.625,0.938",13.51738452911377,15.643340110778809,2.125955581665039,1,27.97951316833496,28.0438232421875,0.06431007385253906,1
random_003,19,27,"25.625,16.250,0.312","11.875,16.875,0.938",14.153158187866211,14.35693073272705,0.20377254486083984,1,25.636354446411133,23.267545700073242,2.3688087463378906,1
random_003,19,28,"25.625,16.250,0.312","15.000,26.875,2.188",15.223793983459473,15.419968605041504,0.19617462158203125,1,26.84905433654785,36.58597946166992,9.73692512512207,1
random_003,19,29,"25.625,16.250,0.312","6.250,3.750,0.312",19.90088653564453,23.687175750732422,3.7862892150878906,1,23.616369247436523,25.391889572143555,1.7755203247070312,1
random_003,20,21,"10.625,30.000,0.938","13.750,36.875,1.562",8.871135711669922,8.919517517089844,0.048381805419921875,1,17.82146453857422,16.85637855529785,0.9650859832763672,1
random_003,20,22,"10.625,30.000,0.938","20.000,12.500,2.188",12.518016815185547,14.86307144165039,2.3450546264648438,1,30.14021110534668,27.715816497802734,2.4243946075439453,1
random_003,20,23,"10.625,30.000,0.938","34.375,35.000,0.938",18.434589385986328,16.89345359802246,1.5411357879638672,1,20.722349166870117,20.812471389770508,0.09012222290039062,1
random_003,20,24,"10.625,30.000,0.938","29.375,10.000,0.312",14.642486572265625,14.564614295959473,0.07787227630615234,1,28.654138565063477,27.476417541503906,1.1777210235595703,1
random_003,20,25,"10.625,30.000,0.938","34.375,16.875,2.188",24.914932250976562,24.08568572998047,0.8292465209960938,1,36.24642562866211,34.613895416259766,1.6325302124023438,1
random_003,20,26,"10.625,30.000,0.938","10.625,20.625,0.938",11.638083457946777,11.897313117980957,0.2592296600341797,1,20.670644760131836,18.82556915283203,1.8450756072998047,1
random_003,20,27,"10.625,30.000,0.938","11.875,16.875,0.938",12.11530876159668,11.967235565185547,0.1480731964111328,1,22.226125717163086,22.75250244140625,0.5263767242431641,1
random_003,20,28,"10.625,30.000,0.938","15.000,26.875,2.188",9.204044342041016,7.450902938842773,1.7531414031982422,1,12.491636276245117,15.957924842834473,3.4662885665893555,1
random_003,20,29,"10.625,30.000,0.938","6.250,3.750,0.312",10.257220268249512,12.786943435668945,2.5297231674194336,1,19.510290145874023,19.489904403686523,0.0203857421875,1
random_003,21,22,"13.750,36.875,1.562","20.000,12.500,2.188",9.769855499267578,10.246200561523438,0.4763450622558594,1,28.698829650878906,26.458789825439453,2.240039825439453,1
random_003,21,23,"13.750,36.875,1.562","34.375,35.000,0.938",10.98197078704834,11.479448318481445,0.49747753143310547,1,13.255303382873535,14.216339111328125,0.9610357284545898,1
random_003,21,24,"13.750,36.875,1.562","29.375,10.000,0.312",18.874256134033203,19.45245361328125,0.5781974792480469,1,37.36302947998047,36.50394058227539,0.8590888977050781,1
random_003,21,25,"13.750,36.875,1.562","34.375,16.875,2.188",26.583816528320312,22.438060760498047,4.145755767822266,1,19.897762298583984,32.35110855102539,12.453346252441406,1
random_003,21,26,"13.750,36.875,1.562","10.625,20.625,0.938",10.042118072509766,10.934835433959961,0.8927173614501953,1,19.272403717041016,20.613773345947266,1.34136962890625,1
random_003,21,27,"13.750,36.875,1.562","11.875,16.875,0.938",9.913179397583008,9.209074974060059,0.7041044235229492,1,19.24056053161621,17.78043556213379,1.4601249694824219,1
random_003,21,28,"13.750,36.875,1.562","15.000,26.875,2.188",10.072464942932129,9.10319709777832,0.9692678451538086,1,17.03781509399414,16.221736907958984,0.8160781860351562,1
random_003,21,29,"13.750,36.875,1.562","6.250,3.750,0.312",9.740626335144043,9.947086334228516,0.20645999908447266,1,16.186569213867188,17.54779052734375,1.3612213134765625,1
random_003,22,23,"20.000,12.500,2.188","34.375,35.000,0.938",23.789775848388672,20.902141571044922,2.88763427734375,1,33.294315338134766,35.44131088256836,2.1469955444335938,1
random_003,22,24,"20.000,12.500,2.188","29.375,10.000,0.312",13.516217231750488,13.135915756225586,0.38030147552490234,1,21.233184814453125,23.480852127075195,2.2476673126220703,1
random_003,22,25,"20.000,12.500,2.188","34.375,16.875,2.188",16.643009185791016,17.03153419494629,0.38852500915527344,1,16.964162826538086,17.760190963745117,0.7960281372070312,1
random_003,22,26,"20.000,12.500,2.188","10.625,20.625,0.938",13.25912857055664,15.392178535461426,2.133049964904785,1,22.564163208007812,21.90612030029297,0.6580429077148438,1
random_003,22,27,"20.000,12.500,2.188","11.875,16.875,0.938",16.789274215698242,15.995399475097656,0.7938747406005859,1,34.48012924194336,33.80826950073242,0.6718597412109375,1
random_003,22,28,"20.000,12.500,2.188","15.000,26.875,2.188",13.773584365844727,9.933869361877441,3.839715003967285,1,24.82168197631836,23.1083927154541,1.7132892608642578,1
random_003,22,29,"20.000,12.500,2.188","6.250,3.750,0.312",20.931455612182617,24.347227096557617,3.415771484375,1,39.41923522949219,43.40936279296875,3.9901275634765625,1
random_003,23,24,"34.375,35.000,0.938","29.375,10.000,0.312",18.355083465576172,17.070571899414062,1.2845115661621094,1,33.45874786376953,25.5488224029541,7.90992546081543,1
random_003,23,25,"34.375,35.000,0.938","34.375,16.875,2.188",9.924659729003906,11.689347267150879,1.7646875381469727,1,15.451855659484863,16.30460548400879,0.8527498245239258,1
random_003,23,26,"34.375,35.000,0.938","10.625,20.625,0.938",15.803504943847656,17.368206024169922,1.5647010803222656,1,23.11564826965332,19.32471466064453,3.790933609008789,1
random_003,23,27,"34.375,35.000,0.938","11.875,16.875,0.938",22.52303695678711,22.620121002197266,0.09708404541015625,1,26.740781784057617,26.949861526489258,0.20907974243164062,1
random_003,23,28,"34.375,35.000,0.938","15.000,26.875,2.188",11.392593383789062,11.909530639648438,0.516937255859375,1,17.770217895507812,20.025436401367188,2.255218505859375,1
random_003,23,29,"34.375,35.000,0.938","6.250,3.750,0.312",15.17383098602295,21.747119903564453,6.573288917541504,1,23.944852828979492,21.182180404663086,2.7626724243164062,1
random_003,24,25,"29.375,10.000,0.312","34.375,16.875,2.188",14.626782417297363,14.766167640686035,0.13938522338867188,1,19.711740493774414,19.96328353881836,0.2515430450439453,1
random_003,24,26,"29.375,10.000,0.312","10.625,20.625,0.938",14.735397338867188,16.474027633666992,1.7386302947998047,1,27.548234939575195,26.762065887451172,0.7861690521240234,1
random_003,24,27,"29.375,10.000,0.312","11.875,16.875,0.938",16.416276931762695,15.97603988647461,0.44023704528808594,1,28.46360969543457,30.01036262512207,1.5467529296875,1
random_003,24,28,"29.375,10.000,0.312","15.000,26.875,2.188",13.432450294494629,11.41927719116211,2.0131731033325195,1,25.655231475830078,24.752256393432617,0.9029750823974609,1
random_003,24,29,"29.375,10.000,0.312","6.250,3.750,0.312",16.141511917114258,19.227283477783203,3.0857715606689453,1,22.50815200805664,18.0701904296875,4.437961578369141,1
random_003,25,26,"34.375,16.875,2.188","10.625,20.625,0.938",13.487638473510742,19.1716251373291,5.683986663818359,1,26.35614013671875,39.28580093383789,12.92966079711914,1
random_003,25,27,"34.375,16.875,2.188","11.875,16.875,0.938",12.690474510192871,18.360326766967773,5.669852256774902,1,20.946022033691406,25.406932830810547,4.460910797119141,1
random_003,25,28,"34.375,16.875,2.188","15.000,26.875,2.188",25.924123764038086,24.603759765625,1.320363998413086,1,39.99557113647461,34.39413833618164,5.601432800292969,1
random_003,25,29,"34.375,16.875,2.188","6.250,3.750,0.312",18.370466232299805,19.668888092041016,1.298421859741211,1,24.217905044555664,18.173147201538086,6.044757843017578,1
random_003,26,27,"10.625,20.625,0.938","11.875,16.875,0.938",6.322233200073242,6.36752986907959,0.045296669006347656,1,9.308895111083984,11.04134750366211,1.732452392578125,1
random_003,26,28,"10.625,20.625,0.938","15.000,26.875,2.188",11.702921867370605,10.466508865356445,1.2364130020141602,1,17.379257202148438,18.6676025390625,1.2883453369140625,1
random_003,26,29,"10.625,20.625,0.938","6.250,3.750,0.312",16.44304656982422,20.834991455078125,4.391944885253906,1,26.661087036132812,28.218730926513672,1.5576438903808594,1
random_003,27,28,"11.875,16.875,0.938","15.000,26.875,2.188",11.963902473449707,11.002840995788574,0.9610614776611328,1,16.012958526611328,16.463823318481445,0.4508647918701172,1
random_003,27,29,"11.875,16.875,0.938","6.250,3.750,0.312",15.38005542755127,20.745893478393555,5.365838050842285,1,29.215940475463867,39.22102737426758,10.005086898803711,1
random_003,28,29,"15.000,26.875,2.188","6.250,3.750,0.312",13.03215503692627,19.086719512939453,6.054564476013184,1,33.82918930053711,24.61805534362793,9.21113395690918,1
random_004,0,1,"3.125,23.125,0.938","27.500,32.500,1.562",16.091339111328125,21.09217643737793,5.000837326049805,1,24.474573135375977,23.897125244140625,0.5774478912353516,1
random_004,0,2,"3.125,23.125,0.938","17.500,28.750,1.562",15.333900451660156,14.167863845825195,1.166036605834961,1,27.87605857849121,29.962398529052734,2.0863399505615234,1
random_004,0,3,"3.125,23.125,0.938","31.250,9.375,0.312",16.503293991088867,16.943513870239258,0.4402198791503906,1,24.81169319152832,22.26777458190918,2.5439186096191406,1
random_004,0,4,"3.125,23.125,0.938","7.500,30.625,0.312",12.850383758544922,14.868969917297363,2.0185861587524414,1,23.581079483032227,22.217050552368164,1.3640289306640625,1
random_004,0,5,"3.125,23.125,0.938","35.625,10.000,2.188",18.486549377441406,20.194536209106445,1.707986831665039,1,27.55719566345215,25.12246322631836,2.434732437133789,1
random_004,0,6,"3.125,23.125,0.938","8.125,24.375,1.562",7.352123260498047,8.332386016845703,0.9802627563476562,1,12.261101722717285,12.876812934875488,0.6157112121582031,1
random_004,0,7,"3.125,23.125,0.938","25.625,35.000,0.938",16.08774757385254,21.680063247680664,5.592315673828125,1,24.43857765197754,22.628604888916016,1.8099727630615234,1
random_004,0,8,"3.125,23.125,0.938","37.500,21.250,0.938",15.639572143554688,15.577227592468262,0.06234455108642578,1,26.029022216796875,23.46808433532715,2.5609378814697266,1
random_004,0,9,"3.125,23.125,0.938","26.875,1.250,1.562",16.475378036499023,20.51336669921875,4.037988662719727,1,17.76133918762207,17.673376083374023,0.08796310424804688,1
random_004,0,10,"3.125,23.125,0.938","23.125,11.250,1.562",22.251243591308594,20.98695182800293,1.264291763305664,1,34.23678207397461,38.365966796875,4.129184722900391,1
random_004,0,11,"3.125,23.125,0.938","15.000,10.625,0.938",17.315025329589844,14.305765151977539,3.0092601776123047,1,22.641206741333008,26.05070686340332,3.4095001220703125,1
random_004,0,12,"3.125,23.125,0.938","25.000,31.250,0.938",18.353652954101562,20.919614791870117,2.5659618377685547,1,29.96759033203125,30.181106567382812,0.2135162353515625,1
random_004,0,13,"3.125,23.125,0.938","22.500,20.625,0.312",20.40883445739746,12.177525520324707,8.231308937072754,1,24.657255172729492,24.964736938476562,0.3074817657470703,1
random_004,0,14,"3.125,23.125,0.938","34.375,21.875,1.562",16.399166107177734,16.62955093383789,0.23038482666015625,1,22.298593521118164,20.936542510986328,1.362051010131836,1
random_004,0,15,"3.125,23.125,0.938","4.375,32.500,2.188",10.762709617614746,12.851247787475586,2.08853816986084,1,19.839170455932617,17.432903289794922,2.4062671661376953,1
random_004,0,16,"3.125,23.125,0.938","26.875,31.875,0.312",17.310081481933594,22.459171295166016,5.149089813232422,1,22.585966110229492,24.085918426513672,1.4999523162841797,1
random_004,0,17,"3.125,23.125,0.938","31.875,36.875,0.938",18.351791381835938,18.263715744018555,0.08807563781738281,1,33.77594757080078,32.52742004394531,1.2485275268554688,1
random_004,0,18,"3.125,23.125,0.938","16.875,3.750,2.188",20.165603637695312,21.18107795715332,1.0154743194580078,1,25.675193786621094,26.01568031311035,0.3404865264892578,1
random_004,0,19,"3.125,23.125,0.938","18.125,27.500,0.938",16.928752899169922,15.996729850769043,0.9320230484008789,1,31.83076286315918,32.5648307800293,0.7340679168701172,1
random_004,0,20,"3.125,23.125,0.938","3.750,37.500,0.938",12.267047882080078,14.902946472167969,2.6358985900878906,1,25.526493072509766,25.139190673828125,0.3873023986816406,1
random_004,0,21,"3.125,23.125,0.938","24.375,6.875,1.562",18.415786743164062,17.608366012573242,0.8074207305908203,1,32.1126594543457,28.141584396362305,3.9710750579833984,1
random_004,0,22,"3.125,23.125,0.938","22.500,3.750,1.562",18.456951141357422,21.229267120361328,2.7723159790039062,1,27.27419090270996,26.94112205505371,0.33306884765625,1
random_004,0,23,"3.125,23.125,0.938","25.625,3.750,0.938",17.134586334228516,19.951383590698242,2.8167972564697266,1,19.67098045349121,17.26478385925293,2.4061965942382812,1
random_004,0,24,"3.125,23.125,0.938","35.625,28.750,0.312",17.584579467773438,19.947195053100586,2.3626155853271484,1,17.671066284179688,21.276256561279297,3.6051902770996094,1
random_004,0,25,"3.125,23.125,0.938","13.125,23.750,0.312",11.348628997802734,10.638958930969238,0.7096700668334961,1,22.9392032623291,21.757230758666992,1.1819725036621094,1
random_004,0,26,"3.125,23.125,0.938","1.250,1.250,0.312",17.030366897583008,18.578554153442383,1.548187255859375,1,30.374954223632812,25.82175636291504,4.553197860717773,1
random_004,0,27,"3.125,23.125,0.938","36.250,25.000,0.312",15.925480842590332,18.317943572998047,2.392462730407715,1,25.482397079467773,25.57460594177246,0.0922088623046875,1
random_004,0,28,"3.125,23.125,0.938","25.000,2.500,2.188",16.63345718383789,21.19530487060547,4.561847686767578,1,20.743438720703125,24.264942169189453,3.521503448486328,1
random_004,0,29,"3.125,23.125,0.938","4.375,9.375,0.938",14.35189437866211,11.222860336303711,3.1290340423583984,1,16.999286651611328,16.002792358398438,0.9964942932128906,1
random_004,1,2,"27.500,32.500,1.562","17.500,28.750,1.562",12.090094566345215,9.892669677734375,2.19742488861084,1,17.058643341064453,19.25985336303711,2.2012100219726562,1
random_004,1,3,"27.500,32.500,1.562","31.250,9.375,0.312",19.518938064575195,12.310476303100586,7.208461761474609,1,24.876760482788086,24.675086975097656,0.2016735076904297,1
random_004,1,4,"27.500,32.500,1.562","7.500,30.625,0.312",13.926860809326172,13.117155075073242,0.8097057342529297,1,19.71012306213379,19.942598342895508,0.23247528076171875,1
random_004,1,5,"27.500,32.500,1.562","35.625,10.000,2.188",20.556743621826172,12.863896369934082,7.69284725189209,1,25.00722312927246,26.641443252563477,1.6342201232910156,1
random_004,1,6,"27.500,32.500,1.562","8.125,24.375,1.562",24.390483856201172,19.671302795410156,4.719181060791016,1,28.292396545410156,41.272544860839844,12.980148315429688,1
random_004,1,7,"27.500,32.500,1.562","25.625,35.000,0.938",4.821572303771973,5.16807746887207,0.34650516510009766,1,7.797756671905518,7.871719837188721,0.07396316528320312,1
random_004,1,8,"27.500,32.500,1.562","37.500,21.250,0.938",14.850221633911133,12.40963363647461,2.4405879974365234,1,22.843505859375,24.65452003479004,1.811014175415039,1
random_004,1,9,"27.500,32.500,1.562","26.875,1.250,1.562",12.771140098571777,9.313013076782227,3.458127021789551,1,13.04029369354248,13.15175724029541,0.11146354675292969,1
random_004,1,10,"27.500,32.500,1.562","23.125,11.250,1.562",10.132863998413086,9.695621490478516,0.4372425079345703,1,19.191682815551758,22.897430419921875,3.705747604370117,1
random_004,1,11,"27.500,32.500,1.562","15.000,10.625,0.938",23.915992736816406,18.05858039855957,5.857412338256836,1,39.41278076171875,39.2131233215332,0.19965744018554688,1
random_004,1,12,"27.500,32.500,1.562","25.000,31.250,0.938",2.9372634887695312,4.183696746826172,1.2464332580566406,1,7.002437591552734,6.855003833770752,0.14743375778198242,1
random_004,1,13,"27.500,32.500,1.562","22.500,20.625,0.312",10.436193466186523,9.757589340209961,0.6786041259765625,1,17.802677154541016,18.664533615112305,0.8618564605712891,1
random_004,1,14,"27.500,32.500,1.562","34.375,21.875,1.562",16.147356033325195,12.648109436035156,3.499246597290039,1,27.701576232910156,26.62570571899414,1.0758705139160156,1
random_004,1,15,"27.500,32.500,1.562","4.375,32.500,2.188",11.35175609588623,11.8073148727417,0.45555877685546875,1,19.351905822753906,21.415542602539062,2.0636367797851562,1
random_004,1,16,"27.500,32.500,1.562","26.875,31.875,0.312",2.3032941818237305,2.807107925415039,0.5038137435913086,1,3.7190818786621094,3.6179213523864746,0.10116052627563477,1
random_004,1,17,"27.500,32.500,1.562","31.875,36.875,0.938",9.597807884216309,11.155451774597168,1.5576438903808594,1,34.94706344604492,19.21144676208496,15.735616683959961,1
random_004,1,18,"27.500,32.500,1.562","16.875,3.750,2.188",18.768077850341797,16.901874542236328,1.8662033081054688,1,30.89236068725586,32.82223892211914,1.9298782348632812,1
random_004,1,19,"27.500,32.500,1.562","18.125,27.500,0.938",12.588233947753906,11.210330963134766,1.3779029846191406,1,23.48792839050293,23.327138900756836,0.16078948974609375,1
random_004,1,20,"27.500,32.500,1.562","3.750,37.500,0.938",10.82706069946289,11.414676666259766,0.587615966796875,1,20.96576499938965,23.132244110107422,2.1664791107177734,1
random_004,1,21,"27.500,32.500,1.562","24.375,6.875,1.562",9.672100067138672,9.913293838500977,0.2411937713623047,1,17.87120246887207,18.40414047241211,0.5329380035400391,1
random_004,1,22,"27.500,32.500,1.562","22.500,3.750,1.562",16.026565551757812,8.214120864868164,7.812444686889648,1,19.10561180114746,18.828264236450195,0.2773475646972656,1
random_004,1,23,"27.500,32.500,1.562","25.625,3.750,0.938",13.187051773071289,8.669130325317383,4.517921447753906,1,13.504500389099121,16.365869522094727,2.8613691329956055,1
random_004,1,24,"27.500,32.500,1.562","35.625,28.750,0.312",10.497261047363281,10.020902633666992,0.47635841369628906,1,15.265396118164062,14.696240425109863,0.5691556930541992,1
random_004,1,25,"27.500,32.500,1.562","13.125,23.750,0.312",21.08974838256836,19.37471580505371,1.7150325775146484,1,34.432106018066406,38.75457763671875,4.322471618652344,1
random_004,1,26,"27.500,32.500,1.562","1.250,1.250,0.312",17.46836280822754,18.334810256958008,0.8664474487304688,1,30.94648551940918,30.904964447021484,0.04152107238769531,1
random_004,1,27,"27.500,32.500,1.562","36.250,25.000,0.312",12.709619522094727,10.105725288391113,2.6038942337036133,1,17.47603416442871,23.248926162719727,5.772891998291016,1
random_004,1,28,"27.500,32.500,1.562","25.000,2.500,2.188",14.391547203063965,8.390146255493164,6.001400947570801,1,11.203819274902344,13.826851844787598,2.623032569885254,1
random_004,1,29,"27.500,32.500,1.562","4.375,9.375,0.938",23.04187774658203,21.21270751953125,1.8291702270507812,1,28.907577514648438,32.91059494018555,4.003017425537109,1
random_004,2,3,"17.500,28.750,1.562","31.250,9.375,0.312",16.44031524658203,18.253629684448242,1.813314437866211,1,34.840606689453125,32.60588455200195,2.234722137451172,1
random_004,2,4,"17.500,28.750,1.562","7.500,30.625,0.312",10.598285675048828,13.341833114624023,2.7435474395751953,1,22.283967971801758,22.67129898071289,0.3873310089111328,1
random_004,2,5,"17.500,28.750,1.562","35.625,10.000,2.188",21.171741485595703,25.30971908569336,4.137977600097656,1,28.334190368652344,34.010345458984375,5.676155090332031,1
random_004,2,6,"17.500,28.750,1.562","8.125,24.375,1.562",12.693479537963867,13.73513126373291,1.041651725769043,1,25.7484188079834,28.114578247070312,2.366159439086914,1
random_004,2,7,"17.500,28.750,1.562","25.625,35.000,0.938",9.118733406066895,10.653613090515137,1.5348796844482422,1,15.51660442352295,16.782520294189453,1.265915870666504,1
random_004,2,8,"17.500,28.750,1.562","37.500,21.250,0.938",12.61515998840332,17.86153793334961,5.246377944946289,1,22.317790985107422,23.210399627685547,0.892608642578125,1
random_004,2,9,"17.500,28.750,1.562","26.875,1.250,1.562",14.730299949645996,20.39303207397461,5.662732124328613,1,23.483760833740234,21.102476119995117,2.381284713745117,1
random_004,2,10,"17.500,28.750,1.562","23.125,11.250,1.562",16.900102615356445,16.169208526611328,0.7308940887451172,1,30.506376266479492,34.375572204589844,3.8691959381103516,1
random_004,2,11,"17.500,28.750,1.562","15.000,10.625,0.938",16.27155876159668,9.343265533447266,6.928293228149414,1,21.889572143554688,24.291732788085938,2.40216064453125,1
random_004,2,12,"17.500,28.750,1.562","25.000,31.250,0.938",7.622405529022217,10.237602233886719,2.615196704864502,1,19.95346450805664,18.78820037841797,1.1652641296386719,1
random_004,2,13,"17.500,28.750,1.562","22.500,20.625,0.312",10.523113250732422,13.861947059631348,3.338833808898926,1,22.54350471496582,23.354568481445312,0.8110637664794922,1
random_004,2,14,"17.500,28.750,1.562","34.375,21.875,1.562",12.482375144958496,17.700586318969727,5.2182111740112305,1,20.780166625976562,22.503990173339844,1.7238235473632812,1
random_004,2,15,"17.500,28.750,1.562","4.375,32.500,2.188",12.079514503479004,15.536284446716309,3.4567699432373047,1,25.022981643676758,24.508724212646484,0.5142574310302734,1
random_004,2,16,"17.500,28.750,1.562","26.875,31.875,0.312",9.24801254272461,11.84953784942627,2.60152530670166,1,18.335134506225586,18.507877349853516,0.1727428436279297,1
random_004,2,17,"17.500,28.750,1.562","31.875,36.875,0.938",13.239786148071289,12.948987007141113,0.2907991409301758,1,17.167463302612305,15.765036582946777,1.4024267196655273,1
random_004,2,18,"17.500,28.750,1.562","16.875,3.750,2.188",17.38600730895996,12.252620697021484,5.133386611938477,1,19.639999389648438,20.513456344604492,0.8734569549560547,1
random_004,2,19,"17.500,28.750,1.562","18.125,27.500,0.938",1.1715612411499023,3.2857284545898438,2.1141672134399414,1,3.632418155670166,4.002695083618164,0.37027692794799805,1
random_004,2,20,"17.500,28.750,1.562","3.750,37.500,0.938",13.205498695373535,14.36805534362793,1.1625566482543945,1,24.539793014526367,25.88211441040039,1.3423213958740234,1
random_004,2,21,"17.500,28.750,1.562","24.375,6.875,1.562",18.448562622070312,19.539411544799805,1.0908489227294922,1,30.916967391967773,23.570667266845703,7.34630012512207,1
random_004,2,22,"17.500,28.750,1.562","22.500,3.750,1.562",17.03638458251953,15.590322494506836,1.4460620880126953,1,25.460289001464844,21.51740074157715,3.9428882598876953,1
random_004,2,23,"17.500,28.750,1.562","25.625,3.750,0.938",15.635007858276367,19.624998092651367,3.989990234375,1,26.085994720458984,23.989643096923828,2.0963516235351562,1
random_004,2,24,"17.500,28.750,1.562","35.625,28.750,0.312",10.978715896606445,14.287447929382324,3.308732032775879,1,22.547836303710938,19.168004989624023,3.379831314086914,1
random_004,2,25,"17.500,28.750,1.562","13.125,23.750,0.312",10.775899887084961,11.632229804992676,0.8563299179077148,1,21.56267547607422,23.75461769104004,2.1919422149658203,1
random_004,2,26,"17.500,28.750,1.562","1.250,1.250,0.312",15.09192943572998,14.872200965881348,0.2197284698486328,1,27.21247100830078,24.094676971435547,3.1177940368652344,1
random_004,2,27,"17.500,28.750,1.562","36.250,25.000,0.312",15.76099681854248,19.834209442138672,4.073212623596191,1,31.3460750579834,28.413822174072266,2.932252883911133,1
random_004,2,28,"17.500,28.750,1.562","25.000,2.500,2.188",16.00865936279297,18.678762435913086,2.670103073120117,1,25.872800827026367,25.37169647216797,0.5011043548583984,1
random_004,2,29,"17.500,28.750,1.562","4.375,9.375,0.938",18.601444244384766,15.174173355102539,3.4272708892822266,1,28.41595458984375,28.94852066040039,0.5325660705566406,1
random_004,3,4,"31.250,9.375,0.312","7.500,30.625,0.312",22.236909866333008,20.72471046447754,1.5121994018554688,1,34.357975006103516,34.70870590209961,0.35073089599609375,1
random_004,3,5,"31.250,9.375,0.312","35.625,10.000,2.188",6.932928085327148,5.95591926574707,0.9770088195800781,1,9.363043785095215,10.122221946716309,0.7591781616210938,1
random_004,3,6,"31.250,9.375,0.312","8.125,24.375,1.562",18.432416915893555,17.563400268554688,0.8690166473388672,1,31.525453567504883,33.682228088378906,2.1567745208740234,1
random_004,3,7,"31.250,9.375,0.312","25.625,35.000,0.938",11.536890029907227,16.542905807495117,5.006015777587891,1,19.75005340576172,19.44879913330078,0.3012542724609375,1
random_004,3,8,"31.250,9.375,0.312","37.500,21.250,0.938",12.87620735168457,12.212150573730469,0.6640567779541016,1,26.734697341918945,24.317106246948242,2.417591094970703,1
random_004,3,9,"31.250,9.375,0.312","26.875,1.250,1.562",8.627168655395508,12.720603942871094,4.093435287475586,1,16.623668670654297,16.48153305053711,0.1421356201171875,1
random_004,3,10,"31.250,9.375,0.312","23.125,11.250,1.562",8.712459564208984,9.396903038024902,0.684443473815918,1,17.613567352294922,18.576322555541992,0.9627552032470703,1
random_004,3,11,"31.250,9.375,0.312","15.000,10.625,0.938",10.000842094421387,11.118080139160156,1.1172380447387695,1,16.714988708496094,16.041786193847656,0.6732025146484375,1
random_004,3,12,"31.250,9.375,0.312","25.000,31.250,0.938",14.111981391906738,17.994415283203125,3.8824338912963867,1,30.745803833007812,25.77475357055664,4.971050262451172,1
random_004,3,13,"31.250,9.375,0.312","22.500,20.625,0.312",10.421655654907227,10.156179428100586,0.2654762268066406,1,20.201560974121094,17.81119728088379,2.3903636932373047,1
random_004,3,14,"31.250,9.375,0.312","34.375,21.875,1.562",12.772605895996094,12.760513305664062,0.01209259033203125,1,23.63420867919922,26.520816802978516,2.886608123779297,1
random_004,3,15,"31.250,9.375,0.312","4.375,32.500,2.188",17.431865692138672,18.10930824279785,0.6774425506591797,1,25.997325897216797,26.50440788269043,0.5070819854736328,1
random_004,3,16,"31.250,9.375,0.312","26.875,31.875,0.312",11.67719841003418,17.087392807006836,5.410194396972656,1,21.06521987915039,23.031829833984375,1.9666099548339844,1
random_004,3,17,"31.250,9.375,0.312","31.875,36.875,0.938",18.340023040771484,17.235065460205078,1.1049575805664062,1,25.300167083740234,27.81460952758789,2.5144424438476562,1
random_004,3,18,"31.250,9.375,0.312","16.875,3.750,2.188",15.8840970993042,16.03782844543457,0.1537313461303711,1,28.20494270324707,26.906911849975586,1.2980308532714844,1
random_004,3,19,"31.250,9.375,0.312","18.125,27.500,0.938",19.41905975341797,16.189870834350586,3.229188919067383,1,37.44903564453125,37.49913024902344,0.0500946044921875,1
random_004,3,20,"31.250,9.375,0.312","3.750,37.500,0.938",17.76232147216797,18.526479721069336,0.7641582489013672,1,26.94546890258789,20.837791442871094,6.107677459716797,1
random_004,3,21,"31.250,9.375,0.312","24.375,6.875,1.562",8.86528205871582,7.857992172241211,1.0072898864746094,1,13.71038818359375,13.200459480285645,0.5099287033081055,1
random_004,3,22,"31.250,9.375,0.312","22.500,3.750,1.562",12.885719299316406,13.886983871459961,1.0012645721435547,1,22.54159927368164,21.690656661987305,0.8509426116943359,1
random_004,3,23,"31.250,9.375,0.312","25.625,3.750,0.938",9.450479507446289,11.848072052001953,2.397592544555664,1,18.44503402709961,18.507047653198242,0.06201362609863281,1
random_004,3,24,"31.250,9.375,0.312","35.625,28.750,0.312",13.86905288696289,18.6842041015625,4.815151214599609,1,22.067283630371094,22.068504333496094,0.001220703125,1
random_004,3,25,"31.250,9.375,0.312","13.125,23.750,0.312",19.040546417236328,16.206829071044922,2.8337173461914062,1,28.124475479125977,27.254423141479492,0.8700523376464844,1
random_004,3,26,"31.250,9.375,0.312","1.250,1.250,0.312",13.646402359008789,14.866883277893066,1.2204809188842773,1,19.73375129699707,18.814939498901367,0.9188117980957031,1
random_004,3,27,"31.250,9.375,0.312","36.250,25.000,0.312",12.715912818908691,14.073526382446289,1.3576135635375977,1,22.437339782714844,20.404922485351562,2.0324172973632812,1
random_004,3,28,"31.250,9.375,0.312","25.000,2.500,2.188",10.548967361450195,12.659932136535645,2.110964775085449,1,18.83265495300293,18.577917098999023,0.25473785400390625,1
random_004,3,29,"31.250,9.375,0.312","4.375,9.375,0.938",12.922872543334961,11.707019805908203,1.2158527374267578,1,20.96995735168457,18.122882843017578,2.847074508666992,1
random_004,4,5,"7.500,30.625,0.312","35.625,10.000,2.188",21.939067840576172,24.70638084411621,2.767313003540039,1,22.81378173828125,22.91389274597168,0.10011100769042969,1
random_004,4,6,"7.500,30.625,0.312","8.125,24.375,1.562",9.675134658813477,8.938011169433594,0.7371234893798828,1,16.102235794067383,15.158713340759277,0.9435224533081055,1
random_004,4,7,"7.500,30.625,0.312","25.625,35.000,0.938",11.010128021240234,11.824864387512207,0.8147363662719727,1,20.996707916259766,19.974355697631836,1.0223522186279297,1
random_004,4,8,"7.500,30.625,0.312","37.500,21.250,0.938",20.85306167602539,20.502042770385742,0.35101890563964844,1,29.50886344909668,28.070030212402344,1.438833236694336,1
random_004,4,9,"7.500,30.625,0.312","26.875,1.250,1.562",14.691397666931152,19.98107147216797,5.289673805236816,1,27.148988723754883,23.21890640258789,3.930082321166992,1
random_004,4,10,"7.500,30.625,0.312","23.125,11.250,1.562",23.37727928161621,23.569869995117188,0.19259071350097656,1,44.45613098144531,39.61259841918945,4.843532562255859,1
random_004,4,11,"7.500,30.625,0.312","15.000,10.625,0.938",15.33992862701416,10.872429847717285,4.467498779296875,1,20.64149284362793,21.14118766784668,0.49969482421875,1
random_004,4,12,"7.500,30.625,0.312","25.000,31.250,0.938",12.68091869354248,13.38516616821289,0.7042474746704102,1,23.07305908203125,22.275066375732422,0.7979927062988281,1
random_004,4,13,"7.500,30.625,0.312","22.500,20.625,0.312",25.520339965820312,24.113670349121094,1.4066696166992188,1,42.84446716308594,42.830543518066406,0.01392364501953125,1
random_004,4,14,"7.500,30.625,0.312","34.375,21.875,1.562",21.51943588256836,22.257495880126953,0.7380599975585938,1,31.406965255737305,28.38928985595703,3.0176753997802734,1
random_004,4,15,"7.500,30.625,0.312","4.375,32.500,2.188",7.053752899169922,6.202515602111816,0.8512372970581055,1,11.50799560546875,12.92439079284668,1.4163951873779297,1
random_004,4,16,"7.500,30.625,0.312","26.875,31.875,0.312",12.707429885864258,13.723701477050781,1.0162715911865234,1,22.32870101928711,21.09133529663086,1.23736572265625,1
random_004,4,17,"7.500,30.625,0.312","31.875,36.875,0.938",15.043403625488281,12.483980178833008,2.5594234466552734,1,23.159486770629883,24.27621078491211,1.1167240142822266,1
random_004,4,18,"7.500,30.625,0.312","16.875,3.750,2.188",15.254600524902344,12.74451732635498,2.5100831985473633,1,24.610034942626953,22.95817756652832,1.6518573760986328,1
random_004,4,19,"7.500,30.625,0.312","18.125,27.500,0.938",13.872663497924805,10.950630187988281,2.9220333099365234,1,23.683652877807617,26.106430053710938,2.4227771759033203,1
random_004,4,20,"7.500,30.625,0.312","3.750,37.500,0.938",10.72861385345459,10.813972473144531,0.0853586196899414,1,17.460479736328125,17.670969009399414,0.21048927307128906,1
random_004,4,21,"7.500,30.625,0.312","24.375,6.875,1.562",21.171276092529297,18.821271896362305,2.350004196166992,1,24.50542449951172,21.144874572753906,3.3605499267578125,1
random_004,4,22,"7.500,30.625,0.312","22.500,3.750,1.562",17.133148193359375,18.805105209350586,1.671957015991211,1,20.95149803161621,22.429624557495117,1.4781265258789062,1
random_004,4,23,"7.500,30.625,0.312","25.625,3.750,0.938",15.726223945617676,19.296506881713867,3.5702829360961914,1,26.26974105834961,21.435606002807617,4.834135055541992,1
random_004,4,24,"7.500,30.625,0.312","35.625,28.750,0.312",16.559879302978516,18.745223999023438,2.185344696044922,1,25.93862533569336,28.812335968017578,2.8737106323242188,1
random_004,4,25,"7.500,30.625,0.312","13.125,23.750,0.312",11.558534622192383,11.104622840881348,0.45391178131103516,1,21.809261322021484,22.05027198791504,0.2410106658935547,1
random_004,4,26,"7.500,30.625,0.312","1.250,1.250,0.312",17.75423812866211,21.746170043945312,3.991931915283203,1,25.259695053100586,28.80132293701172,3.541627883911133,1
random_004,4,27,"7.500,30.625,0.312","36.250,25.000,0.312",21.94939422607422,23.903175354003906,1.9537811279296875,1,26.851490020751953,24.660654067993164,2.190835952758789,1
random_004,4,28,"7.500,30.625,0.312","25.000,2.500,2.188",15.593178749084473,19.018810272216797,3.425631523132324,1,24.080533981323242,18.535898208618164,5.544635772705078,1
random_004,4,29,"7.500,30.625,0.312","4.375,9.375,0.938",18.795852661132812,13.867731094360352,4.928121566772461,1,26.14497947692871,26.089353561401367,0.05562591552734375,1
random_004,5,6,"35.625,10.000,2.188","8.125,24.375,1.562",25.5823974609375,21.353988647460938,4.2284088134765625,1,29.289525985717773,28.561655044555664,0.7278709411621094,1
random_004,5,7,"35.625,10.000,2.188","25.625,35.000,0.938",11.876311302185059,18.932249069213867,7.055937767028809,1,22.200923919677734,25.370563507080078,3.1696395874023438,1
random_004,5,8,"35.625,10.000,2.188","37.500,21.250,0.938",10.59443473815918,11.404991149902344,0.8105564117431641,1,17.664270401000977,17.536230087280273,0.12804031372070312,1
random_004,5,9,"35.625,10.000,2.188","26.875,1.250,1.562",10.603522300720215,14.836585998535156,4.233063697814941,1,14.581892013549805,15.287094116210938,0.7052021026611328,1
random_004,5,10,"35.625,10.000,2.188","23.125,11.250,1.562",9.280253410339355,10.527915954589844,1.2476625442504883,1,17.566694259643555,18.249433517456055,0.6827392578125,1
random_004,5,11,"35.625,10.000,2.188","15.000,10.625,0.938",10.403562545776367,10.774778366088867,0.3712158203125,1,18.871923446655273,18.628047943115234,0.24387550354003906,1
random_004,5,12,"35.625,10.000,2.188","25.000,31.250,0.938",12.986030578613281,18.435043334960938,5.449012756347656,1,22.939990997314453,22.881465911865234,0.05852508544921875,1
random_004,5,13,"35.625,10.000,2.188","22.500,20.625,0.312",19.501293182373047,18.643352508544922,0.857940673828125,1,28.186717987060547,30.544248580932617,2.3575305938720703,1
random_004,5,14,"35.625,10.000,2.188","34.375,21.875,1.562",11.364502906799316,12.860733032226562,1.496230125427246,1,18.15384292602539,25.176124572753906,7.022281646728516,1
random_004,5,15,"35.625,10.000,2.188","4.375,32.500,2.188",22.41732406616211,21.4866943359375,0.9306297302246094,1,18.89754867553711,21.569324493408203,2.6717758178710938,1
random_004,5,16,"35.625,10.000,2.188","26.875,31.875,0.312",13.101640701293945,19.06456756591797,5.962926864624023,1,24.5356388092041,25.42332649230957,0.8876876831054688,1
random_004,5,17,"35.625,10.000,2.188","31.875,36.875,0.938",14.808611869812012,17.527006149291992,2.7183942794799805,1,16.478832244873047,16.55251693725586,0.0736846923828125,1
random_004,5,18,"35.625,10.000,2.188","16.875,3.750,2.188",15.969602584838867,16.606037139892578,0.6364345550537109,1,23.956876754760742,23.858543395996094,0.09833335876464844,1
random_004,5,19,"35.625,10.000,2.188","18.125,27.500,0.938",26.9959716796875,21.906455993652344,5.089515686035156,1,38.54073715209961,37.59041213989258,0.9503250122070312,1
random_004,5,20,"35.625,10.000,2.188","3.750,37.500,0.938",18.738996505737305,19.077171325683594,0.33817481994628906,1,23.921998977661133,23.981592178344727,0.05959320068359375,1
random_004,5,21,"35.625,10.000,2.188","24.375,6.875,1.562",9.448466300964355,10.507898330688477,1.059432029724121,1,14.515894889831543,12.79772663116455,1.7181682586669922,1
random_004,5,22,"35.625,10.000,2.188","22.500,3.750,1.562",14.043486595153809,15.6477689743042,1.6042823791503906,1,18.278648376464844,19.838769912719727,1.5601215362548828,1
random_004,5,23,"35.625,10.000,2.188","25.625,3.750,0.938",11.502869606018066,14.93235969543457,3.429490089416504,1,17.021516799926758,18.138957977294922,1.117441177368164,1
random_004,5,24,"35.625,10.000,2.188","35.625,28.750,0.312",10.227977752685547,16.120372772216797,5.89239501953125,1,19.254255294799805,18.56778335571289,0.6864719390869141,1
random_004,5,25,"35.625,10.000,2.188","13.125,23.750,0.312",26.97418975830078,22.55959701538086,4.414592742919922,1,28.25202178955078,29.873672485351562,1.6216506958007812,1
random_004,5,26,"35.625,10.000,2.188","1.250,1.250,0.312",13.937947273254395,14.091623306274414,0.15367603302001953,1,15.134912490844727,17.84725570678711,2.712343215942383,1
random_004,5,27,"35.625,10.000,2.188","36.250,25.000,0.312",10.860689163208008,14.27003288269043,3.409343719482422,1,17.707731246948242,19.32313346862793,1.6154022216796875,1
random_004,5,28,"35.625,10.000,2.188","25.000,2.500,2.188",12.089733123779297,14.698609352111816,2.6088762283325195,1,19.064258575439453,18.087968826293945,0.9762897491455078,1
random_004,5,29,"35.625,10.000,2.188","4.375,9.375,0.938",12.739455223083496,11.228363037109375,1.511092185974121,1,18.17261505126953,17.455114364624023,0.7175006866455078,1
random_004,6,7,"8.125,24.375,1.562","25.625,35.000,0.938",15.823676109313965,18.68393325805664,2.860257148742676,1,24.351266860961914,24.146339416503906,0.2049274444580078,1
random_004,6,8,"8.125,24.375,1.562","37.500,21.250,0.938",16.489599227905273,19.022445678710938,2.532846450805664,1,30.137582778930664,28.46530532836914,1.6722774505615234,1
random_004,6,9,"8.125,24.375,1.562","26.875,1.250,1.562",18.47226333618164,24.028133392333984,5.555870056152344,1,30.684894561767578,34.40289306640625,3.717998504638672,1
random_004,6,10,"8.125,24.375,1.562","23.125,11.250,1.562",23.156200408935547,23.4713191986084,0.31511878967285156,1,35.83200454711914,34.97654342651367,0.8554611206054688,1
random_004,6,11,"8.125,24.375,1.562","15.000,10.625,0.938",15.10853385925293,11.626716613769531,3.4818172454833984,1,20.59634780883789,26.38444709777832,5.78809928894043,1
random_004,6,12,"8.125,24.375,1.562","25.000,31.250,0.938",19.819551467895508,22.023906707763672,2.204355239868164,1,36.66424560546875,33.85045623779297,2.8137893676757812,1
random_004,6,13,"8.125,24.375,1.562","22.500,20.625,0.312",18.05457305908203,11.365053176879883,6.689519882202148,1,22.266794204711914,21.303842544555664,0.96295166015625,1
random_004,6,14,"8.125,24.375,1.562","34.375,21.875,1.562",16.906721115112305,20.196029663085938,3.289308547973633,1,28.11016845703125,30.26898765563965,2.1588191986083984,1
random_004,6,15,"8.125,24.375,1.562","4.375,32.500,2.188",12.038043975830078,10.877043724060059,1.1610002517700195,1,18.42843246459961,18.728919982910156,0.3004875183105469,1
random_004,6,16,"8.125,24.375,1.562","26.875,31.875,0.312",20.98636245727539,24.415576934814453,3.4292144775390625,1,33.420509338378906,34.501686096191406,1.0811767578125,1
random_004,6,17,"8.125,24.375,1.562","31.875,36.875,0.938",21.264827728271484,20.71027946472168,0.5545482635498047,1,29.269302368164062,32.12228775024414,2.852985382080078,1
random_004,6,18,"8.125,24.375,1.562","16.875,3.750,2.188",17.10061264038086,15.792585372924805,1.3080272674560547,1,22.126344680786133,24.6612491607666,2.5349044799804688,1
random_004,6,19,"8.125,24.375,1.562","18.125,27.500,0.938",14.201921463012695,12.883049011230469,1.3188724517822266,1,29.495725631713867,33.16008377075195,3.664358139038086,1
random_004,6,20,"8.125,24.375,1.562","3.750,37.500,0.938",12.021442413330078,12.00173568725586,0.01970672607421875,1,23.454504013061523,21.6035213470459,1.850982666015625,1
random_004,6,21,"8.125,24.375,1.562","24.375,6.875,1.562",22.266244888305664,23.177783966064453,0.9115390777587891,1,46.40852355957031,41.12633514404297,5.282188415527344,1
random_004,6,22,"8.125,24.375,1.562","22.500,3.750,1.562",18.963699340820312,21.385234832763672,2.4215354919433594,1,35.28235626220703,31.72151756286621,3.5608386993408203,1
random_004,6,23,"8.125,24.375,1.562","25.625,3.750,0.938",19.632408142089844,23.61119842529297,3.978790283203125,1,36.177703857421875,35.48308563232422,0.6946182250976562,1
random_004,6,24,"8.125,24.375,1.562","35.625,28.750,0.312",17.38255500793457,22.504173278808594,5.121618270874023,1,32.2219352722168,31.450828552246094,0.7711067199707031,1
random_004,6,25,"8.125,24.375,1.562","13.125,23.750,0.312",7.336482048034668,7.7679243087768555,0.4314422607421875,1,14.292983055114746,15.799333572387695,1.5063505172729492,1
random_004,6,26,"8.125,24.375,1.562","1.250,1.250,0.312",18.22199249267578,18.613542556762695,0.39155006408691406,1,31.49258041381836,28.573299407958984,2.919281005859375,1
random_004,6,27,"8.125,24.375,1.562","36.250,25.000,0.312",19.42884063720703,23.34860610961914,3.9197654724121094,1,31.659042358398438,29.286314010620117,2.3727283477783203,1
random_004,6,28,"8.125,24.375,1.562","25.000,2.500,2.188",18.11625862121582,23.091224670410156,4.974966049194336,1,24.466754913330078,28.175155639648438,3.7084007263183594,1
random_004,6,29,"8.125,24.375,1.562","4.375,9.375,0.938",16.976030349731445,11.879956245422363,5.096074104309082,1,17.12503433227539,16.109519958496094,1.0155143737792969,1
random_004,7,8,"25.625,35.000,0.938","37.500,21.250,0.938",14.288703918457031,12.895736694335938,1.3929672241210938,1,25.85281753540039,29.999706268310547,4.146888732910156,1
random_004,7,9,"25.625,35.000,0.938","26.875,1.250,1.562",12.25674057006836,8.907003402709961,3.3497371673583984,1,9.199006080627441,8.53299331665039,0.6660127639770508,1
random_004,7,10,"25.625,35.000,0.938","23.125,11.250,1.562",9.214115142822266,9.404855728149414,0.19074058532714844,1,23.39573860168457,24.271623611450195,0.875885009765625,1
random_004,7,11,"25.625,35.000,0.938","15.000,10.625,0.938",22.794330596923828,15.63608455657959,7.158246040344238,1,37.09394454956055,35.71118927001953,1.3827552795410156,1
random_004,7,12,"25.625,35.000,0.938","25.000,31.250,0.938",5.219761848449707,5.292375564575195,0.07261371612548828,1,9.662796020507812,9.517099380493164,0.14569664001464844,1
random_004,7,13,"25.625,35.000,0.938","22.500,20.625,0.312",9.846497535705566,9.7656888961792,0.08080863952636719,1,18.61421012878418,17.496475219726562,1.1177349090576172,1
random_004,7,14,"25.625,35.000,0.938","34.375,21.875,1.562",16.496728897094727,13.455253601074219,3.041475296020508,1,29.70537567138672,28.79030418395996,0.9150714874267578,1
random_004,7,15,"25.625,35.000,0.938","4.375,32.500,2.188",11.763309478759766,11.581493377685547,0.18181610107421875,1,18.974443435668945,17.831253051757812,1.1431903839111328,1
random_004,7,16,"25.625,35.000,0.938","26.875,31.875,0.312",5.772452354431152,5.185657501220703,0.5867948532104492,1,8.973525047302246,8.419794082641602,0.5537309646606445,1
random_004,7,17,"25.625,35.000,0.938","31.875,36.875,0.938",7.226457595825195,8.376974105834961,1.1505165100097656,1,12.002992630004883,13.146363258361816,1.1433706283569336,1
random_004,7,18,"25.625,35.000,0.938","16.875,3.750,2.188",17.48077964782715,14.923787117004395,2.556992530822754,1,30.418010711669922,34.27711486816406,3.8591041564941406,1
random_004,7,19,"25.625,35.000,0.938","18.125,27.500,0.938",12.958984375,9.87369155883789,3.0852928161621094,1,17.89571762084961,26.43173599243164,8.536018371582031,1
random_004,7,20,"25.625,35.000,0.938","3.750,37.500,0.938",10.619840621948242,10.872817039489746,0.2529764175415039,1,20.983524322509766,19.43119239807129,1.5523319244384766,1
random_004,7,21,"25.625,35.000,0.938","24.375,6.875,1.562",9.041475296020508,9.158235549926758,0.11676025390625,1,20.196361541748047,18.070707321166992,2.1256542205810547,1
random_004,7,22,"25.625,35.000,0.938","22.500,3.750,1.562",14.205429077148438,8.327083587646484,5.878345489501953,1,12.979385375976562,12.068733215332031,0.9106521606445312,1
random_004,7,23,"25.625,35.000,0.938","25.625,3.750,0.938",12.423946380615234,8.275052070617676,4.148894309997559,1,11.55863094329834,11.399359703063965,0.159271240234375,1
random_004,7,24,"25.625,35.000,0.938","35.625,28.750,0.312",12.956681251525879,12.273682594299316,0.6829986572265625,1,18.730154037475586,21.47884178161621,2.748687744140625,1
random_004,7,25,"25.625,35.000,0.938","13.125,23.750,0.312",17.481348037719727,15.069023132324219,2.412324905395508,1,30.432371139526367,34.45208740234375,4.019716262817383,1
random_004,7,26,"25.625,35.000,0.938","1.250,1.250,0.312",17.01686668395996,16.599714279174805,0.41715240478515625,1,29.904945373535156,27.93860626220703,1.966339111328125,1
random_004,7,27,"25.625,35.000,0.938","36.250,25.000,0.312",12.34634017944336,10.678260803222656,1.6680793762207031,1,19.56451988220215,20.594833374023438,1.030313491821289,1
random_004,7,28,"25.625,35.000,0.938","25.000,2.500,2.188",13.160868644714355,8.26276683807373,4.898101806640625,1,11.531630516052246,11.465351104736328,0.06627941131591797,1
random_004,7,29,"25.625,35.000,0.938","4.375,9.375,0.938",21.707975387573242,17.812870025634766,3.8951053619384766,1,36.99702453613281,33.59965515136719,3.397369384765625,1
random_004,8,9,"37.500,21.250,0.938","26.875,1.250,1.562",11.997705459594727,17.822547912597656,5.82484245300293,1,21.497833251953125,19.02952003479004,2.468313217163086,1
random_004,8,10,"37.500,21.250,0.938","23.125,11.250,1.562",14.877050399780273,17.091997146606445,2.214946746826172,1,26.00479507446289,24.64735221862793,1.357442855834961,1
random_004,8,11,"37.500,21.250,0.938","15.000,10.625,0.938",18.657333374023438,22.285537719726562,3.628204345703125,1,30.672334671020508,25.932720184326172,4.739614486694336,1
random_004,8,12,"37.500,21.250,0.938","25.000,31.250,0.938",14.551576614379883,16.82288932800293,2.271312713623047,1,26.482643127441406,25.9999942779541,0.4826488494873047,1
random_004,8,13,"37.500,21.250,0.938","22.500,20.625,0.312",12.108592987060547,11.204845428466797,0.90374755859375,1,19.760793685913086,19.810325622558594,0.04953193664550781,1
random_004,8,14,"37.500,21.250,0.938","34.375,21.875,1.562",5.2229156494140625,4.237455368041992,0.9854602813720703,1,8.17741870880127,7.875354290008545,0.3020644187927246,1
random_004,8,15,"37.500,21.250,0.938","4.375,32.500,2.188",19.17719841003418,19.255041122436523,0.07784271240234375,1,28.669281005859375,27.741165161132812,0.9281158447265625,1
random_004,8,16,"37.500,21.250,0.938","26.875,31.875,0.312",13.303583145141602,16.152952194213867,2.8493690490722656,1,25.039785385131836,23.350717544555664,1.6890678405761719,1
random_004,8,17,"37.500,21.250,0.938","31.875,36.875,0.938",11.873614311218262,12.011080741882324,0.1374664306640625,1,15.852670669555664,17.131105422973633,1.2784347534179688,1
random_004,8,18,"37.500,21.250,0.938","16.875,3.750,2.188",18.775188446044922,22.360618591308594,3.585430145263672,1,29.151268005371094,26.896272659301758,2.254995346069336,1
random_004,8,19,"37.500,21.250,0.938","18.125,27.500,0.938",18.7841854095459,12.22842788696289,6.555757522583008,1,23.457828521728516,21.657384872436523,1.8004436492919922,1
random_004,8,20,"37.500,21.250,0.938","3.750,37.500,0.938",15.754150390625,18.450695037841797,2.696544647216797,1,23.678516387939453,25.766115188598633,2.0875988006591797,1
random_004,8,21,"37.500,21.250,0.938","24.375,6.875,1.562",13.355254173278809,18.118728637695312,4.763474464416504,1,24.29513931274414,24.99924087524414,0.7041015625,1
random_004,8,22,"37.500,21.250,0.938","22.500,3.750,1.562",17.340003967285156,20.79681968688965,3.456815719604492,1,31.417491912841797,25.529521942138672,5.887969970703125,1
random_004,8,23,"37.500,21.250,0.938","25.625,3.750,0.938",14.192076683044434,19.028518676757812,4.836441993713379,1,24.67338752746582,25.02896499633789,0.3555774688720703,1
random_004,8,24,"37.500,21.250,0.938","35.625,28.750,0.312",8.164225578308105,9.057449340820312,0.893223762512207,1,14.014481544494629,13.11520004272461,0.8992815017700195,1
random_004,8,25,"37.500,21.250,0.938","13.125,23.750,0.312",20.526824951171875,14.75855541229248,5.7682695388793945,1,26.392654418945312,29.65651512145996,3.2638607025146484,1
random_004,8,26,"37.500,21.250,0.938","1.250,1.250,0.312",16.359724044799805,16.077409744262695,0.2823143005371094,1,19.959991455078125,17.717992782592773,2.2419986724853516,1
random_004,8,27,"37.500,21.250,0.938","36.250,25.000,0.312",5.970081329345703,5.608349800109863,0.36173152923583984,1,11.893167495727539,11.091368675231934,0.8017988204956055,1
random_004,8,28,"37.500,21.250,0.938","25.000,2.500,2.188",14.63508129119873,19.642276763916016,5.007195472717285,1,21.194931030273438,20.38091468811035,0.8140163421630859,1
random_004,8,29,"37.500,21.250,0.938","4.375,9.375,0.938",17.193891525268555,19.61849021911621,2.4245986938476562,1,24.167236328125,22.837499618530273,1.3297367095947266,1
random_004,9,10,"26.875,1.250,1.562","23.125,11.250,1.562",11.00181770324707,8.536710739135742,2.465106964111328,1,19.985742568969727,19.365358352661133,0.6203842163085938,1
random_004,9,11,"26.875,1.250,1.562","15.000,10.625,0.938",15.153406143188477,12.251765251159668,2.9016408920288086,1,26.284893035888672,24.93537139892578,1.3495216369628906,1
random_004,9,12,"26.875,1.250,1.562","25.000,31.250,0.938",9.331905364990234,13.555715560913086,4.223810195922852,1,14.11263656616211,14.346529960632324,0.23389339447021484,1
random_004,9,13,"26.875,1.250,1.562","22.500,20.625,0.312",9.63245677947998,14.081059455871582,4.448602676391602,1,14.117792129516602,16.848215103149414,2.7304229736328125,1
random_004,9,14,"26.875,1.250,1.562","34.375,21.875,1.562",19.59441566467285,11.699197769165039,7.8952178955078125,1,17.18855094909668,15.615486145019531,1.5730648040771484,1
random_004,9,15,"26.875,1.250,1.562","4.375,32.500,2.188",19.10706329345703,14.952452659606934,4.154610633850098,1,22.968505859375,23.002267837524414,0.03376197814941406,1
random_004,9,16,"26.875,1.250,1.562","26.875,31.875,0.312",9.413736343383789,13.175683975219727,3.7619476318359375,1,11.926562309265137,12.896326065063477,0.9697637557983398,1
random_004,9,17,"26.875,1.250,1.562","31.875,36.875,0.938",15.36033821105957,9.085577011108398,6.274761199951172,1,9.140166282653809,9.844614028930664,0.7044477462768555,1
random_004,9,18,"26.875,1.250,1.562","16.875,3.750,2.188",8.915875434875488,9.398218154907227,0.4823427200317383,1,11.604216575622559,11.452946662902832,0.15126991271972656,1
random_004,9,19,"26.875,1.250,1.562","18.125,27.500,0.938",20.216758728027344,14.611509323120117,5.605249404907227,1,23.18327522277832,43.113441467285156,19.930166244506836,1
random_004,9,20,"26.875,1.250,1.562","3.750,37.500,0.938",15.61794376373291,12.82217788696289,2.7957658767700195,1,9.209733009338379,11.998971939086914,2.789238929748535,1
random_004,9,21,"26.875,1.250,1.562","24.375,6.875,1.562",9.74654769897461,6.90483283996582,2.841714859008789,1,14.19309139251709,12.98210620880127,1.2109851837158203,1
random_004,9,22,"26.875,1.250,1.562","22.500,3.750,1.562",6.9184064865112305,6.643278121948242,0.2751283645629883,1,8.08613109588623,7.570143699645996,0.5159873962402344,1
random_004,9,23,"26.875,1.250,1.562","25.625,3.750,0.938",4.007494926452637,4.838244438171387,0.83074951171875,1,5.621111869812012,5.41551399230957,0.2055978775024414,1
random_004,9,24,"26.875,1.250,1.562","35.625,28.750,0.312",20.005218505859375,13.760048866271973,6.245169639587402,1,15.81396198272705,15.728544235229492,0.0854177474975586,1
random_004,9,25,"26.875,1.250,1.562","13.125,23.750,0.312",20.589675903320312,16.091028213500977,4.498647689819336,1,27.801572799682617,25.766475677490234,2.035097122192383,1
random_004,9,26,"26.875,1.250,1.562","1.250,1.250,0.312",13.192375183105469,11.410470962524414,1.7819042205810547,1,17.886363983154297,18.621084213256836,0.7347202301025391,1
random_004,9,27,"26.875,1.250,1.562","36.250,25.000,0.312",17.718618392944336,11.463080406188965,6.255537986755371,1,19.24534034729004,21.8087158203125,2.563375473022461,1
random_004,9,28,"26.875,1.250,1.562","25.000,2.500,2.188",3.654712677001953,4.459903717041016,0.8051910400390625,1,5.0018110275268555,4.7188496589660645,0.282961368560791,1
random_004,9,29,"26.875,1.250,1.562","4.375,9.375,0.938",14.40774917602539,12.438276290893555,1.969472885131836,1,19.403940200805664,18.882537841796875,0.5214023590087891,1
random_004,10,11,"23.125,11.250,1.562","15.000,10.625,0.938",8.718155860900879,8.670256614685059,0.04789924621582031,1,16.098270416259766,16.08670425415039,0.011566162109375,1
random_004,10,12,"23.125,11.250,1.562","25.000,31.250,0.938",9.51852798461914,9.627120971679688,0.10859298706054688,1,19.9760684967041,19.7532901763916,0.2227783203125,1
random_004,10,13,"23.125,11.250,1.562","22.500,20.625,0.312",10.135211944580078,8.403776168823242,1.731435775756836,1,18.443500518798828,18.072561264038086,0.3709392547607422,1
random_004,10,14,"23.125,11.250,1.562","34.375,21.875,1.562",13.539836883544922,11.812739372253418,1.727097511291504,1,21.876041412353516,19.301498413085938,2.574542999267578,1
random_004,10,15,"23.125,11.250,1.562","4.375,32.500,2.188",23.023969650268555,24.164932250976562,1.1409626007080078,1,30.767763137817383,34.528160095214844,3.760396957397461,1
random_004,10,16,"23.125,11.250,1.562","26.875,31.875,0.312",10.447699546813965,9.739468574523926,0.7082309722900391,1,23.96923065185547,20.18890953063965,3.7803211212158203,1
random_004,10,17,"23.125,11.250,1.562","31.875,36.875,0.938",17.563295364379883,9.934228897094727,7.629066467285156,1,19.851755142211914,20.23711585998535,0.3853607177734375,1
random_004,10,18,"23.125,11.250,1.562","16.875,3.750,2.188",12.63291072845459,13.722475051879883,1.089564323425293,1,17.429712295532227,19.7452392578125,2.3155269622802734,1
random_004,10,19,"23.125,11.250,1.562","18.125,27.500,0.938",16.72368812561035,14.80263614654541,1.9210519790649414,1,37.89931869506836,34.30598831176758,3.5933303833007812,1
random_004,10,20,"23.125,11.250,1.562","3.750,37.500,0.938",20.817398071289062,21.687868118286133,0.8704700469970703,1,23.287250518798828,24.664846420288086,1.3775959014892578,1
random_004,10,21,"23.125,11.250,1.562","24.375,6.875,1.562",6.043597221374512,6.020791053771973,0.022806167602539062,1,9.70621395111084,10.116544723510742,0.41033077239990234,1
random_004,10,22,"23.125,11.250,1.562","22.500,3.750,1.562",7.410138130187988,8.977230072021484,1.567091941833496,1,14.074726104736328,14.176331520080566,0.10160541534423828,1
random_004,10,23,"23.125,11.250,1.562","25.625,3.750,0.938",6.9892425537109375,9.658063888549805,2.668821334838867,1,14.825565338134766,15.690281867980957,0.8647165298461914,1
random_004,10,24,"23.125,11.250,1.562","35.625,28.750,0.312",18.482337951660156,16.342796325683594,2.1395416259765625,1,23.878870010375977,26.106142044067383,2.2272720336914062,1
random_004,10,25,"23.125,11.250,1.562","13.125,23.750,0.312",20.784626007080078,21.240211486816406,0.4555854797363281,1,41.484378814697266,35.37460708618164,6.109771728515625,1
random_004,10,26,"23.125,11.250,1.562","1.250,1.250,0.312",13.58167839050293,11.48794937133789,2.093729019165039,1,16.39364242553711,16.03180694580078,0.3618354797363281,1
random_004,10,27,"23.125,11.250,1.562","36.250,25.000,0.312",12.223495483398438,10.849306106567383,1.3741893768310547,1,22.466527938842773,22.149106979370117,0.31742095947265625,1
random_004,10,28,"23.125,11.250,1.562","25.000,2.500,2.188",8.188645362854004,9.456449508666992,1.2678041458129883,1,14.541175842285156,17.045455932617188,2.5042800903320312,1
random_004,10,29,"23.125,11.250,1.562","4.375,9.375,0.938",12.435853004455566,11.47780990600586,0.958043098449707,1,20.15989112854004,21.142807006835938,0.9829158782958984,1
random_004,11,12,"15.000,10.625,0.938","25.000,31.250,0.938",19.62001609802246,22.677370071411133,3.057353973388672,1,38.41788101196289,36.71515655517578,1.7027244567871094,1
random_004,11,13,"15.000,10.625,0.938","22.500,20.625,0.312",17.927534103393555,17.584505081176758,0.3430290222167969,1,42.1699333190918,37.785491943359375,4.384441375732422,1
random_004,11,14,"15.000,10.625,0.938","34.375,21.875,1.562",23.80642318725586,19.707347869873047,4.0990753173828125,1,29.237695693969727,31.67935562133789,2.441659927368164,1
random_004,11,15,"15.000,10.625,0.938","4.375,32.500,2.188",12.084022521972656,17.517736434936523,5.433713912963867,1,26.077791213989258,20.33232879638672,5.745462417602539,1
random_004,11,16,"15.000,10.625,0.938","26.875,31.875,0.312",19.591699600219727,23.172462463378906,3.5807628631591797,1,38.12018585205078,39.59156036376953,1.47137451171875,1
random_004,11,17,"15.000,10.625,0.938","31.875,36.875,0.938",21.246232986450195,22.612062454223633,1.3658294677734375,1,26.22198486328125,26.60540771484375,0.3834228515625,1
random_004,11,18,"15.000,10.625,0.938","16.875,3.750,2.188",10.156728744506836,9.330726623535156,0.8260021209716797,1,15.159642219543457,14.843077659606934,0.31656455993652344,1
random_004,11,19,"15.000,10.625,0.938","18.125,27.500,0.938",10.293224334716797,15.876653671264648,5.583429336547852,1,24.418649673461914,23.623546600341797,0.7951030731201172,1
random_004,11,20,"15.000,10.625,0.938","3.750,37.500,0.938",12.096263885498047,16.560842514038086,4.464578628540039,1,22.81342887878418,21.39487075805664,1.418558120727539,1
random_004,11,21,"15.000,10.625,0.938","24.375,6.875,1.562",9.899147033691406,8.935070037841797,0.9640769958496094,1,16.752883911132812,15.850700378417969,0.9021835327148438,1
random_004,11,22,"15.000,10.625,0.938","22.500,3.750,1.562",12.57980728149414,13.887664794921875,1.3078575134277344,1,23.79217529296875,24.74262046813965,0.9504451751708984,1
random_004,11,23,"15.000,10.625,0.938","25.625,3.750,0.938",13.020641326904297,14.466495513916016,1.4458541870117188,1,24.47064781188965,24.729257583618164,0.2586097717285156,1
random_004,11,24,"15.000,10.625,0.938","35.625,28.750,0.312",25.945192337036133,24.032333374023438,1.9128589630126953,1,29.141033172607422,26.1140193939209,3.0270137786865234,1
random_004,11,25,"15.000,10.625,0.938","13.125,23.750,0.312",9.632915496826172,15.657258987426758,6.024343490600586,1,20.337026596069336,22.945499420166016,2.6084728240966797,1
random_004,11,26,"15.000,10.625,0.938","1.250,1.250,0.312",12.074721336364746,10.41817855834961,1.6565427780151367,1,10.17980670928955,9.95276927947998,0.2270374298095703,1
random_004,11,27,"15.000,10.625,0.938","36.250,25.000,0.312",22.542449951171875,21.054174423217773,1.4882755279541016,1,33.52827453613281,35.02267074584961,1.4943962097167969,1
random_004,11,28,"15.000,10.625,0.938","25.000,2.500,2.188",12.663496017456055,14.476852416992188,1.8133563995361328,1,23.86269187927246,23.375112533569336,0.487579345703125,1
random_004,11,29,"15.000,10.625,0.938","4.375,9.375,0.938",10.967692375183105,10.373249053955078,0.5944433212280273,1,16.85454559326172,16.591373443603516,0.2631721496582031,1
random_004,12,13,"25.000,31.250,0.938","22.500,20.625,0.312",9.058609008789062,9.595075607299805,0.5364665985107422,1,19.247594833374023,18.574485778808594,0.6731090545654297,1
random_004,12,14,"25.000,31.250,0.938","34.375,21.875,1.562",16.60580825805664,14.88213062286377,1.723677635192871,1,26.94240951538086,27.294931411743164,0.3525218963623047,1
random_004,12,15,"25.000,31.250,0.938","4.375,32.500,2.188",11.5812349319458,11.870802879333496,0.2895679473876953,1,23.749338150024414,26.354642868041992,2.605304718017578,1
random_004,12,16,"25.000,31.250,0.938","26.875,31.875,0.312",3.4242630004882812,3.0749473571777344,0.3493156433105469,1,5.380242347717285,6.129470348358154,0.7492280006408691,1
random_004,12,17,"25.000,31.250,0.938","31.875,36.875,0.938",11.439872741699219,12.626744270324707,1.1868715286254883,1,23.250511169433594,21.138288497924805,2.112222671508789,1
random_004,12,18,"25.000,31.250,0.938","16.875,3.750,2.188",18.678329467773438,17.33457374572754,1.3437557220458984,1,34.11110305786133,30.855546951293945,3.255556106567383,1
random_004,12,19,"25.000,31.250,0.938","18.125,27.500,0.938",10.732675552368164,8.935484886169434,1.7971906661987305,1,19.744823455810547,22.76951789855957,3.0246944427490234,1
random_004,12,20,"25.000,31.250,0.938","3.750,37.500,0.938",10.358734130859375,11.872499465942383,1.5137653350830078,1,22.189462661743164,21.225255966186523,0.9642066955566406,1
random_004,12,21,"25.000,31.250,0.938","24.375,6.875,1.562",9.332801818847656,9.499755859375,0.16695404052734375,1,16.7625732421875,22.29106330871582,5.52849006652832,1
random_004,12,22,"25.000,31.250,0.938","22.500,3.750,1.562",15.387162208557129,8.11305046081543,7.274111747741699,1,28.443666458129883,16.59270668029785,11.850959777832031,1
random_004,12,23,"25.000,31.250,0.938","25.625,3.750,0.938",13.190757751464844,8.558483123779297,4.632274627685547,1,17.375551223754883,14.97812271118164,2.397428512573242,1
random_004,12,24,"25.000,31.250,0.938","35.625,28.750,0.312",11.66020393371582,10.2903413772583,1.3698625564575195,1,15.482147216796875,17.985681533813477,2.5035343170166016,1
random_004,12,25,"25.000,31.250,0.938","13.125,23.750,0.312",18.703798294067383,19.887083053588867,1.1832847595214844,1,34.55952835083008,33.336585998535156,1.2229423522949219,1
random_004,12,26,"25.000,31.250,0.938","1.250,1.250,0.312",17.18996238708496,21.274415969848633,4.084453582763672,1,31.707353591918945,32.32316970825195,0.6158161163330078,1
random_004,12,27,"25.000,31.250,0.938","36.250,25.000,0.312",13.086990356445312,12.217140197753906,0.8698501586914062,1,18.587116241455078,22.369083404541016,3.7819671630859375,1
random_004,12,28,"25.000,31.250,0.938","25.000,2.500,2.188",14.566805839538574,8.403692245483398,6.163113594055176,1,16.741615295410156,13.58125114440918,3.1603641510009766,1
random_004,12,29,"25.000,31.250,0.938","4.375,9.375,0.938",22.779067993164062,25.294286727905273,2.515218734741211,1,32.77947998046875,32.80400085449219,0.0245208740234375,1
random_004,13,14,"22.500,20.625,0.312","34.375,21.875,1.562",11.046616554260254,11.480997085571289,0.43438053131103516,1,23.263809204101562,22.837995529174805,0.4258136749267578,1
random_004,13,15,"22.500,20.625,0.312","4.375,32.500,2.188",24.204090118408203,28.470706939697266,4.2666168212890625,1,43.998008728027344,40.285030364990234,3.7129783630371094,1
random_004,13,16,"22.500,20.625,0.312","26.875,31.875,0.312",10.630169868469238,9.9960298538208,0.6341400146484375,1,18.321304321289062,18.86264991760254,0.5413455963134766,1
random_004,13,17,"22.500,20.625,0.312","31.875,36.875,0.938",17.729190826416016,17.955068588256836,0.2258777618408203,1,27.92833137512207,27.035457611083984,0.8928737640380859,1
random_004,13,18,"22.500,20.625,0.312","16.875,3.750,2.188",19.838687896728516,18.632701873779297,1.2059860229492188,1,29.253299713134766,28.976272583007812,0.2770271301269531,1
random_004,13,19,"22.500,20.625,0.312","18.125,27.500,0.938",13.424072265625,10.07077407836914,3.3532981872558594,1,21.933910369873047,23.356660842895508,1.422750473022461,1
random_004,13,20,"22.500,20.625,0.312","3.750,37.500,0.938",21.459455490112305,24.955890655517578,3.4964351654052734,1,34.39276123046875,33.56570053100586,0.8270606994628906,1
random_004,13,21,"22.500,20.625,0.312","24.375,6.875,1.562",9.229715347290039,9.315004348754883,0.08528900146484375,1,17.171154022216797,19.962303161621094,2.791149139404297,1
random_004,13,22,"22.500,20.625,0.312","22.500,3.750,1.562",15.022218704223633,9.653614044189453,5.36860466003418,1,19.73422622680664,18.044973373413086,1.6892528533935547,1
random_004,13,23,"22.500,20.625,0.312","25.625,3.750,0.938",12.344175338745117,8.92905044555664,3.4151248931884766,1,16.63796043395996,15.169622421264648,1.4683380126953125,1
random_004,13,24,"22.500,20.625,0.312","35.625,28.750,0.312",15.28782844543457,17.1087646484375,1.8209362030029297,1,25.423473358154297,23.30169677734375,2.121776580810547,1
random_004,13,25,"22.500,20.625,0.312","13.125,23.750,0.312",9.535982131958008,13.032747268676758,3.49676513671875,1,16.59186363220215,16.572254180908203,0.019609451293945312,1
random_004,13,26,"22.500,20.625,0.312","1.250,1.250,0.312",20.017166137695312,24.7052001953125,4.6880340576171875,1,32.737640380859375,31.876846313476562,0.8607940673828125,1
random_004,13,27,"22.500,20.625,0.312","36.250,25.000,0.312",11.777613639831543,13.073183059692383,1.2955694198608398,1,20.237239837646484,21.123754501342773,0.8865146636962891,1
random_004,13,28,"22.500,20.625,0.312","25.000,2.500,2.188",14.132375717163086,8.572993278503418,5.559382438659668,1,16.1584415435791,15.039137840270996,1.1193037033081055,1
random_004,13,29,"22.500,20.625,0.312","4.375,9.375,0.938",21.358173370361328,24.854902267456055,3.4967288970947266,1,38.22504425048828,42.545875549316406,4.320831298828125,1
random_004,14,15,"34.375,21.875,1.562","4.375,32.500,2.188",20.270763397216797,19.981689453125,0.2890739440917969,1,27.03588104248047,28.328121185302734,1.2922401428222656,1
random_004,14,16,"34.375,21.875,1.562","26.875,31.875,0.312",13.221784591674805,16.73796272277832,3.5161781311035156,1,27.818872451782227,28.24870491027832,0.42983245849609375,1
random_004,14,17,"34.375,21.875,1.562","31.875,36.875,0.938",14.964306831359863,16.73566436767578,1.771357536315918,1,19.40060806274414,16.831287384033203,2.5693206787109375,1
random_004,14,18,"34.375,21.875,1.562","16.875,3.750,2.188",22.01233673095703,20.414260864257812,1.5980758666992188,1,29.558792114257812,31.81013298034668,2.251340866088867,1
random_004,14,19,"34.375,21.875,1.562","18.125,27.500,0.938",17.955013275146484,11.833457946777344,6.121555328369141,1,25.97393226623535,25.210887908935547,0.7630443572998047,1
random_004,14,20,"34.375,21.875,1.562","3.750,37.500,0.938",15.990569114685059,17.123571395874023,1.1330022811889648,1,23.651914596557617,23.4133243560791,0.23859024047851562,1
random_004,14,21,"34.375,21.875,1.562","24.375,6.875,1.562",13.58808422088623,18.774747848510742,5.186663627624512,1,22.23584747314453,26.473560333251953,4.237712860107422,1
random_004,14,22,"34.375,21.875,1.562","22.500,3.750,1.562",16.457719802856445,21.257619857788086,4.799900054931641,1,23.275407791137695,28.308992385864258,5.0335845947265625,1
random_004,14,23,"34.375,21.875,1.562","25.625,3.750,0.938",13.7982177734375,20.397151947021484,6.598934173583984,1,17.651241302490234,19.26280403137207,1.611562728881836,1
random_004,14,24,"34.375,21.875,1.562","35.625,28.750,0.312",7.390568733215332,10.950006484985352,3.5594377517700195,1,15.53502082824707,15.425445556640625,0.10957527160644531,1
random_004,14,25,"34.375,21.875,1.562","13.125,23.750,0.312",20.92279624938965,15.335929870605469,5.58686637878418,1,33.10830307006836,33.97120666503906,0.8629035949707031,1
random_004,14,26,"34.375,21.875,1.562","1.250,1.250,0.312",18.480430603027344,20.09585189819336,1.6154212951660156,1,26.552709579467773,26.72788429260254,0.17517471313476562,1
random_004,14,27,"34.375,21.875,1.562","36.250,25.000,0.312",5.865984916687012,6.167359352111816,0.3013744354248047,1,11.168214797973633,9.921208381652832,1.2470064163208008,1
random_004,14,28,"34.375,21.875,1.562","25.000,2.500,2.188",14.119035720825195,20.969316482543945,6.85028076171875,1,18.79685401916504,18.383647918701172,0.4132061004638672,1
random_004,14,29,"34.375,21.875,1.562","4.375,9.375,0.938",21.947860717773438,22.09190559387207,0.1440448760986328,1,22.16852378845215,24.934967041015625,2.7664432525634766,1
random_004,15,16,"4.375,32.500,2.188","26.875,31.875,0.312",12.056724548339844,11.235015869140625,0.8217086791992188,1,23.21175193786621,22.64698028564453,0.5647716522216797,1
random_004,15,17,"4.375,32.500,2.188","31.875,36.875,0.938",14.731151580810547,12.941292762756348,1.7898588180541992,1,22.34107208251953,21.111820220947266,1.2292518615722656,1
random_004,15,18,"4.375,32.500,2.188","16.875,3.750,2.188",16.18013572692871,15.561880111694336,0.618255615234375,1,17.73614501953125,19.868194580078125,2.132049560546875,1
random_004,15,19,"4.375,32.500,2.188","18.125,27.500,0.938",15.925039291381836,12.230047225952148,3.6949920654296875,1,27.601964950561523,28.042543411254883,0.4405784606933594,1
random_004,15,20,"4.375,32.500,2.188","3.750,37.500,0.938",7.200788497924805,8.442789077758789,1.2420005798339844,1,12.361448287963867,11.735448837280273,0.6259994506835938,1
random_004,15,21,"4.375,32.500,2.188","24.375,6.875,1.562",19.289255142211914,17.262601852416992,2.026653289794922,1,28.64434814453125,27.93718719482422,0.7071609497070312,1
random_004,15,22,"4.375,32.500,2.188","22.500,3.750,1.562",18.25949478149414,19.97726058959961,1.7177658081054688,1,30.967016220092773,27.199626922607422,3.7673892974853516,1
random_004,15,23,"4.375,32.500,2.188","25.625,3.750,0.938",15.63729190826416,18.500736236572266,2.8634443283081055,1,24.46322250366211,23.654455184936523,0.8087673187255859,1
random_004,15,24,"4.375,32.500,2.188","35.625,28.750,0.312",13.097579002380371,12.951268196105957,0.14631080627441406,1,20.12346076965332,19.903854370117188,0.2196063995361328,1
random_004,15,25,"4.375,32.500,2.188","13.125,23.750,0.312",12.24427318572998,12.372785568237305,0.12851238250732422,1,19.46784782409668,21.93043327331543,2.46258544921875,1
random_004,15,26,"4.375,32.500,2.188","1.250,1.250,0.312",20.87914276123047,26.198795318603516,5.319652557373047,1,36.45709228515625,35.02540969848633,1.4316825866699219,1
random_004,15,27,"4.375,32.500,2.188","36.250,25.000,0.312",20.547832489013672,22.599714279174805,2.051881790161133,1,26.675111770629883,21.460006713867188,5.215105056762695,1
random_004,15,28,"4.375,32.500,2.188","25.000,2.500,2.188",15.912269592285156,19.340381622314453,3.428112030029297,1,24.351097106933594,23.91929817199707,0.43179893493652344,1
random_004,15,29,"4.375,32.500,2.188","4.375,9.375,0.938",20.073396682739258,21.92630958557129,1.8529129028320312,1,26.347204208374023,27.02328109741211,0.6760768890380859,1
random_004,16,17,"26.875,31.875,0.312","31.875,36.875,0.938",10.476518630981445,11.981292724609375,1.5047740936279297,1,36.5767707824707,20.28879165649414,16.287979125976562,1
random_004,16,18,"26.875,31.875,0.312","16.875,3.750,2.188",18.53427505493164,18.024145126342773,0.5101299285888672,1,30.1405029296875,28.5312442779541,1.6092586517333984,1
random_004,16,19,"26.875,31.875,0.312","18.125,27.500,0.938",11.754944801330566,9.722047805786133,2.0328969955444336,1,22.0379581451416,20.98521614074707,1.0527420043945312,1
random_004,16,20,"26.875,31.875,0.312","3.750,37.500,0.938",10.78134536743164,11.424513816833496,0.6431684494018555,1,18.16680145263672,18.576068878173828,0.4092674255371094,1
random_004,16,21,"26.875,31.875,0.312","24.375,6.875,1.562",9.48448657989502,10.345542907714844,0.8610563278198242,1,18.335477828979492,16.72344207763672,1.6120357513427734,1
random_004,16,22,"26.875,31.875,0.312","22.500,3.750,1.562",15.337835311889648,8.437240600585938,6.900594711303711,1,17.459383010864258,18.8257999420166,1.3664169311523438,1
random_004,16,23,"26.875,31.875,0.312","25.625,3.750,0.938",13.149317741394043,8.803675651550293,4.34564208984375,1,14.804951667785645,16.178699493408203,1.3737478256225586,1
random_004,16,24,"26.875,31.875,0.312","35.625,28.750,0.312",10.86353874206543,10.016288757324219,0.8472499847412109,1,15.588717460632324,15.82917308807373,0.24045562744140625,1
random_004,16,25,"26.875,31.875,0.312","13.125,23.750,0.312",19.933204650878906,20.018972396850586,0.08576774597167969,1,34.22459411621094,36.93751525878906,2.712921142578125,1
random_004,16,26,"26.875,31.875,0.312","1.250,1.250,0.312",17.223041534423828,19.395116806030273,2.1720752716064453,1,30.97515869140625,32.76408767700195,1.7889289855957031,1
random_004,16,27,"26.875,31.875,0.312","36.250,25.000,0.312",12.935537338256836,11.407196044921875,1.528341293334961,1,19.795934677124023,21.357248306274414,1.5613136291503906,1
random_004,16,28,"26.875,31.875,0.312","25.000,2.500,2.188",14.364715576171875,8.60531234741211,5.759403228759766,1,15.67978572845459,15.52603530883789,0.15375041961669922,1
random_004,16,29,"26.875,31.875,0.312","4.375,9.375,0.938",22.613183975219727,22.946800231933594,0.3336162567138672,1,28.8963565826416,32.50835037231445,3.6119937896728516,1
random_004,17,18,"31.875,36.875,0.938","16.875,3.750,2.188",13.204132080078125,17.11554718017578,3.9114151000976562,1,20.110654830932617,22.74332618713379,2.632671356201172,1
random_004,17,19,"31.875,36.875,0.938","18.125,27.500,0.938",15.442474365234375,18.657148361206055,3.2146739959716797,1,20.57052230834961,21.209280014038086,0.6387577056884766,1
random_004,17,20,"31.875,36.875,0.938","3.750,37.500,0.938",12.441747665405273,14.713240623474121,2.2714929580688477,1,17.934741973876953,18.86140251159668,0.9266605377197266,1
random_004,17,21,"31.875,36.875,0.938","24.375,6.875,1.562",8.984199523925781,16.874771118164062,7.890571594238281,1,15.706286430358887,14.596217155456543,1.1100692749023438,1
random_004,17,22,"31.875,36.875,0.938","22.500,3.750,1.562",11.286062240600586,13.977975845336914,2.691913604736328,1,13.46471881866455,13.119560241699219,0.34515857696533203,1
random_004,17,23,"31.875,36.875,0.938","25.625,3.750,0.938",8.394235610961914,14.656400680541992,6.262165069580078,1,14.864666938781738,11.417705535888672,3.4469614028930664,1
random_004,17,24,"31.875,36.875,0.938","35.625,28.750,0.312",11.217958450317383,10.228458404541016,0.9895000457763672,1,14.505998611450195,13.964801788330078,0.5411968231201172,1
random_004,17,25,"31.875,36.875,0.938","13.125,23.750,0.312",23.738086700439453,23.830459594726562,0.09237289428710938,1,39.125457763671875,41.261043548583984,2.1355857849121094,1
random_004,17,26,"31.875,36.875,0.938","1.250,1.250,0.312",14.777933120727539,16.38186264038086,1.6039295196533203,1,28.729705810546875,28.85090446472168,0.12119865417480469,1
random_004,17,27,"31.875,36.875,0.938","36.250,25.000,0.312",12.423209190368652,10.891181945800781,1.532027244567871,1,17.185178756713867,15.587952613830566,1.5972261428833008,1
random_004,17,28,"31.875,36.875,0.938","25.000,2.500,2.188",9.164880752563477,14.206708908081055,5.041828155517578,1,18.448091506958008,13.209431648254395,5.238659858703613,1
random_004,17,29,"31.875,36.875,0.938","4.375,9.375,0.938",18.268890380859375,19.014266967773438,0.7453765869140625,1,19.881725311279297,23.129173278808594,3.247447967529297,1
random_004,18,19,"16.875,3.750,2.188","18.125,27.500,0.938",12.689122200012207,17.313819885253906,4.624697685241699,1,23.534055709838867,24.785350799560547,1.2512950897216797,1
random_004,18,20,"16.875,3.750,2.188","3.750,37.500,0.938",13.544211387634277,13.769184112548828,0.22497272491455078,1,17.758909225463867,17.111289978027344,0.6476192474365234,1
random_004,18,21,"16.875,3.750,2.188","24.375,6.875,1.562",12.021085739135742,12.269027709960938,0.2479419708251953,1,21.485340118408203,20.00322914123535,1.4821109771728516,1
random_004,18,22,"16.875,3.750,2.188","22.500,3.750,1.562",7.072068214416504,7.128281593322754,0.05621337890625,1,10.474891662597656,9.35385799407959,1.1210336685180664,1
random_004,18,23,"16.875,3.750,2.188","25.625,3.750,0.938",7.903480052947998,8.510128021240234,0.6066479682922363,1,12.75557804107666,13.580853462219238,0.8252754211425781,1
random_004,18,24,"16.875,3.750,2.188","35.625,28.750,0.312",21.312969207763672,17.58159828186035,3.7313709259033203,1,23.50661849975586,23.74546241760254,0.2388439178466797,1
random_004,18,25,"16.875,3.750,2.188","13.125,23.750,0.312",16.448974609375,19.729511260986328,3.280536651611328,1,22.495025634765625,19.294309616088867,3.200716018676758,1
random_004,18,26,"16.875,3.750,2.188","1.250,1.250,0.312",11.915146827697754,11.805381774902344,0.10976505279541016,1,15.209912300109863,15.295026779174805,0.0851144790649414,1
random_004,18,27,"16.875,3.750,2.188","36.250,25.000,0.312",16.287046432495117,19.23361587524414,2.9465694427490234,1,28.977691650390625,27.287107467651367,1.6905841827392578,1
random_004,18,28,"16.875,3.750,2.188","25.000,2.500,2.188",8.07540512084961,8.219310760498047,0.1439056396484375,1,10.882696151733398,11.729846000671387,0.8471498489379883,1
random_004,18,29,"16.875,3.750,2.188","4.375,9.375,0.938",11.289568901062012,11.159065246582031,0.13050365447998047,1,15.254446029663086,14.810347557067871,0.44409847259521484,1
random_004,19,20,"18.125,27.500,0.938","3.750,37.500,0.938",13.818451881408691,16.274730682373047,2.4562788009643555,1,24.15544319152832,24.592084884643555,0.4366416931152344,1
random_004,19,21,"18.125,27.500,0.938","24.375,6.875,1.562",16.13682746887207,20.446674346923828,4.309846878051758,1,32.054134368896484,31.06878089904785,0.9853534698486328,1
random_004,19,22,"18.125,27.500,0.938","22.500,3.750,1.562",16.53347396850586,16.160539627075195,0.37293434143066406,1,33.75297927856445,30.333816528320312,3.4191627502441406,1
random_004,19,23,"18.125,27.500,0.938","25.625,3.750,0.938",15.252697944641113,19.897586822509766,4.644888877868652,1,30.300689697265625,31.420429229736328,1.1197395324707031,1
random_004,19,24,"18.125,27.500,0.938","35.625,28.750,0.312",10.378398895263672,15.043375968933105,4.664977073669434,1,20.096513748168945,21.145254135131836,1.0487403869628906,1
random_004,19,25,"18.125,27.500,0.938","13.125,23.750,0.312",9.479278564453125,11.391737937927246,1.912459373474121,1,22.456161499023438,22.699892044067383,0.2437305450439453,1
random_004,19,26,"18.125,27.500,0.938","1.250,1.250,0.312",15.912163734436035,16.404861450195312,0.49269771575927734,1,22.301847457885742,23.25721549987793,0.9553680419921875,1
random_004,19,27,"18.125,27.500,0.938","36.250,25.000,0.312",14.039259910583496,20.312517166137695,6.273257255554199,1,32.56139373779297,39.4785270690918,6.917133331298828,1
random_004,19,28,"18.125,27.500,0.938","25.000,2.500,2.188",15.823722839355469,19.404312133789062,3.5805892944335938,1,33.03069305419922,32.21354675292969,0.8171463012695312,1
random_004,19,29,"18.125,27.500,0.938","4.375,9.375,0.938",19.5513916015625,14.509892463684082,5.041499137878418,1,25.391252517700195,28.53713035583496,3.1458778381347656,1
random_004,20,21,"3.750,37.500,0.938","24.375,6.875,1.562",18.0225830078125,16.94419288635254,1.078390121459961,1,18.10050392150879,17.13043785095215,0.9700660705566406,1
random_004,20,22,"3.750,37.500,0.938","22.500,3.750,1.562",14.39920711517334,15.597411155700684,1.1982040405273438,1,13.957489967346191,15.806543350219727,1.8490533828735352,1
random_004,20,23,"3.750,37.500,0.938","25.625,3.750,0.938",13.226521492004395,15.79403305053711,2.567511558532715,1,15.936310768127441,16.311494827270508,0.3751840591430664,1
random_004,20,24,"3.750,37.500,0.938","35.625,28.750,0.312",12.412030220031738,11.048355102539062,1.3636751174926758,1,20.748659133911133,20.5211238861084,0.22753524780273438,1
random_004,20,25,"3.750,37.500,0.938","13.125,23.750,0.312",11.9268159866333,12.500932693481445,0.5741167068481445,1,21.85466194152832,22.65451431274414,0.7998523712158203,1
random_004,20,26,"3.750,37.500,0.938","1.250,1.250,0.312",19.815826416015625,21.609140396118164,1.793313980102539,1,37.68592071533203,34.456504821777344,3.2294158935546875,1
random_004,20,27,"3.750,37.500,0.938","36.250,25.000,0.312",17.930248260498047,18.772314071655273,0.8420658111572266,1,28.543142318725586,30.122529983520508,1.5793876647949219,1
random_004,20,28,"3.750,37.500,0.938","25.000,2.500,2.188",12.9489107131958,15.849778175354004,2.900867462158203,1,13.613982200622559,12.745000839233398,0.8689813613891602,1
random_004,20,29,"3.750,37.500,0.938","4.375,9.375,0.938",21.842884063720703,19.188892364501953,2.65399169921875,1,36.791385650634766,28.79402732849121,7.997358322143555,1
random_004,21,22,"24.375,6.875,1.562","22.500,3.750,1.562",6.010040283203125,4.914335250854492,1.0957050323486328,1,9.171798706054688,10.303890228271484,1.1320915222167969,1
random_004,21,23,"24.375,6.875,1.562","25.625,3.750,0.938",5.451730728149414,4.937605857849121,0.514124870300293,1,7.844250679016113,8.280817985534668,0.4365673065185547,1
random_004,21,24,"24.375,6.875,1.562","35.625,28.750,0.312",19.284517288208008,14.312143325805664,4.972373962402344,1,26.20033836364746,31.798648834228516,5.598310470581055,1
random_004,21,25,"24.375,6.875,1.562","13.125,23.750,0.312",18.782819747924805,21.34061050415039,2.557790756225586,1,48.14472579956055,46.01149368286133,2.1332321166992188,1
random_004,21,26,"24.375,6.875,1.562","1.250,1.250,0.312",14.282812118530273,16.09087371826172,1.8080615997314453,1,20.03718376159668,20.600055694580078,0.5628719329833984,1
random_004,21,27,"24.375,6.875,1.562","36.250,25.000,0.312",17.154653549194336,12.303702354431152,4.850951194763184,1,30.661285400390625,30.711463928222656,0.05017852783203125,1
random_004,21,28,"24.375,6.875,1.562","25.000,2.500,2.188",5.935189247131348,5.471724510192871,0.46346473693847656,1,8.943561553955078,9.748629570007324,0.8050680160522461,1
random_004,21,29,"24.375,6.875,1.562","4.375,9.375,0.938",11.73248291015625,11.462404251098633,0.2700786590576172,1,19.776893615722656,18.03474998474121,1.7421436309814453,1
random_004,22,23,"22.500,3.750,1.562","25.625,3.750,0.938",4.440488815307617,5.279301643371582,0.8388128280639648,1,5.801656246185303,5.923255920410156,0.12159967422485352,1
random_004,22,24,"22.500,3.750,1.562","35.625,28.750,0.312",20.080411911010742,17.184040069580078,2.896371841430664,1,20.430891036987305,22.6806640625,2.2497730255126953,1
random_004,22,25,"22.500,3.750,1.562","13.125,23.750,0.312",18.445518493652344,19.585498809814453,1.1399803161621094,1,25.4737606048584,24.626249313354492,0.8475112915039062,1
random_004,22,26,"22.500,3.750,1.562","1.250,1.250,0.312",12.563992500305176,10.74645709991455,1.817535400390625,1,16.333803176879883,17.193283081054688,0.8594799041748047,1
random_004,22,27,"22.500,3.750,1.562","36.250,25.000,0.312",18.613571166992188,16.0949764251709,2.518594741821289,1,30.378833770751953,26.569684982299805,3.8091487884521484,1
random_004,22,28,"22.500,3.750,1.562","25.000,2.500,2.188",4.304834365844727,5.132859230041504,0.8280248641967773,1,5.572259426116943,5.799014568328857,0.22675514221191406,1
random_004,22,29,"22.500,3.750,1.562","4.375,9.375,0.938",14.37639045715332,13.680436134338379,0.6959543228149414,1,16.979642868041992,16.40506362915039,0.5745792388916016,1
random_004,23,24,"25.625,3.750,0.938","35.625,28.750,0.312",20.86767578125,14.675877571105957,6.191798210144043,1,22.80722999572754,20.866361618041992,1.9408683776855469,1
random_004,23,25,"25.625,3.750,0.938","13.125,23.750,0.312",19.144723892211914,16.919137954711914,2.2255859375,1,27.075685501098633,30.179954528808594,3.104269027709961,1
random_004,23,26,"25.625,3.750,0.938","1.250,1.250,0.312",12.803610801696777,11.064746856689453,1.7388639450073242,1,16.561660766601562,15.990102767944336,0.5715579986572266,1
random_004,23,27,"25.625,3.750,0.938","36.250,25.000,0.312",18.487306594848633,13.003758430480957,5.483548164367676,1,24.057573318481445,24.14671516418457,0.089141845703125,1
random_004,23,28,"25.625,3.750,0.938","25.000,2.500,2.188",1.1802997589111328,4.586604118347168,3.406304359436035,1,4.133619785308838,4.011190414428711,0.12242937088012695,1
random_004,23,29,"25.625,3.750,0.938","4.375,9.375,0.938",14.083822250366211,13.815400123596191,0.26842212677001953,1,17.779525756835938,17.768699645996094,0.01082611083984375,1
random_004,24,25,"35.625,28.750,0.312","13.125,23.750,0.312",20.98694610595703,14.035545349121094,6.9514007568359375,1,31.655080795288086,34.11531448364258,2.460233688354492,1
random_004,24,26,"35.625,28.750,0.312","1.250,1.250,0.312",18.108768463134766,19.88445472717285,1.775686264038086,1,22.339832305908203,23.11225128173828,0.7724189758300781,1
random_004,24,27,"35.625,28.750,0.312","36.250,25.000,0.312",7.149567604064941,5.818510055541992,1.3310575485229492,1,11.971779823303223,11.580619812011719,0.3911600112915039,1
random_004,24,28,"35.625,28.750,0.312","25.000,2.500,2.188",15.284947395324707,21.150707244873047,5.86575984954834,1,17.511140823364258,18.338573455810547,0.8274326324462891,1
random_004,24,29,"35.625,28.750,0.312","4.375,9.375,0.938",20.445688247680664,21.819366455078125,1.373678207397461,1,28.317480087280273,27.96005630493164,0.3574237823486328,1
random_004,25,26,"13.125,23.750,0.312","1.250,1.250,0.312",14.775506973266602,15.129981994628906,0.3544750213623047,1,24.32276153564453,24.115888595581055,0.20687294006347656,1
random_004,25,27,"13.125,23.750,0.312","36.250,25.000,0.312",16.138729095458984,23.266233444213867,7.127504348754883,1,27.102636337280273,27.456594467163086,0.3539581298828125,1
random_004,25,28,"13.125,23.750,0.312","25.000,2.500,2.188",17.795299530029297,19.446557998657227,1.6512584686279297,1,26.652475357055664,24.51049041748047,2.1419849395751953,1
random_004,25,29,"13.125,23.750,0.312","4.375,9.375,0.938",16.198436737060547,13.204370498657227,2.9940662384033203,1,20.50190544128418,21.697120666503906,1.1952152252197266,1
random_004,26,27,"1.250,1.250,0.312","36.250,25.000,0.312",17.778837203979492,18.183486938476562,0.4046497344970703,1,20.642292022705078,21.021316528320312,0.3790245056152344,1
random_004,26,28,"1.250,1.250,0.312","25.000,2.500,2.188",11.2123441696167,12.653185844421387,1.4408416748046875,1,18.47199249267578,16.00284767150879,2.469144821166992,1
random_004,26,29,"1.250,1.250,0.312","4.375,9.375,0.938",10.454185485839844,8.415096282958984,2.0390892028808594,1,9.927984237670898,9.372766494750977,0.5552177429199219,1
random_004,27,28,"36.250,25.000,0.312","25.000,2.500,2.188",13.205337524414062,18.73076057434082,5.525423049926758,1,20.666839599609375,22.70844078063965,2.0416011810302734,1
random_004,27,29,"36.250,25.000,0.312","4.375,9.375,0.938",19.222335815429688,19.809228897094727,0.5868930816650391,1,25.875791549682617,22.796640396118164,3.079151153564453,1
random_004,28,29,"25.000,2.500,2.188","4.375,9.375,0.938",14.142290115356445,13.101490020751953,1.0408000946044922,1,19.163480758666992,18.263715744018555,0.8997650146484375,1
random_005,0,1,"7.500,10.000,0.312","29.375,17.500,0.312",18.417695999145508,11.736905097961426,6.680790901184082,1,31.252452850341797,35.002071380615234,3.7496185302734375,1
random_005,0,2,"7.500,10.000,0.312","35.625,10.000,1.562",26.063682556152344,16.237369537353516,9.826313018798828,1,33.147247314453125,32.32634353637695,0.8209037780761719,1
random_005,0,3,"7.500,10.000,0.312","28.750,12.500,0.938",23.482481002807617,11.156776428222656,12.325704574584961,1,41.26841735839844,39.21501159667969,2.05340576171875,1
random_005,0,4,"7.500,10.000,0.312","1.875,18.125,1.562",13.209882736206055,10.215780258178711,2.9941024780273438,1,18.445209503173828,20.073833465576172,1.6286239624023438,1
random_005,0,5,"7.500,10.000,0.312","15.000,3.125,0.312",11.057373046875,11.751092910766602,0.6937198638916016,1,19.067291259765625,19.577510833740234,0.5102195739746094,1
random_005,0,6,"7.500,10.000,0.312","37.500,37.500,0.312",20.4340877532959,14.99165153503418,5.442436218261719,1,23.405576705932617,24.54656219482422,1.1409854888916016,1
random_005,0,7,"7.500,10.000,0.312","15.000,11.250,1.562",9.989309310913086,9.242828369140625,0.7464809417724609,1,20.597414016723633,20.14092254638672,0.45649147033691406,1
random_005,0,8,"7.500,10.000,0.312","27.500,16.875,0.938",18.561452865600586,11.871450424194336,6.69000244140625,1,34.95065689086914,34.56413269042969,0.3865242004394531,1
random_005,0,9,"7.500,10.000,0.312","1.250,36.875,0.312",12.898619651794434,8.11606216430664,4.782557487487793,1,32.63780975341797,28.553363800048828,4.084445953369141,1
random_005,0,10,"7.500,10.000,0.312","28.750,3.125,1.562",13.943963050842285,13.684155464172363,0.2598075866699219,1,26.82364273071289,25.18900489807129,1.6346378326416016,1
random_005,0,11,"7.500,10.000,0.312","19.375,14.375,2.188",15.1691312789917,11.577625274658203,3.591506004333496,1,26.790592193603516,26.48417854309082,0.3064136505126953,1
random_005,0,12,"7.500,10.000,0.312","15.625,21.250,0.312",15.00922679901123,13.512361526489258,1.4968652725219727,1,29.7346248626709,27.8342227935791,1.9004020690917969,1
random_005,0,13,"7.500,10.000,0.312","32.500,37.500,0.938",18.186294555664062,13.127663612365723,5.05863094329834,1,29.43720245361328,30.005565643310547,0.5683631896972656,1
random_005,0,14,"7.500,10.000,0.312","30.000,18.125,0.938",18.341480255126953,14.388398170471191,3.9530820846557617,1,34.704227447509766,31.75897216796875,2.9452552795410156,1
random_005,0,15,"7.500,10.000,0.312","31.875,28.125,2.188",24.20766830444336,13.847121238708496,10.360547065734863,1,36.6201171875,36.860992431640625,0.240875244140625,1
random_005,0,16,"7.500,10.000,0.312","31.250,2.500,0.312",14.05029582977295,14.08626937866211,0.035973548889160156,1,24.989601135253906,27.089187622070312,2.0995864868164062,1
random_005,0,17,"7.500,10.000,0.312","20.625,11.250,1.562",14.150274276733398,11.322929382324219,2.8273448944091797,1,28.386165618896484,27.203189849853516,1.1829757690429688,1
random_005,0,18,"7.500,10.000,0.312","18.750,27.500,0.312",14.406310081481934,13.06672191619873,1.3395881652832031,1,32.64360809326172,31.727252960205078,0.9163551330566406,1
random_005,0,19,"7.500,10.000,0.312","3.125,11.250,0.312",6.297651290893555,4.991457939147949,1.3061933517456055,1,12.567051887512207,12.189115524291992,0.37793636322021484,1
random_005,0,20,"7.500,10.000,0.312","1.250,33.125,1.562",13.268387794494629,8.497830390930176,4.770557403564453,1,30.37917709350586,23.714635848999023,6.664541244506836,1
random_005,0,21,"7.500,10.000,0.312","33.125,30.625,0.938",22.007795333862305,13.89268970489502,8.115105628967285,1,30.191673278808594,31.033470153808594,0.841796875,1
random_005,0,22,"7.500,10.000,0.312","11.875,36.250,2.188",9.961282730102539,11.130989074707031,1.1697063446044922,1,20.751148223876953,19.399667739868164,1.351480484008789,1
random_005,0,23,"7.500,10.000,0.312","23.125,30.625,0.938",15.091971397399902,11.945145606994629,3.1468257904052734,1,31.860010147094727,31.34851837158203,0.5114917755126953,1
random_005,0,24,"7.500,10.000,0.312","13.750,36.250,2.188",9.420928955078125,11.074012756347656,1.6530838012695312,1,22.983356475830078,27.107709884643555,4.124353408813477,1
random_005,0,25,"7.500,10.000,0.312","26.875,32.500,0.312",15.141468048095703,12.42908763885498,2.7123804092407227,1,35.118499755859375,33.55961608886719,1.5588836669921875,1
random_005,0,26,"7.500,10.000,0.312","35.625,16.250,0.938",15.401615142822266,11.341777801513672,4.059837341308594,1,26.763025283813477,26.929367065429688,0.16634178161621094,1
random_005,0,27,"7.500,10.000,0.312","3.125,37.500,2.188",11.327741622924805,8.898890495300293,2.4288511276245117,1,31.70151710510254,27.140472412109375,4.561044692993164,1
random_005,0,28,"7.500,10.000,0.312","21.250,24.375,0.938",16.615697860717773,13.667086601257324,2.948611259460449,1,33.259681701660156,34.88408279418945,1.6244010925292969,1
random_005,0,29,"7.500,10.000,0.312","16.250,29.375,0.938",17.13922691345215,14.465102195739746,2.6741247177124023,1,34.01472091674805,28.8070011138916,5.207719802856445,1
random_005,1,2,"29.375,17.500,0.312","35.625,10.000,1.562",10.582752227783203,11.00706672668457,0.4243144989013672,1,19.67897605895996,20.952333450317383,1.2733573913574219,1
random_005,1,3,"29.375,17.500,0.312","28.750,12.500,0.938",6.27811336517334,6.432184219360352,0.15407085418701172,1,12.741739273071289,13.372063636779785,0.6303243637084961,1
random_005,1,4,"29.375,17.500,0.312","1.875,18.125,1.562",11.013704299926758,12.85775375366211,1.8440494537353516,1,30.647611618041992,31.812015533447266,1.1644039154052734,1
random_005,1,5,"29.375,17.500,0.312","15.000,3.125,0.312",20.485124588012695,24.19232940673828,3.707204818725586,1,33.64902877807617,35.665225982666016,2.0161972045898438,1
random_005,1,6,"29.375,17.500,0.312","37.500,37.500,0.312",22.312084197998047,23.136062622070312,0.8239784240722656,1,31.229000091552734,30.850746154785156,0.3782539367675781,1
random_005,1,7,"29.375,17.500,0.312","15.000,11.250,1.562",10.45748233795166,14.399715423583984,3.942233085632324,1,28.195144653320312,28.241037368774414,0.04589271545410156,1
random_005,1,8,"29.375,17.500,0.312","27.500,16.875,0.938",2.7153282165527344,3.760772705078125,1.0454444885253906,1,8.172823905944824,7.494900226593018,0.6779236793518066,1
random_005,1,9,"29.375,17.500,0.312","1.250,36.875,0.312",14.651297569274902,16.33211898803711,1.680821418762207,1,28.190471649169922,30.79615020751953,2.6056785583496094,1
random_005,1,10,"29.375,17.500,0.312","28.750,3.125,1.562",15.32890510559082,14.386629104614258,0.9422760009765625,1,16.224267959594727,15.362005233764648,0.8622627258300781,1
random_005,1,11,"29.375,17.500,0.312","19.375,14.375,2.188",10.364850997924805,12.138625144958496,1.7737741470336914,1,20.596145629882812,23.489717483520508,2.8935718536376953,1
random_005,1,12,"29.375,17.500,0.312","15.625,21.250,0.312",9.984319686889648,13.587051391601562,3.602731704711914,1,25.401031494140625,27.34275245666504,1.941720962524414,1
random_005,1,13,"29.375,17.500,0.312","32.500,37.500,0.938",21.081472396850586,20.535686492919922,0.5457859039306641,1,29.423694610595703,31.468521118164062,2.0448265075683594,1
random_005,1,14,"29.375,17.500,0.312","30.000,18.125,0.938",3.1392173767089844,3.1004886627197266,0.03872871398925781,1,3.5847604274749756,3.881988286972046,0.2972278594970703,1
random_005,1,15,"29.375,17.500,0.312","31.875,28.125,2.188",14.512292861938477,11.452548027038574,3.0597448348999023,1,25.2810115814209,23.650676727294922,1.6303348541259766,1
random_005,1,16,"29.375,17.500,0.312","31.250,2.500,0.312",14.889180183410645,14.490894317626953,0.3982858657836914,1,20.319446563720703,20.896141052246094,0.5766944885253906,1
random_005,1,17,"29.375,17.500,0.312","20.625,11.250,1.562",10.409170150756836,11.17474365234375,0.7655735015869141,1,22.237703323364258,21.608510971069336,0.6291923522949219,1
random_005,1,18,"29.375,17.500,0.312","18.750,27.500,0.312",10.411888122558594,13.654000282287598,3.242112159729004,1,30.64535140991211,30.163454055786133,0.48189735412597656,1
random_005,1,19,"29.375,17.500,0.312","3.125,11.250,0.312",16.239662170410156,16.99235725402832,0.7526950836181641,1,39.37470626831055,37.98622131347656,1.3884849548339844,1
random_005,1,20,"29.375,17.500,0.312","1.250,33.125,1.562",14.65141487121582,18.760042190551758,4.1086273193359375,1,33.67186737060547,33.755882263183594,0.084014892578125,1
random_005,1,21,"29.375,17.500,0.312","33.125,30.625,0.938",15.323902130126953,15.471285820007324,0.1473836898803711,1,28.223451614379883,23.44125747680664,4.782194137573242,1
random_005,1,22,"29.375,17.500,0.312","11.875,36.250,2.188",10.681415557861328,17.333091735839844,6.651676177978516,1,30.011579513549805,31.883159637451172,1.8715801239013672,1
random_005,1,23,"29.375,17.500,0.312","23.125,30.625,0.938",12.591466903686523,14.839057922363281,2.247591018676758,1,27.92681884765625,27.150043487548828,0.7767753601074219,1
random_005,1,24,"29.375,17.500,0.312","13.750,36.250,2.188",15.8829984664917,19.996557235717773,4.113558769226074,1,39.78878402709961,40.79628372192383,1.0074996948242188,1
random_005,1,25,"29.375,17.500,0.312","26.875,32.500,0.312",14.997343063354492,17.30361557006836,2.306272506713867,1,20.194875717163086,25.18817710876465,4.9933013916015625,1
random_005,1,26,"29.375,17.500,0.312","35.625,16.250,0.938",9.156004905700684,8.328506469726562,0.8274984359741211,1,17.193744659423828,16.596900939941406,0.5968437194824219,1
random_005,1,27,"29.375,17.500,0.312","3.125,37.500,2.188",16.807342529296875,20.346240997314453,3.538898468017578,1,31.013574600219727,30.843505859375,0.17006874084472656,1
random_005,1,28,"29.375,17.500,0.312","21.250,24.375,0.938",10.372915267944336,11.92919921875,1.556283950805664,1,25.83861541748047,24.368968963623047,1.4696464538574219,1
random_005,1,29,"29.375,17.500,0.312","16.250,29.375,0.938",10.233014106750488,14.413863182067871,4.180849075317383,1,30.4300594329834,31.856748580932617,1.4266891479492188,1
random_005,2,3,"35.625,10.000,1.562","28.750,12.500,0.938",8.618886947631836,9.725639343261719,1.1067523956298828,1,15.900154113769531,15.174144744873047,0.7260093688964844,1
random_005,2,4,"35.625,10.000,1.562","1.875,18.125,1.562",20.28746223449707,20.547752380371094,0.26029014587402344,1,28.73512077331543,30.81546401977539,2.080343246459961,1
random_005,2,5,"35.625,10.000,1.562","15.000,3.125,0.312",16.800790786743164,26.210203170776367,9.409412384033203,1,37.078704833984375,37.49665451049805,0.4179496765136719,1
random_005,2,6,"35.625,10.000,1.562","37.500,37.500,0.312",17.532991409301758,17.177913665771484,0.35507774353027344,1,31.986051559448242,28.950883865356445,3.035167694091797,1
random_005,2,7,"35.625,10.000,1.562","15.000,11.250,1.562",19.454669952392578,23.61427879333496,4.159608840942383,1,29.725448608398438,28.278852462768555,1.4465961456298828,1
random_005,2,8,"35.625,10.000,1.562","27.500,16.875,0.938",10.984599113464355,10.99482536315918,0.010226249694824219,1,21.884584426879883,21.08696174621582,0.7976226806640625,1
random_005,2,9,"35.625,10.000,1.562","1.250,36.875,0.312",12.503798484802246,15.232166290283203,2.728367805480957,1,21.821075439453125,24.33631706237793,2.5152416229248047,1
random_005,2,10,"35.625,10.000,1.562","28.750,3.125,1.562",10.447212219238281,13.948942184448242,3.501729965209961,1,21.4632625579834,22.6961669921875,1.2329044342041016,1
random_005,2,11,"35.625,10.000,1.562","19.375,14.375,2.188",20.025646209716797,18.182374954223633,1.843271255493164,1,24.74270248413086,25.768024444580078,1.0253219604492188,1
random_005,2,12,"35.625,10.000,1.562","15.625,21.250,0.312",14.929237365722656,20.567142486572266,5.637905120849609,1,36.81708908081055,38.43442153930664,1.6173324584960938,1
random_005,2,13,"35.625,10.000,1.562","32.500,37.500,0.938",18.121623992919922,18.66262435913086,0.5410003662109375,1,32.588558197021484,34.539180755615234,1.95062255859375,1
random_005,2,14,"35.625,10.000,1.562","30.000,18.125,0.938",10.75888442993164,10.297224044799805,0.46166038513183594,1,16.896142959594727,16.184234619140625,0.7119083404541016,1
random_005,2,15,"35.625,10.000,1.562","31.875,28.125,2.188",17.386598587036133,11.324808120727539,6.061790466308594,1,24.030019760131836,28.503780364990234,4.473760604858398,1
random_005,2,16,"35.625,10.000,1.562","31.250,2.500,0.312",9.497835159301758,10.659093856811523,1.1612586975097656,1,16.383785247802734,15.558274269104004,0.8255109786987305,1
random_005,2,17,"35.625,10.000,1.562","20.625,11.250,1.562",19.49586296081543,17.982446670532227,1.5134162902832031,1,28.67246437072754,23.88870620727539,4.783758163452148,1
random_005,2,18,"35.625,10.000,1.562","18.750,27.500,0.312",11.573918342590332,13.702484130859375,2.128565788269043,1,24.25628089904785,28.302947998046875,4.046667098999023,1
random_005,2,19,"35.625,10.000,1.562","3.125,11.250,0.312",19.23505401611328,23.785720825195312,4.550666809082031,1,38.84120178222656,43.723838806152344,4.882637023925781,1
random_005,2,20,"35.625,10.000,1.562","1.250,33.125,1.562",10.575308799743652,13.962225914001465,3.3869171142578125,1,22.09824562072754,21.90880584716797,0.1894397735595703,1
random_005,2,21,"35.625,10.000,1.562","33.125,30.625,0.938",14.333325386047363,13.338847160339355,0.9944782257080078,1,21.269861221313477,25.99943733215332,4.729576110839844,1
random_005,2,22,"35.625,10.000,1.562","11.875,36.250,2.188",9.207456588745117,14.441946983337402,5.234490394592285,1,22.068857192993164,23.790706634521484,1.7218494415283203,1
random_005,2,23,"35.625,10.000,1.562","23.125,30.625,0.938",15.980058670043945,16.301227569580078,0.3211688995361328,1,30.19363021850586,31.886489868164062,1.6928596496582031,1
random_005,2,24,"35.625,10.000,1.562","13.750,36.250,2.188",11.813939094543457,17.295373916625977,5.4814348220825195,1,26.794490814208984,30.38985252380371,3.5953617095947266,1
random_005,2,25,"35.625,10.000,1.562","26.875,32.500,0.312",17.02553939819336,18.72928237915039,1.7037429809570312,1,29.241817474365234,29.1469669342041,0.09485054016113281,1
random_005,2,26,"35.625,10.000,1.562","35.625,16.250,0.938",7.818102836608887,7.279801368713379,0.5383014678955078,1,12.776378631591797,12.981160163879395,0.20478153228759766,1
random_005,2,27,"35.625,10.000,1.562","3.125,37.500,2.188",13.65101432800293,17.605892181396484,3.9548778533935547,1,21.144872665405273,21.037710189819336,0.1071624755859375,1
random_005,2,28,"35.625,10.000,1.562","21.250,24.375,0.938",12.954243659973145,13.398778915405273,0.4445352554321289,1,25.63844871520996,29.37133026123047,3.732881546020508,1
random_005,2,29,"35.625,10.000,1.562","16.250,29.375,0.938",10.780470848083496,14.115293502807617,3.334822654724121,1,26.374414443969727,31.192169189453125,4.817754745483398,1
random_005,3,4,"28.750,12.500,0.938","1.875,18.125,1.562",12.725971221923828,18.626211166381836,5.900239944458008,1,29.949432373046875,38.046077728271484,8.09664535522461,1
random_005,3,5,"28.750,12.500,0.938","15.000,3.125,0.312",18.151208877563477,26.838298797607422,8.687089920043945,1,42.17502212524414,41.351688385009766,0.823333740234375,1
random_005,3,6,"28.750,12.500,0.938","37.500,37.500,0.312",21.863571166992188,19.644262313842773,2.219308853149414,1,33.55883026123047,43.412601470947266,9.853771209716797,1
random_005,3,7,"28.750,12.500,0.938","15.000,11.250,1.562",10.233793258666992,15.908872604370117,5.675079345703125,1,28.601900100708008,27.4269962310791,1.1749038696289062,1
random_005,3,8,"28.750,12.500,0.938","27.500,16.875,0.938",6.041518211364746,5.748937606811523,0.29258060455322266,1,14.919404029846191,14.296207427978516,0.6231966018676758,1
random_005,3,9,"28.750,12.500,0.938","1.250,36.875,0.312",14.390396118164062,17.539947509765625,3.1495513916015625,1,29.52144432067871,27.66205406188965,1.8593902587890625,1
random_005,3,10,"28.750,12.500,0.938","28.750,3.125,1.562",11.107812881469727,9.455467224121094,1.6523456573486328,1,16.05630874633789,18.815202713012695,2.7588939666748047,1
random_005,3,11,"28.750,12.500,0.938","19.375,14.375,2.188",10.829475402832031,9.952347755432129,0.8771276473999023,1,23.237592697143555,24.668405532836914,1.4308128356933594,1
random_005,3,12,"28.750,12.500,0.938","15.625,21.250,0.312",12.250547409057617,15.019148826599121,2.768601417541504,1,38.41936111450195,25.98842430114746,12.430936813354492,1
random_005,3,13,"28.750,12.500,0.938","32.500,37.500,0.938",20.409561157226562,18.282320022583008,2.1272411346435547,1,29.045347213745117,28.76947021484375,0.2758769989013672,1
random_005,3,14,"28.750,12.500,0.938","30.000,18.125,0.938",7.487332820892334,6.964876174926758,0.5224566459655762,1,14.134265899658203,15.02253246307373,0.8882665634155273,1
random_005,3,15,"28.750,12.500,0.938","31.875,28.125,2.188",16.405115127563477,10.418893814086914,5.9862213134765625,1,42.8912467956543,24.369792938232422,18.521453857421875,1
random_005,3,16,"28.750,12.500,0.938","31.250,2.500,0.312",11.80459976196289,10.377979278564453,1.4266204833984375,1,16.10102653503418,16.6611270904541,0.5601005554199219,1
random_005,3,17,"28.750,12.500,0.938","20.625,11.250,1.562",8.56262493133545,8.964048385620117,0.40142345428466797,1,20.809144973754883,21.081830978393555,0.2726860046386719,1
random_005,3,18,"28.750,12.500,0.938","18.750,27.500,0.312",11.287440299987793,12.625972747802734,1.3385324478149414,1,30.610074996948242,30.208810806274414,0.4012641906738281,1
random_005,3,19,"28.750,12.500,0.938","3.125,11.250,0.312",12.384513854980469,23.575037002563477,11.190523147583008,1,35.91697692871094,39.255088806152344,3.3381118774414062,1
random_005,3,20,"28.750,12.500,0.938","1.250,33.125,1.562",13.764485359191895,18.216428756713867,4.451943397521973,1,28.369733810424805,29.073789596557617,0.7040557861328125,1
random_005,3,21,"28.750,12.500,0.938","33.125,30.625,0.938",16.288528442382812,13.875682830810547,2.4128456115722656,1,42.38481521606445,28.914554595947266,13.470260620117188,1
random_005,3,22,"28.750,12.500,0.938","11.875,36.250,2.188",9.01974868774414,14.029951095581055,5.010202407836914,1,30.71009063720703,29.05526351928711,1.6548271179199219,1
random_005,3,23,"28.750,12.500,0.938","23.125,30.625,0.938",13.451605796813965,12.545814514160156,0.9057912826538086,1,28.142894744873047,27.02035140991211,1.1225433349609375,1
random_005,3,24,"28.750,12.500,0.938","13.750,36.250,2.188",6.311776161193848,12.324505805969238,6.012729644775391,1,27.473920822143555,29.0953426361084,1.6214218139648438,1
random_005,3,25,"28.750,12.500,0.938","26.875,32.500,0.312",16.925474166870117,16.851390838623047,0.07408332824707031,1,28.01648712158203,27.48441505432129,0.5320720672607422,1
random_005,3,26,"28.750,12.500,0.938","35.625,16.250,0.938",9.532474517822266,9.315797805786133,0.2166767120361328,1,16.3908634185791,15.955992698669434,0.43487071990966797,1
random_005,3,27,"28.750,12.500,0.938","3.125,37.500,2.188",17.09853172302246,19.982057571411133,2.883525848388672,1,30.10443687438965,29.5601806640625,0.5442562103271484,1
random_005,3,28,"28.750,12.500,0.938","21.250,24.375,0.938",11.95122241973877,11.63809585571289,0.3131265640258789,1,29.980918884277344,31.1359920501709,1.1550731658935547,1
random_005,3,29,"28.750,12.500,0.938","16.250,29.375,0.938",11.125969886779785,13.317660331726074,2.191690444946289,1,32.416046142578125,34.26112747192383,1.8450813293457031,1
random_005,4,5,"1.875,18.125,1.562","15.000,3.125,0.312",13.460163116455078,19.892839431762695,6.432676315307617,1,27.128625869750977,26.77912712097168,0.3494987487792969,1
random_005,4,6,"1.875,18.125,1.562","37.500,37.500,0.312",18.7430419921875,16.956357955932617,1.7866840362548828,1,18.25700569152832,18.320898056030273,0.06389236450195312,1
random_005,4,7,"1.875,18.125,1.562","15.000,11.250,1.562",10.41160774230957,12.213536262512207,1.8019285202026367,1,17.665555953979492,18.808582305908203,1.143026351928711,1
random_005,4,8,"1.875,18.125,1.562","27.500,16.875,0.938",13.49923038482666,11.57011604309082,1.9291143417358398,1,34.1627197265625,31.42706871032715,2.7356510162353516,1
random_005,4,9,"1.875,18.125,1.562","1.250,36.875,0.312",9.558300018310547,8.875852584838867,0.6824474334716797,1,25.641925811767578,25.46504020690918,0.17688560485839844,1
random_005,4,10,"1.875,18.125,1.562","28.750,3.125,1.562",11.919344902038574,19.13326072692871,7.213915824890137,1,18.422870635986328,22.07689094543457,3.654020309448242,1
random_005,4,11,"1.875,18.125,1.562","19.375,14.375,2.188",11.334056854248047,11.067493438720703,0.26656341552734375,1,24.941829681396484,23.504676818847656,1.4371528625488281,1
random_005,4,12,"1.875,18.125,1.562","15.625,21.250,0.312",11.211854934692383,10.785286903381348,0.42656803131103516,1,24.802358627319336,22.975814819335938,1.8265438079833984,1
random_005,4,13,"1.875,18.125,1.562","32.500,37.500,0.938",16.02090072631836,14.447410583496094,1.5734901428222656,1,21.39235496520996,21.58987045288086,0.19751548767089844,1
random_005,4,14,"1.875,18.125,1.562","30.000,18.125,0.938",12.494107246398926,10.434932708740234,2.0591745376586914,1,31.062301635742188,28.469297409057617,2.5930042266845703,1
random_005,4,15,"1.875,18.125,1.562","31.875,28.125,2.188",11.123997688293457,9.285416603088379,1.8385810852050781,1,25.52132225036621,24.404598236083984,1.1167240142822266,1
random_005,4,16,"1.875,18.125,1.562","31.250,2.500,0.312",14.39683723449707,21.710710525512695,7.313873291015625,1,19.925992965698242,21.050020217895508,1.1240272521972656,1
random_005,4,17,"1.875,18.125,1.562","20.625,11.250,1.562",12.179093360900879,12.251518249511719,0.07242488861083984,1,27.37747573852539,24.908891677856445,2.4685840606689453,1
random_005,4,18,"1.875,18.125,1.562","18.750,27.500,0.312",19.327396392822266,16.27103042602539,3.056365966796875,1,29.09790802001953,31.910053253173828,2.812145233154297,1
random_005,4,19,"1.875,18.125,1.562","3.125,11.250,0.312",6.290872573852539,8.099048614501953,1.808176040649414,1,13.23996639251709,14.504975318908691,1.2650089263916016,1
random_005,4,20,"1.875,18.125,1.562","1.250,33.125,1.562",9.191007614135742,8.27566909790039,0.9153385162353516,1,17.903663635253906,17.21923065185547,0.6844329833984375,1
random_005,4,21,"1.875,18.125,1.562","33.125,30.625,0.938",12.118816375732422,10.686637878417969,1.4321784973144531,1,25.025999069213867,25.628009796142578,0.6020107269287109,1
random_005,4,22,"1.875,18.125,1.562","11.875,36.250,2.188",9.049907684326172,12.034337043762207,2.984429359436035,1,18.856372833251953,23.453678131103516,4.5973052978515625,1
random_005,4,23,"1.875,18.125,1.562","23.125,30.625,0.938",15.770301818847656,15.520835876464844,0.2494659423828125,1,26.18289566040039,23.659160614013672,2.5237350463867188,1
random_005,4,24,"1.875,18.125,1.562","13.750,36.250,2.188",8.163503646850586,12.42268180847168,4.259178161621094,1,16.3497371673584,18.206092834472656,1.8563556671142578,1
random_005,4,25,"1.875,18.125,1.562","26.875,32.500,0.312",16.078678131103516,16.687644958496094,0.6089668273925781,1,26.338882446289062,24.463693618774414,1.8751888275146484,1
random_005,4,26,"1.875,18.125,1.562","35.625,16.250,0.938",11.667223930358887,10.934650421142578,0.7325735092163086,1,26.571949005126953,26.28646469116211,0.28548431396484375,1
random_005,4,27,"1.875,18.125,1.562","3.125,37.500,2.188",8.857328414916992,9.091415405273438,0.2340869903564453,1,23.757354736328125,22.540794372558594,1.2165603637695312,1
random_005,4,28,"1.875,18.125,1.562","21.250,24.375,0.938",13.351842880249023,11.376147270202637,1.9756956100463867,1,32.73274612426758,29.590599060058594,3.1421470642089844,1
random_005,4,29,"1.875,18.125,1.562","16.250,29.375,0.938",10.910341262817383,12.496892929077148,1.5865516662597656,1,19.430984497070312,19.37632942199707,0.05465507507324219,1
random_005,5,6,"15.000,3.125,0.312","37.500,37.500,0.312",22.51089859008789,15.339534759521484,7.171363830566406,1,32.45899200439453,31.019357681274414,1.4396343231201172,1
random_005,5,7,"15.000,3.125,0.312","15.000,11.250,1.562",9.313092231750488,7.918081760406494,1.3950104713439941,1,17.068279266357422,17.31654930114746,0.24827003479003906,1
random_005,5,8,"15.000,3.125,0.312","27.500,16.875,0.938",21.591848373413086,14.909032821655273,6.6828155517578125,1,34.16536331176758,34.4356803894043,0.27031707763671875,1
random_005,5,9,"15.000,3.125,0.312","1.250,36.875,0.312",12.330869674682617,10.25193977355957,2.078929901123047,1,22.635326385498047,20.577091217041016,2.0582351684570312,1
random_005,5,10,"15.000,3.125,0.312","28.750,3.125,1.562",13.546273231506348,11.788779258728027,1.7574939727783203,1,20.349475860595703,18.966941833496094,1.3825340270996094,1
random_005,5,11,"15.000,3.125,0.312","19.375,14.375,2.188",12.424564361572266,9.118278503417969,3.306285858154297,1,21.942041397094727,21.27277374267578,0.6692676544189453,1
random_005,5,12,"15.000,3.125,0.312","15.625,21.250,0.312",13.08549690246582,10.47000503540039,2.6154918670654297,1,24.477062225341797,27.247238159179688,2.7701759338378906,1
random_005,5,13,"15.000,3.125,0.312","32.500,37.500,0.938",21.13370132446289,12.18742561340332,8.94627571105957,1,30.754188537597656,33.8321533203125,3.0779647827148438,1
random_005,5,14,"15.000,3.125,0.312","30.000,18.125,0.938",24.631935119628906,20.38194465637207,4.249990463256836,1,39.21826934814453,33.052276611328125,6.165992736816406,1
random_005,5,15,"15.000,3.125,0.312","31.875,28.125,2.188",29.249547958374023,17.611751556396484,11.637796401977539,1,41.77677917480469,40.73978042602539,1.0369987487792969,1
random_005,5,16,"15.000,3.125,0.312","31.250,2.500,0.312",14.402341842651367,12.336932182312012,2.0654096603393555,1,21.859176635742188,20.80261993408203,1.0565567016601562,1
random_005,5,17,"15.000,3.125,0.312","20.625,11.250,1.562",12.69140625,10.549507141113281,2.1418991088867188,1,24.990768432617188,25.152599334716797,0.16183090209960938,1
random_005,5,18,"15.000,3.125,0.312","18.750,27.500,0.312",12.971256256103516,9.491434097290039,3.4798221588134766,1,25.395933151245117,26.935279846191406,1.539346694946289,1
random_005,5,19,"15.000,3.125,0.312","3.125,11.250,0.312",13.935833930969238,9.950069427490234,3.985764503479004,1,17.219051361083984,15.857975959777832,1.3610754013061523,1
random_005,5,20,"15.000,3.125,0.312","1.250,33.125,1.562",13.553942680358887,10.523993492126465,3.029949188232422,1,25.090925216674805,22.120773315429688,2.970151901245117,1
random_005,5,21,"15.000,3.125,0.312","33.125,30.625,0.938",25.133155822753906,15.063409805297852,10.069746017456055,1,38.464542388916016,35.199241638183594,3.265300750732422,1
random_005,5,22,"15.000,3.125,0.312","11.875,36.250,2.188",9.59079360961914,9.893808364868164,0.30301475524902344,1,23.427648544311523,24.238849639892578,0.8112010955810547,1
random_005,5,23,"15.000,3.125,0.312","23.125,30.625,0.938",12.340354919433594,8.338909149169922,4.001445770263672,1,28.090469360351562,27.717449188232422,0.3730201721191406,1
random_005,5,24,"15.000,3.125,0.312","13.750,36.250,2.188",8.875371932983398,9.501299858093262,0.6259279251098633,1,25.15949058532715,26.389480590820312,1.229990005493164,1
random_005,5,25,"15.000,3.125,0.312","26.875,32.500,0.312",16.92935562133789,10.497772216796875,6.431583404541016,1,30.93443489074707,31.51862144470215,0.5841865539550781,1
random_005,5,26,"15.000,3.125,0.312","35.625,16.250,0.938",28.654159545898438,21.064598083496094,7.589561462402344,1,37.23660659790039,34.834781646728516,2.401824951171875,1
random_005,5,27,"15.000,3.125,0.312","3.125,37.500,2.188",11.225515365600586,10.136343002319336,1.08917236328125,1,20.73573112487793,20.832420349121094,0.09668922424316406,1
random_005,5,28,"15.000,3.125,0.312","21.250,24.375,0.938",15.156954765319824,9.810911178588867,5.346043586730957,1,30.45655632019043,29.355012893676758,1.1015434265136719,1
random_005,5,29,"15.000,3.125,0.312","16.250,29.375,0.938",12.194393157958984,8.94434928894043,3.2500438690185547,1,23.156085968017578,23.411588668823242,0.25550270080566406,1
random_005,6,7,"37.500,37.500,0.312","15.000,11.250,1.562",17.111265182495117,23.20401382446289,6.092748641967773,1,35.86730194091797,39.005088806152344,3.137786865234375,1
random_005,6,8,"37.500,37.500,0.312","27.500,16.875,0.938",21.3045654296875,22.529441833496094,1.2248764038085938,1,39.81813049316406,36.70481872558594,3.113311767578125,1
random_005,6,9,"37.500,37.500,0.312","1.250,36.875,0.312",11.0460786819458,11.890165328979492,0.8440866470336914,1,24.069196701049805,23.272125244140625,0.7970714569091797,1
random_005,6,10,"37.500,37.500,0.312","28.750,3.125,1.562",15.824018478393555,20.17378044128418,4.349761962890625,1,27.25681495666504,30.47624969482422,3.2194347381591797,1
random_005,6,11,"37.500,37.500,0.312","19.375,14.375,2.188",21.042776107788086,22.958580017089844,1.9158039093017578,1,44.5926628112793,41.61626052856445,2.9764022827148438,1
random_005,6,12,"37.500,37.500,0.312","15.625,21.250,0.312",16.285158157348633,18.394428253173828,2.1092700958251953,1,28.2647705078125,31.79584312438965,3.5310726165771484,1
random_005,6,13,"37.500,37.500,0.312","32.500,37.500,0.938",5.938138961791992,5.741588592529297,0.1965503692626953,1,8.294861793518066,8.68377685546875,0.3889150619506836,1
random_005,6,14,"37.500,37.500,0.312","30.000,18.125,0.938",24.766496658325195,22.45356559753418,2.3129310607910156,1,31.90818214416504,32.58606719970703,0.6778850555419922,1
random_005,6,15,"37.500,37.500,0.312","31.875,28.125,2.188",12.801616668701172,10.637077331542969,2.164539337158203,1,15.981953620910645,15.221860885620117,0.7600927352905273,1
random_005,6,16,"37.500,37.500,0.312","31.250,2.500,0.312",15.572154998779297,19.470354080200195,3.8981990814208984,1,33.32523727416992,27.13920021057129,6.186037063598633,1
random_005,6,17,"37.500,37.500,0.312","20.625,11.250,1.562",20.7189998626709,25.73663330078125,5.017633438110352,1,38.294349670410156,37.237403869628906,1.05694580078125,1
random_005,6,18,"37.500,37.500,0.312","18.750,27.500,0.312",15.291372299194336,15.823315620422363,0.5319433212280273,1,26.14034080505371,25.84651756286621,0.2938232421875,1
random_005,6,19,"37.500,37.500,0.312","3.125,11.250,0.312",14.00926685333252,16.91200828552246,2.9027414321899414,1,18.121440887451172,18.928606033325195,0.8071651458740234,1
random_005,6,20,"37.500,37.500,0.312","1.250,33.125,1.562",10.801939964294434,14.526872634887695,3.7249326705932617,1,24.189722061157227,19.678016662597656,4.51170539855957,1
random_005,6,21,"37.500,37.500,0.312","33.125,30.625,0.938",9.797737121582031,8.633657455444336,1.1640796661376953,1,15.47210693359375,14.961237907409668,0.510869026184082,1
random_005,6,22,"37.500,37.500,0.312","11.875,36.250,2.188",9.426427841186523,11.091949462890625,1.6655216217041016,1,14.12677001953125,15.36815357208252,1.2413835525512695,1
random_005,6,23,"37.500,37.500,0.312","23.125,30.625,0.938",15.96683406829834,12.947999000549316,3.0188350677490234,1,25.620391845703125,25.570188522338867,0.05020332336425781,1
random_005,6,24,"37.500,37.500,0.312","13.750,36.250,2.188",8.937463760375977,10.902840614318848,1.965376853942871,1,14.769697189331055,14.478307723999023,0.29138946533203125,1
random_005,6,25,"37.500,37.500,0.312","26.875,32.500,0.312",14.792393684387207,12.453917503356934,2.3384761810302734,1,27.992765426635742,26.89035987854004,1.1024055480957031,1
random_005,6,26,"37.500,37.500,0.312","35.625,16.250,0.938",19.616790771484375,20.831275939941406,1.2144851684570312,1,22.44852638244629,26.76426124572754,4.31573486328125,1
random_005,6,27,"37.500,37.500,0.312","3.125,37.500,2.188",12.093122482299805,14.015669822692871,1.9225473403930664,1,20.44911003112793,22.240741729736328,1.7916316986083984,1
random_005,6,28,"37.500,37.500,0.312","21.250,24.375,0.938",17.277616500854492,16.391469955444336,0.8861465454101562,1,32.54871368408203,33.14495086669922,0.5962371826171875,1
random_005,6,29,"37.500,37.500,0.312","16.250,29.375,0.938",13.33294677734375,13.396231651306152,0.06328487396240234,1,26.081315994262695,23.491718292236328,2.589597702026367,1
random_005,7,8,"15.000,11.250,1.562","27.500,16.875,0.938",14.161764144897461,10.642860412597656,3.5189037322998047,1,30.785015106201172,30.510509490966797,0.274505615234375,1
random_005,7,9,"15.000,11.250,1.562","1.250,36.875,0.312",13.645861625671387,12.476412773132324,1.1694488525390625,1,25.39192008972168,22.1661434173584,3.2257766723632812,1
random_005,7,10,"15.000,11.250,1.562","28.750,3.125,1.562",16.236812591552734,16.454456329345703,0.21764373779296875,1,32.104793548583984,34.94389343261719,2.839099884033203,1
random_005,7,11,"15.000,11.250,1.562","19.375,14.375,2.188",7.678244590759277,6.757256507873535,0.9209880828857422,1,16.678586959838867,17.435258865356445,0.7566719055175781,1
random_005,7,12,"15.000,11.250,1.562","15.625,21.250,0.312",10.633646965026855,10.465478897094727,0.1681680679321289,1,23.597135543823242,23.749616622924805,0.1524810791015625,1
random_005,7,13,"15.000,11.250,1.562","32.500,37.500,0.938",23.404682159423828,14.804306983947754,8.600375175476074,1,38.6435432434082,39.48912811279297,0.8455848693847656,1
random_005,7,14,"15.000,11.250,1.562","30.000,18.125,0.938",14.970710754394531,10.035358428955078,4.935352325439453,1,31.099754333496094,31.26886749267578,0.1691131591796875,1
random_005,7,15,"15.000,11.250,1.562","31.875,28.125,2.188",24.480064392089844,12.01905345916748,12.461010932922363,1,41.370609283447266,43.90351486206055,2.5329055786132812,1
random_005,7,16,"15.000,11.250,1.562","31.250,2.500,0.312",17.71565055847168,17.62748146057129,0.08816909790039062,1,31.627105712890625,36.08512878417969,4.4580230712890625,1
random_005,7,17,"15.000,11.250,1.562","20.625,11.250,1.562",6.871512413024902,6.903155326843262,0.031642913818359375,1,17.275609970092773,17.122032165527344,0.1535778045654297,1
random_005,7,18,"15.000,11.250,1.562","18.750,27.500,0.312",13.020278930664062,10.460559844970703,2.5597190856933594,1,33.00864791870117,33.77731704711914,0.7686691284179688,1
random_005,7,19,"15.000,11.250,1.562","3.125,11.250,0.312",11.051776885986328,11.453161239624023,0.4013843536376953,1,23.090856552124023,24.02157974243164,0.9307231903076172,1
random_005,7,20,"15.000,11.250,1.562","1.250,33.125,1.562",14.46362018585205,12.49411392211914,1.9695062637329102,1,32.31250762939453,28.025634765625,4.286872863769531,1
random_005,7,21,"15.000,11.250,1.562","33.125,30.625,0.938",22.48287582397461,11.997334480285645,10.485541343688965,1,40.81620407104492,39.47439193725586,1.3418121337890625,1
random_005,7,22,"15.000,11.250,1.562","11.875,36.250,2.188",10.054858207702637,11.392295837402344,1.337437629699707,1,33.80770492553711,32.33513259887695,1.4725723266601562,1
random_005,7,23,"15.000,11.250,1.562","23.125,30.625,0.938",13.052871704101562,9.92028522491455,3.1325864791870117,1,33.80772018432617,32.067596435546875,1.7401237487792969,1
random_005,7,24,"15.000,11.250,1.562","13.750,36.250,2.188",9.347665786743164,10.535638809204102,1.1879730224609375,1,29.44627571105957,30.899484634399414,1.4532089233398438,1
random_005,7,25,"15.000,11.250,1.562","26.875,32.500,0.312",14.157943725585938,9.952981948852539,4.204961776733398,1,34.623985290527344,35.324092864990234,0.7001075744628906,1
random_005,7,26,"15.000,11.250,1.562","35.625,16.250,0.938",15.128215789794922,11.51600170135498,3.6122140884399414,1,23.307964324951172,24.41350746154785,1.1055431365966797,1
random_005,7,27,"15.000,11.250,1.562","3.125,37.500,2.188",12.06484603881836,12.0453519821167,0.019494056701660156,1,26.57039451599121,21.627391815185547,4.943002700805664,1
random_005,7,28,"15.000,11.250,1.562","21.250,24.375,0.938",14.316678047180176,10.870231628417969,3.446446418762207,1,31.358999252319336,29.57844352722168,1.7805557250976562,1
random_005,7,29,"15.000,11.250,1.562","16.250,29.375,0.938",12.654806137084961,10.149872779846191,2.5049333572387695,1,32.67527389526367,32.548606872558594,0.12666702270507812,1
random_005,8,9,"27.500,16.875,0.938","1.250,36.875,0.312",14.574238777160645,17.713294982910156,3.1390562057495117,1,28.139142990112305,33.10013961791992,4.960996627807617,1
random_005,8,10,"27.500,16.875,0.938","28.750,3.125,1.562",14.953752517700195,14.184576988220215,0.7691755294799805,1,16.040842056274414,18.947158813476562,2.9063167572021484,1
random_005,8,11,"27.500,16.875,0.938","19.375,14.375,2.188",9.404258728027344,10.18272590637207,0.7784671783447266,1,21.305992126464844,22.438753128051758,1.132761001586914,1
random_005,8,12,"27.500,16.875,0.938","15.625,21.250,0.312",9.955483436584473,13.393921852111816,3.4384384155273438,1,26.26712989807129,27.828794479370117,1.5616645812988281,1
random_005,8,13,"27.500,16.875,0.938","32.500,37.500,0.938",21.799774169921875,20.695472717285156,1.1043014526367188,1,31.477542877197266,34.32233428955078,2.8447914123535156,1
random_005,8,14,"27.500,16.875,0.938","30.000,18.125,0.938",4.457925796508789,2.6323347091674805,1.8255910873413086,1,8.373781204223633,9.573293685913086,1.1995124816894531,1
random_005,8,15,"27.500,16.875,0.938","31.875,28.125,2.188",15.704971313476562,10.93890380859375,4.7660675048828125,1,22.945255279541016,25.70562744140625,2.7603721618652344,1
random_005,8,16,"27.500,16.875,0.938","31.250,2.500,0.312",14.637019157409668,14.155523300170898,0.48149585723876953,1,19.88176727294922,23.08119773864746,3.199430465698242,1
random_005,8,17,"27.500,16.875,0.938","20.625,11.250,1.562",9.666181564331055,10.087577819824219,0.42139625549316406,1,21.852651596069336,21.02396583557129,0.8286857604980469,1
random_005,8,18,"27.500,16.875,0.938","18.750,27.500,0.312",11.02835750579834,13.72991943359375,2.70156192779541,1,27.850839614868164,28.071847915649414,0.22100830078125,1
random_005,8,19,"27.500,16.875,0.938","3.125,11.250,0.312",15.418791770935059,17.601491928100586,2.1827001571655273,1,43.28606033325195,41.318382263183594,1.9676780700683594,1
random_005,8,20,"27.500,16.875,0.938","1.250,33.125,1.562",12.391149520874023,15.489615440368652,3.098465919494629,1,31.610233306884766,28.775558471679688,2.834674835205078,1
random_005,8,21,"27.500,16.875,0.938","33.125,30.625,0.938",16.144390106201172,15.123920440673828,1.0204696655273438,1,25.488473892211914,26.571773529052734,1.0832996368408203,1
random_005,8,22,"27.500,16.875,0.938","11.875,36.250,2.188",9.475387573242188,15.689013481140137,6.213625907897949,1,28.092302322387695,27.806610107421875,0.2856922149658203,1
random_005,8,23,"27.500,16.875,0.938","23.125,30.625,0.938",11.329757690429688,14.321799278259277,2.99204158782959,1,24.995601654052734,26.08945655822754,1.0938549041748047,1
random_005,8,24,"27.500,16.875,0.938","13.750,36.250,2.188",7.68939733505249,14.963166236877441,7.273768901824951,1,31.70289421081543,31.7010498046875,0.0018444061279296875,1
random_005,8,25,"27.500,16.875,0.938","26.875,32.500,0.312",15.572824478149414,17.440494537353516,1.8676700592041016,1,26.14805030822754,26.67101287841797,0.5229625701904297,1
random_005,8,26,"27.500,16.875,0.938","35.625,16.250,0.938",9.852642059326172,9.925666809082031,0.07302474975585938,1,19.29257583618164,18.509464263916016,0.783111572265625,1
random_005,8,27,"27.500,16.875,0.938","3.125,37.500,2.188",17.527360916137695,20.83940887451172,3.3120479583740234,1,33.42357635498047,31.40386390686035,2.019712448120117,1
random_005,8,28,"27.500,16.875,0.938","21.250,24.375,0.938",10.567403793334961,11.583817481994629,1.016413688659668,1,25.348953247070312,25.35329818725586,0.004344940185546875,1
random_005,8,29,"27.500,16.875,0.938","16.250,29.375,0.938",10.760972023010254,14.428670883178711,3.667698860168457,1,26.411169052124023,31.875333786010742,5.464164733886719,1
random_005,9,10,"1.250,36.875,0.312","28.750,3.125,1.562",17.198326110839844,14.983309745788574,2.2150163650512695,1,21.31833839416504,22.96240234375,1.644063949584961,1
random_005,9,11,"1.250,36.875,0.312","19.375,14.375,2.188",13.217174530029297,12.579598426818848,0.6375761032104492,1,27.363128662109375,30.641189575195312,3.2780609130859375,1
random_005,9,12,"1.250,36.875,0.312","15.625,21.250,0.312",11.625978469848633,13.106695175170898,1.4807167053222656,1,21.54790687561035,26.731456756591797,5.183549880981445,1
random_005,9,13,"1.250,36.875,0.312","32.500,37.500,0.938",10.985052108764648,11.326309204101562,0.34125709533691406,1,25.98516273498535,26.289915084838867,0.3047523498535156,1
random_005,9,14,"1.250,36.875,0.312","30.000,18.125,0.938",16.911481857299805,14.031707763671875,2.8797740936279297,1,33.56361389160156,31.84699058532715,1.716623306274414,1
random_005,9,15,"1.250,36.875,0.312","31.875,28.125,2.188",14.232977867126465,11.274356842041016,2.958621025085449,1,27.59366226196289,27.216018676757812,0.3776435852050781,1
random_005,9,16,"1.250,36.875,0.312","31.250,2.500,0.312",18.20317840576172,16.084836959838867,2.1183414459228516,1,22.321895599365234,21.810998916625977,0.5108966827392578,1
random_005,9,17,"1.250,36.875,0.312","20.625,11.250,1.562",12.777841567993164,12.493409156799316,0.28443241119384766,1,22.470157623291016,24.68102264404297,2.210865020751953,1
random_005,9,18,"1.250,36.875,0.312","18.750,27.500,0.312",10.875812530517578,10.592193603515625,0.2836189270019531,1,29.589948654174805,26.187349319458008,3.402599334716797,1
random_005,9,19,"1.250,36.875,0.312","3.125,11.250,0.312",16.365278244018555,12.226449012756348,4.138829231262207,1,31.41762351989746,32.300411224365234,0.8827877044677734,1
random_005,9,20,"1.250,36.875,0.312","1.250,33.125,1.562",4.397195816040039,3.9502391815185547,0.4469566345214844,1,11.028257369995117,10.974096298217773,0.05416107177734375,1
random_005,9,21,"1.250,36.875,0.312","33.125,30.625,0.938",15.875288963317871,13.16048812866211,2.7148008346557617,1,29.724573135375977,33.0784797668457,3.3539066314697266,1
random_005,9,22,"1.250,36.875,0.312","11.875,36.250,2.188",7.124872207641602,8.516867637634277,1.3919954299926758,1,17.69854164123535,14.606937408447266,3.091604232788086,1
random_005,9,23,"1.250,36.875,0.312","23.125,30.625,0.938",11.245017051696777,12.479276657104492,1.2342596054077148,1,32.38164520263672,32.43444061279297,0.05279541015625,1
random_005,9,24,"1.250,36.875,0.312","13.750,36.250,2.188",7.314513206481934,9.124582290649414,1.8100690841674805,1,18.317855834960938,16.816823959350586,1.5010318756103516,1
random_005,9,25,"1.250,36.875,0.312","26.875,32.500,0.312",17.737220764160156,16.4918270111084,1.2453937530517578,1,42.955867767333984,42.593135833740234,0.36273193359375,1
random_005,9,26,"1.250,36.875,0.312","35.625,16.250,0.938",16.992145538330078,12.895366668701172,4.096778869628906,1,31.331655502319336,26.23092269897461,5.100732803344727,1
random_005,9,27,"1.250,36.875,0.312","3.125,37.500,2.188",3.9410152435302734,2.621518135070801,1.3194971084594727,1,8.001275062561035,8.678936958312988,0.6776618957519531,1
random_005,9,28,"1.250,36.875,0.312","21.250,24.375,0.938",16.935117721557617,13.452568054199219,3.4825496673583984,1,39.05565643310547,34.26303482055664,4.792621612548828,1
random_005,9,29,"1.250,36.875,0.312","16.250,29.375,0.938",9.679967880249023,10.436481475830078,0.7565135955810547,1,37.0419921875,18.61172866821289,18.43026351928711,1
random_005,10,11,"28.750,3.125,1.562","19.375,14.375,2.188",18.219560623168945,16.695188522338867,1.5243721008300781,1,35.94541931152344,32.077579498291016,3.867839813232422,1
random_005,10,12,"28.750,3.125,1.562","15.625,21.250,0.312",20.537994384765625,22.560649871826172,2.022655487060547,1,36.67112350463867,38.921607971191406,2.2504844665527344,1
random_005,10,13,"28.750,3.125,1.562","32.500,37.500,0.938",20.072284698486328,18.078916549682617,1.993368148803711,1,34.33230972290039,41.62520217895508,7.2928924560546875,1
random_005,10,14,"28.750,3.125,1.562","30.000,18.125,0.938",14.619144439697266,15.519339561462402,0.9001951217651367,1,19.52956771850586,18.645536422729492,0.8840312957763672,1
random_005,10,15,"28.750,3.125,1.562","31.875,28.125,2.188",26.56414794921875,18.7613468170166,7.802801132202148,1,47.60898208618164,34.90191650390625,12.70706558227539,1
random_005,10,16,"28.750,3.125,1.562","31.250,2.500,0.312",5.4943084716796875,4.598079681396484,0.8962287902832031,1,8.498453140258789,8.490499496459961,0.007953643798828125,1
random_005,10,17,"28.750,3.125,1.562","20.625,11.250,1.562",16.388675689697266,12.86378288269043,3.524892807006836,1,30.39306640625,27.051958084106445,3.3411083221435547,1
random_005,10,18,"28.750,3.125,1.562","18.750,27.500,0.312",21.898183822631836,25.37718391418457,3.4790000915527344,1,40.43266296386719,37.976539611816406,2.4561233520507812,1
random_005,10,19,"28.750,3.125,1.562","3.125,11.250,0.312",14.652541160583496,12.102388381958008,2.5501527786254883,1,24.387662887573242,22.83804702758789,1.5496158599853516,1
random_005,10,20,"28.750,3.125,1.562","1.250,33.125,1.562",16.47615623474121,18.303373336791992,1.8272171020507812,1,27.16103172302246,27.98684310913086,0.8258113861083984,1
random_005,10,21,"28.750,3.125,1.562","33.125,30.625,0.938",25.438308715820312,20.61800765991211,4.820301055908203,1,32.360076904296875,32.09716033935547,0.26291656494140625,1
random_005,10,22,"28.750,3.125,1.562","11.875,36.250,2.188",16.63237762451172,22.707605361938477,6.075227737426758,1,33.35861587524414,32.798828125,0.5597877502441406,1
random_005,10,23,"28.750,3.125,1.562","23.125,30.625,0.938",20.418813705444336,21.409650802612305,0.9908370971679688,1,49.996150970458984,36.91013717651367,13.086013793945312,1
random_005,10,24,"28.750,3.125,1.562","13.750,36.250,2.188",15.368071556091309,22.20732879638672,6.83925724029541,1,35.993675231933594,38.2517204284668,2.258045196533203,1
random_005,10,25,"28.750,3.125,1.562","26.875,32.500,0.312",24.000999450683594,22.90867805480957,1.0923213958740234,1,39.51424026489258,38.92631912231445,0.587921142578125,1
random_005,10,26,"28.750,3.125,1.562","35.625,16.250,0.938",19.30052947998047,18.45757484436035,0.8429546356201172,1,21.821430206298828,25.70887565612793,3.8874454498291016,1
random_005,10,27,"28.750,3.125,1.562","3.125,37.500,2.188",13.897675514221191,16.887178421020508,2.9895029067993164,1,22.97873878479004,22.90890884399414,0.06982994079589844,1
random_005,10,28,"28.750,3.125,1.562","21.250,24.375,0.938",29.743934631347656,26.881114959716797,2.8628196716308594,1,50.053714752197266,46.579078674316406,3.4746360778808594,1
random_005,10,29,"28.750,3.125,1.562","16.250,29.375,0.938",18.52687644958496,22.73356056213379,4.206684112548828,1,36.256858825683594,35.3530387878418,0.9038200378417969,1
random_005,11,12,"19.375,14.375,2.188","15.625,21.250,0.312",8.60982894897461,10.366886138916016,1.7570571899414062,1,22.92220687866211,22.369104385375977,0.5531024932861328,1
random_005,11,13,"19.375,14.375,2.188","32.500,37.500,0.938",23.074007034301758,17.754730224609375,5.319276809692383,1,38.53303527832031,41.01567077636719,2.482635498046875,1
random_005,11,14,"19.375,14.375,2.188","30.000,18.125,0.938",12.75684642791748,11.156732559204102,1.600113868713379,1,31.520015716552734,28.169185638427734,3.350830078125,1
random_005,11,15,"19.375,14.375,2.188","31.875,28.125,2.188",19.819793701171875,12.42108154296875,7.398712158203125,1,37.66301345825195,37.65205764770508,0.010955810546875,1
random_005,11,16,"19.375,14.375,2.188","31.250,2.500,0.312",17.249746322631836,23.718791961669922,6.469045639038086,1,31.78791618347168,37.31571578979492,5.527799606323242,1
random_005,11,17,"19.375,14.375,2.188","20.625,11.250,1.562",5.788473129272461,5.406769752502441,0.38170337677001953,1,12.931512832641602,11.133190155029297,1.7983226776123047,1
random_005,11,18,"19.375,14.375,2.188","18.750,27.500,0.312",9.719282150268555,10.492070198059082,0.7727880477905273,1,25.868581771850586,23.138877868652344,2.729703903198242,1
random_005,11,19,"19.375,14.375,2.188","3.125,11.250,0.312",12.140995025634766,14.006648063659668,1.8656530380249023,1,28.946884155273438,29.84124755859375,0.8943634033203125,1
random_005,11,20,"19.375,14.375,2.188","1.250,33.125,1.562",13.07491683959961,13.851036071777344,0.7761192321777344,1,31.842357635498047,26.894014358520508,4.948343276977539,1
random_005,11,21,"19.375,14.375,2.188","33.125,30.625,0.938",18.19280242919922,13.269216537475586,4.923585891723633,1,43.35561752319336,39.1907844543457,4.164833068847656,1
random_005,11,22,"19.375,14.375,2.188","11.875,36.250,2.188",12.489219665527344,15.969082832336426,3.479863166809082,1,34.06157302856445,38.06178665161133,4.000213623046875,1
random_005,11,23,"19.375,14.375,2.188","23.125,30.625,0.938",10.746288299560547,9.759317398071289,0.9869709014892578,1,29.369253158569336,28.933931350708008,0.4353218078613281,1
random_005,11,24,"19.375,14.375,2.188","13.750,36.250,2.188",9.296455383300781,12.320531845092773,3.024076461791992,1,30.652620315551758,29.302989959716797,1.349630355834961,1
random_005,11,25,"19.375,14.375,2.188","26.875,32.500,0.312",14.575421333312988,11.814345359802246,2.761075973510742,1,35.26109313964844,33.511924743652344,1.7491683959960938,1
random_005,11,26,"19.375,14.375,2.188","35.625,16.250,0.938",10.945999145507812,11.044183731079102,0.09818458557128906,1,24.979787826538086,25.199430465698242,0.21964263916015625,1
random_005,11,27,"19.375,14.375,2.188","3.125,37.500,2.188",11.056300163269043,12.670700073242188,1.6143999099731445,1,28.37250518798828,25.150135040283203,3.222370147705078,1
random_005,11,28,"19.375,14.375,2.188","21.250,24.375,0.938",10.517305374145508,9.77263069152832,0.7446746826171875,1,24.52114486694336,22.314891815185547,2.2062530517578125,1
random_005,11,29,"19.375,14.375,2.188","16.250,29.375,0.938",10.314118385314941,10.479037284851074,0.1649188995361328,1,25.857755661010742,23.881301879882812,1.9764537811279297,1
random_005,12,13,"15.625,21.250,0.312","32.500,37.500,0.938",15.154741287231445,13.411214828491211,1.7435264587402344,1,35.009246826171875,33.95697021484375,1.052276611328125,1
random_005,12,14,"15.625,21.250,0.312","30.000,18.125,0.938",13.902179718017578,9.37152099609375,4.530658721923828,1,27.398088455200195,29.711570739746094,2.3134822845458984,1
random_005,12,15,"15.625,21.250,0.312","31.875,28.125,2.188",15.021373748779297,12.353710174560547,2.66766357421875,1,27.376497268676758,30.539264678955078,3.1627674102783203,1
random_005,12,16,"15.625,21.250,0.312","31.250,2.500,0.312",25.364456176757812,27.686328887939453,2.3218727111816406,1,40.92144775390625,40.02703857421875,0.8944091796875,1
random_005,12,17,"15.625,21.250,0.312","20.625,11.250,1.562",11.973488807678223,11.303234100341797,0.6702547073364258,1,27.443342208862305,26.61610221862793,0.827239990234375,1
random_005,12,18,"15.625,21.250,0.312","18.750,27.500,0.312",8.49923038482666,8.497624397277832,0.001605987548828125,1,21.45404052734375,21.344402313232422,0.10963821411132812,1
random_005,12,19,"15.625,21.250,0.312","3.125,11.250,0.312",14.251266479492188,13.022570610046387,1.2286958694458008,1,27.271923065185547,27.938644409179688,0.6667213439941406,1
random_005,12,20,"15.625,21.250,0.312","1.250,33.125,1.562",12.205507278442383,12.250309944152832,0.04480266571044922,1,27.165559768676758,28.46991729736328,1.3043575286865234,1
random_005,12,21,"15.625,21.250,0.312","33.125,30.625,0.938",14.755858421325684,11.300128936767578,3.4557294845581055,1,32.69873046875,29.924331665039062,2.7743988037109375,1
random_005,12,22,"15.625,21.250,0.312","11.875,36.250,2.188",9.800445556640625,12.021501541137695,2.2210559844970703,1,23.223907470703125,28.595277786254883,5.371370315551758,1
random_005,12,23,"15.625,21.250,0.312","23.125,30.625,0.938",11.838955879211426,10.301523208618164,1.5374326705932617,1,28.84698486328125,29.844295501708984,0.9973106384277344,1
random_005,12,24,"15.625,21.250,0.312","13.750,36.250,2.188",9.29198169708252,12.20434856414795,2.9123668670654297,1,22.74619483947754,21.793123245239258,0.9530715942382812,1
random_005,12,25,"15.625,21.250,0.312","26.875,32.500,0.312",13.411508560180664,10.828039169311523,2.5834693908691406,1,33.22691345214844,34.71893310546875,1.4920196533203125,1
random_005,12,26,"15.625,21.250,0.312","35.625,16.250,0.938",14.174938201904297,10.270505905151367,3.9044322967529297,1,27.4965877532959,28.222196578979492,0.7256088256835938,1
random_005,12,27,"15.625,21.250,0.312","3.125,37.500,2.188",11.47332763671875,10.763982772827148,0.7093448638916016,1,27.42565155029297,32.15812301635742,4.732471466064453,1
random_005,12,28,"15.625,21.250,0.312","21.250,24.375,0.938",8.535408020019531,7.993992805480957,0.5414152145385742,1,19.582754135131836,20.832120895385742,1.2493667602539062,1
random_005,12,29,"15.625,21.250,0.312","16.250,29.375,0.938",8.621554374694824,10.247539520263672,1.6259851455688477,1,22.7198429107666,22.2369441986084,0.4828987121582031,1
random_005,13,14,"32.500,37.500,0.938","30.000,18.125,0.938",21.863544464111328,20.63644027709961,1.2271041870117188,1,34.31732940673828,29.365419387817383,4.951910018920898,1
random_005,13,15,"32.500,37.500,0.938","31.875,28.125,2.188",10.138376235961914,11.487532615661621,1.349156379699707,1,15.272622108459473,15.05121898651123,0.2214031219482422,1
random_005,13,16,"32.500,37.500,0.938","31.250,2.500,0.312",17.796083450317383,18.965576171875,1.1694927215576172,1,33.2354621887207,31.67647933959961,1.5589828491210938,1
random_005,13,17,"32.500,37.500,0.938","20.625,11.250,1.562",17.91608238220215,22.789934158325195,4.873851776123047,1,37.0179557800293,36.93301773071289,0.08493804931640625,1
random_005,13,18,"32.500,37.500,0.938","18.750,27.500,0.312",12.662801742553711,11.11825180053711,1.5445499420166016,1,29.603450775146484,27.806921005249023,1.796529769897461,1
random_005,13,19,"32.500,37.500,0.938","3.125,11.250,0.312",14.83911418914795,15.070758819580078,0.2316446304321289,1,21.457286834716797,19.511384963989258,1.945901870727539,1
random_005,13,20,"32.500,37.500,0.938","1.250,33.125,1.562",9.96565055847168,12.93090534210205,2.965254783630371,1,26.024744033813477,19.533123016357422,6.491621017456055,1
random_005,13,21,"32.500,37.500,0.938","33.125,30.625,0.938",8.414481163024902,6.984898567199707,1.4295825958251953,1,16.293615341186523,13.641158103942871,2.6524572372436523,1
random_005,13,22,"32.500,37.500,0.938","11.875,36.250,2.188",8.625152587890625,9.884380340576172,1.2592277526855469,1,14.962700843811035,12.693964004516602,2.2687368392944336,1
random_005,13,23,"32.500,37.500,0.938","23.125,30.625,0.938",11.87493896484375,9.20573616027832,2.6692028045654297,1,27.06783676147461,24.305931091308594,2.7619056701660156,1
random_005,13,24,"32.500,37.500,0.938","13.750,36.250,2.188",8.584802627563477,9.757171630859375,1.1723690032958984,1,15.69958782196045,13.68729305267334,2.0122947692871094,1
random_005,13,25,"32.500,37.500,0.938","26.875,32.500,0.312",10.524606704711914,9.4319486618042,1.0926580429077148,1,23.645673751831055,24.761096954345703,1.1154232025146484,1
random_005,13,26,"32.500,37.500,0.938","35.625,16.250,0.938",20.20760154724121,21.07801055908203,0.8704090118408203,1,26.430334091186523,27.364482879638672,0.9341487884521484,1
random_005,13,27,"32.500,37.500,0.938","3.125,37.500,2.188",12.540032386779785,12.831989288330078,0.29195690155029297,1,20.668529510498047,23.764875411987305,3.096345901489258,1
random_005,13,28,"32.500,37.500,0.938","21.250,24.375,0.938",14.647210121154785,14.137569427490234,0.5096406936645508,1,35.599796295166016,28.528066635131836,7.07172966003418,1
random_005,13,29,"32.500,37.500,0.938","16.250,29.375,0.938",9.46662425994873,10.11711311340332,0.6504888534545898,1,29.629974365234375,27.992273330688477,1.6377010345458984,1
random_005,14,15,"30.000,18.125,0.938","31.875,28.125,2.188",13.72232437133789,11.379764556884766,2.342559814453125,1,20.58771324157715,20.614456176757812,0.026742935180664062,1
random_005,14,16,"30.000,18.125,0.938","31.250,2.500,0.312",15.193839073181152,14.634832382202148,0.5590066909790039,1,22.56578254699707,20.222597122192383,2.3431854248046875,1
random_005,14,17,"30.000,18.125,0.938","20.625,11.250,1.562",10.503053665161133,11.4918794631958,0.988825798034668,1,23.386856079101562,24.12702751159668,0.7401714324951172,1
random_005,14,18,"30.000,18.125,0.938","18.750,27.500,0.312",9.766508102416992,13.993362426757812,4.22685432434082,1,29.20814323425293,27.21487808227539,1.993265151977539,1
random_005,14,19,"30.000,18.125,0.938","3.125,11.250,0.312",11.482146263122559,15.700417518615723,4.218271255493164,1,32.23827362060547,29.25687026977539,2.981403350830078,1
random_005,14,20,"30.000,18.125,0.938","1.250,33.125,1.562",14.558419227600098,18.82772445678711,4.269305229187012,1,28.68646240234375,29.38463592529297,0.6981735229492188,1
random_005,14,21,"30.000,18.125,0.938","33.125,30.625,0.938",15.0282621383667,15.601649284362793,0.5733871459960938,1,28.240686416625977,23.75371742248535,4.486968994140625,1
random_005,14,22,"30.000,18.125,0.938","11.875,36.250,2.188",13.079401016235352,20.9265193939209,7.847118377685547,1,32.270137786865234,34.18914794921875,1.9190101623535156,1
random_005,14,23,"30.000,18.125,0.938","23.125,30.625,0.938",13.03317642211914,15.664833068847656,2.6316566467285156,1,30.61896324157715,27.32529640197754,3.2936668395996094,1
random_005,14,24,"30.000,18.125,0.938","13.750,36.250,2.188",15.77402400970459,21.815288543701172,6.041264533996582,1,39.623512268066406,40.41865539550781,0.7951431274414062,1
random_005,14,25,"30.000,18.125,0.938","26.875,32.500,0.312",14.51945972442627,17.634868621826172,3.1154088973999023,1,21.774030685424805,23.0020809173584,1.2280502319335938,1
random_005,14,26,"30.000,18.125,0.938","35.625,16.250,0.938",8.425924301147461,8.604866027832031,0.1789417266845703,1,15.609583854675293,16.026046752929688,0.41646289825439453,1
random_005,14,27,"30.000,18.125,0.938","3.125,37.500,2.188",14.595210075378418,18.351646423339844,3.756436347961426,1,30.294036865234375,33.00019073486328,2.7061538696289062,1
random_005,14,28,"30.000,18.125,0.938","21.250,24.375,0.938",9.86083984375,12.241024017333984,2.3801841735839844,1,25.874286651611328,24.465351104736328,1.408935546875,1
random_005,14,29,"30.000,18.125,0.938","16.250,29.375,0.938",9.364034652709961,14.626035690307617,5.262001037597656,1,29.52996826171875,27.85748863220215,1.6724796295166016,1
random_005,15,16,"31.875,28.125,2.188","31.250,2.500,0.312",17.677305221557617,24.649471282958984,6.972166061401367,1,27.890226364135742,60.272064208984375,32.38183784484863,1
random_005,15,17,"31.875,28.125,2.188","20.625,11.250,1.562",17.352642059326172,27.12848472595215,9.775842666625977,1,44.14601135253906,49.78178787231445,5.635776519775391,1
random_005,15,18,"31.875,28.125,2.188","18.750,27.500,0.312",9.950246810913086,12.575855255126953,2.625608444213867,1,20.589344024658203,20.457834243774414,0.13150978088378906,1
random_005,15,19,"31.875,28.125,2.188","3.125,11.250,0.312",14.219170570373535,20.94178009033203,6.722609519958496,1,34.38041687011719,35.35316467285156,0.972747802734375,1
random_005,15,20,"31.875,28.125,2.188","1.250,33.125,1.562",9.523441314697266,12.148676872253418,2.6252355575561523,1,21.910846710205078,26.509441375732422,4.598594665527344,1
random_005,15,21,"31.875,28.125,2.188","33.125,30.625,0.938",4.442700386047363,4.038396835327148,0.40430355072021484,1,8.999486923217773,8.840240478515625,0.15924644470214844,1
random_005,15,22,"31.875,28.125,2.188","11.875,36.250,2.188",10.644887924194336,16.284421920776367,5.639533996582031,1,28.42271614074707,27.82493019104004,0.5977859497070312,1
random_005,15,23,"31.875,28.125,2.188","23.125,30.625,0.938",9.333097457885742,10.792966842651367,1.459869384765625,1,19.445728302001953,19.433956146240234,0.01177215576171875,1
random_005,15,24,"31.875,28.125,2.188","13.750,36.250,2.188",10.940696716308594,17.482789993286133,6.542093276977539,1,31.67957305908203,37.26166534423828,5.58209228515625,1
random_005,15,25,"31.875,28.125,2.188","26.875,32.500,0.312",7.87291955947876,9.537760734558105,1.6648411750793457,1,17.571889877319336,15.953902244567871,1.6179876327514648,1
random_005,15,26,"31.875,28.125,2.188","35.625,16.250,0.938",11.7835054397583,12.965420722961426,1.181915283203125,1,18.596485137939453,18.71465492248535,0.11816978454589844,1
random_005,15,27,"31.875,28.125,2.188","3.125,37.500,2.188",13.387491226196289,13.756089210510254,0.36859798431396484,1,28.15342903137207,28.637210845947266,0.4837818145751953,1
random_005,15,28,"31.875,28.125,2.188","21.250,24.375,0.938",11.698402404785156,12.2912015914917,0.592799186706543,1,24.562986373901367,23.859498977661133,0.7034873962402344,1
random_005,15,29,"31.875,28.125,2.188","16.250,29.375,0.938",9.616249084472656,12.483207702636719,2.8669586181640625,1,23.9000186920166,22.899606704711914,1.0004119873046875,1
random_005,16,17,"31.250,2.500,0.312","20.625,11.250,1.562",20.111358642578125,14.031464576721191,6.079894065856934,1,34.82750701904297,29.805795669555664,5.021711349487305,1
random_005,16,18,"31.250,2.500,0.312","18.750,27.500,0.312",22.849058151245117,25.121917724609375,2.272859573364258,1,34.976951599121094,30.358497619628906,4.6184539794921875,1
random_005,16,19,"31.250,2.500,0.312","3.125,11.250,0.312",14.839076042175293,12.129254341125488,2.7098217010498047,1,22.541759490966797,24.906816482543945,2.3650569915771484,1
random_005,16,20,"31.250,2.500,0.312","1.250,33.125,1.562",15.194060325622559,18.169288635253906,2.9752283096313477,1,26.20227813720703,26.90552520751953,0.7032470703125,1
random_005,16,21,"31.250,2.500,0.312","33.125,30.625,0.938",23.553668975830078,20.789995193481445,2.763673782348633,1,45.66138458251953,46.54798889160156,0.8866043090820312,1
random_005,16,22,"31.250,2.500,0.312","11.875,36.250,2.188",17.918399810791016,23.50406265258789,5.585662841796875,1,31.26454734802246,31.9063777923584,0.6418304443359375,1
random_005,16,23,"31.250,2.500,0.312","23.125,30.625,0.938",20.572978973388672,21.653274536132812,1.0802955627441406,1,48.78849411010742,38.97567367553711,9.812820434570312,1
random_005,16,24,"31.250,2.500,0.312","13.750,36.250,2.188",17.22456932067871,22.204099655151367,4.979530334472656,1,35.7241096496582,35.94453048706055,0.22042083740234375,1
random_005,16,25,"31.250,2.500,0.312","26.875,32.500,0.312",23.23497772216797,22.68373680114746,0.5512409210205078,1,33.165531158447266,34.12685012817383,0.9613189697265625,1
random_005,16,26,"31.250,2.500,0.312","35.625,16.250,0.938",13.114175796508789,12.946752548217773,0.16742324829101562,1,16.455575942993164,13.452159881591797,3.003416061401367,1
random_005,16,27,"31.250,2.500,0.312","3.125,37.500,2.188",15.256555557250977,17.805423736572266,2.548868179321289,1,22.195066452026367,21.078603744506836,1.1164627075195312,1
random_005,16,28,"31.250,2.500,0.312","21.250,24.375,0.938",24.968069076538086,24.29360580444336,0.6744632720947266,1,38.66587448120117,36.68458938598633,1.9812850952148438,1
random_005,16,29,"31.250,2.500,0.312","16.250,29.375,0.938",22.549867630004883,24.667011260986328,2.1171436309814453,1,37.15894317626953,35.24151611328125,1.9174270629882812,1
random_005,17,18,"20.625,11.250,1.562","18.750,27.500,0.312",10.675121307373047,10.484376907348633,0.19074440002441406,1,25.23542594909668,24.248777389526367,0.9866485595703125,1
random_005,17,19,"20.625,11.250,1.562","3.125,11.250,0.312",12.375986099243164,13.242233276367188,0.8662471771240234,1,28.352153778076172,27.23329734802246,1.118856430053711,1
random_005,17,20,"20.625,11.250,1.562","1.250,33.125,1.562",13.537765502929688,13.459561347961426,0.07820415496826172,1,25.677509307861328,23.592559814453125,2.084949493408203,1
random_005,17,21,"20.625,11.250,1.562","33.125,30.625,0.938",25.588577270507812,18.41729736328125,7.1712799072265625,1,44.69669723510742,44.04739761352539,0.6492996215820312,1
random_005,17,22,"20.625,11.250,1.562","11.875,36.250,2.188",11.813173294067383,16.263965606689453,4.45079231262207,1,31.239694595336914,29.616920471191406,1.6227741241455078,1
random_005,17,23,"20.625,11.250,1.562","23.125,30.625,0.938",10.67322063446045,9.189218521118164,1.4840021133422852,1,26.727069854736328,24.007387161254883,2.7196826934814453,1
random_005,17,24,"20.625,11.250,1.562","13.750,36.250,2.188",8.533378601074219,12.125606536865234,3.5922279357910156,1,29.277982711791992,27.107507705688477,2.1704750061035156,1
random_005,17,25,"20.625,11.250,1.562","26.875,32.500,0.312",14.534568786621094,11.548111915588379,2.986456871032715,1,37.69796371459961,36.12529373168945,1.5726699829101562,1
random_005,17,26,"20.625,11.250,1.562","35.625,16.250,0.938",14.50180435180664,12.600628852844238,1.9011754989624023,1,22.624942779541016,24.001300811767578,1.3763580322265625,1
random_005,17,27,"20.625,11.250,1.562","3.125,37.500,2.188",11.287967681884766,12.36141586303711,1.0734481811523438,1,23.24772834777832,21.559568405151367,1.6881599426269531,1
random_005,17,28,"20.625,11.250,1.562","21.250,24.375,0.938",11.791658401489258,9.922689437866211,1.8689689636230469,1,26.103837966918945,26.720462799072266,0.6166248321533203,1
random_005,17,29,"20.625,11.250,1.562","16.250,29.375,0.938",10.859668731689453,10.580432891845703,0.27923583984375,1,27.412534713745117,27.402301788330078,0.010232925415039062,1
random_005,18,19,"18.750,27.500,0.312","3.125,11.250,0.312",14.671074867248535,15.586090087890625,0.9150152206420898,1,25.857574462890625,26.42185401916504,0.5642795562744141,1
random_005,18,20,"18.750,27.500,0.312","1.250,33.125,1.562",9.238862991333008,11.153888702392578,1.9150257110595703,1,29.342960357666016,27.76010513305664,1.582855224609375,1
random_005,18,21,"18.750,27.500,0.312","33.125,30.625,0.938",12.646774291992188,11.161886215209961,1.4848880767822266,1,26.451190948486328,22.58605194091797,3.8651390075683594,1
random_005,18,22,"18.750,27.500,0.312","11.875,36.250,2.188",8.909870147705078,10.813867568969727,1.9039974212646484,1,22.82158851623535,22.862619400024414,0.0410308837890625,1
random_005,18,23,"18.750,27.500,0.312","23.125,30.625,0.938",6.6958160400390625,6.18051815032959,0.5152978897094727,1,17.18718910217285,16.796220779418945,0.39096832275390625,1
random_005,18,24,"18.750,27.500,0.312","13.750,36.250,2.188",7.999410152435303,9.251386642456055,1.251976490020752,1,24.957841873168945,22.07728385925293,2.8805580139160156,1
random_005,18,25,"18.750,27.500,0.312","26.875,32.500,0.312",10.668985366821289,9.644777297973633,1.0242080688476562,1,23.246450424194336,24.170122146606445,0.9236717224121094,1
random_005,18,26,"18.750,27.500,0.312","35.625,16.250,0.938",24.516334533691406,17.930213928222656,6.58612060546875,1,31.899932861328125,33.104705810546875,1.20477294921875,1
random_005,18,27,"18.750,27.500,0.312","3.125,37.500,2.188",13.634759902954102,12.634857177734375,0.9999027252197266,1,37.192352294921875,33.30274200439453,3.8896102905273438,1
random_005,18,28,"18.750,27.500,0.312","21.250,24.375,0.938",6.084295272827148,4.155059814453125,1.9292354583740234,1,16.59311294555664,14.123756408691406,2.4693565368652344,1
random_005,18,29,"18.750,27.500,0.312","16.250,29.375,0.938",4.163923263549805,4.428369522094727,0.2644462585449219,1,14.645400047302246,13.592914581298828,1.052485466003418,1
random_005,19,20,"3.125,11.250,0.312","1.250,33.125,1.562",11.832977294921875,14.630809783935547,2.797832489013672,1,33.464111328125,29.53203010559082,3.9320812225341797,1
random_005,19,21,"3.125,11.250,0.312","33.125,30.625,0.938",17.139781951904297,13.117408752441406,4.022373199462891,1,23.681638717651367,21.925817489624023,1.7558212280273438,1
random_005,19,22,"3.125,11.250,0.312","11.875,36.250,2.188",9.3802490234375,12.061580657958984,2.6813316345214844,1,20.007192611694336,24.47689437866211,4.469701766967773,1
random_005,19,23,"3.125,11.250,0.312","23.125,30.625,0.938",13.060112953186035,12.382241249084473,0.6778717041015625,1,26.939617156982422,25.93120765686035,1.0084095001220703,1
random_005,19,24,"3.125,11.250,0.312","13.750,36.250,2.188",8.258356094360352,11.734439849853516,3.476083755493164,1,21.381288528442383,25.210050582885742,3.8287620544433594,1
random_005,19,25,"3.125,11.250,0.312","26.875,32.500,0.312",12.923463821411133,13.15636920928955,0.23290538787841797,1,24.36182975769043,25.001920700073242,0.6400909423828125,1
random_005,19,26,"3.125,11.250,0.312","35.625,16.250,0.938",12.716089248657227,11.361669540405273,1.3544197082519531,1,23.07532501220703,24.485511779785156,1.410186767578125,1
random_005,19,27,"3.125,11.250,0.312","3.125,37.500,2.188",10.742733001708984,15.555450439453125,4.812717437744141,1,31.337162017822266,27.605587005615234,3.7315750122070312,1
random_005,19,28,"3.125,11.250,0.312","21.250,24.375,0.938",15.071626663208008,13.548771858215332,1.5228548049926758,1,28.819923400878906,32.72123718261719,3.9013137817382812,1
random_005,19,29,"3.125,11.250,0.312","16.250,29.375,0.938",14.702436447143555,12.798436164855957,1.9040002822875977,1,25.64794921875,26.62097930908203,0.9730300903320312,1
random_005,20,21,"1.250,33.125,1.562","33.125,30.625,0.938",12.709098815917969,9.960823059082031,2.7482757568359375,1,29.213945388793945,30.8539981842041,1.6400527954101562,1
random_005,20,22,"1.250,33.125,1.562","11.875,36.250,2.188",8.108274459838867,9.162052154541016,1.0537776947021484,1,20.847673416137695,22.917699813842773,2.070026397705078,1
random_005,20,23,"1.250,33.125,1.562","23.125,30.625,0.938",9.766963005065918,9.589223861694336,0.17773914337158203,1,26.765403747558594,29.82164764404297,3.056243896484375,1
random_005,20,24,"1.250,33.125,1.562","13.750,36.250,2.188",7.528968811035156,9.434394836425781,1.905426025390625,1,19.280567169189453,19.250051498413086,0.030515670776367188,1
random_005,20,25,"1.250,33.125,1.562","26.875,32.500,0.312",11.485953330993652,10.134134292602539,1.3518190383911133,1,31.158430099487305,30.194185256958008,0.9642448425292969,1
random_005,20,26,"1.250,33.125,1.562","35.625,16.250,0.938",21.09205436706543,14.004302024841309,7.087752342224121,1,30.570938110351562,31.28724479675293,0.7163066864013672,1
random_005,20,27,"1.250,33.125,1.562","3.125,37.500,2.188",4.480040550231934,5.618152618408203,1.1381120681762695,1,11.764200210571289,12.166933059692383,0.40273284912109375,1
random_005,20,28,"1.250,33.125,1.562","21.250,24.375,0.938",18.869964599609375,12.229702949523926,6.640261650085449,1,29.89711570739746,33.05295944213867,3.155843734741211,1
random_005,20,29,"1.250,33.125,1.562","16.250,29.375,0.938",9.991676330566406,9.183868408203125,0.8078079223632812,1,23.80337142944336,23.371164321899414,0.4322071075439453,1
random_005,21,22,"33.125,30.625,0.938","11.875,36.250,2.188",10.78181266784668,16.665348052978516,5.883535385131836,1,28.30889320373535,23.473278045654297,4.835615158081055,1
random_005,21,23,"33.125,30.625,0.938","23.125,30.625,0.938",10.786314964294434,10.595663070678711,0.19065189361572266,1,19.99292755126953,20.450969696044922,0.4580421447753906,1
random_005,21,24,"33.125,30.625,0.938","13.750,36.250,2.188",9.874637603759766,16.942888259887695,7.06825065612793,1,25.116069793701172,27.516559600830078,2.4004898071289062,1
random_005,21,25,"33.125,30.625,0.938","26.875,32.500,0.312",8.255252838134766,8.531413078308105,0.27616024017333984,1,16.798595428466797,15.42323112487793,1.3753643035888672,1
random_005,21,26,"33.125,30.625,0.938","35.625,16.250,0.938",14.265281677246094,11.742979049682617,2.5223026275634766,1,21.63072395324707,22.340890884399414,0.7101669311523438,1
random_005,21,27,"33.125,30.625,0.938","3.125,37.500,2.188",16.45241928100586,18.42751121520996,1.9750919342041016,1,34.60285186767578,31.70136260986328,2.9014892578125,1
random_005,21,28,"33.125,30.625,0.938","21.250,24.375,0.938",12.519420623779297,13.117851257324219,0.5984306335449219,1,30.441715240478516,25.986722946166992,4.454992294311523,1
random_005,21,29,"33.125,30.625,0.938","16.250,29.375,0.938",10.079662322998047,12.53053092956543,2.450868606567383,1,25.554527282714844,27.003124237060547,1.4485969543457031,1
random_005,22,23,"11.875,36.250,2.188","23.125,30.625,0.938",12.122834205627441,9.237693786621094,2.8851404190063477,1,45.04924774169922,18.496015548706055,26.553232192993164,1
random_005,22,24,"11.875,36.250,2.188","13.750,36.250,2.188",2.7772417068481445,2.56622314453125,0.21101856231689453,1,7.248086452484131,7.088688373565674,0.15939807891845703,1
random_005,22,25,"11.875,36.250,2.188","26.875,32.500,0.312",13.821014404296875,10.910147666931152,2.9108667373657227,1,34.854713439941406,34.67097473144531,0.18373870849609375,1
random_005,22,26,"11.875,36.250,2.188","35.625,16.250,0.938",27.748979568481445,20.358339309692383,7.3906402587890625,1,32.120452880859375,32.688541412353516,0.5680885314941406,1
random_005,22,27,"11.875,36.250,2.188","3.125,37.500,2.188",8.16415786743164,6.625882148742676,1.5382757186889648,1,12.845085144042969,12.579830169677734,0.2652549743652344,1
random_005,22,28,"11.875,36.250,2.188","21.250,24.375,0.938",13.062397003173828,9.722515106201172,3.3398818969726562,1,28.358531951904297,27.01201629638672,1.3465156555175781,1
random_005,22,29,"11.875,36.250,2.188","16.250,29.375,0.938",9.232065200805664,8.102150917053223,1.1299142837524414,1,21.303024291992188,21.828611373901367,0.5255870819091797,1
random_005,23,24,"23.125,30.625,0.938","13.750,36.250,2.188",10.186075210571289,13.055326461791992,2.869251251220703,1,28.30677604675293,30.696781158447266,2.390005111694336,1
random_005,23,25,"23.125,30.625,0.938","26.875,32.500,0.312",5.356293678283691,5.411696434020996,0.05540275573730469,1,14.445446014404297,15.606436729431152,1.1609907150268555,1
random_005,23,26,"23.125,30.625,0.938","35.625,16.250,0.938",27.266613006591797,22.27508544921875,4.991527557373047,1,37.072261810302734,42.79859924316406,5.726337432861328,1
random_005,23,27,"23.125,30.625,0.938","3.125,37.500,2.188",14.715235710144043,11.080490112304688,3.6347455978393555,1,34.36015701293945,33.79986572265625,0.5602912902832031,1
random_005,23,28,"23.125,30.625,0.938","21.250,24.375,0.938",7.683992385864258,7.491988182067871,0.19200420379638672,1,19.762493133544922,19.58018684387207,0.18230628967285156,1
random_005,23,29,"23.125,30.625,0.938","16.250,29.375,0.938",7.222982406616211,8.129150390625,0.9061679840087891,1,20.93840789794922,21.23845672607422,0.300048828125,1
random_005,24,25,"13.750,36.250,2.188","26.875,32.500,0.312",13.691295623779297,10.171875,3.519420623779297,1,31.856433868408203,31.995365142822266,0.1389312744140625,1
random_005,24,26,"13.750,36.250,2.188","35.625,16.250,0.938",31.811279296875,22.58025360107422,9.231025695800781,1,35.57136535644531,35.65918731689453,0.08782196044921875,1
random_005,24,27,"13.750,36.250,2.188","3.125,37.500,2.188",8.728597640991211,7.162147521972656,1.5664501190185547,1,15.287793159484863,13.155549049377441,2.132244110107422,1
random_005,24,28,"13.750,36.250,2.188","21.250,24.375,0.938",11.177999496459961,8.307703018188477,2.8702964782714844,1,24.219057083129883,27.718935012817383,3.4998779296875,1
random_005,24,29,"13.750,36.250,2.188","16.250,29.375,0.938",7.8366851806640625,7.1805572509765625,0.6561279296875,1,21.131013870239258,21.728042602539062,0.5970287322998047,1
random_005,25,26,"26.875,32.500,0.312","35.625,16.250,0.938",25.37662124633789,19.50921630859375,5.867404937744141,1,40.49110412597656,36.81083297729492,3.6802711486816406,1
random_005,25,27,"26.875,32.500,0.312","3.125,37.500,2.188",19.897079467773438,19.476926803588867,0.4201526641845703,1,50.17744445800781,52.88395690917969,2.706512451171875,1
random_005,25,28,"26.875,32.500,0.312","21.250,24.375,0.938",10.552245140075684,10.838890075683594,0.28664493560791016,1,27.923141479492188,25.531600952148438,2.39154052734375,1
random_005,25,29,"26.875,32.500,0.312","16.250,29.375,0.938",8.966815948486328,10.896950721740723,1.9301347732543945,1,22.775480270385742,23.13549041748047,0.36001014709472656,1
random_005,26,27,"35.625,16.250,0.938","3.125,37.500,2.188",17.78453254699707,22.109783172607422,4.325250625610352,1,32.980743408203125,31.732921600341797,1.2478218078613281,1
random_005,26,28,"35.625,16.250,0.938","21.250,24.375,0.938",12.357199668884277,15.07451057434082,2.717310905456543,1,25.459938049316406,24.760055541992188,0.6998825073242188,1
random_005,26,29,"35.625,16.250,0.938","16.250,29.375,0.938",18.77101707458496,25.13601303100586,6.364995956420898,1,33.014461517333984,35.321964263916016,2.3075027465820312,1
random_005,27,28,"3.125,37.500,2.188","21.250,24.375,0.938",18.94162368774414,13.605292320251465,5.336331367492676,1,32.58183670043945,35.06161880493164,2.4797821044921875,1
random_005,27,29,"3.125,37.500,2.188","16.250,29.375,0.938",10.745849609375,12.777042388916016,2.0311927795410156,1,26.562410354614258,27.617862701416016,1.0554523468017578,1
random_005,28,29,"21.250,24.375,0.938","16.250,29.375,0.938",6.930571556091309,9.94755744934082,3.0169858932495117,1,22.916547775268555,25.24488639831543,2.328338623046875,1
random_006,0,1,"26.250,6.250,2.188","31.250,16.875,0.938",14.9825439453125,15.981109619140625,0.998565673828125,1,22.037567138671875,21.02051544189453,1.0170516967773438,1
random_006,0,2,"26.250,6.250,2.188","30.000,28.125,1.562",22.44679832458496,16.76581573486328,5.68098258972168,1,25.220170974731445,20.846858978271484,4.373311996459961,1
random_006,0,3,"26.250,6.250,2.188","28.125,8.125,0.312",6.402043342590332,4.012009620666504,2.390033721923828,1,8.053282737731934,8.038622856140137,0.014659881591796875,1
random_006,0,4,"26.250,6.250,2.188","38.125,32.500,0.938",12.678934097290039,16.694669723510742,4.015735626220703,1,14.663664817810059,17.56715202331543,2.903487205505371,1
random_006,0,5,"26.250,6.250,2.188","26.250,27.500,0.312",26.21102523803711,22.360952377319336,3.8500728607177734,1,24.853361129760742,25.97572135925293,1.1223602294921875,1
random_006,0,6,"26.250,6.250,2.188","21.875,16.875,1.562",15.66796875,19.64185905456543,3.9738903045654297,1,27.174345016479492,25.213802337646484,1.9605426788330078,1
random_006,0,7,"26.250,6.250,2.188","33.750,5.625,1.562",10.714506149291992,11.085348129272461,0.37084197998046875,1,16.924514770507812,16.51908302307129,0.40543174743652344,1
random_006,0,8,"26.250,6.250,2.188","16.250,30.000,0.938",15.549972534179688,25.142440795898438,9.59246826171875,1,32.47021484375,29.2903995513916,3.1798152923583984,1
random_006,0,9,"26.250,6.250,2.188","13.125,20.000,2.188",16.62990951538086,21.99941635131836,5.3695068359375,1,28.637550354003906,28.33726692199707,0.30028343200683594,1
random_006,0,10,"26.250,6.250,2.188","13.125,34.375,1.562",14.078593254089355,23.275293350219727,9.196700096130371,1,31.316688537597656,28.608076095581055,2.7086124420166016,1
random_006,0,11,"26.250,6.250,2.188","30.625,37.500,0.312",21.432435989379883,20.203136444091797,1.229299545288086,1,18.683767318725586,20.683826446533203,2.000059127807617,1
random_006,0,12,"26.250,6.250,2.188","13.125,35.000,0.312",13.925219535827637,23.149383544921875,9.224164009094238,1,29.982088088989258,29.9103946685791,0.07169342041015625,1
random_006,0,13,"26.250,6.250,2.188","29.375,1.875,2.188",8.746265411376953,8.189870834350586,0.5563945770263672,1,12.620451927185059,11.749505996704102,0.870945930480957,1
random_006,0,14,"26.250,6.250,2.188","35.000,16.875,0.312",12.538884162902832,13.738529205322266,1.1996450424194336,1,17.73024559020996,16.220489501953125,1.509756088256836,1
random_006,0,15,"26.250,6.250,2.188","3.750,33.125,2.188",20.090478897094727,24.8149356842041,4.724456787109375,1,24.91748046875,25.47395896911621,0.5564785003662109,1
random_006,0,16,"26.250,6.250,2.188","25.000,8.125,1.562",5.852906227111816,4.7162370681762695,1.1366691589355469,1,7.221900939941406,7.318333625793457,0.09643268585205078,1
random_006,0,17,"26.250,6.250,2.188","26.250,35.000,2.188",27.335790634155273,22.854965209960938,4.480825424194336,1,22.679546356201172,27.695499420166016,5.015953063964844,1
random_006,0,18,"26.250,6.250,2.188","16.250,19.375,0.938",15.60489273071289,22.283111572265625,6.678218841552734,1,34.13679504394531,33.50397491455078,0.6328201293945312,1
random_006,0,19,"26.250,6.250,2.188","33.125,23.125,2.188",13.60952377319336,14.496127128601074,0.8866033554077148,1,17.72429656982422,20.293292999267578,2.5689964294433594,1
random_006,0,20,"26.250,6.250,2.188","17.500,2.500,0.312",10.843791007995605,11.916046142578125,1.0722551345825195,1,16.047582626342773,15.810357093811035,0.23722553253173828,1
random_006,0,21,"26.250,6.250,2.188","37.500,36.875,0.312",16.177757263183594,21.16915512084961,4.991397857666016,1,20.457378387451172,21.071712493896484,0.6143341064453125,1
random_006,0,22,"26.250,6.250,2.188","6.250,34.375,0.312",19.92365837097168,24.205402374267578,4.281744003295898,1,29.845577239990234,30.634559631347656,0.7889823913574219,1
random_006,0,23,"26.250,6.250,2.188","13.750,23.750,1.562",17.15557861328125,23.26531219482422,6.109733581542969,1,34.39521408081055,31.459280014038086,2.935934066772461,1
random_006,0,24,"26.250,6.250,2.188","31.250,35.000,0.312",22.583282470703125,18.657535552978516,3.9257469177246094,1,15.864686965942383,16.783159255981445,0.9184722900390625,1
random_006,0,25,"26.250,6.250,2.188","5.000,30.625,2.188",22.369413375854492,25.047752380371094,2.6783390045166016,1,28.632766723632812,26.702098846435547,1.9306678771972656,1
random_006,0,26,"26.250,6.250,2.188","12.500,30.000,0.938",15.646321296691895,22.886808395385742,7.240487098693848,1,29.670238494873047,26.22201919555664,3.4482192993164062,1
random_006,0,27,"26.250,6.250,2.188","33.750,4.375,0.938",10.810813903808594,10.755542755126953,0.055271148681640625,1,15.359037399291992,16.63022232055664,1.2711849212646484,1
random_006,0,28,"26.250,6.250,2.188","20.625,36.250,1.562",18.90544319152832,27.64839744567871,8.74295425415039,1,32.232025146484375,35.78900146484375,3.556976318359375,1
random_006,0,29,"26.250,6.250,2.188","1.250,33.125,0.312",20.732423782348633,23.78958511352539,3.057161331176758,1,24.589052200317383,24.181472778320312,0.4075794219970703,1
random_006,1,2,"31.250,16.875,0.938","30.000,28.125,1.562",12.700404167175293,10.445343017578125,2.255061149597168,1,19.558666229248047,16.87503433227539,2.6836318969726562,1
random_006,1,3,"31.250,16.875,0.938","28.125,8.125,0.312",15.59968090057373,12.838675498962402,2.761005401611328,1,21.48926544189453,20.110151290893555,1.3791141510009766,1
random_006,1,4,"31.250,16.875,0.938","38.125,32.500,0.938",10.714842796325684,13.554737091064453,2.8398942947387695,1,15.202207565307617,18.616580963134766,3.4143733978271484,1
random_006,1,5,"31.250,16.875,0.938","26.250,27.500,0.312",14.103893280029297,11.517581939697266,2.5863113403320312,1,20.427631378173828,21.689849853515625,1.2622184753417969,1
random_006,1,6,"31.250,16.875,0.938","21.875,16.875,1.562",11.87979507446289,11.667448043823242,0.21234703063964844,1,13.169899940490723,15.26924991607666,2.0993499755859375,1
random_006,1,7,"31.250,16.875,0.938","33.750,5.625,1.562",12.712489128112793,13.219911575317383,0.5074224472045898,1,18.28154182434082,17.634748458862305,0.6467933654785156,1
random_006,1,8,"31.250,16.875,0.938","16.250,30.000,0.938",15.725459098815918,18.629276275634766,2.9038171768188477,1,29.98271942138672,30.188589096069336,0.2058696746826172,1
random_006,1,9,"31.250,16.875,0.938","13.125,20.000,2.188",13.657955169677734,17.42779541015625,3.7698402404785156,1,25.360219955444336,23.37937355041504,1.9808464050292969,1
random_006,1,10,"31.250,16.875,0.938","13.125,34.375,1.562",14.31649112701416,19.075132369995117,4.758641242980957,1,26.41119956970215,28.405799865722656,1.9946002960205078,1
random_006,1,11,"31.250,16.875,0.938","30.625,37.500,0.312",12.215938568115234,12.49500560760498,0.2790670394897461,1,18.785497665405273,16.23737144470215,2.548126220703125,1
random_006,1,12,"31.250,16.875,0.938","13.125,35.000,0.312",14.385120391845703,19.422353744506836,5.037233352661133,1,27.036672592163086,28.200693130493164,1.1640205383300781,1
random_006,1,13,"31.250,16.875,0.938","29.375,1.875,2.188",12.797388076782227,13.41954231262207,0.6221542358398438,1,18.602548599243164,19.91924476623535,1.3166961669921875,1
random_006,1,14,"31.250,16.875,0.938","35.000,16.875,0.312",6.4774980545043945,7.365446090698242,0.8879480361938477,1,10.867792129516602,11.24649429321289,0.37870216369628906,1
random_006,1,15,"31.250,16.875,0.938","3.750,33.125,2.188",19.629013061523438,22.14961051940918,2.520597457885742,1,24.406679153442383,27.05458641052246,2.647907257080078,1
random_006,1,16,"31.250,16.875,0.938","25.000,8.125,1.562",16.239078521728516,16.59747314453125,0.3583946228027344,1,22.636734008789062,22.62932014465332,0.0074138641357421875,1
random_006,1,17,"31.250,16.875,0.938","26.250,35.000,2.188",17.884521484375,13.863466262817383,4.021055221557617,1,28.14583396911621,24.450286865234375,3.695547103881836,1
random_006,1,18,"31.250,16.875,0.938","16.250,19.375,0.938",13.993341445922852,14.422561645507812,0.42922019958496094,1,21.265483856201172,21.479278564453125,0.21379470825195312,1
random_006,1,19,"31.250,16.875,0.938","33.125,23.125,2.188",9.268234252929688,8.898168563842773,0.37006568908691406,1,14.936200141906738,14.684212684631348,0.2519874572753906,1
random_006,1,20,"31.250,16.875,0.938","17.500,2.500,0.312",21.739990234375,25.56389617919922,3.8239059448242188,1,27.561960220336914,30.49529266357422,2.9333324432373047,1
random_006,1,21,"31.250,16.875,0.938","37.500,36.875,0.312",13.224355697631836,16.331806182861328,3.107450485229492,1,17.831775665283203,21.28578758239746,3.454011917114258,1
random_006,1,22,"31.250,16.875,0.938","6.250,34.375,0.312",19.580429077148438,21.368349075317383,1.7879199981689453,1,25.208683013916016,28.5606689453125,3.3519859313964844,1
random_006,1,23,"31.250,16.875,0.938","13.750,23.750,1.562",18.50941276550293,20.287986755371094,1.778573989868164,1,32.55821990966797,29.177080154418945,3.3811397552490234,1
random_006,1,24,"31.250,16.875,0.938","31.250,35.000,0.312",11.976317405700684,11.824848175048828,0.15146923065185547,1,18.038766860961914,19.925315856933594,1.8865489959716797,1
random_006,1,25,"31.250,16.875,0.938","5.000,30.625,2.188",22.109586715698242,22.64409828186035,0.5345115661621094,1,29.08849334716797,34.548194885253906,5.4597015380859375,1
random_006,1,26,"31.250,16.875,0.938","12.500,30.000,0.938",13.917243957519531,19.774261474609375,5.857017517089844,1,32.19563674926758,28.699951171875,3.495685577392578,1
random_006,1,27,"31.250,16.875,0.938","33.750,4.375,0.938",12.963327407836914,13.696928024291992,0.7336006164550781,1,17.94766616821289,19.82694435119629,1.8792781829833984,1
random_006,1,28,"31.250,16.875,0.938","20.625,36.250,1.562",20.750104904174805,25.954574584960938,5.204469680786133,1,33.32593536376953,36.050113677978516,2.7241783142089844,1
random_006,1,29,"31.250,16.875,0.938","1.250,33.125,0.312",20.84747314453125,21.819923400878906,0.9724502563476562,1,23.118680953979492,25.48193359375,2.363252639770508,1
random_006,2,3,"30.000,28.125,1.562","28.125,8.125,0.312",15.400256156921387,20.416160583496094,5.015904426574707,1,25.46919822692871,25.275304794311523,0.1938934326171875,1
random_006,2,4,"30.000,28.125,1.562","38.125,32.500,0.938",9.831188201904297,11.728707313537598,1.8975191116333008,1,19.074357986450195,19.18770408630371,0.11334609985351562,1
random_006,2,5,"30.000,28.125,1.562","26.250,27.500,0.312",4.885190963745117,5.773602485656738,0.8884115219116211,1,10.986696243286133,11.329453468322754,0.3427572250366211,1
random_006,2,6,"30.000,28.125,1.562","21.875,16.875,1.562",17.908836364746094,23.803974151611328,5.895137786865234,1,28.176517486572266,30.970674514770508,2.794157028198242,1
random_006,2,7,"30.000,28.125,1.562","33.750,5.625,1.562",8.481998443603516,21.03670310974121,12.554704666137695,1,22.341567993164062,23.25870704650879,0.9171390533447266,1
random_006,2,8,"30.000,28.125,1.562","16.250,30.000,0.938",10.162336349487305,10.483175277709961,0.32083892822265625,1,16.225234985351562,15.203596115112305,1.0216388702392578,1
random_006,2,9,"30.000,28.125,1.562","13.125,20.000,2.188",14.30005168914795,17.687419891357422,3.3873682022094727,1,16.69399642944336,17.589384078979492,0.8953876495361328,1
random_006,2,10,"30.000,28.125,1.562","13.125,34.375,1.562",9.869038581848145,12.764196395874023,2.895157814025879,1,14.955714225769043,14.525527000427246,0.4301872253417969,1
random_006,2,11,"30.000,28.125,1.562","30.625,37.500,0.312",10.217899322509766,11.115447998046875,0.8975486755371094,1,17.139787673950195,17.59596061706543,0.4561729431152344,1
random_006,2,12,"30.000,28.125,1.562","13.125,35.000,0.312",10.697681427001953,13.280969619750977,2.5832881927490234,1,14.074285507202148,15.144400596618652,1.070115089416504,1
random_006,2,13,"30.000,28.125,1.562","29.375,1.875,2.188",11.05700397491455,22.201175689697266,11.144171714782715,1,22.341033935546875,29.579580307006836,7.238546371459961,1
random_006,2,14,"30.000,28.125,1.562","35.000,16.875,0.312",11.219917297363281,13.28104019165039,2.0611228942871094,1,19.459144592285156,20.91931915283203,1.460174560546875,1
random_006,2,15,"30.000,28.125,1.562","3.750,33.125,2.188",15.965075492858887,11.531850814819336,4.433224678039551,1,9.573261260986328,9.544233322143555,0.029027938842773438,1
random_006,2,16,"30.000,28.125,1.562","25.000,8.125,1.562",19.603271484375,22.859619140625,3.25634765625,1,19.966754913330078,19.109731674194336,0.8570232391357422,1
random_006,2,17,"30.000,28.125,1.562","26.250,35.000,2.188",11.04747200012207,11.143019676208496,0.09554767608642578,1,17.024734497070312,18.62769889831543,1.6029644012451172,1
random_006,2,18,"30.000,28.125,1.562","16.250,19.375,0.938",17.659496307373047,21.75115394592285,4.091657638549805,1,27.991443634033203,26.7418270111084,1.2496166229248047,1
random_006,2,19,"30.000,28.125,1.562","33.125,23.125,2.188",9.257331848144531,7.42237663269043,1.8349552154541016,1,15.506352424621582,15.928433418273926,0.42208099365234375,1
random_006,2,20,"30.000,28.125,1.562","17.500,2.500,0.312",16.325450897216797,27.580698013305664,11.255247116088867,1,33.74260711669922,29.693016052246094,4.049591064453125,1
random_006,2,21,"30.000,28.125,1.562","37.500,36.875,0.312",8.792009353637695,11.533570289611816,2.741560935974121,1,17.842397689819336,17.32575225830078,0.5166454315185547,1
random_006,2,22,"30.000,28.125,1.562","6.250,34.375,0.312",15.917840957641602,11.856014251708984,4.061826705932617,1,11.667980194091797,9.871222496032715,1.796757698059082,1
random_006,2,23,"30.000,28.125,1.562","13.750,23.750,1.562",11.747880935668945,14.247817039489746,2.499936103820801,1,19.795124053955078,16.842906951904297,2.9522171020507812,1
random_006,2,24,"30.000,28.125,1.562","31.250,35.000,0.312",7.789024353027344,9.87429428100586,2.0852699279785156,1,14.53520393371582,14.316448211669922,0.21875572204589844,1
random_006,2,25,"30.000,28.125,1.562","5.000,30.625,2.188",17.195589065551758,12.690092086791992,4.505496978759766,1,22.31770896911621,9.290390014648438,13.027318954467773,1
random_006,2,26,"30.000,28.125,1.562","12.500,30.000,0.938",9.97317886352539,12.912738800048828,2.9395599365234375,1,17.80816650390625,17.823760986328125,0.015594482421875,1
random_006,2,27,"30.000,28.125,1.562","33.750,4.375,0.938",8.382058143615723,21.244766235351562,12.86270809173584,1,19.367565155029297,19.950721740722656,0.5831565856933594,1
random_006,2,28,"30.000,28.125,1.562","20.625,36.250,1.562",16.281091690063477,15.117753982543945,1.1633377075195312,1,20.024158477783203,22.46115493774414,2.4369964599609375,1
random_006,2,29,"30.000,28.125,1.562","1.250,33.125,0.312",16.315898895263672,11.727211952209473,4.588686943054199,1,8.873089790344238,10.707418441772461,1.8343286514282227,1
random_006,3,4,"28.125,8.125,0.312","38.125,32.500,0.938",11.202617645263672,16.00196075439453,4.799343109130859,1,23.616493225097656,16.905500411987305,6.710992813110352,1
random_006,3,5,"28.125,8.125,0.312","26.250,27.500,0.312",23.2302188873291,19.83844757080078,3.3917713165283203,1,26.37255096435547,24.239238739013672,2.133312225341797,1
random_006,3,6,"28.125,8.125,0.312","21.875,16.875,1.562",18.478944778442383,22.162586212158203,3.6836414337158203,1,31.590312957763672,33.53672409057617,1.9464111328125,1
random_006,3,7,"28.125,8.125,0.312","33.750,5.625,1.562",10.484638214111328,10.668840408325195,0.1842021942138672,1,16.364099502563477,16.289119720458984,0.07497978210449219,1
random_006,3,8,"28.125,8.125,0.312","16.250,30.000,0.938",19.167335510253906,27.529312133789062,8.361976623535156,1,35.79249954223633,35.227867126464844,0.5646324157714844,1
random_006,3,9,"28.125,8.125,0.312","13.125,20.000,2.188",16.72572898864746,21.32740592956543,4.601676940917969,1,25.91304588317871,25.13814353942871,0.77490234375,1
random_006,3,10,"28.125,8.125,0.312","13.125,34.375,1.562",17.15140151977539,26.3363037109375,9.18490219116211,1,37.21885681152344,30.90460968017578,6.314247131347656,1
random_006,3,11,"28.125,8.125,0.312","30.625,37.500,0.312",19.865659713745117,21.198448181152344,1.3327884674072266,1,19.129310607910156,22.26302146911621,3.1337108612060547,1
random_006,3,12,"28.125,8.125,0.312","13.125,35.000,0.312",17.1181697845459,25.936891555786133,8.818721771240234,1,34.633941650390625,35.659969329833984,1.0260276794433594,1
random_006,3,13,"28.125,8.125,0.312","29.375,1.875,2.188",9.825202941894531,9.862804412841797,0.037601470947265625,1,14.896116256713867,14.645633697509766,0.25048255920410156,1
random_006,3,14,"28.125,8.125,0.312","35.000,16.875,0.312",13.522577285766602,15.850452423095703,2.3278751373291016,1,16.366619110107422,17.04407501220703,0.6774559020996094,1
random_006,3,15,"28.125,8.125,0.312","3.750,33.125,2.188",21.303939819335938,26.162281036376953,4.858341217041016,1,30.005752563476562,29.122413635253906,0.8833389282226562,1
random_006,3,16,"28.125,8.125,0.312","25.000,8.125,1.562",5.8307600021362305,4.794731140136719,1.0360288619995117,1,10.334912300109863,10.498791694641113,0.16387939453125,1
random_006,3,17,"28.125,8.125,0.312","26.250,35.000,2.188",25.856735229492188,22.743755340576172,3.1129798889160156,1,23.07099151611328,22.126235961914062,0.9447555541992188,1
random_006,3,18,"28.125,8.125,0.312","16.250,19.375,0.938",16.490394592285156,23.404937744140625,6.914543151855469,1,24.091508865356445,26.432907104492188,2.341398239135742,1
random_006,3,19,"28.125,8.125,0.312","33.125,23.125,2.188",13.24533748626709,13.189812660217285,0.05552482604980469,1,18.592918395996094,19.648479461669922,1.0555610656738281,1
random_006,3,20,"28.125,8.125,0.312","17.500,2.500,0.312",12.574827194213867,13.316682815551758,0.7418556213378906,1,17.673076629638672,17.371570587158203,0.30150604248046875,1
random_006,3,21,"28.125,8.125,0.312","37.500,36.875,0.312",16.073034286499023,21.019657135009766,4.946622848510742,1,19.393505096435547,19.63663673400879,0.2431316375732422,1
random_006,3,22,"28.125,8.125,0.312","6.250,34.375,0.312",21.435949325561523,25.751750946044922,4.315801620483398,1,29.11383628845215,27.633256912231445,1.4805793762207031,1
random_006,3,23,"28.125,8.125,0.312","13.750,23.750,1.562",20.45352554321289,25.82705307006836,5.373527526855469,1,38.93647003173828,38.24694061279297,0.6895294189453125,1
random_006,3,24,"28.125,8.125,0.312","31.250,35.000,0.312",20.70012664794922,18.56839942932129,2.1317272186279297,1,18.052831649780273,17.64719009399414,0.4056415557861328,1
random_006,3,25,"28.125,8.125,0.312","5.000,30.625,2.188",21.999244689941406,25.560028076171875,3.5607833862304688,1,28.065763473510742,30.46851348876953,2.402750015258789,1
random_006,3,26,"28.125,8.125,0.312","12.500,30.000,0.938",19.11348533630371,26.538991928100586,7.425506591796875,1,32.51001739501953,30.14177703857422,2.3682403564453125,1
random_006,3,27,"28.125,8.125,0.312","33.750,4.375,0.938",10.952692031860352,11.053606986999512,0.10091495513916016,1,17.579181671142578,16.96061897277832,0.6185626983642578,1
random_006,3,28,"28.125,8.125,0.312","20.625,36.250,1.562",20.54532241821289,28.820335388183594,8.275012969970703,1,35.183311462402344,39.55132293701172,4.368011474609375,1
random_006,3,29,"28.125,8.125,0.312","1.250,33.125,0.312",20.32245635986328,24.301483154296875,3.9790267944335938,1,27.581087112426758,28.36454963684082,0.7834625244140625,1
random_006,4,5,"38.125,32.500,0.938","26.250,27.500,0.312",13.734216690063477,10.829851150512695,2.9043655395507812,1,17.026107788085938,18.004404067993164,0.9782962799072266,1
random_006,4,6,"38.125,32.500,0.938","21.875,16.875,1.562",24.842985153198242,30.61159896850586,5.768613815307617,1,37.67268371582031,30.583133697509766,7.089550018310547,1
random_006,4,7,"38.125,32.500,0.938","33.750,5.625,1.562",8.781007766723633,7.088044166564941,1.6929636001586914,1,20.50606918334961,17.53575897216797,2.9703102111816406,1
random_006,4,8,"38.125,32.500,0.938","16.250,30.000,0.938",13.132306098937988,12.746657371520996,0.3856487274169922,1,18.058364868164062,20.551837921142578,2.4934730529785156,1
random_006,4,9,"38.125,32.500,0.938","13.125,20.000,2.188",19.532888412475586,20.68785858154297,1.1549701690673828,1,26.711484909057617,31.123706817626953,4.412221908569336,1
random_006,4,10,"38.125,32.500,0.938","13.125,34.375,1.562",10.540033340454102,10.389968872070312,0.15006446838378906,1,32.350467681884766,22.838573455810547,9.511894226074219,1
random_006,4,11,"38.125,32.500,0.938","30.625,37.500,0.312",9.825506210327148,9.020540237426758,0.8049659729003906,1,14.584856986999512,13.36064338684082,1.2242136001586914,1
random_006,4,12,"38.125,32.500,0.938","13.125,35.000,0.312",11.653325080871582,12.712430953979492,1.0591058731079102,1,22.415313720703125,23.579139709472656,1.1638259887695312,1
random_006,4,13,"38.125,32.500,0.938","29.375,1.875,2.188",10.814264297485352,7.50410795211792,3.3101563453674316,1,16.729511260986328,16.457216262817383,0.2722949981689453,1
random_006,4,14,"38.125,32.500,0.938","35.000,16.875,0.312",11.210103988647461,11.818543434143066,0.6084394454956055,1,16.655927658081055,16.581798553466797,0.07412910461425781,1
random_006,4,15,"38.125,32.500,0.938","3.750,33.125,2.188",12.47624397277832,11.140731811523438,1.3355121612548828,1,40.07683563232422,15.608404159545898,24.46843147277832,1
random_006,4,16,"38.125,32.500,0.938","25.000,8.125,1.562",19.469161987304688,16.76861572265625,2.7005462646484375,1,24.052532196044922,25.35919761657715,1.3066654205322266,1
random_006,4,17,"38.125,32.500,0.938","26.250,35.000,2.188",9.58071517944336,8.72020435333252,0.8605108261108398,1,14.047122955322266,13.76851749420166,0.27860546112060547,1
random_006,4,18,"38.125,32.500,0.938","16.250,19.375,0.938",22.44457244873047,25.405757904052734,2.9611854553222656,1,34.75681686401367,31.625097274780273,3.1317195892333984,1
random_006,4,19,"38.125,32.500,0.938","33.125,23.125,2.188",15.018561363220215,12.600226402282715,2.4183349609375,1,22.191978454589844,19.585124969482422,2.606853485107422,1
random_006,4,20,"38.125,32.500,0.938","17.500,2.500,0.312",19.67569923400879,22.254955291748047,2.579256057739258,1,26.863313674926758,21.404098510742188,5.45921516418457,1
random_006,4,21,"38.125,32.500,0.938","37.500,36.875,0.312",6.090553283691406,5.8351898193359375,0.25536346435546875,1,8.965397834777832,9.307867050170898,0.3424692153930664,1
random_006,4,22,"38.125,32.500,0.938","6.250,34.375,0.312",11.087615013122559,11.17628288269043,0.0886678695678711,1,17.63019371032715,18.70267105102539,1.0724773406982422,1
random_006,4,23,"38.125,32.500,0.938","13.750,23.750,1.562",15.982900619506836,17.228851318359375,1.245950698852539,1,28.8350887298584,27.69468879699707,1.1403999328613281,1
random_006,4,24,"38.125,32.500,0.938","31.250,35.000,0.312",10.011808395385742,8.357765197753906,1.654043197631836,1,14.14750862121582,13.941926002502441,0.2055826187133789,1
random_006,4,25,"38.125,32.500,0.938","5.000,30.625,2.188",15.150680541992188,13.024944305419922,2.1257362365722656,1,18.49139404296875,27.352140426635742,8.860746383666992,1
random_006,4,26,"38.125,32.500,0.938","12.500,30.000,0.938",12.818502426147461,14.194807052612305,1.3763046264648438,1,25.205965042114258,26.647336959838867,1.4413719177246094,1
random_006,4,27,"38.125,32.500,0.938","33.750,4.375,0.938",8.83985710144043,6.809483528137207,2.0303735733032227,1,17.874141693115234,16.991409301757812,0.8827323913574219,1
random_006,4,28,"38.125,32.500,0.938","20.625,36.250,1.562",10.97697639465332,10.553990364074707,0.4229860305786133,1,13.586798667907715,14.208243370056152,0.6214447021484375,1
random_006,4,29,"38.125,32.500,0.938","1.250,33.125,0.312",12.240301132202148,12.542717933654785,0.3024168014526367,1,7.435905933380127,7.1806960105896,0.25520992279052734,1
random_006,5,6,"26.250,27.500,0.312","21.875,16.875,1.562",14.125429153442383,21.202030181884766,7.076601028442383,1,27.035417556762695,24.566476821899414,2.4689407348632812,1
random_006,5,7,"26.250,27.500,0.312","33.750,5.625,1.562",10.456384658813477,20.675212860107422,10.218828201293945,1,21.296432495117188,20.968685150146484,0.3277473449707031,1
random_006,5,8,"26.250,27.500,0.312","16.250,30.000,0.938",9.372827529907227,12.278094291687012,2.905266761779785,1,14.751174926757812,17.563640594482422,2.8124656677246094,1
random_006,5,9,"26.250,27.500,0.312","13.125,20.000,2.188",12.485286712646484,17.68695640563965,5.201669692993164,1,23.318668365478516,23.605487823486328,0.2868194580078125,1
random_006,5,10,"26.250,27.500,0.312","13.125,34.375,1.562",10.073386192321777,14.58010196685791,4.506715774536133,1,16.46771812438965,26.41781997680664,9.950101852416992,1
random_006,5,11,"26.250,27.500,0.312","30.625,37.500,0.312",10.988365173339844,13.634872436523438,2.6465072631835938,1,17.347000122070312,18.077150344848633,0.7301502227783203,1
random_006,5,12,"26.250,27.500,0.312","13.125,35.000,0.312",10.776504516601562,15.556258201599121,4.779753684997559,1,19.56512451171875,25.996166229248047,6.431041717529297,1
random_006,5,13,"26.250,27.500,0.312","29.375,1.875,2.188",16.871061325073242,22.6903018951416,5.819240570068359,1,17.776811599731445,27.046293258666992,9.269481658935547,1
random_006,5,14,"26.250,27.500,0.312","35.000,16.875,0.312",12.691969871520996,15.57524299621582,2.883273124694824,1,21.36599349975586,21.890064239501953,0.5240707397460938,1
random_006,5,15,"26.250,27.500,0.312","3.750,33.125,2.188",16.68448829650879,14.239237785339355,2.4452505111694336,1,14.785463333129883,13.279080390930176,1.506382942199707,1
random_006,5,16,"26.250,27.500,0.312","25.000,8.125,1.562",23.034343719482422,27.066879272460938,4.032535552978516,1,22.83785057067871,24.869192123413086,2.031341552734375,1
random_006,5,17,"26.250,27.500,0.312","26.250,35.000,2.188",8.53235912322998,9.678218841552734,1.145859718322754,1,16.388124465942383,16.69452476501465,0.3064002990722656,1
random_006,5,18,"26.250,27.500,0.312","16.250,19.375,0.938",13.034607887268066,20.374784469604492,7.340176582336426,1,24.938386917114258,25.377788543701172,0.43940162658691406,1
random_006,5,19,"26.250,27.500,0.312","33.125,23.125,2.188",11.697921752929688,11.18598747253418,0.5119342803955078,1,20.494626998901367,19.913230895996094,0.5813961029052734,1
random_006,5,20,"26.250,27.500,0.312","17.500,2.500,0.312",12.111778259277344,26.700458526611328,14.588680267333984,1,27.422340393066406,26.354875564575195,1.067464828491211,1
random_006,5,21,"26.250,27.500,0.312","37.500,36.875,0.312",9.507135391235352,12.318805694580078,2.8116703033447266,1,13.001051902770996,12.613740921020508,0.3873109817504883,1
random_006,5,22,"26.250,27.500,0.312","6.250,34.375,0.312",16.235946655273438,13.928670883178711,2.3072757720947266,1,11.94422721862793,14.42806339263916,2.4838361740112305,1
random_006,5,23,"26.250,27.500,0.312","13.750,23.750,1.562",10.749252319335938,15.956068992614746,5.206816673278809,1,17.985055923461914,18.984867095947266,0.9998111724853516,1
random_006,5,24,"26.250,27.500,0.312","31.250,35.000,0.312",11.465700149536133,13.479392051696777,2.0136919021606445,1,21.309673309326172,20.825183868408203,0.48448944091796875,1
random_006,5,25,"26.250,27.500,0.312","5.000,30.625,2.188",17.076448440551758,15.374324798583984,1.7021236419677734,1,12.696064949035645,10.952648162841797,1.7434167861938477,1
random_006,5,26,"26.250,27.500,0.312","12.500,30.000,0.938",8.793292999267578,15.309412002563477,6.516119003295898,1,17.823331832885742,33.02348327636719,15.200151443481445,1
random_006,5,27,"26.250,27.500,0.312","33.750,4.375,0.938",11.016317367553711,21.616884231567383,10.600566864013672,1,19.845890045166016,20.628183364868164,0.7822933197021484,1
random_006,5,28,"26.250,27.500,0.312","20.625,36.250,1.562",12.609990119934082,14.428085327148438,1.8180952072143555,1,23.70406723022461,24.182748794555664,0.4786815643310547,1
random_006,5,29,"26.250,27.500,0.312","1.250,33.125,0.312",17.711864471435547,13.921500205993652,3.7903642654418945,1,12.735516548156738,13.624131202697754,0.8886146545410156,1
random_006,6,7,"21.875,16.875,1.562","33.750,5.625,1.562",23.97229766845703,21.73302459716797,2.2392730712890625,1,32.17275619506836,35.74245834350586,3.5697021484375,1
random_006,6,8,"21.875,16.875,1.562","16.250,30.000,0.938",13.469572067260742,11.93600082397461,1.5335712432861328,1,22.48686981201172,24.176998138427734,1.6901283264160156,1
random_006,6,9,"21.875,16.875,1.562","13.125,20.000,2.188",11.650202751159668,10.693557739257812,0.9566450119018555,1,19.141080856323242,18.853132247924805,0.2879486083984375,1
random_006,6,10,"21.875,16.875,1.562","13.125,34.375,1.562",14.066969871520996,11.28087043762207,2.786099433898926,1,20.91802215576172,21.831262588500977,0.9132404327392578,1
random_006,6,11,"21.875,16.875,1.562","30.625,37.500,0.312",26.628402709960938,22.799823760986328,3.8285789489746094,1,33.958641052246094,19.821481704711914,14.13715934753418,1
random_006,6,12,"21.875,16.875,1.562","13.125,35.000,0.312",13.924171447753906,11.40499496459961,2.519176483154297,1,19.462970733642578,19.50555419921875,0.042583465576171875,1
random_006,6,13,"21.875,16.875,1.562","29.375,1.875,2.188",23.138917922973633,19.648868560791016,3.490049362182617,1,34.3284797668457,38.61155319213867,4.283073425292969,1
random_006,6,14,"21.875,16.875,1.562","35.000,16.875,0.312",13.596794128417969,13.985790252685547,0.3889961242675781,1,22.181140899658203,22.81238555908203,0.6312446594238281,1
random_006,6,15,"21.875,16.875,1.562","3.750,33.125,2.188",16.902816772460938,18.86520767211914,1.9623908996582031,1,23.01949119567871,25.851421356201172,2.831930160522461,1
random_006,6,16,"21.875,16.875,1.562","25.000,8.125,1.562",17.331212997436523,14.135986328125,3.1952266693115234,1,24.512985229492188,23.218626022338867,1.2943592071533203,1
random_006,6,17,"21.875,16.875,1.562","26.250,35.000,2.188",26.799972534179688,18.391033172607422,8.408939361572266,1,31.56793785095215,24.423843383789062,7.144094467163086,1
random_006,6,18,"21.875,16.875,1.562","16.250,19.375,0.938",9.081350326538086,8.988161087036133,0.09318923950195312,1,14.386048316955566,13.897708892822266,0.4883394241333008,1
random_006,6,19,"21.875,16.875,1.562","33.125,23.125,2.188",16.650421142578125,16.627723693847656,0.02269744873046875,1,22.916946411132812,24.85480308532715,1.937856674194336,1
random_006,6,20,"21.875,16.875,1.562","17.500,2.500,0.312",11.966521263122559,11.445475578308105,0.5210456848144531,1,16.477405548095703,18.792757034301758,2.3153514862060547,1
random_006,6,21,"21.875,16.875,1.562","37.500,36.875,0.312",26.199031829833984,21.909317016601562,4.289714813232422,1,39.087806701660156,35.37737274169922,3.7104339599609375,1
random_006,6,22,"21.875,16.875,1.562","6.250,34.375,0.312",17.78586196899414,18.530141830444336,0.7442798614501953,1,26.82878303527832,25.87030792236328,0.9584751129150391,1
random_006,6,23,"21.875,16.875,1.562","13.750,23.750,1.562",12.2456636428833,11.282121658325195,0.9635419845581055,1,20.61882781982422,18.82848358154297,1.79034423828125,1
random_006,6,24,"21.875,16.875,1.562","31.250,35.000,0.312",27.941787719726562,23.31037712097168,4.631410598754883,1,29.985729217529297,30.354040145874023,0.36831092834472656,1
random_006,6,25,"21.875,16.875,1.562","5.000,30.625,2.188",18.235801696777344,18.04619598388672,0.189605712890625,1,28.014442443847656,27.57570457458496,0.4387378692626953,1
random_006,6,26,"21.875,16.875,1.562","12.500,30.000,0.938",13.487479209899902,11.818330764770508,1.6691484451293945,1,20.481792449951172,21.70028305053711,1.2184906005859375,1
random_006,6,27,"21.875,16.875,1.562","33.750,4.375,0.938",24.94335174560547,21.517562866210938,3.4257888793945312,1,36.88488006591797,36.415130615234375,0.46974945068359375,1
random_006,6,28,"21.875,16.875,1.562","20.625,36.250,1.562",12.393503189086914,12.210062026977539,0.183441162109375,1,20.108592987060547,20.7166690826416,0.6080760955810547,1
random_006,6,29,"21.875,16.875,1.562","1.250,33.125,0.312",16.912004470825195,18.544147491455078,1.6321430206298828,1,17.854398727416992,22.433088302612305,4.5786895751953125,1
random_006,7,8,"33.750,5.625,1.562","16.250,30.000,0.938",22.713762283325195,22.726909637451172,0.013147354125976562,1,36.317413330078125,34.189056396484375,2.12835693359375,1
random_006,7,9,"33.750,5.625,1.562","13.125,20.000,2.188",20.934890747070312,21.360334396362305,0.4254436492919922,1,28.300493240356445,28.362520217895508,0.0620269775390625,1
random_006,7,10,"33.750,5.625,1.562","13.125,34.375,1.562",18.863603591918945,21.240276336669922,2.3766727447509766,1,29.771581649780273,28.4885311126709,1.283050537109375,1
random_006,7,11,"33.750,5.625,1.562","30.625,37.500,0.312",15.799911499023438,8.570587158203125,7.2293243408203125,1,23.924556732177734,25.614789962768555,1.6902332305908203,1
random_006,7,12,"33.750,5.625,1.562","13.125,35.000,0.312",18.922569274902344,21.416698455810547,2.494129180908203,1,28.778852462768555,30.106033325195312,1.3271808624267578,1
random_006,7,13,"33.750,5.625,1.562","29.375,1.875,2.188",8.713799476623535,8.74238395690918,0.02858448028564453,1,14.49776840209961,14.096782684326172,0.4009857177734375,1
random_006,7,14,"33.750,5.625,1.562","35.000,16.875,0.312",11.179479598999023,12.708966255187988,1.5294866561889648,1,16.94703483581543,16.485044479370117,0.4619903564453125,1
random_006,7,15,"33.750,5.625,1.562","3.750,33.125,2.188",20.016992568969727,21.192493438720703,1.1755008697509766,1,31.60552978515625,25.156627655029297,6.448902130126953,1
random_006,7,16,"33.750,5.625,1.562","25.000,8.125,1.562",12.05915355682373,12.485147476196289,0.4259939193725586,1,16.741334915161133,16.832618713378906,0.09128379821777344,1
random_006,7,17,"33.750,5.625,1.562","26.250,35.000,2.188",22.005674362182617,12.511211395263672,9.494462966918945,1,23.506145477294922,25.865314483642578,2.3591690063476562,1
random_006,7,18,"33.750,5.625,1.562","16.250,19.375,0.938",22.562482833862305,23.887699127197266,1.325216293334961,1,31.566661834716797,28.825725555419922,2.740936279296875,1
random_006,7,19,"33.750,5.625,1.562","33.125,23.125,2.188",11.372186660766602,10.60959243774414,0.7625942230224609,1,20.860017776489258,19.0333251953125,1.8266925811767578,1
random_006,7,20,"33.750,5.625,1.562","17.500,2.500,0.312",11.739424705505371,13.255006790161133,1.5155820846557617,1,13.723562240600586,14.706597328186035,0.9830350875854492,1
random_006,7,21,"33.750,5.625,1.562","37.500,36.875,0.312",10.815481185913086,8.73347282409668,2.0820083618164062,1,16.69605827331543,16.473247528076172,0.2228107452392578,1
random_006,7,22,"33.750,5.625,1.562","6.250,34.375,0.312",19.996192932128906,20.304302215576172,0.3081092834472656,1,29.94557762145996,28.492107391357422,1.453470230102539,1
random_006,7,23,"33.750,5.625,1.562","13.750,23.750,1.562",22.714763641357422,23.42807388305664,0.7133102416992188,1,28.525117874145508,27.344518661499023,1.1805992126464844,1
random_006,7,24,"33.750,5.625,1.562","31.250,35.000,0.312",17.770004272460938,8.509029388427734,9.260974884033203,1,18.99834442138672,16.244314193725586,2.754030227661133,1
random_006,7,25,"33.750,5.625,1.562","5.000,30.625,2.188",21.973873138427734,21.53078269958496,0.44309043884277344,1,26.429088592529297,20.987245559692383,5.441843032836914,1
random_006,7,26,"33.750,5.625,1.562","12.500,30.000,0.938",20.78955841064453,21.071258544921875,0.28170013427734375,1,34.389854431152344,34.16830062866211,0.22155380249023438,1
random_006,7,27,"33.750,5.625,1.562","33.750,4.375,0.938",1.8158998489379883,3.2571544647216797,1.4412546157836914,1,5.191183567047119,5.131521701812744,0.059661865234375,1
random_006,7,28,"33.750,5.625,1.562","20.625,36.250,1.562",19.394195556640625,24.60265350341797,5.208457946777344,1,42.54399108886719,36.35310363769531,6.190887451171875,1
random_006,7,29,"33.750,5.625,1.562","1.250,33.125,0.312",20.57284927368164,20.823373794555664,0.25052452087402344,1,25.35064697265625,25.019611358642578,0.3310356140136719,1
random_006,8,9,"16.250,30.000,0.938","13.125,20.000,2.188",11.21692943572998,11.617878913879395,0.40094947814941406,1,19.613197326660156,19.210790634155273,0.4024066925048828,1
random_006,8,10,"16.250,30.000,0.938","13.125,34.375,1.562",8.172016143798828,7.333588600158691,0.8384275436401367,1,12.527382850646973,12.497926712036133,0.029456138610839844,1
random_006,8,11,"16.250,30.000,0.938","30.625,37.500,0.312",11.901555061340332,12.199853897094727,0.29829883575439453,1,18.085691452026367,18.702566146850586,0.6168746948242188,1
random_006,8,12,"16.250,30.000,0.938","13.125,35.000,0.312",8.869324684143066,7.95020055770874,0.9191241264343262,1,14.093934059143066,14.281953811645508,0.1880197525024414,1
random_006,8,13,"16.250,30.000,0.938","29.375,1.875,2.188",24.55298614501953,19.21747398376465,5.335512161254883,1,29.18022346496582,27.11060333251953,2.069620132446289,1
random_006,8,14,"16.250,30.000,0.938","35.000,16.875,0.312",17.90142822265625,18.099145889282227,0.19771766662597656,1,33.82999038696289,30.064592361450195,3.7653980255126953,1
random_006,8,15,"16.250,30.000,0.938","3.750,33.125,2.188",11.174127578735352,9.992801666259766,1.181325912475586,1,14.336000442504883,15.873100280761719,1.537099838256836,1
random_006,8,16,"16.250,30.000,0.938","25.000,8.125,1.562",23.493846893310547,15.146653175354004,8.347193717956543,1,36.05862808227539,32.76122283935547,3.297405242919922,1
random_006,8,17,"16.250,30.000,0.938","26.250,35.000,2.188",12.213163375854492,11.559219360351562,0.6539440155029297,1,11.883122444152832,16.67717933654785,4.7940568923950195,1
random_006,8,18,"16.250,30.000,0.938","16.250,19.375,0.938",13.282577514648438,12.447115898132324,0.8354616165161133,1,20.85281753540039,21.414308547973633,0.5614910125732422,1
random_006,8,19,"16.250,30.000,0.938","33.125,23.125,2.188",18.987260818481445,17.306928634643555,1.6803321838378906,1,26.488399505615234,26.82146644592285,0.3330669403076172,1
random_006,8,20,"16.250,30.000,0.938","17.500,2.500,0.312",12.900837898254395,14.62293815612793,1.7221002578735352,1,24.8902530670166,22.031768798828125,2.8584842681884766,1
random_006,8,21,"16.250,30.000,0.938","37.500,36.875,0.312",11.634237289428711,12.258284568786621,0.6240472793579102,1,17.9240779876709,16.563852310180664,1.3602256774902344,1
random_006,8,22,"16.250,30.000,0.938","6.250,34.375,0.312",11.124610900878906,9.555734634399414,1.5688762664794922,1,17.821142196655273,17.969974517822266,0.1488323211669922,1
random_006,8,23,"16.250,30.000,0.938","13.750,23.750,1.562",9.352018356323242,9.723489761352539,0.3714714050292969,1,16.20958137512207,16.292692184448242,0.08311080932617188,1
random_006,8,24,"16.250,30.000,0.938","31.250,35.000,0.312",12.968839645385742,12.257974624633789,0.7108650207519531,1,16.86119270324707,18.31183624267578,1.450643539428711,1
random_006,8,25,"16.250,30.000,0.938","5.000,30.625,2.188",11.478561401367188,9.572702407836914,1.9058589935302734,1,16.07880210876465,16.764657974243164,0.6858558654785156,1
random_006,8,26,"16.250,30.000,0.938","12.500,30.000,0.938",4.7584991455078125,5.586075782775879,0.8275766372680664,1,9.877235412597656,10.180416107177734,0.3031806945800781,1
random_006,8,27,"16.250,30.000,0.938","33.750,4.375,0.938",22.224363327026367,21.051523208618164,1.1728401184082031,1,36.27537536621094,31.36908531188965,4.906290054321289,1
random_006,8,28,"16.250,30.000,0.938","20.625,36.250,1.562",9.103982925415039,8.888936996459961,0.21504592895507812,1,13.667622566223145,13.577024459838867,0.09059810638427734,1
random_006,8,29,"16.250,30.000,0.938","1.250,33.125,0.312",10.97030258178711,15.348769187927246,4.378466606140137,1,17.927505493164062,19.92095184326172,1.9934463500976562,1
random_006,9,10,"13.125,20.000,2.188","13.125,34.375,1.562",12.87204647064209,11.416501998901367,1.4555444717407227,1,20.9813175201416,21.26017189025879,0.2788543701171875,1
random_006,9,11,"13.125,20.000,2.188","30.625,37.500,0.312",22.032604217529297,18.438867568969727,3.5937366485595703,1,31.304439544677734,30.6590633392334,0.6453762054443359,1
random_006,9,12,"13.125,20.000,2.188","13.125,35.000,0.312",13.703981399536133,11.661277770996094,2.042703628540039,1,21.15752410888672,20.58238410949707,0.5751399993896484,1
random_006,9,13,"13.125,20.000,2.188","29.375,1.875,2.188",20.123836517333984,18.500934600830078,1.6229019165039062,1,26.194629669189453,29.25453758239746,3.059907913208008,1
random_006,9,14,"13.125,20.000,2.188","35.000,16.875,0.312",15.96362590789795,15.357805252075195,0.6058206558227539,1,20.11306381225586,24.75386619567871,4.640802383422852,1
random_006,9,15,"13.125,20.000,2.188","3.750,33.125,2.188",15.539006233215332,19.233379364013672,3.69437313079834,1,28.322858810424805,28.132455825805664,0.19040298461914062,1
random_006,9,16,"13.125,20.000,2.188","25.000,8.125,1.562",19.79628562927246,16.796762466430664,2.999523162841797,1,31.214590072631836,29.667659759521484,1.5469303131103516,1
random_006,9,17,"13.125,20.000,2.188","26.250,35.000,2.188",20.64657211303711,14.184232711791992,6.462339401245117,1,23.49195098876953,23.08983039855957,0.40212059020996094,1
random_006,9,18,"13.125,20.000,2.188","16.250,19.375,0.938",5.225061416625977,4.236799240112305,0.9882621765136719,1,9.748218536376953,10.143040657043457,0.3948221206665039,1
random_006,9,19,"13.125,20.000,2.188","33.125,23.125,2.188",13.250982284545898,12.375242233276367,0.8757400512695312,1,20.178083419799805,16.5029354095459,3.6751480102539062,1
random_006,9,20,"13.125,20.000,2.188","17.500,2.500,0.312",14.390735626220703,16.289710998535156,1.8989753723144531,1,22.94171142578125,21.883249282836914,1.058462142944336,1
random_006,9,21,"13.125,20.000,2.188","37.500,36.875,0.312",19.24917221069336,18.53199005126953,0.7171821594238281,1,22.64942741394043,24.597476959228516,1.948049545288086,1
random_006,9,22,"13.125,20.000,2.188","6.250,34.375,0.312",15.442303657531738,18.1610107421875,2.7187070846557617,1,28.308271408081055,27.89322853088379,0.4150428771972656,1
random_006,9,23,"13.125,20.000,2.188","13.750,23.750,1.562",6.051325798034668,5.848899841308594,0.20242595672607422,1,10.206006050109863,10.329044342041016,0.12303829193115234,1
random_006,9,24,"13.125,20.000,2.188","31.250,35.000,0.312",22.940616607666016,18.259851455688477,4.680765151977539,1,29.557964324951172,30.93706512451172,1.3791007995605469,1
random_006,9,25,"13.125,20.000,2.188","5.000,30.625,2.188",15.017897605895996,16.227510452270508,1.2096128463745117,1,27.40185546875,25.295753479003906,2.1061019897460938,1
random_006,9,26,"13.125,20.000,2.188","12.500,30.000,0.938",10.709156036376953,10.46429443359375,0.24486160278320312,1,20.047435760498047,17.76702880859375,2.280406951904297,1
random_006,9,27,"13.125,20.000,2.188","33.750,4.375,0.938",19.242324829101562,18.581838607788086,0.6604862213134766,1,28.09141731262207,26.34280776977539,1.7486095428466797,1
random_006,9,28,"13.125,20.000,2.188","20.625,36.250,1.562",12.020602226257324,14.042555809020996,2.021953582763672,1,19.281694412231445,17.999059677124023,1.2826347351074219,1
random_006,9,29,"13.125,20.000,2.188","1.250,33.125,0.312",15.719343185424805,22.43745994567871,6.718116760253906,1,22.764238357543945,22.809263229370117,0.045024871826171875,1
random_006,10,11,"13.125,34.375,1.562","30.625,37.500,0.312",14.457965850830078,12.189813613891602,2.2681522369384766,1,17.87006378173828,19.83913230895996,1.9690685272216797,1
random_006,10,12,"13.125,34.375,1.562","13.125,35.000,0.312",2.0157060623168945,1.8725166320800781,0.1431894302368164,1,4.136760234832764,4.220207691192627,0.08344745635986328,1
random_006,10,13,"13.125,34.375,1.562","29.375,1.875,2.188",21.522876739501953,16.086416244506836,5.436460494995117,1,25.786884307861328,23.092853546142578,2.69403076171875,1
random_006,10,14,"13.125,34.375,1.562","35.000,16.875,0.312",20.938631057739258,18.26918601989746,2.669445037841797,1,37.63309860229492,33.047119140625,4.585979461669922,1
random_006,10,15,"13.125,34.375,1.562","3.750,33.125,2.188",7.884566307067871,9.08090877532959,1.1963424682617188,1,13.520551681518555,14.90534782409668,1.384796142578125,1
random_006,10,16,"13.125,34.375,1.562","25.000,8.125,1.562",22.28359603881836,13.816267967224121,8.467328071594238,1,30.799297332763672,32.096824645996094,1.2975273132324219,1
random_006,10,17,"13.125,34.375,1.562","26.250,35.000,2.188",13.681974411010742,10.590999603271484,3.090974807739258,1,15.680232048034668,13.92007827758789,1.7601537704467773,1
random_006,10,18,"13.125,34.375,1.562","16.250,19.375,0.938",12.491695404052734,13.292860984802246,0.8011655807495117,1,20.304428100585938,20.870147705078125,0.5657196044921875,1
random_006,10,19,"13.125,34.375,1.562","33.125,23.125,2.188",18.10248374938965,16.111108779907227,1.9913749694824219,1,29.2778377532959,28.994396209716797,0.28344154357910156,1
random_006,10,20,"13.125,34.375,1.562","17.500,2.500,0.312",11.859737396240234,14.43942642211914,2.5796890258789062,1,19.3841552734375,20.288270950317383,0.9041156768798828,1
random_006,10,21,"13.125,34.375,1.562","37.500,36.875,0.312",13.839028358459473,11.646780967712402,2.1922473907470703,1,18.419097900390625,21.686986923217773,3.2678890228271484,1
random_006,10,22,"13.125,34.375,1.562","6.250,34.375,0.312",6.964536666870117,8.075586318969727,1.1110496520996094,1,10.954721450805664,10.72033405303955,0.23438739776611328,1
random_006,10,23,"13.125,34.375,1.562","13.750,23.750,1.562",10.68467903137207,11.642037391662598,0.9573583602905273,1,17.516759872436523,17.685752868652344,0.1689929962158203,1
random_006,10,24,"13.125,34.375,1.562","31.250,35.000,0.312",13.511388778686523,11.99740982055664,1.5139789581298828,1,17.07575225830078,20.211620330810547,3.1358680725097656,1
random_006,10,25,"13.125,34.375,1.562","5.000,30.625,2.188",9.949970245361328,9.787540435791016,0.1624298095703125,1,15.20617389678955,15.400045394897461,0.19387149810791016,1
random_006,10,26,"13.125,34.375,1.562","12.500,30.000,0.938",4.67289924621582,7.265918731689453,2.593019485473633,1,10.424111366271973,10.4757080078125,0.051596641540527344,1
random_006,10,27,"13.125,34.375,1.562","33.750,4.375,0.938",20.22574806213379,17.443544387817383,2.7822036743164062,1,23.72772216796875,26.453563690185547,2.725841522216797,1
random_006,10,28,"13.125,34.375,1.562","20.625,36.250,1.562",8.717894554138184,7.692403316497803,1.0254912376403809,1,12.64748477935791,11.877242088317871,0.7702426910400391,1
random_006,10,29,"13.125,34.375,1.562","1.250,33.125,0.312",8.050760269165039,11.479578018188477,3.4288177490234375,1,14.897916793823242,12.803384780883789,2.094532012939453,1
random_006,11,12,"30.625,37.500,0.312","13.125,35.000,0.312",13.25984001159668,14.063475608825684,0.8036355972290039,1,20.139951705932617,17.664134979248047,2.4758167266845703,1
random_006,11,13,"30.625,37.500,0.312","29.375,1.875,2.188",14.87497329711914,18.394290924072266,3.519317626953125,1,28.433746337890625,25.28630256652832,3.1474437713623047,1
random_006,11,14,"30.625,37.500,0.312","35.000,16.875,0.312",11.317689895629883,11.57411003112793,0.2564201354980469,1,17.640905380249023,21.190391540527344,3.5494861602783203,1
random_006,11,15,"30.625,37.500,0.312","3.750,33.125,2.188",16.06920623779297,18.13875389099121,2.069547653198242,1,14.816239356994629,24.455196380615234,9.638957023620605,1
random_006,11,16,"30.625,37.500,0.312","25.000,8.125,1.562",24.370868682861328,23.609676361083984,0.7611923217773438,1,18.460041046142578,21.325401306152344,2.8653602600097656,1
random_006,11,17,"30.625,37.500,0.312","26.250,35.000,2.188",5.720424652099609,6.9333086013793945,1.2128839492797852,1,10.866554260253906,10.3976469039917,0.46890735626220703,1
random_006,11,18,"30.625,37.500,0.312","16.250,19.375,0.938",18.459550857543945,22.352619171142578,3.893068313598633,1,28.5355167388916,31.938867568969727,3.403350830078125,1
random_006,11,19,"30.625,37.500,0.312","33.125,23.125,2.188",14.164047241210938,10.328291893005371,3.8357553482055664,1,17.664356231689453,18.473407745361328,0.809051513671875,1
random_006,11,20,"30.625,37.500,0.312","17.500,2.500,0.312",16.493125915527344,21.5987491607666,5.105623245239258,1,25.22574806213379,26.137487411499023,0.9117393493652344,1
random_006,11,21,"30.625,37.500,0.312","37.500,36.875,0.312",8.281148910522461,8.852548599243164,0.5713996887207031,1,12.897252082824707,12.864395141601562,0.03285694122314453,1
random_006,11,22,"30.625,37.500,0.312","6.250,34.375,0.312",16.060951232910156,17.590988159179688,1.5300369262695312,1,26.247316360473633,13.025209426879883,13.22210693359375,1
random_006,11,23,"30.625,37.500,0.312","13.750,23.750,1.562",15.773625373840332,17.149700164794922,1.3760747909545898,1,18.53765106201172,24.226320266723633,5.688669204711914,1
random_006,11,24,"30.625,37.500,0.312","31.250,35.000,0.312",5.213160514831543,5.698200225830078,0.48503971099853516,1,7.381819725036621,7.085622787475586,0.29619693756103516,1
random_006,11,25,"30.625,37.500,0.312","5.000,30.625,2.188",15.862060546875,14.235358238220215,1.6267023086547852,1,13.054187774658203,12.232298851013184,0.8218889236450195,1
random_006,11,26,"30.625,37.500,0.312","12.500,30.000,0.938",10.803003311157227,12.950882911682129,2.1478796005249023,1,20.414438247680664,31.157901763916016,10.743463516235352,1
random_006,11,27,"30.625,37.500,0.312","33.750,4.375,0.938",8.460569381713867,15.60940933227539,7.148839950561523,1,20.96361541748047,22.693830490112305,1.730215072631836,1
random_006,11,28,"30.625,37.500,0.312","20.625,36.250,1.562",9.411924362182617,10.19959545135498,0.7876710891723633,1,12.887038230895996,12.53208065032959,0.35495758056640625,1
random_006,11,29,"30.625,37.500,0.312","1.250,33.125,0.312",15.388495445251465,18.962499618530273,3.5740041732788086,1,9.723355293273926,13.738350868225098,4.014995574951172,1
random_006,12,13,"13.125,35.000,0.312","29.375,1.875,2.188",21.57373046875,15.79318618774414,5.780544281005859,1,24.243438720703125,22.440662384033203,1.8027763366699219,1
random_006,12,14,"13.125,35.000,0.312","35.000,16.875,0.312",21.1395263671875,18.182411193847656,2.9571151733398438,1,33.74870300292969,37.10292053222656,3.354217529296875,1
random_006,12,15,"13.125,35.000,0.312","3.750,33.125,2.188",8.124591827392578,9.534846305847168,1.4102544784545898,1,14.585042953491211,14.89355754852295,0.3085145950317383,1
random_006,12,16,"13.125,35.000,0.312","25.000,8.125,1.562",22.310863494873047,13.582308769226074,8.728554725646973,1,28.498689651489258,30.005577087402344,1.506887435913086,1
random_006,12,17,"13.125,35.000,0.312","26.250,35.000,2.188",13.0320463180542,12.142284393310547,0.8897619247436523,1,14.534322738647461,17.630615234375,3.096292495727539,1
random_006,12,18,"13.125,35.000,0.312","16.250,19.375,0.938",12.734434127807617,13.711305618286133,0.9768714904785156,1,19.796749114990234,20.40630340576172,0.6095542907714844,1
random_006,12,19,"13.125,35.000,0.312","33.125,23.125,2.188",18.10725975036621,17.008560180664062,1.0986995697021484,1,29.28824234008789,29.20606803894043,0.08217430114746094,1
random_006,12,20,"13.125,35.000,0.312","17.500,2.500,0.312",11.927494049072266,14.235170364379883,2.307676315307617,1,19.436843872070312,19.74148941040039,0.3046455383300781,1
random_006,12,21,"13.125,35.000,0.312","37.500,36.875,0.312",13.97035026550293,12.742900848388672,1.2274494171142578,1,18.6551513671875,19.736351013183594,1.0811996459960938,1
random_006,12,22,"13.125,35.000,0.312","6.250,34.375,0.312",7.059836387634277,8.297216415405273,1.237380027770996,1,11.642251014709473,11.409343719482422,0.23290729522705078,1
random_006,12,23,"13.125,35.000,0.312","13.750,23.750,1.562",11.113093376159668,12.525336265563965,1.4122428894042969,1,17.83062744140625,17.637834548950195,0.1927928924560547,1
random_006,12,24,"13.125,35.000,0.312","31.250,35.000,0.312",14.049022674560547,13.400128364562988,0.6488943099975586,1,19.454355239868164,19.9134578704834,0.4591026306152344,1
random_006,12,25,"13.125,35.000,0.312","5.000,30.625,2.188",10.845052719116211,10.224475860595703,0.6205768585205078,1,15.138876914978027,17.06011390686035,1.9212369918823242,1
random_006,12,26,"13.125,35.000,0.312","12.500,30.000,0.938",5.451017379760742,7.655210018157959,2.204192638397217,1,11.143671989440918,10.966139793395996,0.17753219604492188,1
random_006,12,27,"13.125,35.000,0.312","33.750,4.375,0.938",20.54134750366211,17.620893478393555,2.9204540252685547,1,25.362632751464844,25.693099975585938,0.33046722412109375,1
random_006,12,28,"13.125,35.000,0.312","20.625,36.250,1.562",8.45955753326416,6.6766815185546875,1.7828760147094727,1,12.308838844299316,11.274445533752441,1.034393310546875,1
random_006,12,29,"13.125,35.000,0.312","1.250,33.125,0.312",8.208168983459473,11.004993438720703,2.7968244552612305,1,16.645565032958984,15.37828540802002,1.2672796249389648,1
random_006,13,14,"29.375,1.875,2.188","35.000,16.875,0.312",11.652785301208496,12.778199195861816,1.1254138946533203,1,18.904064178466797,20.15593910217285,1.2518749237060547,1
random_006,13,15,"29.375,1.875,2.188","3.750,33.125,2.188",18.411605834960938,21.656463623046875,3.2448577880859375,1,24.077205657958984,26.88711929321289,2.8099136352539062,1
random_006,13,16,"29.375,1.875,2.188","25.000,8.125,1.562",10.237672805786133,10.084735870361328,0.1529369354248047,1,13.461710929870605,13.87517261505127,0.41346168518066406,1
random_006,13,17,"29.375,1.875,2.188","26.250,35.000,2.188",25.303401947021484,18.497684478759766,6.805717468261719,1,21.24468421936035,25.788166046142578,4.543481826782227,1
random_006,13,18,"29.375,1.875,2.188","16.250,19.375,0.938",17.505062103271484,20.430156707763672,2.9250946044921875,1,29.59776496887207,29.60784912109375,0.010084152221679688,1
random_006,13,19,"29.375,1.875,2.188","33.125,23.125,2.188",11.385040283203125,11.384085655212402,0.0009546279907226562,1,16.746356964111328,19.45967674255371,2.713319778442383,1
random_006,13,20,"29.375,1.875,2.188","17.500,2.500,0.312",9.484235763549805,12.214366912841797,2.730131149291992,1,12.538041114807129,12.04566764831543,0.4923734664916992,1
random_006,13,21,"29.375,1.875,2.188","37.500,36.875,0.312",10.408990859985352,12.224518775939941,1.8155279159545898,1,11.338326454162598,9.80737590789795,1.5309505462646484,1
random_006,13,22,"29.375,1.875,2.188","6.250,34.375,0.312",17.91567039489746,21.076292037963867,3.1606216430664062,1,28.192838668823242,28.450077056884766,0.25723838806152344,1
random_006,13,23,"29.375,1.875,2.188","13.750,23.750,1.562",18.137659072875977,20.641353607177734,2.503694534301758,1,32.25101089477539,29.876136779785156,2.3748741149902344,1
random_006,13,24,"29.375,1.875,2.188","31.250,35.000,0.312",19.864887237548828,12.123978614807129,7.740908622741699,1,19.317873001098633,19.035667419433594,0.28220558166503906,1
random_006,13,25,"29.375,1.875,2.188","5.000,30.625,2.188",20.504419326782227,22.001718521118164,1.4972991943359375,1,28.865276336669922,27.480648040771484,1.3846282958984375,1
random_006,13,26,"29.375,1.875,2.188","12.500,30.000,0.938",16.077560424804688,19.421142578125,3.3435821533203125,1,29.196331024169922,30.602787017822266,1.4064559936523438,1
random_006,13,27,"29.375,1.875,2.188","33.750,4.375,0.938",7.547458648681641,8.093656539916992,0.5461978912353516,1,11.837530136108398,13.410758018493652,1.573227882385254,1
random_006,13,28,"29.375,1.875,2.188","20.625,36.250,1.562",19.309846878051758,25.70657730102539,6.396730422973633,1,32.60171127319336,34.410919189453125,1.8092079162597656,1
random_006,13,29,"29.375,1.875,2.188","1.250,33.125,0.312",19.150651931762695,21.10394859313965,1.9532966613769531,1,24.816987991333008,24.882307052612305,0.06531906127929688,1
random_006,14,15,"35.000,16.875,0.312","3.750,33.125,2.188",18.126638412475586,17.2232608795166,0.9033775329589844,1,30.577625274658203,26.05193328857422,4.525691986083984,1
random_006,14,16,"35.000,16.875,0.312","25.000,8.125,1.562",16.12233543395996,13.516027450561523,2.6063079833984375,1,18.188980102539062,21.046628952026367,2.8576488494873047,1
random_006,14,17,"35.000,16.875,0.312","26.250,35.000,2.188",18.46670150756836,13.525413513183594,4.941287994384766,1,30.240467071533203,25.640382766723633,4.60008430480957,1
random_006,14,18,"35.000,16.875,0.312","16.250,19.375,0.938",14.359999656677246,14.462708473205566,0.10270881652832031,1,25.01640510559082,18.770578384399414,6.245826721191406,1
random_006,14,19,"35.000,16.875,0.312","33.125,23.125,2.188",9.629785537719727,9.167387008666992,0.4623985290527344,1,15.765044212341309,14.534137725830078,1.2309064865112305,1
random_006,14,20,"35.000,16.875,0.312","17.500,2.500,0.312",19.21035385131836,19.879352569580078,0.6689987182617188,1,17.837923049926758,18.812328338623047,0.9744052886962891,1
random_006,14,21,"35.000,16.875,0.312","37.500,36.875,0.312",11.690080642700195,11.729894638061523,0.039813995361328125,1,16.95836639404297,23.632299423217773,6.673933029174805,1
random_006,14,22,"35.000,16.875,0.312","6.250,34.375,0.312",19.449644088745117,17.571178436279297,1.8784656524658203,1,29.67935562133789,36.43061447143555,6.751258850097656,1
random_006,14,23,"35.000,16.875,0.312","13.750,23.750,1.562",17.453750610351562,17.27437400817871,0.17937660217285156,1,25.502185821533203,23.316686630249023,2.1854991912841797,1
random_006,14,24,"35.000,16.875,0.312","31.250,35.000,0.312",11.791450500488281,11.099681854248047,0.6917686462402344,1,19.83839225769043,19.58174705505371,0.25664520263671875,1
random_006,14,25,"35.000,16.875,0.312","5.000,30.625,2.188",19.9575252532959,17.737411499023438,2.220113754272461,1,28.099090576171875,27.831905364990234,0.2671852111816406,1
random_006,14,26,"35.000,16.875,0.312","12.500,30.000,0.938",14.817791938781738,16.994731903076172,2.1769399642944336,1,31.68002700805664,29.169403076171875,2.5106239318847656,1
random_006,14,27,"35.000,16.875,0.312","33.750,4.375,0.938",13.063203811645508,11.395105361938477,1.6680984497070312,1,20.62483787536621,21.458900451660156,0.8340625762939453,1
random_006,14,28,"35.000,16.875,0.312","20.625,36.250,1.562",22.904052734375,26.516626358032227,3.6125736236572266,1,35.23366928100586,46.414329528808594,11.180660247802734,1
random_006,14,29,"35.000,16.875,0.312","1.250,33.125,0.312",17.94287109375,17.173341751098633,0.7695293426513672,1,17.325557708740234,19.592262268066406,2.266704559326172,1
random_006,15,16,"3.750,33.125,2.188","25.000,8.125,1.562",24.986717224121094,20.48662757873535,4.500089645385742,1,29.717756271362305,31.29585075378418,1.578094482421875,1
random_006,15,17,"3.750,33.125,2.188","26.250,35.000,2.188",14.091317176818848,16.62921905517578,2.5379018783569336,1,11.623655319213867,11.69701099395752,0.07335567474365234,1
random_006,15,18,"3.750,33.125,2.188","16.250,19.375,0.938",19.730615615844727,16.04078483581543,3.689830780029297,1,30.8956356048584,31.028661727905273,0.133026123046875,1
random_006,15,19,"3.750,33.125,2.188","33.125,23.125,2.188",17.37462043762207,18.85972023010254,1.4850997924804688,1,31.034732818603516,23.83549690246582,7.199235916137695,1
random_006,15,20,"3.750,33.125,2.188","17.500,2.500,0.312",20.833906173706055,18.236589431762695,2.5973167419433594,1,20.71873664855957,23.540660858154297,2.8219242095947266,1
random_006,15,21,"3.750,33.125,2.188","37.500,36.875,0.312",14.123553276062012,13.493818283081055,0.629734992980957,1,11.386968612670898,8.470820426940918,2.9161481857299805,1
random_006,15,22,"3.750,33.125,2.188","6.250,34.375,0.312",4.264935493469238,4.5095977783203125,0.24466228485107422,1,7.0005717277526855,6.871142864227295,0.12942886352539062,1
random_006,15,23,"3.750,33.125,2.188","13.750,23.750,1.562",16.410734176635742,13.990824699401855,2.4199094772338867,1,23.314075469970703,24.43117332458496,1.1170978546142578,1
random_006,15,24,"3.750,33.125,2.188","31.250,35.000,0.312",12.863401412963867,14.536385536193848,1.6729841232299805,1,10.920796394348145,8.965636253356934,1.955160140991211,1
random_006,15,25,"3.750,33.125,2.188","5.000,30.625,2.188",5.151523590087891,4.9018354415893555,0.24968814849853516,1,6.564604759216309,7.136279106140137,0.5716743469238281,1
random_006,15,26,"3.750,33.125,2.188","12.500,30.000,0.938",11.399158477783203,9.105752944946289,2.293405532836914,1,14.804728507995605,15.665939331054688,0.861210823059082,1
random_006,15,27,"3.750,33.125,2.188","33.750,4.375,0.938",21.684696197509766,19.491283416748047,2.1934127807617188,1,24.912267684936523,26.17620849609375,1.2639408111572266,1
random_006,15,28,"3.750,33.125,2.188","20.625,36.250,1.562",14.375274658203125,15.839630126953125,1.46435546875,1,18.623308181762695,17.855600357055664,0.7677078247070312,1
random_006,15,29,"3.750,33.125,2.188","1.250,33.125,0.312",2.691164016723633,4.757184982299805,2.066020965576172,1,7.711310386657715,7.749166011810303,0.03785562515258789,1
random_006,16,17,"25.000,8.125,1.562","26.250,35.000,2.188",28.410615921020508,25.47197723388672,2.938638687133789,1,23.774755477905273,32.82406997680664,9.049314498901367,1
random_006,16,18,"25.000,8.125,1.562","16.250,19.375,0.938",15.633689880371094,20.191280364990234,4.557590484619141,1,33.15202713012695,30.182344436645508,2.9696826934814453,1
random_006,16,19,"25.000,8.125,1.562","33.125,23.125,2.188",14.149815559387207,15.221595764160156,1.0717802047729492,1,18.592905044555664,18.8342342376709,0.24132919311523438,1
random_006,16,20,"25.000,8.125,1.562","17.500,2.500,0.312",12.796276092529297,13.889004707336426,1.092728614807129,1,16.793415069580078,19.582670211791992,2.789255142211914,1
random_006,16,21,"25.000,8.125,1.562","37.500,36.875,0.312",18.053585052490234,22.559389114379883,4.505804061889648,1,23.020235061645508,22.095067977905273,0.9251670837402344,1
random_006,16,22,"25.000,8.125,1.562","6.250,34.375,0.312",20.234874725341797,24.46980857849121,4.234933853149414,1,31.230554580688477,32.96485137939453,1.7342967987060547,1
random_006,16,23,"25.000,8.125,1.562","13.750,23.750,1.562",17.492652893066406,21.564537048339844,4.0718841552734375,1,33.78276824951172,34.06733322143555,0.2845649719238281,1
random_006,16,24,"25.000,8.125,1.562","31.250,35.000,0.312",24.658218383789062,23.98773956298828,0.6704788208007812,1,13.828998565673828,16.413097381591797,2.5840988159179688,1
random_006,16,25,"25.000,8.125,1.562","5.000,30.625,2.188",22.804859161376953,24.865673065185547,2.0608139038085938,1,32.667293548583984,32.103790283203125,0.5635032653808594,1
random_006,16,26,"25.000,8.125,1.562","12.500,30.000,0.938",15.586383819580078,21.976638793945312,6.390254974365234,1,31.091733932495117,34.53650665283203,3.444772720336914,1
random_006,16,27,"25.000,8.125,1.562","33.750,4.375,0.938",12.378724098205566,11.93627643585205,0.4424476623535156,1,16.161954879760742,17.04257583618164,0.8806209564208984,1
random_006,16,28,"25.000,8.125,1.562","20.625,36.250,1.562",16.605436325073242,26.087421417236328,9.481985092163086,1,32.16033172607422,35.423702239990234,3.2633705139160156,1
random_006,16,29,"25.000,8.125,1.562","1.250,33.125,0.312",21.25293731689453,24.07399559020996,2.8210582733154297,1,32.779937744140625,31.45467185974121,1.325265884399414,1
random_006,17,18,"26.250,35.000,2.188","16.250,19.375,0.938",18.318117141723633,22.259170532226562,3.9410533905029297,1,33.03229904174805,28.271194458007812,4.761104583740234,1
random_006,17,19,"26.250,35.000,2.188","33.125,23.125,2.188",16.87278938293457,14.410530090332031,2.462259292602539,1,24.806015014648438,22.42790412902832,2.378110885620117,1
random_006,17,20,"26.250,35.000,2.188","17.500,2.500,0.312",11.143030166625977,22.966583251953125,11.823553085327148,1,27.853071212768555,29.06746482849121,1.2143936157226562,1
random_006,17,21,"26.250,35.000,2.188","37.500,36.875,0.312",9.04133415222168,10.335296630859375,1.2939624786376953,1,13.105378150939941,12.28317928314209,0.8221988677978516,1
random_006,17,22,"26.250,35.000,2.188","6.250,34.375,0.312",16.663602828979492,15.043912887573242,1.61968994140625,1,12.932853698730469,10.41478443145752,2.518069267272949,1
random_006,17,23,"26.250,35.000,2.188","13.750,23.750,1.562",14.073169708251953,17.684297561645508,3.6111278533935547,1,21.86670684814453,26.73809242248535,4.87138557434082,1
random_006,17,24,"26.250,35.000,2.188","31.250,35.000,0.312",7.237936973571777,6.649508476257324,0.5884284973144531,1,10.831616401672363,10.95422649383545,0.12261009216308594,1
random_006,17,25,"26.250,35.000,2.188","5.000,30.625,2.188",16.372255325317383,13.424530029296875,2.947725296020508,1,10.28073501586914,7.722000598907471,2.55873441696167,1
random_006,17,26,"26.250,35.000,2.188","12.500,30.000,0.938",10.073131561279297,13.340801239013672,3.267669677734375,1,15.9125394821167,12.449163436889648,3.463376045227051,1
random_006,17,27,"26.250,35.000,2.188","33.750,4.375,0.938",12.586034774780273,21.824251174926758,9.238216400146484,1,22.533510208129883,26.880033493041992,4.346523284912109,1
random_006,17,28,"26.250,35.000,2.188","20.625,36.250,1.562",7.258009910583496,6.31611442565918,0.9418954849243164,1,8.997772216796875,8.917941093444824,0.07983112335205078,1
random_006,17,29,"26.250,35.000,2.188","1.250,33.125,0.312",16.143728256225586,15.294553756713867,0.8491744995117188,1,10.77940845489502,11.040846824645996,0.26143836975097656,1
random_006,18,19,"16.250,19.375,0.938","33.125,23.125,2.188",11.995987892150879,11.88654613494873,0.10944175720214844,1,19.309307098388672,16.410961151123047,2.898345947265625,1
random_006,18,20,"16.250,19.375,0.938","17.500,2.500,0.312",12.924460411071777,13.179183006286621,0.25472259521484375,1,21.42502212524414,21.907257080078125,0.4822349548339844,1
random_006,18,21,"16.250,19.375,0.938","37.500,36.875,0.312",18.391422271728516,17.708078384399414,0.6833438873291016,1,24.077558517456055,27.759809494018555,3.6822509765625,1
random_006,18,22,"16.250,19.375,0.938","6.250,34.375,0.312",16.208724975585938,19.99159812927246,3.7828731536865234,1,27.369508743286133,29.888408660888672,2.518899917602539,1
random_006,18,23,"16.250,19.375,0.938","13.750,23.750,1.562",7.355822563171387,8.098390579223633,0.7425680160522461,1,14.51687240600586,13.98388671875,0.5329856872558594,1
random_006,18,24,"16.250,19.375,0.938","31.250,35.000,0.312",23.657995223999023,18.468494415283203,5.18950080871582,1,30.182926177978516,30.19995880126953,0.017032623291015625,1
random_006,18,25,"16.250,19.375,0.938","5.000,30.625,2.188",16.26361083984375,18.53812026977539,2.2745094299316406,1,29.135587692260742,29.90850067138672,0.7729129791259766,1
random_006,18,26,"16.250,19.375,0.938","12.500,30.000,0.938",11.310249328613281,12.468807220458984,1.1585578918457031,1,18.85369873046875,20.650461196899414,1.796762466430664,1
random_006,18,27,"16.250,19.375,0.938","33.750,4.375,0.938",24.004621505737305,21.81892967224121,2.1856918334960938,1,35.65459442138672,31.774587631225586,3.880006790161133,1
random_006,18,28,"16.250,19.375,0.938","20.625,36.250,1.562",12.098398208618164,12.774467468261719,0.6760692596435547,1,19.007078170776367,18.66307830810547,0.34399986267089844,1
random_006,18,29,"16.250,19.375,0.938","1.250,33.125,0.312",16.027738571166992,21.04979705810547,5.022058486938477,1,23.25568962097168,27.10845947265625,3.8527698516845703,1
random_006,19,20,"33.125,23.125,2.188","17.500,2.500,0.312",17.94269371032715,20.074386596679688,2.131692886352539,1,25.243797302246094,23.322452545166016,1.9213447570800781,1
random_006,19,21,"33.125,23.125,2.188","37.500,36.875,0.312",12.525801658630371,17.671798706054688,5.145997047424316,1,24.632354736328125,24.068830490112305,0.5635242462158203,1
random_006,19,22,"33.125,23.125,2.188","6.250,34.375,0.312",19.49202537536621,17.31018829345703,2.1818370819091797,1,22.048477172851562,29.101234436035156,7.052757263183594,1
random_006,19,23,"33.125,23.125,2.188","13.750,23.750,1.562",11.672626495361328,13.248217582702637,1.5755910873413086,1,20.04432487487793,23.319643020629883,3.275318145751953,1
random_006,19,24,"33.125,23.125,2.188","31.250,35.000,0.312",10.311788558959961,13.477470397949219,3.165681838989258,1,15.990604400634766,16.579030990600586,0.5884265899658203,1
random_006,19,25,"33.125,23.125,2.188","5.000,30.625,2.188",20.356403350830078,17.549867630004883,2.8065357208251953,1,18.522872924804688,42.077301025390625,23.554428100585938,1
random_006,19,26,"33.125,23.125,2.188","12.500,30.000,0.938",14.527887344360352,18.897907257080078,4.370019912719727,1,26.33365821838379,30.061426162719727,3.7277679443359375,1
random_006,19,27,"33.125,23.125,2.188","33.750,4.375,0.938",10.6751708984375,11.371647834777832,0.696476936340332,1,18.635732650756836,18.644344329833984,0.008611679077148438,1
random_006,19,28,"33.125,23.125,2.188","20.625,36.250,1.562",22.556352615356445,25.746915817260742,3.190563201904297,1,34.70769500732422,33.882869720458984,0.8248252868652344,1
random_006,19,29,"33.125,23.125,2.188","1.250,33.125,0.312",18.923372268676758,17.140880584716797,1.782491683959961,1,19.54850196838379,31.38507080078125,11.836568832397461,1
random_006,20,21,"17.500,2.500,0.312","37.500,36.875,0.312",19.558753967285156,17.711091995239258,1.8476619720458984,1,21.023521423339844,20.8021297454834,0.2213916778564453,1
random_006,20,22,"17.500,2.500,0.312","6.250,34.375,0.312",18.803680419921875,19.853790283203125,1.05010986328125,1,22.889665603637695,23.43842315673828,0.5487575531005859,1
random_006,20,23,"17.500,2.500,0.312","13.750,23.750,1.562",14.987058639526367,13.343620300292969,1.6434383392333984,1,24.334596633911133,21.041154861450195,3.2934417724609375,1
random_006,20,24,"17.500,2.500,0.312","31.250,35.000,0.312",23.983989715576172,17.30865478515625,6.675334930419922,1,25.85569953918457,26.01467514038086,0.15897560119628906,1
random_006,20,25,"17.500,2.500,0.312","5.000,30.625,2.188",20.597415924072266,20.95159149169922,0.3541755676269531,1,24.90401268005371,24.2369327545166,0.6670799255371094,1
random_006,20,26,"17.500,2.500,0.312","12.500,30.000,0.938",15.532001495361328,12.688691139221191,2.8433103561401367,1,22.903547286987305,21.26354217529297,1.640005111694336,1
random_006,20,27,"17.500,2.500,0.312","33.750,4.375,0.938",13.144439697265625,10.9736328125,2.170806884765625,1,16.35962677001953,15.08480167388916,1.274825096130371,1
random_006,20,28,"17.500,2.500,0.312","20.625,36.250,1.562",12.589374542236328,12.309197425842285,0.28017711639404297,1,22.79535484313965,25.132734298706055,2.3373794555664062,1
random_006,20,29,"17.500,2.500,0.312","1.250,33.125,0.312",18.876150131225586,20.265953063964844,1.3898029327392578,1,22.011343002319336,19.919658660888672,2.091684341430664,1
random_006,21,22,"37.500,36.875,0.312","6.250,34.375,0.312",13.164787292480469,14.263665199279785,1.0988779067993164,1,9.041791915893555,15.101546287536621,6.059754371643066,1
random_006,21,23,"37.500,36.875,0.312","13.750,23.750,1.562",17.66889762878418,19.624401092529297,1.9555034637451172,1,31.05202293395996,25.52610969543457,5.525913238525391,1
random_006,21,24,"37.500,36.875,0.312","31.250,35.000,0.312",9.198991775512695,8.128719329833984,1.070272445678711,1,12.392292022705078,12.141358375549316,0.2509336471557617,1
random_006,21,25,"37.500,36.875,0.312","5.000,30.625,2.188",13.09841537475586,12.222124099731445,0.8762912750244141,1,9.88388729095459,6.855696678161621,3.0281906127929688,1
random_006,21,26,"37.500,36.875,0.312","12.500,30.000,0.938",10.469536781311035,12.510940551757812,2.0414037704467773,1,26.56001091003418,20.94816017150879,5.611850738525391,1
random_006,21,27,"37.500,36.875,0.312","33.750,4.375,0.938",8.896846771240234,10.446992874145508,1.5501461029052734,1,17.218748092651367,19.409482955932617,2.19073486328125,1
random_006,21,28,"37.500,36.875,0.312","20.625,36.250,1.562",11.183633804321289,10.9907865524292,0.19284725189208984,1,13.243017196655273,14.040343284606934,0.7973260879516602,1
random_006,21,29,"37.500,36.875,0.312","1.250,33.125,0.312",13.196659088134766,15.529621124267578,2.3329620361328125,1,3.008270502090454,6.150563716888428,3.1422932147979736,1
random_006,22,23,"6.250,34.375,0.312","13.750,23.750,1.562",16.272300720214844,13.620333671569824,2.6519670486450195,1,27.61798858642578,25.791828155517578,1.8261604309082031,1
random_006,22,24,"6.250,34.375,0.312","31.250,35.000,0.312",15.831771850585938,15.114272117614746,0.7174997329711914,1,10.214746475219727,11.651586532592773,1.4368400573730469,1
random_006,22,25,"6.250,34.375,0.312","5.000,30.625,2.188",6.099735260009766,6.363246917724609,0.26351165771484375,1,10.111588478088379,10.466913223266602,0.35532474517822266,1
random_006,22,26,"6.250,34.375,0.312","12.500,30.000,0.938",8.510090827941895,9.211899757385254,0.7018089294433594,1,19.064321517944336,17.16216278076172,1.9021587371826172,1
random_006,22,27,"6.250,34.375,0.312","33.750,4.375,0.938",20.996185302734375,19.318071365356445,1.6781139373779297,1,23.362672805786133,27.81630516052246,4.453632354736328,1
random_006,22,28,"6.250,34.375,0.312","20.625,36.250,1.562",12.701698303222656,14.095236778259277,1.393538475036621,1,17.761272430419922,19.5400333404541,1.7787609100341797,1
random_006,22,29,"6.250,34.375,0.312","1.250,33.125,0.312",7.287071228027344,7.1308441162109375,0.15622711181640625,1,10.093206405639648,9.817483901977539,0.2757225036621094,1
random_006,23,24,"13.750,23.750,1.562","31.250,35.000,0.312",20.891544342041016,17.937891006469727,2.953653335571289,1,23.592247009277344,25.353626251220703,1.7613792419433594,1
random_006,23,25,"13.750,23.750,1.562","5.000,30.625,2.188",13.021110534667969,13.645784378051758,0.6246738433837891,1,21.36020851135254,20.4278621673584,0.9323463439941406,1
random_006,23,26,"13.750,23.750,1.562","12.500,30.000,0.938",7.723333358764648,8.637483596801758,0.9141502380371094,1,14.23406982421875,14.85424518585205,0.6201753616333008,1
random_006,23,27,"13.750,23.750,1.562","33.750,4.375,0.938",23.832616806030273,22.096967697143555,1.7356491088867188,1,32.357032775878906,29.74749755859375,2.6095352172851562,1
random_006,23,28,"13.750,23.750,1.562","20.625,36.250,1.562",11.605024337768555,12.650995254516602,1.0459709167480469,1,16.75782012939453,17.254714965820312,0.49689483642578125,1
random_006,23,29,"13.750,23.750,1.562","1.250,33.125,0.312",13.607558250427246,19.73883056640625,6.131272315979004,1,21.054834365844727,21.768171310424805,0.7133369445800781,1
random_006,24,25,"31.250,35.000,0.312","5.000,30.625,2.188",14.915063858032227,13.569183349609375,1.3458805084228516,1,10.307388305664062,12.965780258178711,2.6583919525146484,1
random_006,24,26,"31.250,35.000,0.312","12.500,30.000,0.938",10.440326690673828,13.73717212677002,3.2968454360961914,1,16.7255916595459,20.242996215820312,3.517404556274414,1
random_006,24,27,"31.250,35.000,0.312","33.750,4.375,0.938",8.712965965270996,17.534263610839844,8.821297645568848,1,17.813751220703125,19.671049118041992,1.8572978973388672,1
random_006,24,28,"31.250,35.000,0.312","20.625,36.250,1.562",9.902729034423828,9.414737701416016,0.4879913330078125,1,12.968931198120117,12.699604034423828,0.26932716369628906,1
random_006,24,29,"31.250,35.000,0.312","1.250,33.125,0.312",14.29623794555664,14.782756805419922,0.48651885986328125,1,4.08828592300415,5.322346210479736,1.234060287475586,1
random_006,25,26,"5.000,30.625,2.188","12.500,30.000,0.938",6.98591423034668,8.490601539611816,1.5046873092651367,1,14.13587474822998,13.412879943847656,0.7229948043823242,1
random_006,25,27,"5.000,30.625,2.188","33.750,4.375,0.938",21.908597946166992,21.59988021850586,0.3087177276611328,1,24.800798416137695,28.430233001708984,3.629434585571289,1
random_006,25,28,"5.000,30.625,2.188","20.625,36.250,1.562",14.017912864685059,16.52760124206543,2.509688377380371,1,20.231063842773438,20.887374877929688,0.65631103515625,1
random_006,25,29,"5.000,30.625,2.188","1.250,33.125,0.312",6.774374961853027,8.522582054138184,1.7482070922851562,1,10.28587532043457,10.439812660217285,0.15393733978271484,1
random_006,26,27,"12.500,30.000,0.938","33.750,4.375,0.938",21.38443946838379,20.033782958984375,1.350656509399414,1,34.597896575927734,34.104393005371094,0.4935035705566406,1
random_006,26,28,"12.500,30.000,0.938","20.625,36.250,1.562",10.22572135925293,8.967981338500977,1.2577400207519531,1,12.750905990600586,12.855901718139648,0.1049957275390625,1
random_006,26,29,"12.500,30.000,0.938","1.250,33.125,0.312",10.218917846679688,15.115464210510254,4.896546363830566,1,16.082216262817383,16.178009033203125,0.09579277038574219,1
random_006,27,28,"33.750,4.375,0.938","20.625,36.250,1.562",18.69356346130371,24.210359573364258,5.516796112060547,1,41.56578063964844,37.14863967895508,4.417140960693359,1
random_006,27,29,"33.750,4.375,0.938","1.250,33.125,0.312",20.311622619628906,21.136444091796875,0.8248214721679688,1,28.009485244750977,27.723590850830078,0.28589439392089844,1
random_006,28,29,"20.625,36.250,1.562","1.250,33.125,0.312",15.666893005371094,15.662888526916504,0.004004478454589844,1,16.355125427246094,16.75710105895996,0.4019756317138672,1
random_007,0,1,"12.500,6.875,1.562","13.750,30.625,2.188",22.189556121826172,11.59644889831543,10.593107223510742,1,23.46229362487793,25.086030960083008,1.6237373352050781,1
random_007,0,2,"12.500,6.875,1.562","3.125,17.500,1.562",12.667388916015625,11.721689224243164,0.9456996917724609,1,20.054201126098633,18.041088104248047,2.013113021850586,1
random_007,0,3,"12.500,6.875,1.562","10.625,1.250,2.188",8.145082473754883,8.120441436767578,0.024641036987304688,1,12.93901252746582,14.946442604064941,2.007430076599121,1
random_007,0,4,"12.500,6.875,1.562","16.250,32.500,0.938",21.985851287841797,16.1005802154541,5.885271072387695,1,28.938316345214844,27.018735885620117,1.9195804595947266,1
random_007,0,5,"12.500,6.875,1.562","8.750,3.750,1.562",7.338796615600586,7.819955348968506,0.4811587333679199,1,12.290863037109375,12.305517196655273,0.014654159545898438,1
random_007,0,6,"12.500,6.875,1.562","36.250,13.125,2.188",16.488710403442383,16.206026077270508,0.282684326171875,1,23.966299057006836,23.159250259399414,0.8070487976074219,1
random_007,0,7,"12.500,6.875,1.562","13.750,13.750,1.562",9.41213321685791,8.625598907470703,0.786534309387207,1,14.036568641662598,14.48881721496582,0.45224857330322266,1
random_007,0,8,"12.500,6.875,1.562","7.500,15.625,2.188",12.63005542755127,11.139233589172363,1.4908218383789062,1,19.571094512939453,17.644145965576172,1.9269485473632812,1
random_007,0,9,"12.500,6.875,1.562","3.125,13.750,0.938",12.147775650024414,11.509325981140137,0.6384496688842773,1,18.108718872070312,17.77719497680664,0.3315238952636719,1
random_007,0,10,"12.500,6.875,1.562","37.500,6.875,0.312",16.895038604736328,17.006149291992188,0.11111068725585938,1,23.395206451416016,23.653316497802734,0.25811004638671875,1
random_007,0,11,"12.500,6.875,1.562","29.375,5.000,1.562",17.21331024169922,17.011625289916992,0.20168495178222656,1,23.52073860168457,23.944007873535156,0.42326927185058594,1
random_007,0,12,"12.500,6.875,1.562","22.500,33.750,2.188",27.89584732055664,22.857742309570312,5.038105010986328,1,37.16647720336914,39.02766799926758,1.8611907958984375,1
random_007,0,13,"12.500,6.875,1.562","38.125,27.500,0.312",26.866069793701172,22.414770126342773,4.451299667358398,1,25.700645446777344,28.115713119506836,2.415067672729492,1
random_007,0,14,"12.500,6.875,1.562","7.500,37.500,0.938",16.369997024536133,15.4367094039917,0.9332876205444336,1,27.139650344848633,22.184131622314453,4.95551872253418,1
random_007,0,15,"12.500,6.875,1.562","21.250,19.375,2.188",22.459392547607422,17.24333381652832,5.216058731079102,1,28.947927474975586,31.925338745117188,2.9774112701416016,1
random_007,0,16,"12.500,6.875,1.562","34.375,11.250,2.188",17.732011795043945,14.967761993408203,2.764249801635742,1,24.93856430053711,24.32422637939453,0.6143379211425781,1
random_007,0,17,"12.500,6.875,1.562","34.375,16.875,0.938",27.031417846679688,19.871000289916992,7.160417556762695,1,25.683387756347656,35.929256439208984,10.245868682861328,1
random_007,0,18,"12.500,6.875,1.562","24.375,33.125,0.938",29.54156494140625,23.187362670898438,6.3542022705078125,1,38.56505584716797,39.5241813659668,0.9591255187988281,1
random_007,0,19,"12.500,6.875,1.562","38.125,30.625,1.562",23.30029296875,21.129348754882812,2.1709442138671875,1,35.457984924316406,34.92448425292969,0.5335006713867188,1
random_007,0,20,"12.500,6.875,1.562","7.500,11.250,2.188",9.247117042541504,9.761625289916992,0.5145082473754883,1,15.33166790008545,15.642853736877441,0.3111858367919922,1
random_007,0,21,"12.500,6.875,1.562","16.250,35.000,0.938",22.171707153320312,17.823360443115234,4.348346710205078,1,24.937232971191406,24.540559768676758,0.39667320251464844,1
random_007,0,22,"12.500,6.875,1.562","10.000,1.875,0.938",7.796019554138184,8.064291954040527,0.26827239990234375,1,13.88720703125,14.471404075622559,0.5841970443725586,1
random_007,0,23,"12.500,6.875,1.562","20.625,11.250,2.188",13.641106605529785,12.143046379089355,1.4980602264404297,1,20.601181030273438,20.33028221130371,0.27089881896972656,1
random_007,0,24,"12.500,6.875,1.562","20.000,11.875,0.938",13.321351051330566,12.266165733337402,1.055185317993164,1,19.516141891479492,20.278545379638672,0.7624034881591797,1
random_007,0,25,"12.500,6.875,1.562","30.625,1.250,2.188",18.442893981933594,17.706499099731445,0.7363948822021484,1,25.844228744506836,27.14886474609375,1.304636001586914,1
random_007,0,26,"12.500,6.875,1.562","23.750,36.875,0.312",26.77589988708496,23.082061767578125,3.693838119506836,1,37.04484939575195,38.4869270324707,1.44207763671875,1
random_007,0,27,"12.500,6.875,1.562","18.125,34.375,0.312",23.149559020996094,17.975048065185547,5.174510955810547,1,36.00714874267578,28.606306076049805,7.400842666625977,1
random_007,0,28,"12.500,6.875,1.562","2.500,4.375,0.938",10.84615707397461,10.305444717407227,0.5407123565673828,1,16.43873405456543,15.072640419006348,1.366093635559082,1
random_007,0,29,"12.500,6.875,1.562","12.500,18.125,0.938",9.834125518798828,7.3710479736328125,2.4630775451660156,1,13.973217964172363,36.03239822387695,22.05918025970459,1
random_007,1,2,"13.750,30.625,2.188","3.125,17.500,1.562",16.0360050201416,16.837242126464844,0.8012371063232422,1,22.347919464111328,18.637344360351562,3.7105751037597656,1
random_007,1,3,"13.750,30.625,2.188","10.625,1.250,2.188",8.781597137451172,21.446823120117188,12.665225982666016,1,19.21792984008789,18.539125442504883,0.6788043975830078,1
random_007,1,4,"13.750,30.625,2.188","16.250,32.500,0.938",6.045215606689453,4.578063011169434,1.4671525955200195,1,7.633859634399414,6.60499382019043,1.0288658142089844,1
random_007,1,5,"13.750,30.625,2.188","8.750,3.750,1.562",9.080912590026855,22.477436065673828,13.396523475646973,1,17.096126556396484,14.860264778137207,2.2358617782592773,1
random_007,1,6,"13.750,30.625,2.188","36.250,13.125,2.188",26.037288665771484,27.698463439941406,1.6611747741699219,1,40.3848762512207,46.512962341308594,6.128086090087891,1
random_007,1,7,"13.750,30.625,2.188","13.750,13.750,1.562",14.074514389038086,18.130271911621094,4.055757522583008,1,22.47226905822754,23.608848571777344,1.1365795135498047,1
random_007,1,8,"13.750,30.625,2.188","7.500,15.625,2.188",17.45980453491211,22.846282958984375,5.386478424072266,1,29.42355728149414,30.276241302490234,0.8526840209960938,1
random_007,1,9,"13.750,30.625,2.188","3.125,13.750,0.938",18.119646072387695,24.12122344970703,6.001577377319336,1,31.628570556640625,30.18370819091797,1.4448623657226562,1
random_007,1,10,"13.750,30.625,2.188","37.500,6.875,0.312",22.417591094970703,27.354551315307617,4.936960220336914,1,36.485870361328125,37.916316986083984,1.4304466247558594,1
random_007,1,11,"13.750,30.625,2.188","29.375,5.000,1.562",26.157302856445312,29.74427604675293,3.586973190307617,1,36.29056930541992,38.04731750488281,1.7567481994628906,1
random_007,1,12,"13.750,30.625,2.188","22.500,33.750,2.188",11.636083602905273,11.987227439880371,0.35114383697509766,1,15.87546443939209,16.907358169555664,1.0318937301635742,1
random_007,1,13,"13.750,30.625,2.188","38.125,27.500,0.312",11.471281051635742,14.588203430175781,3.116922378540039,1,20.43726921081543,19.25295639038086,1.1843128204345703,1
random_007,1,14,"13.750,30.625,2.188","7.500,37.500,0.938",9.239006042480469,10.898087501525879,1.6590814590454102,1,13.206807136535645,12.961523056030273,0.2452840805053711,1
random_007,1,15,"13.750,30.625,2.188","21.250,19.375,2.188",25.466148376464844,23.30613899230957,2.1600093841552734,1,40.450496673583984,41.92983627319336,1.479339599609375,1
random_007,1,16,"13.750,30.625,2.188","34.375,11.250,2.188",27.422462463378906,27.24472427368164,0.17773818969726562,1,41.776641845703125,42.02334213256836,0.24670028686523438,1
random_007,1,17,"13.750,30.625,2.188","34.375,16.875,0.938",25.34326171875,22.957103729248047,2.386157989501953,1,28.152206420898438,33.48851013183594,5.3363037109375,1
random_007,1,18,"13.750,30.625,2.188","24.375,33.125,0.938",12.484472274780273,12.672224044799805,0.18775177001953125,1,17.979530334472656,17.54840850830078,0.431121826171875,1
random_007,1,19,"13.750,30.625,2.188","38.125,30.625,1.562",14.49757194519043,12.696771621704102,1.8008003234863281,1,19.363197326660156,11.60119915008545,7.761998176574707,1
random_007,1,20,"13.750,30.625,2.188","7.500,11.250,2.188",14.14338493347168,23.87496566772461,9.73158073425293,1,30.18032455444336,34.731624603271484,4.551300048828125,1
random_007,1,21,"13.750,30.625,2.188","16.250,35.000,0.938",7.5637640953063965,8.755497932434082,1.1917338371276855,1,11.246919631958008,10.558685302734375,0.6882343292236328,1
random_007,1,22,"13.750,30.625,2.188","10.000,1.875,0.938",9.742977142333984,20.455841064453125,10.71286392211914,1,19.47561264038086,19.146299362182617,0.3293132781982422,1
random_007,1,23,"13.750,30.625,2.188","20.625,11.250,2.188",25.830045700073242,22.751007080078125,3.079038619995117,1,25.609703063964844,24.14361572265625,1.4660873413085938,1
random_007,1,24,"13.750,30.625,2.188","20.000,11.875,0.938",24.912948608398438,23.29948616027832,1.6134624481201172,1,26.0699405670166,24.560096740722656,1.5098438262939453,1
random_007,1,25,"13.750,30.625,2.188","30.625,1.250,2.188",22.80633544921875,29.15515899658203,6.348823547363281,1,37.65538024902344,33.78360366821289,3.871776580810547,1
random_007,1,26,"13.750,30.625,2.188","23.750,36.875,0.312",12.0632905960083,13.585779190063477,1.5224885940551758,1,18.124752044677734,18.580184936523438,0.4554328918457031,1
random_007,1,27,"13.750,30.625,2.188","18.125,34.375,0.312",8.292484283447266,9.672752380371094,1.3802680969238281,1,12.460390090942383,12.196555137634277,0.26383495330810547,1
random_007,1,28,"13.750,30.625,2.188","2.500,4.375,0.938",16.644824981689453,25.679210662841797,9.034385681152344,1,25.81922721862793,24.071369171142578,1.7478580474853516,1
random_007,1,29,"13.750,30.625,2.188","12.500,18.125,0.938",10.105354309082031,13.216684341430664,3.111330032348633,1,19.237281799316406,18.49477767944336,0.7425041198730469,1
random_007,2,3,"3.125,17.500,1.562","10.625,1.250,2.188",10.167888641357422,11.400800704956055,1.2329120635986328,1,16.041763305664062,18.083675384521484,2.041912078857422,1
random_007,2,4,"3.125,17.500,1.562","16.250,32.500,0.938",20.825292587280273,19.26410484313965,1.561187744140625,1,19.967859268188477,31.472280502319336,11.50442123413086,1
random_007,2,5,"3.125,17.500,1.562","8.750,3.750,1.562",9.256464004516602,10.945878982543945,1.6894149780273438,1,16.556594848632812,17.8349609375,1.2783660888671875,1
random_007,2,6,"3.125,17.500,1.562","36.250,13.125,2.188",19.69751739501953,21.029888153076172,1.3323707580566406,1,28.146656036376953,29.95105743408203,1.8044013977050781,1
random_007,2,7,"3.125,17.500,1.562","13.750,13.750,1.562",9.589399337768555,9.80471420288086,0.2153148651123047,1,18.476940155029297,20.22412109375,1.7471809387207031,1
random_007,2,8,"3.125,17.500,1.562","7.500,15.625,2.188",7.187844276428223,6.603487968444824,0.5843563079833984,1,10.884394645690918,10.588835716247559,0.2955589294433594,1
random_007,2,9,"3.125,17.500,1.562","3.125,13.750,0.938",5.059815406799316,4.44267463684082,0.6171407699584961,1,8.522062301635742,8.079225540161133,0.4428367614746094,1
random_007,2,10,"3.125,17.500,1.562","37.500,6.875,0.312",16.757783889770508,19.82280158996582,3.0650177001953125,1,18.590829849243164,18.118289947509766,0.47253990173339844,1
random_007,2,11,"3.125,17.500,1.562","29.375,5.000,1.562",15.567283630371094,16.115602493286133,0.5483188629150391,1,24.194759368896484,26.20118522644043,2.0064258575439453,1
random_007,2,12,"3.125,17.500,1.562","22.500,33.750,2.188",25.300939559936523,23.487611770629883,1.8133277893066406,1,22.420291900634766,27.757537841796875,5.337245941162109,1
random_007,2,13,"3.125,17.500,1.562","38.125,27.500,0.312",22.16973114013672,24.858047485351562,2.6883163452148438,1,28.957277297973633,34.46800231933594,5.510725021362305,1
random_007,2,14,"3.125,17.500,1.562","7.500,37.500,0.938",18.40317153930664,12.777063369750977,5.626108169555664,1,14.50545597076416,14.523569107055664,0.018113136291503906,1
random_007,2,15,"3.125,17.500,1.562","21.250,19.375,2.188",18.076919555664062,13.817147254943848,4.259772300720215,1,21.47964096069336,25.25371551513672,3.7740745544433594,1
random_007,2,16,"3.125,17.500,1.562","34.375,11.250,2.188",19.729354858398438,18.14181900024414,1.5875358581542969,1,28.98720932006836,31.632549285888672,2.6453399658203125,1
random_007,2,17,"3.125,17.500,1.562","34.375,16.875,0.938",19.018232345581055,17.23736000061035,1.7808723449707031,1,30.270294189453125,39.81305694580078,9.542762756347656,1
random_007,2,18,"3.125,17.500,1.562","24.375,33.125,0.938",25.450843811035156,23.393850326538086,2.0569934844970703,1,31.419410705566406,25.102203369140625,6.317207336425781,1
random_007,2,19,"3.125,17.500,1.562","38.125,30.625,1.562",20.532371520996094,19.05476188659668,1.477609634399414,1,28.843303680419922,32.44087600708008,3.5975723266601562,1
random_007,2,20,"3.125,17.500,1.562","7.500,11.250,2.188",8.347736358642578,8.7715482711792,0.4238119125366211,1,14.722646713256836,13.379080772399902,1.3435659408569336,1
random_007,2,21,"3.125,17.500,1.562","16.250,35.000,0.938",14.567907333374023,14.815682411193848,0.24777507781982422,1,17.481475830078125,21.764841079711914,4.283365249633789,1
random_007,2,22,"3.125,17.500,1.562","10.000,1.875,0.938",9.659936904907227,11.1019868850708,1.4420499801635742,1,13.975440979003906,17.36750602722168,3.3920650482177734,1
random_007,2,23,"3.125,17.500,1.562","20.625,11.250,2.188",14.953469276428223,12.040236473083496,2.9132328033447266,1,28.538087844848633,27.88053321838379,0.6575546264648438,1
random_007,2,24,"3.125,17.500,1.562","20.000,11.875,0.938",14.554458618164062,12.17638111114502,2.378077507019043,1,25.340280532836914,26.02840232849121,0.6881217956542969,1
random_007,2,25,"3.125,17.500,1.562","30.625,1.250,2.188",15.282781600952148,16.483335494995117,1.2005538940429688,1,23.868427276611328,25.716270446777344,1.8478431701660156,1
random_007,2,26,"3.125,17.500,1.562","23.750,36.875,0.312",26.063243865966797,23.176021575927734,2.8872222900390625,1,22.026235580444336,22.434139251708984,0.40790367126464844,1
random_007,2,27,"3.125,17.500,1.562","18.125,34.375,0.312",22.730915069580078,21.370574951171875,1.3603401184082031,1,19.82329750061035,25.411121368408203,5.587823867797852,1
random_007,2,28,"3.125,17.500,1.562","2.500,4.375,0.938",13.428060531616211,11.413161277770996,2.014899253845215,1,14.932506561279297,16.435888290405273,1.5033817291259766,1
random_007,2,29,"3.125,17.500,1.562","12.500,18.125,0.938",13.219772338867188,8.771488189697266,4.448284149169922,1,18.233156204223633,19.337921142578125,1.1047649383544922,1
random_007,3,4,"10.625,1.250,2.188","16.250,32.500,0.938",23.752151489257812,12.920921325683594,10.831230163574219,1,16.474897384643555,17.6091251373291,1.1342277526855469,1
random_007,3,5,"10.625,1.250,2.188","8.750,3.750,1.562",4.764894485473633,5.0748090744018555,0.30991458892822266,1,8.777985572814941,8.88133716583252,0.10335159301757812,1
random_007,3,6,"10.625,1.250,2.188","36.250,13.125,2.188",14.50510311126709,15.302389144897461,0.7972860336303711,1,20.813823699951172,20.568790435791016,0.24503326416015625,1
random_007,3,7,"10.625,1.250,2.188","13.750,13.750,1.562",11.304872512817383,10.055161476135254,1.249711036682129,1,19.33315658569336,16.09234046936035,3.240816116333008,1
random_007,3,8,"10.625,1.250,2.188","7.500,15.625,2.188",11.539627075195312,10.171285629272461,1.3683414459228516,1,20.10057830810547,20.057723999023438,0.04285430908203125,1
random_007,3,9,"10.625,1.250,2.188","3.125,13.750,0.938",14.391603469848633,11.716751098632812,2.6748523712158203,1,20.296993255615234,19.04148292541504,1.2555103302001953,1
random_007,3,10,"10.625,1.250,2.188","37.500,6.875,0.312",14.772490501403809,17.233509063720703,2.4610185623168945,1,20.055635452270508,19.630748748779297,0.42488670349121094,1
random_007,3,11,"10.625,1.250,2.188","29.375,5.000,1.562",15.906192779541016,17.586833953857422,1.6806411743164062,1,25.326475143432617,25.23256492614746,0.09391021728515625,1
random_007,3,12,"10.625,1.250,2.188","22.500,33.750,2.188",25.594545364379883,17.63424301147461,7.960302352905273,1,27.995641708374023,30.394298553466797,2.3986568450927734,1
random_007,3,13,"10.625,1.250,2.188","38.125,27.500,0.312",23.909587860107422,17.95288848876953,5.956699371337891,1,21.54667091369629,22.51970863342285,0.9730377197265625,1
random_007,3,14,"10.625,1.250,2.188","7.500,37.500,0.938",12.148040771484375,9.389448165893555,2.7585926055908203,1,19.540006637573242,16.898576736450195,2.641429901123047,1
random_007,3,15,"10.625,1.250,2.188","21.250,19.375,2.188",22.667343139648438,15.89793586730957,6.769407272338867,1,31.132369995117188,31.569814682006836,0.43744468688964844,1
random_007,3,16,"10.625,1.250,2.188","34.375,11.250,2.188",17.128257751464844,14.11038589477539,3.017871856689453,1,22.927827835083008,22.423784255981445,0.5040435791015625,1
random_007,3,17,"10.625,1.250,2.188","34.375,16.875,0.938",24.322839736938477,17.8441104888916,6.478729248046875,1,27.068166732788086,27.899391174316406,0.8312244415283203,1
random_007,3,18,"10.625,1.250,2.188","24.375,33.125,0.938",26.838485717773438,17.979555130004883,8.858930587768555,1,25.354921340942383,24.99213218688965,0.3627891540527344,1
random_007,3,19,"10.625,1.250,2.188","38.125,30.625,1.562",20.710060119628906,16.43053436279297,4.2795257568359375,1,21.06924057006836,21.71839141845703,0.6491508483886719,1
random_007,3,20,"10.625,1.250,2.188","7.500,11.250,2.188",10.22772216796875,9.483718872070312,0.7440032958984375,1,19.952722549438477,17.996397018432617,1.9563255310058594,1
random_007,3,21,"10.625,1.250,2.188","16.250,35.000,0.938",22.961423873901367,14.676518440246582,8.284905433654785,1,22.115262985229492,23.547500610351562,1.4322376251220703,1
random_007,3,22,"10.625,1.250,2.188","10.000,1.875,0.938",2.918910026550293,1.8594865798950195,1.0594234466552734,1,5.341111183166504,5.052135944366455,0.28897523880004883,1
random_007,3,23,"10.625,1.250,2.188","20.625,11.250,2.188",15.43297290802002,12.883844375610352,2.549128532409668,1,20.433618545532227,18.954313278198242,1.4793052673339844,1
random_007,3,24,"10.625,1.250,2.188","20.000,11.875,0.938",14.711706161499023,13.009883880615234,1.701822280883789,1,22.383874893188477,18.984479904174805,3.399394989013672,1
random_007,3,25,"10.625,1.250,2.188","30.625,1.250,2.188",17.861724853515625,18.18086051940918,0.3191356658935547,1,26.83995246887207,26.423851013183594,0.41610145568847656,1
random_007,3,26,"10.625,1.250,2.188","23.750,36.875,0.312",24.920940399169922,18.052040100097656,6.868900299072266,1,24.535940170288086,26.08284568786621,1.546905517578125,1
random_007,3,27,"10.625,1.250,2.188","18.125,34.375,0.312",23.263893127441406,14.880614280700684,8.383278846740723,1,22.321308135986328,20.83713722229004,1.484170913696289,1
random_007,3,28,"10.625,1.250,2.188","2.500,4.375,0.938",8.665969848632812,10.367432594299316,1.701462745666504,1,13.628463745117188,14.625286102294922,0.9968223571777344,1
random_007,3,29,"10.625,1.250,2.188","12.500,18.125,0.938",9.0638427734375,7.733666896820068,1.3301758766174316,1,21.389345169067383,20.920753479003906,0.46859169006347656,1
random_007,4,5,"16.250,32.500,0.938","8.750,3.750,1.562",9.996460914611816,22.76340675354004,12.766945838928223,1,19.683034896850586,17.372224807739258,2.310810089111328,1
random_007,4,6,"16.250,32.500,0.938","36.250,13.125,2.188",24.258056640625,29.532142639160156,5.274085998535156,1,32.624481201171875,35.618709564208984,2.9942283630371094,1
random_007,4,7,"16.250,32.500,0.938","13.750,13.750,1.562",16.265317916870117,20.47085952758789,4.205541610717773,1,22.13613510131836,22.5247802734375,0.3886451721191406,1
random_007,4,8,"16.250,32.500,0.938","7.500,15.625,2.188",18.338258743286133,24.24474334716797,5.906484603881836,1,30.99443244934082,30.271331787109375,0.7231006622314453,1
random_007,4,9,"16.250,32.500,0.938","3.125,13.750,0.938",19.35633087158203,25.372543334960938,6.016212463378906,1,32.033729553222656,31.223430633544922,0.8102989196777344,1
random_007,4,10,"16.250,32.500,0.938","37.500,6.875,0.312",19.063663482666016,28.122703552246094,9.059040069580078,1,43.4430046081543,48.87489318847656,5.431888580322266,1
random_007,4,11,"16.250,32.500,0.938","29.375,5.000,1.562",25.94424057006836,30.362506866455078,4.418266296386719,1,44.898597717285156,45.01201629638672,0.1134185791015625,1
random_007,4,12,"16.250,32.500,0.938","22.500,33.750,2.188",10.26041030883789,9.84318733215332,0.4172229766845703,1,13.448543548583984,14.120576858520508,0.6720333099365234,1
random_007,4,13,"16.250,32.500,0.938","38.125,27.500,0.312",11.804924964904785,14.116044044494629,2.3111190795898438,1,19.553070068359375,20.15032386779785,0.5972537994384766,1
random_007,4,14,"16.250,32.500,0.938","7.500,37.500,0.938",9.311230659484863,11.42896842956543,2.1177377700805664,1,14.021275520324707,15.951899528503418,1.930624008178711,1
random_007,4,15,"16.250,32.500,0.938","21.250,19.375,2.188",23.74932861328125,20.007383346557617,3.741945266723633,1,35.98147201538086,36.030452728271484,0.048980712890625,1
random_007,4,16,"16.250,32.500,0.938","34.375,11.250,2.188",23.403568267822266,25.23495101928711,1.8313827514648438,1,35.89051055908203,37.199161529541016,1.3086509704589844,1
random_007,4,17,"16.250,32.500,0.938","34.375,16.875,0.938",24.136354446411133,23.088260650634766,1.0480937957763672,1,24.646549224853516,30.514848709106445,5.86829948425293,1
random_007,4,18,"16.250,32.500,0.938","24.375,33.125,0.938",11.549938201904297,11.428570747375488,0.1213674545288086,1,16.1007137298584,17.3023624420166,1.2016487121582031,1
random_007,4,19,"16.250,32.500,0.938","38.125,30.625,1.562",15.319982528686523,14.019017219543457,1.3009653091430664,1,19.303241729736328,16.603254318237305,2.6999874114990234,1
random_007,4,20,"16.250,32.500,0.938","7.500,11.250,2.188",15.77136516571045,26.781585693359375,11.010220527648926,1,34.19117736816406,34.543174743652344,0.35199737548828125,1
random_007,4,21,"16.250,32.500,0.938","16.250,35.000,0.938",4.742703437805176,4.55495548248291,0.18774795532226562,1,5.884310245513916,6.102683067321777,0.21837282180786133,1
random_007,4,22,"16.250,32.500,0.938","10.000,1.875,0.938",12.685037612915039,23.04286003112793,10.35782241821289,1,17.99204444885254,14.366994857788086,3.625049591064453,1
random_007,4,23,"16.250,32.500,0.938","20.625,11.250,2.188",26.7852783203125,24.714962005615234,2.0703163146972656,1,26.486684799194336,25.835018157958984,0.6516666412353516,1
random_007,4,24,"16.250,32.500,0.938","20.000,11.875,0.938",25.780649185180664,24.994674682617188,0.7859745025634766,1,23.35247230529785,24.55908203125,1.2066097259521484,1
random_007,4,25,"16.250,32.500,0.938","30.625,1.250,2.188",22.172334671020508,30.38387107849121,8.211536407470703,1,30.786598205566406,38.13262939453125,7.346031188964844,1
random_007,4,26,"16.250,32.500,0.938","23.750,36.875,0.312",11.08060073852539,12.244140625,1.1635398864746094,1,17.27524185180664,18.089336395263672,0.8140945434570312,1
random_007,4,27,"16.250,32.500,0.938","18.125,34.375,0.312",4.807849884033203,3.933537483215332,0.8743124008178711,1,6.234072208404541,6.336381912231445,0.1023097038269043,1
random_007,4,28,"16.250,32.500,0.938","2.500,4.375,0.938",17.788127899169922,27.366546630859375,9.578418731689453,1,32.31066131591797,32.1844367980957,0.12622451782226562,1
random_007,4,29,"16.250,32.500,0.938","12.500,18.125,0.938",11.52100658416748,15.349648475646973,3.828641891479492,1,21.114519119262695,23.418485641479492,2.303966522216797,1
random_007,5,6,"8.750,3.750,1.562","36.250,13.125,2.188",14.727662086486816,15.827925682067871,1.1002635955810547,1,22.651226043701172,21.7645206451416,0.8867053985595703,1
random_007,5,7,"8.750,3.750,1.562","13.750,13.750,1.562",12.012789726257324,10.11307144165039,1.8997182846069336,1,18.45162582397461,16.1091251373291,2.342500686645508,1
random_007,5,8,"8.750,3.750,1.562","7.500,15.625,2.188",10.21042251586914,9.166213989257812,1.0442085266113281,1,17.304351806640625,15.866844177246094,1.4375076293945312,1
random_007,5,9,"8.750,3.750,1.562","3.125,13.750,0.938",12.841564178466797,10.371675491333008,2.469888687133789,1,15.461915016174316,17.279565811157227,1.8176507949829102,1
random_007,5,10,"8.750,3.750,1.562","37.500,6.875,0.312",15.096503257751465,17.055994033813477,1.9594907760620117,1,20.046648025512695,20.54343605041504,0.49678802490234375,1
random_007,5,11,"8.750,3.750,1.562","29.375,5.000,1.562",16.853715896606445,17.461923599243164,0.6082077026367188,1,24.1464786529541,24.813684463500977,0.667205810546875,1
random_007,5,12,"8.750,3.750,1.562","22.500,33.750,2.188",25.306617736816406,17.28886604309082,8.017751693725586,1,21.61486053466797,23.267854690551758,1.652994155883789,1
random_007,5,13,"8.750,3.750,1.562","38.125,27.500,0.312",24.041263580322266,17.786897659301758,6.254365921020508,1,21.99970817565918,20.697065353393555,1.302642822265625,1
random_007,5,14,"8.750,3.750,1.562","7.500,37.500,0.938",12.462491035461426,8.427414894104004,4.035076141357422,1,20.635238647460938,22.053974151611328,1.4187355041503906,1
random_007,5,15,"8.750,3.750,1.562","21.250,19.375,2.188",22.499019622802734,13.578259468078613,8.920760154724121,1,26.972454071044922,27.97882843017578,1.0063743591308594,1
random_007,5,16,"8.750,3.750,1.562","34.375,11.250,2.188",16.329702377319336,14.684041976928711,1.645660400390625,1,24.51968002319336,24.183961868286133,0.33571815490722656,1
random_007,5,17,"8.750,3.750,1.562","34.375,16.875,0.938",24.19100570678711,17.3618221282959,6.829183578491211,1,24.696901321411133,25.155656814575195,0.4587554931640625,1
random_007,5,18,"8.750,3.750,1.562","24.375,33.125,0.938",27.278705596923828,18.743560791015625,8.535144805908203,1,27.185733795166016,26.521310806274414,0.6644229888916016,1
random_007,5,19,"8.750,3.750,1.562","38.125,30.625,1.562",20.901233673095703,15.56155014038086,5.339683532714844,1,18.988571166992188,19.289934158325195,0.3013629913330078,1
random_007,5,20,"8.750,3.750,1.562","7.500,11.250,2.188",8.833019256591797,8.493206024169922,0.339813232421875,1,15.109678268432617,14.646832466125488,0.4628458023071289,1
random_007,5,21,"8.750,3.750,1.562","16.250,35.000,0.938",21.31632423400879,10.305903434753418,11.010420799255371,1,21.826107025146484,24.182586669921875,2.3564796447753906,1
random_007,5,22,"8.750,3.750,1.562","10.000,1.875,0.938",3.923198699951172,4.143062591552734,0.2198638916015625,1,6.823385715484619,6.701999187469482,0.12138652801513672,1
random_007,5,23,"8.750,3.750,1.562","20.625,11.250,2.188",15.97313404083252,13.645601272583008,2.3275327682495117,1,23.520416259765625,21.324951171875,2.195465087890625,1
random_007,5,24,"8.750,3.750,1.562","20.000,11.875,0.938",15.289590835571289,13.914737701416016,1.3748531341552734,1,23.35224723815918,21.02105140686035,2.331195831298828,1
random_007,5,25,"8.750,3.750,1.562","30.625,1.250,2.188",18.132604598999023,18.068599700927734,0.06400489807128906,1,26.449920654296875,27.449905395507812,0.9999847412109375,1
random_007,5,26,"8.750,3.750,1.562","23.750,36.875,0.312",24.210994720458984,17.13019561767578,7.080799102783203,1,22.49275779724121,21.1389102935791,1.3538475036621094,1
random_007,5,27,"8.750,3.750,1.562","18.125,34.375,0.312",22.660511016845703,12.537994384765625,10.122516632080078,1,20.534751892089844,23.001413345336914,2.4666614532470703,1
random_007,5,28,"8.750,3.750,1.562","2.500,4.375,0.938",7.828200817108154,8.182594299316406,0.35439348220825195,1,12.39404582977295,12.292513847351074,0.101531982421875,1
random_007,5,29,"8.750,3.750,1.562","12.500,18.125,0.938",9.974024772644043,7.892623424530029,2.0814013481140137,1,17.404701232910156,19.771692276000977,2.3669910430908203,1
random_007,6,7,"36.250,13.125,2.188","13.750,13.750,1.562",13.751026153564453,14.378173828125,0.6271476745605469,1,22.414169311523438,19.956098556518555,2.458070755004883,1
random_007,6,8,"36.250,13.125,2.188","7.500,15.625,2.188",15.979905128479004,13.682051658630371,2.297853469848633,1,22.333620071411133,22.743576049804688,0.4099559783935547,1
random_007,6,9,"36.250,13.125,2.188","3.125,13.750,0.938",13.626090049743652,13.244828224182129,0.38126182556152344,1,22.324949264526367,23.571989059448242,1.247039794921875,1
random_007,6,10,"36.250,13.125,2.188","37.500,6.875,0.312",5.780669212341309,8.432197570800781,2.6515283584594727,1,7.963440895080566,9.095490455627441,1.132049560546875,1
random_007,6,11,"36.250,13.125,2.188","29.375,5.000,1.562",14.610237121582031,16.95882797241211,2.348590850830078,1,20.017091751098633,17.605558395385742,2.4115333557128906,1
random_007,6,12,"36.250,13.125,2.188","22.500,33.750,2.188",22.458358764648438,22.908388137817383,0.4500293731689453,1,41.105445861816406,40.10382843017578,1.001617431640625,1
random_007,6,13,"36.250,13.125,2.188","38.125,27.500,0.312",10.412471771240234,10.379365921020508,0.03310585021972656,1,11.701974868774414,11.590883255004883,0.11109161376953125,1
random_007,6,14,"36.250,13.125,2.188","7.500,37.500,0.938",16.171241760253906,18.562210083007812,2.3909683227539062,1,34.62437438964844,29.985198974609375,4.6391754150390625,1
random_007,6,15,"36.250,13.125,2.188","21.250,19.375,2.188",15.861650466918945,14.95932674407959,0.9023237228393555,1,24.441570281982422,22.40814971923828,2.0334205627441406,1
random_007,6,16,"36.250,13.125,2.188","34.375,11.250,2.188",4.600957870483398,5.694855690002441,1.093897819519043,1,6.942450046539307,6.970541954040527,0.028091907501220703,1
random_007,6,17,"36.250,13.125,2.188","34.375,16.875,0.938",5.084723472595215,7.2219696044921875,2.1372461318969727,1,7.756948471069336,8.06453800201416,0.3075895309448242,1
random_007,6,18,"36.250,13.125,2.188","24.375,33.125,0.938",21.465831756591797,21.967803955078125,0.5019721984863281,1,44.46303939819336,42.472965240478516,1.9900741577148438,1
random_007,6,19,"36.250,13.125,2.188","38.125,30.625,1.562",9.048084259033203,10.722772598266602,1.6746883392333984,1,13.134846687316895,10.950191497802734,2.18465518951416,1
random_007,6,20,"36.250,13.125,2.188","7.500,11.250,2.188",14.677606582641602,14.032783508300781,0.6448230743408203,1,23.752349853515625,22.640783309936523,1.1115665435791016,1
random_007,6,21,"36.250,13.125,2.188","16.250,35.000,0.938",27.28265380859375,22.73560333251953,4.547050476074219,1,43.46438217163086,42.79314422607422,0.6712379455566406,1
random_007,6,22,"36.250,13.125,2.188","10.000,1.875,0.938",15.44494915008545,14.411371231079102,1.0335779190063477,1,20.099224090576172,20.308626174926758,0.20940208435058594,1
random_007,6,23,"36.250,13.125,2.188","20.625,11.250,2.188",13.244085311889648,13.099019050598145,0.1450662612915039,1,21.74195671081543,21.19931983947754,0.5426368713378906,1
random_007,6,24,"36.250,13.125,2.188","20.000,11.875,0.938",12.874448776245117,13.53711223602295,0.662663459777832,1,22.363740921020508,22.559537887573242,0.19579696655273438,1
random_007,6,25,"36.250,13.125,2.188","30.625,1.250,2.188",12.489290237426758,12.513138771057129,0.023848533630371094,1,12.045674324035645,11.824395179748535,0.22127914428710938,1
random_007,6,26,"36.250,13.125,2.188","23.750,36.875,0.312",21.909927368164062,18.95646858215332,2.953458786010742,1,40.76691436767578,39.71311950683594,1.0537948608398438,1
random_007,6,27,"36.250,13.125,2.188","18.125,34.375,0.312",27.28135108947754,23.862079620361328,3.419271469116211,1,45.17633056640625,36.90562057495117,8.270709991455078,1
random_007,6,28,"36.250,13.125,2.188","2.500,4.375,0.938",14.206721305847168,13.351105690002441,0.8556156158447266,1,16.271869659423828,17.537151336669922,1.2652816772460938,1
random_007,6,29,"36.250,13.125,2.188","12.500,18.125,0.938",21.52216148376465,18.3319091796875,3.1902523040771484,1,27.676815032958984,29.37055778503418,1.6937427520751953,1
random_007,7,8,"13.750,13.750,1.562","7.500,15.625,2.188",8.620231628417969,8.565750122070312,0.05448150634765625,1,15.8449125289917,16.462451934814453,0.6175394058227539,1
random_007,7,9,"13.750,13.750,1.562","3.125,13.750,0.938",9.504919052124023,10.33775806427002,0.8328390121459961,1,19.876705169677734,19.251216888427734,0.62548828125,1
random_007,7,10,"13.750,13.750,1.562","37.500,6.875,0.312",20.56170082092285,20.799640655517578,0.23793983459472656,1,20.42741584777832,20.61134147644043,0.18392562866210938,1
random_007,7,11,"13.750,13.750,1.562","29.375,5.000,1.562",16.03236198425293,16.914125442504883,0.8817634582519531,1,23.783794403076172,23.680137634277344,0.10365676879882812,1
random_007,7,12,"13.750,13.750,1.562","22.500,33.750,2.188",27.829792022705078,24.36435317993164,3.4654388427734375,1,31.37460708618164,31.29051971435547,0.08408737182617188,1
random_007,7,13,"13.750,13.750,1.562","38.125,27.500,0.312",25.137378692626953,23.93008041381836,1.2072982788085938,1,36.24116897583008,35.70777130126953,0.5333976745605469,1
random_007,7,14,"13.750,13.750,1.562","7.500,37.500,0.938",19.69057273864746,23.52652359008789,3.8359508514404297,1,21.40509033203125,19.329492568969727,2.0755977630615234,1
random_007,7,15,"13.750,13.750,1.562","21.250,19.375,2.188",14.383090019226074,12.735831260681152,1.6472587585449219,1,21.13850975036621,22.09035301208496,0.95184326171875,1
random_007,7,16,"13.750,13.750,1.562","34.375,11.250,2.188",13.895210266113281,12.640357971191406,1.254852294921875,1,21.975677490234375,23.18092918395996,1.205251693725586,1
random_007,7,17,"13.750,13.750,1.562","34.375,16.875,0.938",25.634416580200195,17.482242584228516,8.15217399597168,1,33.91564178466797,29.74578094482422,4.16986083984375,1
random_007,7,18,"13.750,13.750,1.562","24.375,33.125,0.938",30.191730499267578,25.804603576660156,4.387126922607422,1,33.183101654052734,33.563812255859375,0.3807106018066406,1
random_007,7,19,"13.750,13.750,1.562","38.125,30.625,1.562",22.296430587768555,23.564226150512695,1.2677955627441406,1,32.65461730957031,34.91447067260742,2.2598533630371094,1
random_007,7,20,"13.750,13.750,1.562","7.500,11.250,2.188",8.460040092468262,8.412360191345215,0.047679901123046875,1,16.49981689453125,17.41349983215332,0.9136829376220703,1
random_007,7,21,"13.750,13.750,1.562","16.250,35.000,0.938",21.482576370239258,18.757152557373047,2.725423812866211,1,23.39309310913086,23.19032859802246,0.20276451110839844,1
random_007,7,22,"13.750,13.750,1.562","10.000,1.875,0.938",9.911249160766602,11.474817276000977,1.563568115234375,1,18.978696823120117,18.867101669311523,0.11159515380859375,1
random_007,7,23,"13.750,13.750,1.562","20.625,11.250,2.188",10.428750991821289,9.668956756591797,0.7597942352294922,1,16.137733459472656,15.64576244354248,0.4919710159301758,1
random_007,7,24,"13.750,13.750,1.562","20.000,11.875,0.938",9.368169784545898,9.421545028686523,0.053375244140625,1,15.38694953918457,14.700335502624512,0.6866140365600586,1
random_007,7,25,"13.750,13.750,1.562","30.625,1.250,2.188",16.401060104370117,17.578712463378906,1.177652359008789,1,22.614152908325195,23.08111572265625,0.4669628143310547,1
random_007,7,26,"13.750,13.750,1.562","23.750,36.875,0.312",26.14366912841797,24.88237190246582,1.2612972259521484,1,29.415950775146484,25.695789337158203,3.7201614379882812,1
random_007,7,27,"13.750,13.750,1.562","18.125,34.375,0.312",22.84749984741211,18.510509490966797,4.3369903564453125,1,27.32763671875,26.628170013427734,0.6994667053222656,1
random_007,7,28,"13.750,13.750,1.562","2.500,4.375,0.938",13.32605266571045,13.137511253356934,0.18854141235351562,1,18.770341873168945,18.437210083007812,0.3331317901611328,1
random_007,7,29,"13.750,13.750,1.562","12.500,18.125,0.938",4.494348526000977,5.1878662109375,0.6935176849365234,1,12.781523704528809,13.188858985900879,0.4073352813720703,1
random_007,8,9,"7.500,15.625,2.188","3.125,13.750,0.938",6.86114501953125,7.039628982543945,0.1784839630126953,1,12.626435279846191,11.72166633605957,0.9047689437866211,1
random_007,8,10,"7.500,15.625,2.188","37.500,6.875,0.312",19.245386123657227,19.12041473388672,0.12497138977050781,1,19.755104064941406,21.05725860595703,1.302154541015625,1
random_007,8,11,"7.500,15.625,2.188","29.375,5.000,1.562",15.551515579223633,17.135089874267578,1.5835742950439453,1,27.10658836364746,26.512842178344727,0.5937461853027344,1
random_007,8,12,"7.500,15.625,2.188","22.500,33.750,2.188",27.223079681396484,22.59084701538086,4.632232666015625,1,37.69418716430664,28.575927734375,9.11825942993164,1
random_007,8,13,"7.500,15.625,2.188","38.125,27.500,0.312",23.773380279541016,23.04034423828125,0.7330360412597656,1,36.45077896118164,36.92060089111328,0.4698219299316406,1
random_007,8,14,"7.500,15.625,2.188","7.500,37.500,0.938",18.64603042602539,11.241317749023438,7.404712677001953,1,19.173839569091797,18.803369522094727,0.3704700469970703,1
random_007,8,15,"7.500,15.625,2.188","21.250,19.375,2.188",14.102896690368652,10.480026245117188,3.622870445251465,1,20.394685745239258,21.95425796508789,1.5595722198486328,1
random_007,8,16,"7.500,15.625,2.188","34.375,11.250,2.188",13.578577041625977,14.416751861572266,0.8381748199462891,1,25.09795379638672,25.92300033569336,0.8250465393066406,1
random_007,8,17,"7.500,15.625,2.188","34.375,16.875,0.938",25.888530731201172,18.556509017944336,7.332021713256836,1,28.748432159423828,30.85479736328125,2.106365203857422,1
random_007,8,18,"7.500,15.625,2.188","24.375,33.125,0.938",28.474254608154297,23.11078643798828,5.363468170166016,1,36.10447692871094,26.68083953857422,9.423637390136719,1
random_007,8,19,"7.500,15.625,2.188","38.125,30.625,1.562",22.217750549316406,19.39772605895996,2.8200244903564453,1,34.439979553222656,37.78190994262695,3.341930389404297,1
random_007,8,20,"7.500,15.625,2.188","7.500,11.250,2.188",5.564481735229492,6.251543998718262,0.6870622634887695,1,11.440897941589355,11.361246109008789,0.0796518325805664,1
random_007,8,21,"7.500,15.625,2.188","16.250,35.000,0.938",22.98210334777832,18.813024520874023,4.169078826904297,1,27.240760803222656,28.8504695892334,1.6097087860107422,1
random_007,8,22,"7.500,15.625,2.188","10.000,1.875,0.938",10.185611724853516,11.073005676269531,0.8873939514160156,1,18.351722717285156,18.324926376342773,0.026796340942382812,1
random_007,8,23,"7.500,15.625,2.188","20.625,11.250,2.188",12.641477584838867,12.299854278564453,0.34162330627441406,1,27.410402297973633,26.172752380371094,1.237649917602539,1
random_007,8,24,"7.500,15.625,2.188","20.000,11.875,0.938",12.063542366027832,12.412052154541016,0.3485097885131836,1,25.529621124267578,25.044286727905273,0.4853343963623047,1
random_007,8,25,"7.500,15.625,2.188","30.625,1.250,2.188",15.912585258483887,17.010690689086914,1.0981054306030273,1,24.9787654876709,24.988441467285156,0.009675979614257812,1
random_007,8,26,"7.500,15.625,2.188","23.750,36.875,0.312",26.245765686035156,21.668140411376953,4.577625274658203,1,29.411724090576172,28.052804946899414,1.3589191436767578,1
random_007,8,27,"7.500,15.625,2.188","18.125,34.375,0.312",25.667957305908203,19.90003204345703,5.767925262451172,1,25.448688507080078,31.857038497924805,6.408349990844727,1
random_007,8,28,"7.500,15.625,2.188","2.500,4.375,0.938",9.976069450378418,11.619796752929688,1.6437273025512695,1,17.195085525512695,16.721357345581055,0.4737281799316406,1
random_007,8,29,"7.500,15.625,2.188","12.500,18.125,0.938",7.503400802612305,6.792995452880859,0.7104053497314453,1,16.335039138793945,16.946697235107422,0.6116580963134766,1
random_007,9,10,"3.125,13.750,0.938","37.500,6.875,0.312",18.210002899169922,18.07537841796875,0.13462448120117188,1,18.242950439453125,19.61561393737793,1.3726634979248047,1
random_007,9,11,"3.125,13.750,0.938","29.375,5.000,1.562",15.441553115844727,16.885082244873047,1.4435291290283203,1,25.230712890625,25.913991928100586,0.6832790374755859,1
random_007,9,12,"3.125,13.750,0.938","22.500,33.750,2.188",25.55185317993164,22.913408279418945,2.6384449005126953,1,28.621055603027344,32.01204299926758,3.3909873962402344,1
random_007,9,13,"3.125,13.750,0.938","38.125,27.500,0.312",22.225038528442383,20.385337829589844,1.839700698852539,1,28.475614547729492,23.136362075805664,5.339252471923828,1
random_007,9,14,"3.125,13.750,0.938","7.500,37.500,0.938",21.038894653320312,12.9828519821167,8.056042671203613,1,35.6873893737793,20.507362365722656,15.18002700805664,1
random_007,9,15,"3.125,13.750,0.938","21.250,19.375,2.188",14.651097297668457,10.513162612915039,4.137934684753418,1,21.15719223022461,22.151283264160156,0.9940910339355469,1
random_007,9,16,"3.125,13.750,0.938","34.375,11.250,2.188",14.098139762878418,12.905871391296387,1.1922683715820312,1,25.08905601501465,23.427631378173828,1.6614246368408203,1
random_007,9,17,"3.125,13.750,0.938","34.375,16.875,0.938",22.7232666015625,15.67894172668457,7.04432487487793,1,30.168237686157227,37.40177917480469,7.233541488647461,1
random_007,9,18,"3.125,13.750,0.938","24.375,33.125,0.938",26.223918914794922,22.827442169189453,3.3964767456054688,1,25.917720794677734,33.85415267944336,7.936431884765625,1
random_007,9,19,"3.125,13.750,0.938","38.125,30.625,1.562",20.832822799682617,17.818492889404297,3.0143299102783203,1,28.708206176757812,29.507286071777344,0.7990798950195312,1
random_007,9,20,"3.125,13.750,0.938","7.500,11.250,2.188",6.924386978149414,6.703692436218262,0.22069454193115234,1,12.635863304138184,12.628927230834961,0.006936073303222656,1
random_007,9,21,"3.125,13.750,0.938","16.250,35.000,0.938",22.034212112426758,19.035696029663086,2.998516082763672,1,24.86664581298828,28.90610694885254,4.039461135864258,1
random_007,9,22,"3.125,13.750,0.938","10.000,1.875,0.938",12.00522518157959,13.731145858764648,1.7259206771850586,1,18.719173431396484,18.938430786132812,0.21925735473632812,1
random_007,9,23,"3.125,13.750,0.938","20.625,11.250,2.188",13.11497688293457,11.802449226379395,1.3125276565551758,1,27.899255752563477,27.981761932373047,0.08250617980957031,1
random_007,9,24,"3.125,13.750,0.938","20.000,11.875,0.938",12.549545288085938,11.860368728637695,0.6891765594482422,1,24.475830078125,25.452634811401367,0.9768047332763672,1
random_007,9,25,"3.125,13.750,0.938","30.625,1.250,2.188",16.06752586364746,17.23016929626465,1.1626434326171875,1,25.83547592163086,25.561969757080078,0.27350616455078125,1
random_007,9,26,"3.125,13.750,0.938","23.750,36.875,0.312",25.177406311035156,22.732038497924805,2.4453678131103516,1,28.922115325927734,35.13383865356445,6.211723327636719,1
random_007,9,27,"3.125,13.750,0.938","18.125,34.375,0.312",24.929153442382812,21.167091369628906,3.7620620727539062,1,30.294601440429688,32.05429458618164,1.7596931457519531,1
random_007,9,28,"3.125,13.750,0.938","2.500,4.375,0.938",9.524345397949219,8.46391487121582,1.0604305267333984,1,10.685853004455566,11.404541015625,0.7186880111694336,1
random_007,9,29,"3.125,13.750,0.938","12.500,18.125,0.938",10.264713287353516,10.611875534057617,0.34716224670410156,1,21.673473358154297,22.89771270751953,1.2242393493652344,1
random_007,10,11,"37.500,6.875,0.312","29.375,5.000,1.562",11.706687927246094,10.670125007629395,1.0365629196166992,1,11.951189041137695,11.701363563537598,0.24982547760009766,1
random_007,10,12,"37.500,6.875,0.312","22.500,33.750,2.188",25.026023864746094,20.020112991333008,5.005910873413086,1,44.24262237548828,42.09489822387695,2.147724151611328,1
random_007,10,13,"37.500,6.875,0.312","38.125,27.500,0.312",10.751775741577148,13.969736099243164,3.2179603576660156,1,11.077149391174316,23.042898178100586,11.96574878692627,1
random_007,10,14,"37.500,6.875,0.312","7.500,37.500,0.938",14.458518028259277,14.871559143066406,0.4130411148071289,1,29.66632843017578,30.437440872192383,0.7711124420166016,1
random_007,10,15,"37.500,6.875,0.312","21.250,19.375,2.188",28.394954681396484,21.299890518188477,7.095064163208008,1,23.70198631286621,23.780155181884766,0.07816886901855469,1
random_007,10,16,"37.500,6.875,0.312","34.375,11.250,2.188",9.327537536621094,7.1031341552734375,2.2244033813476562,1,11.118926048278809,10.742535591125488,0.3763904571533203,1
random_007,10,17,"37.500,6.875,0.312","34.375,16.875,0.938",13.301908493041992,8.483052253723145,4.818856239318848,1,10.654643058776855,18.917118072509766,8.26247501373291,1
random_007,10,18,"37.500,6.875,0.312","24.375,33.125,0.938",24.646316528320312,20.426372528076172,4.219944000244141,1,38.35694122314453,48.00053024291992,9.64358901977539,1
random_007,10,19,"37.500,6.875,0.312","38.125,30.625,1.562",11.514631271362305,13.006592750549316,1.4919614791870117,1,13.812455177307129,13.17143726348877,0.6410179138183594,1
random_007,10,20,"37.500,6.875,0.312","7.500,11.250,2.188",17.746156692504883,18.10708999633789,0.3609333038330078,1,21.37419891357422,22.713056564331055,1.338857650756836,1
random_007,10,21,"37.500,6.875,0.312","16.250,35.000,0.938",27.36962890625,18.949506759643555,8.420122146606445,1,47.560733795166016,46.131778717041016,1.428955078125,1
random_007,10,22,"37.500,6.875,0.312","10.000,1.875,0.938",17.226797103881836,14.809148788452148,2.4176483154296875,1,19.953983306884766,20.497997283935547,0.5440139770507812,1
random_007,10,23,"37.500,6.875,0.312","20.625,11.250,2.188",22.624277114868164,18.659648895263672,3.964628219604492,1,20.09546661376953,20.59773826599121,0.5022716522216797,1
random_007,10,24,"37.500,6.875,0.312","20.000,11.875,0.938",22.869482040405273,19.221473693847656,3.648008346557617,1,21.57195472717285,21.67011070251465,0.09815597534179688,1
random_007,10,25,"37.500,6.875,0.312","30.625,1.250,2.188",11.970852851867676,8.581160545349121,3.3896923065185547,1,9.166219711303711,9.73020076751709,0.5639810562133789,1
random_007,10,26,"37.500,6.875,0.312","23.750,36.875,0.312",25.57788848876953,19.520442962646484,6.057445526123047,1,66.63291931152344,61.01963424682617,5.613285064697266,1
random_007,10,27,"37.500,6.875,0.312","18.125,34.375,0.312",28.078598022460938,20.15660285949707,7.921995162963867,1,49.67658615112305,42.41567611694336,7.2609100341796875,1
random_007,10,28,"37.500,6.875,0.312","2.500,4.375,0.938",14.274867057800293,13.300785064697266,0.9740819931030273,1,19.637468338012695,19.705678939819336,0.06821060180664062,1
random_007,10,29,"37.500,6.875,0.312","12.500,18.125,0.938",26.18959617614746,19.322704315185547,6.866891860961914,1,24.527908325195312,24.656734466552734,0.12882614135742188,1
random_007,11,12,"29.375,5.000,1.562","22.500,33.750,2.188",26.583675384521484,19.083297729492188,7.500377655029297,1,38.1227912902832,38.630615234375,0.5078239440917969,1
random_007,11,13,"29.375,5.000,1.562","38.125,27.500,0.312",17.719215393066406,18.50391960144043,0.7847042083740234,1,29.078989028930664,26.286436080932617,2.792552947998047,1
random_007,11,14,"29.375,5.000,1.562","7.500,37.500,0.938",18.011499404907227,21.042522430419922,3.0310230255126953,1,17.477476119995117,21.777055740356445,4.299579620361328,1
random_007,11,15,"29.375,5.000,1.562","21.250,19.375,2.188",22.57319450378418,17.156667709350586,5.416526794433594,1,31.346181869506836,25.996883392333984,5.349298477172852,1
random_007,11,16,"29.375,5.000,1.562","34.375,11.250,2.188",15.014116287231445,12.543986320495605,2.47012996673584,1,17.4608211517334,17.894023895263672,0.43320274353027344,1
random_007,11,17,"29.375,5.000,1.562","34.375,16.875,0.938",18.760513305664062,16.30451774597168,2.455995559692383,1,19.946311950683594,17.89246368408203,2.0538482666015625,1
random_007,11,18,"29.375,5.000,1.562","24.375,33.125,0.938",27.214378356933594,18.003419876098633,9.210958480834961,1,35.10200500488281,34.73176193237305,0.3702430725097656,1
random_007,11,19,"29.375,5.000,1.562","38.125,30.625,1.562",19.406572341918945,18.037357330322266,1.3692150115966797,1,24.527782440185547,23.74829864501953,0.7794837951660156,1
random_007,11,20,"29.375,5.000,1.562","7.500,11.250,2.188",17.44436264038086,16.44375991821289,1.0006027221679688,1,24.78631019592285,25.620296478271484,0.8339862823486328,1
random_007,11,21,"29.375,5.000,1.562","16.250,35.000,0.938",28.395904541015625,24.081708908081055,4.31419563293457,1,42.40692138671875,40.73080062866211,1.6761207580566406,1
random_007,11,22,"29.375,5.000,1.562","10.000,1.875,0.938",17.569684982299805,16.27037811279297,1.299306869506836,1,24.62269401550293,25.219175338745117,0.5964813232421875,1
random_007,11,23,"29.375,5.000,1.562","20.625,11.250,2.188",15.735507011413574,12.890167236328125,2.845339775085449,1,20.94996452331543,20.4396915435791,0.5102729797363281,1
random_007,11,24,"29.375,5.000,1.562","20.000,11.875,0.938",16.101594924926758,13.22514820098877,2.8764467239379883,1,21.29155158996582,21.00849723815918,0.2830543518066406,1
random_007,11,25,"29.375,5.000,1.562","30.625,1.250,2.188",7.307422637939453,6.897531509399414,0.40989112854003906,1,9.665823936462402,9.739510536193848,0.07368659973144531,1
random_007,11,26,"29.375,5.000,1.562","23.750,36.875,0.312",26.402099609375,19.515058517456055,6.887041091918945,1,43.55699157714844,44.80995559692383,1.2529640197753906,1
random_007,11,27,"29.375,5.000,1.562","18.125,34.375,0.312",28.726715087890625,24.03417205810547,4.692543029785156,1,43.88695526123047,44.69939422607422,0.81243896484375,1
random_007,11,28,"29.375,5.000,1.562","2.500,4.375,0.938",15.778282165527344,15.798683166503906,0.0204010009765625,1,22.074243545532227,24.03063201904297,1.9563884735107422,1
random_007,11,29,"29.375,5.000,1.562","12.500,18.125,0.938",24.53224754333496,16.949674606323242,7.582572937011719,1,32.155216217041016,30.644977569580078,1.5102386474609375,1
random_007,12,13,"22.500,33.750,2.188","38.125,27.500,0.312",11.175432205200195,11.819473266601562,0.6440410614013672,1,17.985036849975586,18.290029525756836,0.30499267578125,1
random_007,12,14,"22.500,33.750,2.188","7.500,37.500,0.938",10.543542861938477,12.877070426940918,2.3335275650024414,1,17.55860710144043,17.970190048217773,0.41158294677734375,1
random_007,12,15,"22.500,33.750,2.188","21.250,19.375,2.188",14.383432388305664,16.829912185668945,2.4464797973632812,1,23.07177734375,23.178266525268555,0.10648918151855469,1
random_007,12,16,"22.500,33.750,2.188","34.375,11.250,2.188",22.029483795166016,19.208370208740234,2.8211135864257812,1,32.45070266723633,33.75907897949219,1.3083763122558594,1
random_007,12,17,"22.500,33.750,2.188","34.375,16.875,0.938",21.94124984741211,16.809526443481445,5.131723403930664,1,29.067550659179688,33.06191635131836,3.994365692138672,1
random_007,12,18,"22.500,33.750,2.188","24.375,33.125,0.938",3.3915042877197266,3.62862491607666,0.2371206283569336,1,6.919575214385986,6.755143642425537,0.16443157196044922,1
random_007,12,19,"22.500,33.750,2.188","38.125,30.625,1.562",14.22478199005127,13.868558883666992,0.35622310638427734,1,17.835140228271484,18.787796020507812,0.9526557922363281,1
random_007,12,20,"22.500,33.750,2.188","7.500,11.250,2.188",17.366920471191406,24.87516212463379,7.508241653442383,1,28.34779930114746,29.163837432861328,0.8160381317138672,1
random_007,12,21,"22.500,33.750,2.188","16.250,35.000,0.938",9.25996208190918,9.949151992797852,0.6891899108886719,1,13.706071853637695,14.608272552490234,0.9022006988525391,1
random_007,12,22,"22.500,33.750,2.188","10.000,1.875,0.938",18.024066925048828,25.323623657226562,7.299556732177734,1,28.578292846679688,28.131921768188477,0.44637107849121094,1
random_007,12,23,"22.500,33.750,2.188","20.625,11.250,2.188",24.32730484008789,25.440990447998047,1.1136856079101562,1,43.381004333496094,28.15586280822754,15.225141525268555,1
random_007,12,24,"22.500,33.750,2.188","20.000,11.875,0.938",24.356586456298828,26.28641128540039,1.9298248291015625,1,42.830528259277344,24.347064971923828,18.483463287353516,1
random_007,12,25,"22.500,33.750,2.188","30.625,1.250,2.188",16.436025619506836,27.53594398498535,11.099918365478516,1,27.36659049987793,30.54817008972168,3.18157958984375,1
random_007,12,26,"22.500,33.750,2.188","23.750,36.875,0.312",5.947776794433594,5.260416030883789,0.6873607635498047,1,6.951069355010986,7.192466735839844,0.24139738082885742,1
random_007,12,27,"22.500,33.750,2.188","18.125,34.375,0.312",7.105982780456543,7.817152976989746,0.7111701965332031,1,10.862160682678223,10.523152351379395,0.3390083312988281,1
random_007,12,28,"22.500,33.750,2.188","2.500,4.375,0.938",17.835050582885742,25.765277862548828,7.930227279663086,1,25.96527671813965,24.743091583251953,1.2221851348876953,1
random_007,12,29,"22.500,33.750,2.188","12.500,18.125,0.938",16.68265724182129,17.89080810546875,1.208150863647461,1,24.931781768798828,23.95879364013672,0.9729881286621094,1
random_007,13,14,"38.125,27.500,0.312","7.500,37.500,0.938",10.572091102600098,9.896718978881836,0.6753721237182617,1,18.019514083862305,16.00804328918457,2.0114707946777344,1
random_007,13,15,"38.125,27.500,0.312","21.250,19.375,2.188",13.691337585449219,14.730240821838379,1.0389032363891602,1,20.16363525390625,21.67783546447754,1.514200210571289,1
random_007,13,16,"38.125,27.500,0.312","34.375,11.250,2.188",12.828516006469727,10.541755676269531,2.2867603302001953,1,13.74323844909668,12.22383975982666,1.5193986892700195,1
random_007,13,17,"38.125,27.500,0.312","34.375,16.875,0.938",8.450607299804688,7.926821231842041,0.5237860679626465,1,11.493590354919434,11.873064041137695,0.3794736862182617,1
random_007,13,18,"38.125,27.500,0.312","24.375,33.125,0.938",12.17990493774414,11.152469635009766,1.027435302734375,1,17.524202346801758,15.611961364746094,1.912240982055664,1
random_007,13,19,"38.125,27.500,0.312","38.125,30.625,1.562",5.267595291137695,4.5537261962890625,0.7138690948486328,1,6.9571757316589355,7.127321243286133,0.17014551162719727,1
random_007,13,20,"38.125,27.500,0.312","7.500,11.250,2.188",18.743202209472656,21.56120491027832,2.818002700805664,1,30.37928581237793,32.02022171020508,1.6409358978271484,1
random_007,13,21,"38.125,27.500,0.312","16.250,35.000,0.938",13.315253257751465,11.873969078063965,1.4412841796875,1,21.43017578125,19.958389282226562,1.4717864990234375,1
random_007,13,22,"38.125,27.500,0.312","10.000,1.875,0.938",18.071292877197266,23.82781410217285,5.756521224975586,1,22.79532814025879,22.565731048583984,0.2295970916748047,1
random_007,13,23,"38.125,27.500,0.312","20.625,11.250,2.188",24.9984073638916,27.976726531982422,2.9783191680908203,1,32.66062545776367,33.090694427490234,0.4300689697265625,1
random_007,13,24,"38.125,27.500,0.312","20.000,11.875,0.938",26.07365608215332,28.4505558013916,2.3768997192382812,1,30.986305236816406,35.03199768066406,4.045692443847656,1
random_007,13,25,"38.125,27.500,0.312","30.625,1.250,2.188",15.351851463317871,17.993606567382812,2.6417551040649414,1,23.810087203979492,25.891345977783203,2.081258773803711,1
random_007,13,26,"38.125,27.500,0.312","23.750,36.875,0.312",14.223639488220215,13.543495178222656,0.6801443099975586,1,19.498506546020508,18.868167877197266,0.6303386688232422,1
random_007,13,27,"38.125,27.500,0.312","18.125,34.375,0.312",13.35264778137207,11.982940673828125,1.3697071075439453,1,19.665834426879883,20.189584732055664,0.5237503051757812,1
random_007,13,28,"38.125,27.500,0.312","2.500,4.375,0.938",17.14090919494629,19.384571075439453,2.243661880493164,1,20.75562858581543,20.017314910888672,0.7383136749267578,1
random_007,13,29,"38.125,27.500,0.312","12.500,18.125,0.938",18.3446044921875,20.765743255615234,2.4211387634277344,1,14.953267097473145,20.006519317626953,5.053252220153809,1
random_007,14,15,"7.500,37.500,0.938","21.250,19.375,2.188",27.374679565429688,23.504100799560547,3.8705787658691406,1,41.99637222290039,39.27082443237305,2.7255477905273438,1
random_007,14,16,"7.500,37.500,0.938","34.375,11.250,2.188",21.247196197509766,16.395397186279297,4.851799011230469,1,30.2529239654541,26.99428939819336,3.258634567260742,1
random_007,14,17,"7.500,37.500,0.938","34.375,16.875,0.938",18.70661735534668,16.00586700439453,2.7007503509521484,1,24.12557601928711,24.81501007080078,0.6894340515136719,1
random_007,14,18,"7.500,37.500,0.938","24.375,33.125,0.938",13.890419006347656,11.114282608032227,2.7761363983154297,1,17.264835357666016,17.79897117614746,0.5341358184814453,1
random_007,14,19,"7.500,37.500,0.938","38.125,30.625,1.562",14.093531608581543,11.863821029663086,2.229710578918457,1,13.795282363891602,14.423848152160645,0.628565788269043,1
random_007,14,20,"7.500,37.500,0.938","7.500,11.250,2.188",9.8479642868042,18.123464584350586,8.275500297546387,1,18.079490661621094,18.591737747192383,0.5122470855712891,1
random_007,14,21,"7.500,37.500,0.938","16.250,35.000,0.938",9.901384353637695,8.409381866455078,1.4920024871826172,1,14.338642120361328,13.221303939819336,1.1173381805419922,1
random_007,14,22,"7.500,37.500,0.938","10.000,1.875,0.938",9.472087860107422,12.210566520690918,2.738478660583496,1,16.797971725463867,18.117347717285156,1.319375991821289,1
random_007,14,23,"7.500,37.500,0.938","20.625,11.250,2.188",28.86957550048828,19.556962966918945,9.312612533569336,1,29.275102615356445,24.390897750854492,4.884204864501953,1
random_007,14,24,"7.500,37.500,0.938","20.000,11.875,0.938",29.26447296142578,20.38665771484375,8.877815246582031,1,35.886234283447266,25.09027099609375,10.795963287353516,1
random_007,14,25,"7.500,37.500,0.938","30.625,1.250,2.188",17.253015518188477,16.40138816833496,0.8516273498535156,1,24.51527214050293,25.119190216064453,0.6039180755615234,1
random_007,14,26,"7.500,37.500,0.938","23.750,36.875,0.312",11.790891647338867,10.643156051635742,1.147735595703125,1,20.86276626586914,21.697534561157227,0.8347682952880859,1
random_007,14,27,"7.500,37.500,0.938","18.125,34.375,0.312",12.1898193359375,9.447502136230469,2.7423171997070312,1,17.17300796508789,17.303382873535156,0.13037490844726562,1
random_007,14,28,"7.500,37.500,0.938","2.500,4.375,0.938",15.28210163116455,13.078128814697266,2.203972816467285,1,28.95296859741211,19.668180465698242,9.284788131713867,1
random_007,14,29,"7.500,37.500,0.938","12.500,18.125,0.938",18.963722229003906,16.856489181518555,2.1072330474853516,1,23.379518508911133,24.78657341003418,1.4070549011230469,1
random_007,15,16,"21.250,19.375,2.188","34.375,11.250,2.188",15.249710083007812,15.88597583770752,0.636265754699707,1,22.078737258911133,26.708498001098633,4.6297607421875,1
random_007,15,17,"21.250,19.375,2.188","34.375,16.875,0.938",12.733223915100098,9.410991668701172,3.322232246398926,1,15.078818321228027,18.668987274169922,3.5901689529418945,1
random_007,15,18,"21.250,19.375,2.188","24.375,33.125,0.938",15.75474739074707,13.43529987335205,2.3194475173950195,1,21.256568908691406,21.663291931152344,0.4067230224609375,1
random_007,15,19,"21.250,19.375,2.188","38.125,30.625,1.562",15.439980506896973,17.180675506591797,1.7406949996948242,1,20.40068817138672,19.614704132080078,0.7859840393066406,1
random_007,15,20,"21.250,19.375,2.188","7.500,11.250,2.188",13.344415664672852,17.620786666870117,4.276371002197266,1,26.282264709472656,29.115144729614258,2.8328800201416016,1
random_007,15,21,"21.250,19.375,2.188","16.250,35.000,0.938",21.634605407714844,23.15081787109375,1.5162124633789062,1,35.6667594909668,35.5518798828125,0.11487960815429688,1
random_007,15,22,"21.250,19.375,2.188","10.000,1.875,0.938",17.058380126953125,22.795358657836914,5.736978530883789,1,29.090606689453125,31.174991607666016,2.0843849182128906,1
random_007,15,23,"21.250,19.375,2.188","20.625,11.250,2.188",8.334418296813965,12.070770263671875,3.73635196685791,1,13.337050437927246,13.046489715576172,0.2905607223510742,1
random_007,15,24,"21.250,19.375,2.188","20.000,11.875,0.938",8.436729431152344,11.380472183227539,2.9437427520751953,1,13.22072696685791,13.591196060180664,0.3704690933227539,1
random_007,15,25,"21.250,19.375,2.188","30.625,1.250,2.188",13.350118637084961,22.60296058654785,9.25284194946289,1,23.69983673095703,21.19670295715332,2.503133773803711,1
random_007,15,26,"21.250,19.375,2.188","23.750,36.875,0.312",16.262121200561523,15.852862358093262,0.4092588424682617,1,24.026845932006836,25.481660842895508,1.4548149108886719,1
random_007,15,27,"21.250,19.375,2.188","18.125,34.375,0.312",18.410717010498047,19.27212142944336,0.8614044189453125,1,26.470821380615234,24.698978424072266,1.7718429565429688,1
random_007,15,28,"21.250,19.375,2.188","2.500,4.375,0.938",15.503247261047363,22.341970443725586,6.838723182678223,1,25.14763641357422,24.49764060974121,0.6499958038330078,1
random_007,15,29,"21.250,19.375,2.188","12.500,18.125,0.938",7.5272932052612305,8.394052505493164,0.8667593002319336,1,12.834959983825684,15.101251602172852,2.266291618347168,1
random_007,16,17,"34.375,11.250,2.188","34.375,16.875,0.938",6.318169593811035,6.710460662841797,0.3922910690307617,1,9.393878936767578,9.162291526794434,0.23158740997314453,1
random_007,16,18,"34.375,11.250,2.188","24.375,33.125,0.938",17.416576385498047,20.712703704833984,3.2961273193359375,1,29.91319465637207,29.639999389648438,0.2731952667236328,1
random_007,16,19,"34.375,11.250,2.188","38.125,30.625,1.562",9.048835754394531,13.166882514953613,4.118046760559082,1,15.345870971679688,14.967116355895996,0.3787546157836914,1
random_007,16,20,"34.375,11.250,2.188","7.500,11.250,2.188",13.337890625,14.346307754516602,1.0084171295166016,1,24.569805145263672,23.481693267822266,1.0881118774414062,1
random_007,16,21,"34.375,11.250,2.188","16.250,35.000,0.938",24.508544921875,23.001691818237305,1.5068531036376953,1,47.76744842529297,45.88276290893555,1.8846855163574219,1
random_007,16,22,"34.375,11.250,2.188","10.000,1.875,0.938",14.34565544128418,16.359817504882812,2.014162063598633,1,24.485828399658203,23.84937286376953,0.6364555358886719,1
random_007,16,23,"34.375,11.250,2.188","20.625,11.250,2.188",12.434747695922852,12.570765495300293,0.1360177993774414,1,19.010160446166992,19.26243782043457,0.2522773742675781,1
random_007,16,24,"34.375,11.250,2.188","20.000,11.875,0.938",12.110733032226562,13.036863327026367,0.9261302947998047,1,19.270551681518555,18.274402618408203,0.9961490631103516,1
random_007,16,25,"34.375,11.250,2.188","30.625,1.250,2.188",11.2176513671875,13.593350410461426,2.375699043273926,1,13.663836479187012,13.062716484069824,0.6011199951171875,1
random_007,16,26,"34.375,11.250,2.188","23.750,36.875,0.312",17.54945182800293,19.42514419555664,1.875692367553711,1,31.442668914794922,31.219213485717773,0.22345542907714844,1
random_007,16,27,"34.375,11.250,2.188","18.125,34.375,0.312",23.833110809326172,23.741134643554688,0.09197616577148438,1,38.505149841308594,38.03871536254883,0.4664344787597656,1
random_007,16,28,"34.375,11.250,2.188","2.500,4.375,0.938",13.442846298217773,15.045626640319824,1.6027803421020508,1,18.68745231628418,19.879310607910156,1.1918582916259766,1
random_007,16,29,"34.375,11.250,2.188","12.500,18.125,0.938",22.04848861694336,20.017623901367188,2.030864715576172,1,31.52155876159668,29.548568725585938,1.9729900360107422,1
random_007,17,18,"34.375,16.875,0.938","24.375,33.125,0.938",16.02629280090332,20.11857795715332,4.09228515625,1,31.19170379638672,30.60399627685547,0.58770751953125,1
random_007,17,19,"34.375,16.875,0.938","38.125,30.625,1.562",7.713947296142578,8.511688232421875,0.7977409362792969,1,10.739470481872559,11.353791236877441,0.6143207550048828,1
random_007,17,20,"34.375,16.875,0.938","7.500,11.250,2.188",16.213674545288086,24.24374008178711,8.030065536499023,1,35.82244873046875,28.09295654296875,7.7294921875,1
random_007,17,21,"34.375,16.875,0.938","16.250,35.000,0.938",22.400245666503906,23.561702728271484,1.1614570617675781,1,25.177412033081055,25.582670211791992,0.4052581787109375,1
random_007,17,22,"34.375,16.875,0.938","10.000,1.875,0.938",17.78804588317871,23.82894515991211,6.040899276733398,1,27.93088722229004,28.31178855895996,0.3809013366699219,1
random_007,17,23,"34.375,16.875,0.938","20.625,11.250,2.188",19.189891815185547,23.105571746826172,3.915679931640625,1,28.83877182006836,27.096818923950195,1.741952896118164,1
random_007,17,24,"34.375,16.875,0.938","20.000,11.875,0.938",19.884357452392578,23.975393295288086,4.091035842895508,1,27.715137481689453,29.003801345825195,1.2886638641357422,1
random_007,17,25,"34.375,16.875,0.938","30.625,1.250,2.188",15.320442199707031,18.36702537536621,3.0465831756591797,1,15.907538414001465,16.08355140686035,0.17601299285888672,1
random_007,17,26,"34.375,16.875,0.938","23.750,36.875,0.312",18.277141571044922,18.180814743041992,0.09632682800292969,1,18.992015838623047,18.13155174255371,0.8604640960693359,1
random_007,17,27,"34.375,16.875,0.938","18.125,34.375,0.312",21.86372947692871,24.77635955810547,2.912630081176758,1,25.06683349609375,25.63715171813965,0.5703182220458984,1
random_007,17,28,"34.375,16.875,0.938","2.500,4.375,0.938",15.272809028625488,21.25345230102539,5.980643272399902,1,20.18555450439453,21.06769371032715,0.8821392059326172,1
random_007,17,29,"34.375,16.875,0.938","12.500,18.125,0.938",10.189180374145508,14.423543930053711,4.234363555908203,1,20.768068313598633,19.843854904174805,0.9242134094238281,1
random_007,18,19,"24.375,33.125,0.938","38.125,30.625,1.562",13.550477981567383,14.079561233520508,0.529083251953125,1,16.913894653320312,16.518001556396484,0.3958930969238281,1
random_007,18,20,"24.375,33.125,0.938","7.500,11.250,2.188",22.00581932067871,27.48769187927246,5.48187255859375,1,35.48343276977539,36.30745315551758,0.8240203857421875,1
random_007,18,21,"24.375,33.125,0.938","16.250,35.000,0.938",11.243268966674805,11.900834083557129,0.6575651168823242,1,16.69099998474121,16.419370651245117,0.27162933349609375,1
random_007,18,22,"24.375,33.125,0.938","10.000,1.875,0.938",18.21117401123047,26.606935501098633,8.395761489868164,1,26.379093170166016,25.59042739868164,0.788665771484375,1
random_007,18,23,"24.375,33.125,0.938","20.625,11.250,2.188",22.343538284301758,25.21966552734375,2.876127243041992,1,37.05317687988281,23.66620635986328,13.386970520019531,1
random_007,18,24,"24.375,33.125,0.938","20.000,11.875,0.938",22.52267074584961,25.87557601928711,3.3529052734375,1,38.92966079711914,24.183385848999023,14.746274948120117,1
random_007,18,25,"24.375,33.125,0.938","30.625,1.250,2.188",16.197084426879883,28.363231658935547,12.166147232055664,1,28.117382049560547,24.942319869995117,3.1750621795654297,1
random_007,18,26,"24.375,33.125,0.938","23.750,36.875,0.312",6.252330780029297,7.32867431640625,1.0763435363769531,1,8.339001655578613,8.836690902709961,0.49768924713134766,1
random_007,18,27,"24.375,33.125,0.938","18.125,34.375,0.312",10.42530632019043,9.91926383972168,0.50604248046875,1,13.442267417907715,12.477614402770996,0.9646530151367188,1
random_007,18,28,"24.375,33.125,0.938","2.500,4.375,0.938",19.163681030273438,26.806407928466797,7.642726898193359,1,25.69772720336914,24.44002342224121,1.2577037811279297,1
random_007,18,29,"24.375,33.125,0.938","12.500,18.125,0.938",18.762096405029297,20.916748046875,2.154651641845703,1,29.276126861572266,26.646963119506836,2.6291637420654297,1
random_007,19,20,"38.125,30.625,1.562","7.500,11.250,2.188",17.363359451293945,21.53970718383789,4.176347732543945,1,29.134618759155273,27.114343643188477,2.020275115966797,1
random_007,19,21,"38.125,30.625,1.562","16.250,35.000,0.938",14.019062995910645,16.420284271240234,2.40122127532959,1,19.40346908569336,17.243562698364258,2.1599063873291016,1
random_007,19,22,"38.125,30.625,1.562","10.000,1.875,0.938",16.33268165588379,20.7677059173584,4.435024261474609,1,21.341197967529297,21.237812042236328,0.10338592529296875,1
random_007,19,23,"38.125,30.625,1.562","20.625,11.250,2.188",23.173574447631836,25.478973388671875,2.305398941040039,1,31.01959228515625,29.55128288269043,1.4683094024658203,1
random_007,19,24,"38.125,30.625,1.562","20.000,11.875,0.938",24.210878372192383,25.558399200439453,1.3475208282470703,1,34.32301330566406,33.63602828979492,0.6869850158691406,1
random_007,19,25,"38.125,30.625,1.562","30.625,1.250,2.188",13.959269523620605,18.857723236083984,4.898453712463379,1,25.222644805908203,18.864023208618164,6.358621597290039,1
random_007,19,26,"38.125,30.625,1.562","23.750,36.875,0.312",17.220409393310547,15.745748519897461,1.474660873413086,1,18.158824920654297,20.138736724853516,1.9799118041992188,1
random_007,19,27,"38.125,30.625,1.562","18.125,34.375,0.312",13.29145622253418,16.772727966308594,3.481271743774414,1,18.124046325683594,18.200679779052734,0.07663345336914062,1
random_007,19,28,"38.125,30.625,1.562","2.500,4.375,0.938",14.691119194030762,17.42049217224121,2.729372978210449,1,14.363687515258789,17.823030471801758,3.4593429565429688,1
random_007,19,29,"38.125,30.625,1.562","12.500,18.125,0.938",15.735736846923828,18.40421485900879,2.668478012084961,1,19.829893112182617,17.52459716796875,2.305295944213867,1
random_007,20,21,"7.500,11.250,2.188","16.250,35.000,0.938",24.338443756103516,16.135650634765625,8.20279312133789,1,27.53646469116211,32.28458786010742,4.7481231689453125,1
random_007,20,22,"7.500,11.250,2.188","10.000,1.875,0.938",9.801580429077148,9.879225730895996,0.07764530181884766,1,16.593156814575195,17.903533935546875,1.3103771209716797,1
random_007,20,23,"7.500,11.250,2.188","20.625,11.250,2.188",13.234373092651367,12.199947357177734,1.0344257354736328,1,22.228336334228516,20.539825439453125,1.6885108947753906,1
random_007,20,24,"7.500,11.250,2.188","20.000,11.875,0.938",12.707290649414062,12.11135482788086,0.5959358215332031,1,21.00434684753418,19.98841094970703,1.0159358978271484,1
random_007,20,25,"7.500,11.250,2.188","30.625,1.250,2.188",16.902828216552734,18.151094436645508,1.2482662200927734,1,25.654617309570312,25.153121948242188,0.501495361328125,1
random_007,20,26,"7.500,11.250,2.188","23.750,36.875,0.312",22.453895568847656,18.021730422973633,4.432165145874023,1,30.376569747924805,27.57849884033203,2.7980709075927734,1
random_007,20,27,"7.500,11.250,2.188","18.125,34.375,0.312",27.381000518798828,16.772212982177734,10.608787536621094,1,35.79878234863281,33.825965881347656,1.9728164672851562,1
random_007,20,28,"7.500,11.250,2.188","2.500,4.375,0.938",11.45287799835205,12.245265007019043,0.7923870086669922,1,21.692895889282227,18.905057907104492,2.7878379821777344,1
random_007,20,29,"7.500,11.250,2.188","12.500,18.125,0.938",8.414741516113281,7.759800910949707,0.6549406051635742,1,18.75113868713379,18.544681549072266,0.20645713806152344,1
random_007,21,22,"16.250,35.000,0.938","10.000,1.875,0.938",14.085540771484375,21.334848403930664,7.249307632446289,1,23.239328384399414,22.4641170501709,0.7752113342285156,1
random_007,21,23,"16.250,35.000,0.938","20.625,11.250,2.188",27.404605865478516,25.25279998779297,2.151805877685547,1,29.100658416748047,28.092870712280273,1.0077877044677734,1
random_007,21,24,"16.250,35.000,0.938","20.000,11.875,0.938",26.922147750854492,26.228397369384766,0.6937503814697266,1,35.045188903808594,39.8725700378418,4.827381134033203,1
random_007,21,25,"16.250,35.000,0.938","30.625,1.250,2.188",20.275279998779297,28.643964767456055,8.368684768676758,1,35.50518798828125,38.523258209228516,3.0180702209472656,1
random_007,21,26,"16.250,35.000,0.938","23.750,36.875,0.312",9.679869651794434,10.495025634765625,0.8151559829711914,1,15.10333251953125,14.375066757202148,0.7282657623291016,1
random_007,21,27,"16.250,35.000,0.938","18.125,34.375,0.312",2.4984331130981445,3.1387596130371094,0.6403264999389648,1,4.875046253204346,5.187037944793701,0.31199169158935547,1
random_007,21,28,"16.250,35.000,0.938","2.500,4.375,0.938",17.787673950195312,24.094234466552734,6.306560516357422,1,29.35892105102539,29.029281616210938,0.3296394348144531,1
random_007,21,29,"16.250,35.000,0.938","12.500,18.125,0.938",14.197853088378906,15.947548866271973,1.7496957778930664,1,24.446298599243164,24.21483039855957,0.23146820068359375,1
random_007,22,23,"10.000,1.875,0.938","20.625,11.250,2.188",15.401979446411133,13.21615219116211,2.1858272552490234,1,23.389808654785156,21.486684799194336,1.9031238555908203,1
random_007,22,24,"10.000,1.875,0.938","20.000,11.875,0.938",14.689462661743164,13.303144454956055,1.3863182067871094,1,21.157180786132812,18.825634002685547,2.3315467834472656,1
random_007,22,25,"10.000,1.875,0.938","30.625,1.250,2.188",18.105430603027344,18.30272674560547,0.197296142578125,1,26.472440719604492,26.453044891357422,0.019395828247070312,1
random_007,22,26,"10.000,1.875,0.938","23.750,36.875,0.312",24.66604995727539,18.278976440429688,6.387073516845703,1,24.6141414642334,32.4527587890625,7.838617324829102,1
random_007,22,27,"10.000,1.875,0.938","18.125,34.375,0.312",22.653606414794922,15.103026390075684,7.550580024719238,1,22.30268669128418,21.336721420288086,0.9659652709960938,1
random_007,22,28,"10.000,1.875,0.938","2.500,4.375,0.938",8.474065780639648,9.586555480957031,1.1124897003173828,1,12.92112922668457,13.837169647216797,0.9160404205322266,1
random_007,22,29,"10.000,1.875,0.938","12.500,18.125,0.938",9.301764488220215,7.941166400909424,1.360598087310791,1,19.950498580932617,20.847225189208984,0.8967266082763672,1
random_007,23,24,"20.625,11.250,2.188","20.000,11.875,0.938",4.330387115478516,2.236374855041504,2.0940122604370117,1,4.912439346313477,4.835255146026611,0.07718420028686523,1
random_007,23,25,"20.625,11.250,2.188","30.625,1.250,2.188",14.060370445251465,16.55620765686035,2.4958372116088867,1,19.596712112426758,20.73121452331543,1.1345024108886719,1
random_007,23,26,"20.625,11.250,2.188","23.750,36.875,0.312",24.675121307373047,23.858806610107422,0.816314697265625,1,26.288267135620117,27.012895584106445,0.7246284484863281,1
random_007,23,27,"20.625,11.250,2.188","18.125,34.375,0.312",27.9805908203125,29.391555786132812,1.4109649658203125,1,33.30681610107422,34.534732818603516,1.2279167175292969,1
random_007,23,28,"20.625,11.250,2.188","2.500,4.375,0.938",13.453432083129883,15.556330680847168,2.102898597717285,1,20.039627075195312,20.218244552612305,0.1786174774169922,1
random_007,23,29,"20.625,11.250,2.188","12.500,18.125,0.938",14.007513999938965,13.36331558227539,0.6441984176635742,1,25.68236541748047,24.463590621948242,1.2187747955322266,1
random_007,24,25,"20.000,11.875,0.938","30.625,1.250,2.188",14.421232223510742,16.868061065673828,2.446828842163086,1,20.160411834716797,19.84929847717285,0.3111133575439453,1
random_007,24,26,"20.000,11.875,0.938","23.750,36.875,0.312",25.233428955078125,24.11859130859375,1.114837646484375,1,26.165225982666016,25.20891571044922,0.9563102722167969,1
random_007,24,27,"20.000,11.875,0.938","18.125,34.375,0.312",26.191112518310547,27.813655853271484,1.6225433349609375,1,20.162704467773438,17.89441680908203,2.2682876586914062,1
random_007,24,28,"20.000,11.875,0.938","2.500,4.375,0.938",13.739178657531738,14.905037879943848,1.1658592224121094,1,18.509641647338867,18.353776931762695,0.15586471557617188,1
random_007,24,29,"20.000,11.875,0.938","12.500,18.125,0.938",14.172242164611816,12.744544982910156,1.4276971817016602,1,25.951845169067383,27.844074249267578,1.8922290802001953,1
random_007,25,26,"30.625,1.250,2.188","23.750,36.875,0.312",27.046794891357422,17.48052406311035,9.56627082824707,1,46.467132568359375,46.51887130737305,0.051738739013671875,1
random_007,25,27,"30.625,1.250,2.188","18.125,34.375,0.312",28.960800170898438,19.872207641601562,9.088592529296875,1,39.70460510253906,37.47242736816406,2.232177734375,1
random_007,25,28,"30.625,1.250,2.188","2.500,4.375,0.938",15.946074485778809,17.074501037597656,1.1284265518188477,1,26.567983627319336,26.207151412963867,0.36083221435546875,1
random_007,25,29,"30.625,1.250,2.188","12.500,18.125,0.938",24.21691131591797,16.614465713500977,7.602445602416992,1,29.62171745300293,27.3514461517334,2.2702713012695312,1
random_007,26,27,"23.750,36.875,0.312","18.125,34.375,0.312",10.297826766967773,8.960748672485352,1.3370780944824219,1,13.211892127990723,12.40136432647705,0.8105278015136719,1
random_007,26,28,"23.750,36.875,0.312","2.500,4.375,0.938",17.875368118286133,24.836288452148438,6.960920333862305,1,30.520708084106445,25.521127700805664,4.999580383300781,1
random_007,26,29,"23.750,36.875,0.312","12.500,18.125,0.938",18.385854721069336,16.879905700683594,1.5059490203857422,1,23.548433303833008,21.330324172973633,2.218109130859375,1
random_007,27,28,"18.125,34.375,0.312","2.500,4.375,0.938",18.68265151977539,26.757404327392578,8.074752807617188,1,28.849842071533203,28.378576278686523,0.4712657928466797,1
random_007,27,29,"18.125,34.375,0.312","12.500,18.125,0.938",14.113361358642578,16.562034606933594,2.4486732482910156,1,25.116668701171875,26.74303436279297,1.6263656616210938,1
random_007,28,29,"2.500,4.375,0.938","12.500,18.125,0.938",14.478397369384766,12.671957015991211,1.8064403533935547,1,24.761621475219727,24.974611282348633,0.21298980712890625,1
random_008,0,1,"25.625,27.500,1.562","14.375,1.250,0.938",24.32198715209961,23.48397445678711,0.8380126953125,1,23.154184341430664,26.024330139160156,2.870145797729492,1
random_008,0,2,"25.625,27.500,1.562","11.250,1.250,2.188",24.844009399414062,23.099824905395508,1.7441844940185547,1,30.437992095947266,32.31761169433594,1.8796195983886719,1
random_008,0,3,"25.625,27.500,1.562","11.875,21.250,2.188",21.560409545898438,15.93564510345459,5.624764442443848,1,33.74414825439453,34.05644607543945,0.3122978210449219,1
random_008,0,4,"25.625,27.500,1.562","8.125,33.125,2.188",12.722755432128906,12.218257904052734,0.5044975280761719,1,19.04444694519043,19.244930267333984,0.2004833221435547,1
random_008,0,5,"25.625,27.500,1.562","8.125,15.000,0.938",24.4361572265625,23.25405502319336,1.1821022033691406,1,40.395450592041016,30.913637161254883,9.481813430786133,1
random_008,0,6,"25.625,27.500,1.562","1.875,19.375,0.938",18.20496940612793,19.761564254760742,1.5565948486328125,1,30.573328018188477,31.9616756439209,1.3883476257324219,1
random_008,0,7,"25.625,27.500,1.562","19.375,15.000,1.562",16.54931640625,13.764430046081543,2.784886360168457,1,26.999847412109375,29.609716415405273,2.6098690032958984,1
random_008,0,8,"25.625,27.500,1.562","29.375,16.875,2.188",9.847555160522461,9.16811466217041,0.6794404983520508,1,17.920989990234375,18.673242568969727,0.7522525787353516,1
random_008,0,9,"25.625,27.500,1.562","30.000,31.250,0.312",7.493332386016846,8.450281143188477,0.9569487571716309,1,14.050309181213379,12.267701148986816,1.7826080322265625,1
random_008,0,10,"25.625,27.500,1.562","33.750,34.375,0.312",10.830297470092773,11.261387825012207,0.4310903549194336,1,17.13047218322754,17.19470977783203,0.06423759460449219,1
random_008,0,11,"25.625,27.500,1.562","18.125,20.625,0.938",16.342763900756836,11.604304313659668,4.738459587097168,1,33.505958557128906,26.966108322143555,6.539850234985352,1
random_008,0,12,"25.625,27.500,1.562","30.000,8.750,0.312",10.257705688476562,9.910505294799805,0.3472003936767578,1,20.467920303344727,23.118431091308594,2.650510787963867,1
random_008,0,13,"25.625,27.500,1.562","3.750,16.250,0.312",24.174028396606445,23.185285568237305,0.9887428283691406,1,30.34749984741211,31.057268142700195,0.7097682952880859,1
random_008,0,14,"25.625,27.500,1.562","35.625,36.250,1.562",10.248432159423828,10.567920684814453,0.319488525390625,1,15.143848419189453,16.733598709106445,1.5897502899169922,1
random_008,0,15,"25.625,27.500,1.562","23.750,21.250,2.188",9.491475105285645,8.124092102050781,1.3673830032348633,1,11.222845077514648,13.129171371459961,1.9063262939453125,1
random_008,0,16,"25.625,27.500,1.562","36.875,9.375,2.188",14.628202438354492,10.615652084350586,4.012550354003906,1,25.519882202148438,23.558313369750977,1.961568832397461,1
random_008,0,17,"25.625,27.500,1.562","26.250,20.000,0.312",9.710165023803711,8.51047134399414,1.1996936798095703,1,14.654134750366211,16.792377471923828,2.138242721557617,1
random_008,0,18,"25.625,27.500,1.562","10.625,15.625,1.562",20.66514015197754,16.2523136138916,4.4128265380859375,1,35.5875129699707,35.07859802246094,0.5089149475097656,1
random_008,0,19,"25.625,27.500,1.562","23.125,3.125,0.938",19.578088760375977,16.478551864624023,3.099536895751953,1,23.00606918334961,22.015474319458008,0.9905948638916016,1
random_008,0,20,"25.625,27.500,1.562","6.875,36.250,2.188",17.21379852294922,16.74677085876465,0.4670276641845703,1,20.336458206176758,21.233125686645508,0.89666748046875,1
random_008,0,21,"25.625,27.500,1.562","34.375,23.750,2.188",11.13967227935791,10.691410064697266,0.44826221466064453,1,17.2938289642334,17.604915618896484,0.31108665466308594,1
random_008,0,22,"25.625,27.500,1.562","5.625,5.625,2.188",23.354867935180664,23.813892364501953,0.45902442932128906,1,32.4866828918457,31.283533096313477,1.2031497955322266,1
random_008,0,23,"25.625,27.500,1.562","8.125,31.875,0.938",12.656064987182617,12.520238876342773,0.13582611083984375,1,18.272920608520508,18.827896118164062,0.5549755096435547,1
random_008,0,24,"25.625,27.500,1.562","33.125,6.875,2.188",10.479568481445312,9.599575996398926,0.8799924850463867,1,24.185409545898438,20.782825469970703,3.4025840759277344,1
random_008,0,25,"25.625,27.500,1.562","36.875,3.750,2.188",17.270254135131836,9.595087051391602,7.675167083740234,1,34.23732376098633,33.97635269165039,0.2609710693359375,1
random_008,0,26,"25.625,27.500,1.562","20.625,28.750,0.312",8.141738891601562,7.405097007751465,0.7366418838500977,1,11.389509201049805,10.525444984436035,0.8640642166137695,1
random_008,0,27,"25.625,27.500,1.562","36.250,16.250,0.938",14.66806411743164,12.598526000976562,2.069538116455078,1,22.657855987548828,21.79224967956543,0.8656063079833984,1
random_008,0,28,"25.625,27.500,1.562","29.375,13.750,1.562",10.035847663879395,10.570201873779297,0.5343542098999023,1,19.79475212097168,19.053829193115234,0.7409229278564453,1
random_008,0,29,"25.625,27.500,1.562","8.125,28.750,1.562",13.209590911865234,12.436599731445312,0.7729911804199219,1,18.82964324951172,21.518259048461914,2.6886157989501953,1
random_008,1,2,"14.375,1.250,0.938","11.250,1.250,2.188",4.993103981018066,7.439023017883301,2.4459190368652344,1,6.291485786437988,6.427622318267822,0.13613653182983398,1
random_008,1,3,"14.375,1.250,0.938","11.875,21.250,2.188",18.985929489135742,16.87127685546875,2.114652633666992,1,27.10880470275879,24.7863826751709,2.3224220275878906,1
random_008,1,4,"14.375,1.250,0.938","8.125,33.125,2.188",24.29157257080078,20.999067306518555,3.2925052642822266,1,21.39522933959961,19.579133987426758,1.8160953521728516,1
random_008,1,5,"14.375,1.250,0.938","8.125,15.000,0.938",22.2549991607666,19.835819244384766,2.419179916381836,1,26.330860137939453,26.637691497802734,0.30683135986328125,1
random_008,1,6,"14.375,1.250,0.938","1.875,19.375,0.938",21.79717254638672,21.62395477294922,0.1732177734375,1,26.709304809570312,22.42378044128418,4.285524368286133,1
random_008,1,7,"14.375,1.250,0.938","19.375,15.000,1.562",22.462316513061523,15.85692024230957,6.605396270751953,1,28.45359230041504,27.192962646484375,1.260629653930664,1
random_008,1,8,"14.375,1.250,0.938","29.375,16.875,2.188",21.43906021118164,23.538326263427734,2.0992660522460938,1,33.936649322509766,29.5058536529541,4.430795669555664,1
random_008,1,9,"14.375,1.250,0.938","30.000,31.250,0.312",17.199443817138672,23.993247985839844,6.793804168701172,1,21.61774444580078,18.538057327270508,3.0796871185302734,1
random_008,1,10,"14.375,1.250,0.938","33.750,34.375,0.312",13.063762664794922,19.199735641479492,6.13597297668457,1,24.28348731994629,24.813669204711914,0.530181884765625,1
random_008,1,11,"14.375,1.250,0.938","18.125,20.625,0.938",23.278179168701172,20.00973892211914,3.2684402465820312,1,27.206722259521484,28.52924156188965,1.322519302368164,1
random_008,1,12,"14.375,1.250,0.938","30.000,8.750,0.312",13.197952270507812,13.415565490722656,0.21761322021484375,1,19.98740005493164,20.314111709594727,0.32671165466308594,1
random_008,1,13,"14.375,1.250,0.938","3.750,16.250,0.312",22.1760311126709,21.80600357055664,0.3700275421142578,1,24.332910537719727,25.577802658081055,1.2448921203613281,1
random_008,1,14,"14.375,1.250,0.938","35.625,36.250,1.562",12.143804550170898,15.624671936035156,3.480867385864258,1,25.371183395385742,22.91319465637207,2.457988739013672,1
random_008,1,15,"14.375,1.250,0.938","23.750,21.250,2.188",26.75752067565918,23.65447425842285,3.103046417236328,1,31.883609771728516,33.05891799926758,1.1753082275390625,1
random_008,1,16,"14.375,1.250,0.938","36.875,9.375,2.188",13.563898086547852,14.709017753601074,1.1451196670532227,1,18.083423614501953,16.54231071472168,1.5411128997802734,1
random_008,1,17,"14.375,1.250,0.938","26.250,20.000,0.312",24.350662231445312,22.25075340270996,2.0999088287353516,1,32.573734283447266,33.05877685546875,0.4850425720214844,1
random_008,1,18,"14.375,1.250,0.938","10.625,15.625,1.562",15.262316703796387,13.473859786987305,1.788456916809082,1,18.135488510131836,17.186721801757812,0.9487667083740234,1
random_008,1,19,"14.375,1.250,0.938","23.125,3.125,0.938",10.80489444732666,11.692070007324219,0.8871755599975586,1,12.87342643737793,12.225959777832031,0.6474666595458984,1
random_008,1,20,"14.375,1.250,0.938","6.875,36.250,2.188",16.811538696289062,19.373321533203125,2.5617828369140625,1,28.549190521240234,17.026681900024414,11.52250862121582,1
random_008,1,21,"14.375,1.250,0.938","34.375,23.750,2.188",20.053569793701172,22.54438018798828,2.4908103942871094,1,29.176206588745117,29.316930770874023,0.14072418212890625,1
random_008,1,22,"14.375,1.250,0.938","5.625,5.625,2.188",9.028183937072754,9.859872817993164,0.8316888809204102,1,10.811308860778809,10.923544883728027,0.11223602294921875,1
random_008,1,23,"14.375,1.250,0.938","8.125,31.875,0.938",24.539499282836914,21.670848846435547,2.868650436401367,1,27.193634033203125,37.92728805541992,10.733654022216797,1
random_008,1,24,"14.375,1.250,0.938","33.125,6.875,2.188",13.035280227661133,13.352263450622559,0.3169832229614258,1,23.96768569946289,23.63560676574707,0.3320789337158203,1
random_008,1,25,"14.375,1.250,0.938","36.875,3.750,2.188",13.381303787231445,12.825363159179688,0.5559406280517578,1,21.097637176513672,21.90097999572754,0.8033428192138672,1
random_008,1,26,"14.375,1.250,0.938","20.625,28.750,0.312",23.18536376953125,19.74098014831543,3.4443836212158203,1,20.254581451416016,22.693016052246094,2.438434600830078,1
random_008,1,27,"14.375,1.250,0.938","36.250,16.250,0.938",20.40184783935547,25.198122024536133,4.796274185180664,1,25.37332534790039,22.630983352661133,2.742341995239258,1
random_008,1,28,"14.375,1.250,0.938","29.375,13.750,1.562",21.950302124023438,25.01062774658203,3.0603256225585938,1,33.46400451660156,30.263938903808594,3.2000656127929688,1
random_008,1,29,"14.375,1.250,0.938","8.125,28.750,1.562",24.633525848388672,20.312564849853516,4.320960998535156,1,21.05678367614746,21.54787826538086,0.49109458923339844,1
random_008,2,3,"11.250,1.250,2.188","11.875,21.250,2.188",19.39825439453125,16.961578369140625,2.436676025390625,1,27.164453506469727,24.574127197265625,2.5903263092041016,1
random_008,2,4,"11.250,1.250,2.188","8.125,33.125,2.188",24.00130271911621,20.257938385009766,3.7433643341064453,1,17.627912521362305,16.040851593017578,1.5870609283447266,1
random_008,2,5,"11.250,1.250,2.188","8.125,15.000,0.938",18.98103904724121,18.56504249572754,0.4159965515136719,1,28.188026428222656,29.091407775878906,0.90338134765625,1
random_008,2,6,"11.250,1.250,2.188","1.875,19.375,0.938",15.466255187988281,17.09506607055664,1.6288108825683594,1,18.4360294342041,20.023313522338867,1.5872840881347656,1
random_008,2,7,"11.250,1.250,2.188","19.375,15.000,1.562",24.685192108154297,19.16424560546875,5.520946502685547,1,32.59669494628906,31.714733123779297,0.8819618225097656,1
random_008,2,8,"11.250,1.250,2.188","29.375,16.875,2.188",22.86634635925293,23.989337921142578,1.1229915618896484,1,35.73385238647461,33.688194274902344,2.0456581115722656,1
random_008,2,9,"11.250,1.250,2.188","30.000,31.250,0.312",18.55494499206543,24.8885498046875,6.33360481262207,1,27.593679428100586,28.075971603393555,0.48229217529296875,1
random_008,2,10,"11.250,1.250,2.188","33.750,34.375,0.312",14.963019371032715,21.526351928710938,6.563332557678223,1,26.80770492553711,25.993436813354492,0.8142681121826172,1
random_008,2,11,"11.250,1.250,2.188","18.125,20.625,0.938",24.3416690826416,21.548320770263672,2.7933483123779297,1,33.61907196044922,31.527009963989258,2.092061996459961,1
random_008,2,12,"11.250,1.250,2.188","30.000,8.750,0.312",14.18877124786377,15.963767051696777,1.7749958038330078,1,24.54952049255371,23.748077392578125,0.8014430999755859,1
random_008,2,13,"11.250,1.250,2.188","3.750,16.250,0.312",16.490392684936523,16.80694580078125,0.31655311584472656,1,18.232711791992188,22.1026668548584,3.869955062866211,1
random_008,2,14,"11.250,1.250,2.188","35.625,36.250,1.562",13.29475212097168,17.685901641845703,4.391149520874023,1,23.912918090820312,26.6330509185791,2.720132827758789,1
random_008,2,15,"11.250,1.250,2.188","23.750,21.250,2.188",28.201454162597656,25.12975311279297,3.0717010498046875,1,33.396385192871094,33.435569763183594,0.0391845703125,1
random_008,2,16,"11.250,1.250,2.188","36.875,9.375,2.188",13.527965545654297,15.473603248596191,1.9456377029418945,1,16.0897274017334,16.537893295288086,0.4481658935546875,1
random_008,2,17,"11.250,1.250,2.188","26.250,20.000,0.312",25.861202239990234,23.599475860595703,2.2617263793945312,1,32.68055725097656,33.596412658691406,0.9158554077148438,1
random_008,2,18,"11.250,1.250,2.188","10.625,15.625,1.562",14.9824857711792,13.111989974975586,1.8704957962036133,1,19.545745849609375,20.395854949951172,0.8501091003417969,1
random_008,2,19,"11.250,1.250,2.188","23.125,3.125,0.938",11.427107810974121,12.540002822875977,1.1128950119018555,1,13.686832427978516,13.233098983764648,0.4537334442138672,1
random_008,2,20,"11.250,1.250,2.188","6.875,36.250,2.188",16.23568344116211,19.469013214111328,3.2333297729492188,1,13.654963493347168,12.944685935974121,0.7102775573730469,1
random_008,2,21,"11.250,1.250,2.188","34.375,23.750,2.188",20.898632049560547,22.8831787109375,1.9845466613769531,1,32.0043830871582,29.451894760131836,2.552488327026367,1
random_008,2,22,"11.250,1.250,2.188","5.625,5.625,2.188",8.15596866607666,8.048238754272461,0.10772991180419922,1,9.748848915100098,9.851850509643555,0.10300159454345703,1
random_008,2,23,"11.250,1.250,2.188","8.125,31.875,0.938",24.67312240600586,21.24358558654785,3.429536819458008,1,25.036043167114258,25.226572036743164,0.19052886962890625,1
random_008,2,24,"11.250,1.250,2.188","33.125,6.875,2.188",13.081942558288574,13.964547157287598,0.8826045989990234,1,24.30694007873535,24.254392623901367,0.052547454833984375,1
random_008,2,25,"11.250,1.250,2.188","36.875,3.750,2.188",12.957237243652344,13.470076560974121,0.5128393173217773,1,21.82172393798828,20.83536148071289,0.9863624572753906,1
random_008,2,26,"11.250,1.250,2.188","20.625,28.750,0.312",23.573511123657227,21.158432006835938,2.415079116821289,1,20.68090057373047,22.875226974487305,2.194326400756836,1
random_008,2,27,"11.250,1.250,2.188","36.250,16.250,0.938",21.122920989990234,24.868322372436523,3.745401382446289,1,27.555143356323242,27.097766876220703,0.45737648010253906,1
random_008,2,28,"11.250,1.250,2.188","29.375,13.750,1.562",22.813251495361328,25.54060935974121,2.727357864379883,1,30.05889320373535,27.708646774291992,2.3502464294433594,1
random_008,2,29,"11.250,1.250,2.188","8.125,28.750,1.562",23.357891082763672,20.897754669189453,2.4601364135742188,1,29.75651741027832,30.369876861572266,0.6133594512939453,1
random_008,3,4,"11.875,21.250,2.188","8.125,33.125,2.188",12.7913818359375,16.38848114013672,3.5970993041992188,1,14.923222541809082,13.08280086517334,1.8404216766357422,1
random_008,3,5,"11.875,21.250,2.188","8.125,15.000,0.938",12.842048645019531,14.644317626953125,1.8022689819335938,1,24.101343154907227,24.423437118530273,0.3220939636230469,1
random_008,3,6,"11.875,21.250,2.188","1.875,19.375,0.938",9.627520561218262,11.184677124023438,1.5571565628051758,1,15.655806541442871,15.416142463684082,0.23966407775878906,1
random_008,3,7,"11.875,21.250,2.188","19.375,15.000,1.562",11.769140243530273,12.364934921264648,0.595794677734375,1,17.011795043945312,17.87964630126953,0.8678512573242188,1
random_008,3,8,"11.875,21.250,2.188","29.375,16.875,2.188",11.475811958312988,14.317737579345703,2.841925621032715,1,19.703262329101562,19.179542541503906,0.5237197875976562,1
random_008,3,9,"11.875,21.250,2.188","30.000,31.250,0.312",15.956616401672363,23.248559951782227,7.291943550109863,1,35.63736343383789,33.10401916503906,2.533344268798828,1
random_008,3,10,"11.875,21.250,2.188","33.750,34.375,0.312",15.318670272827148,23.258874893188477,7.940204620361328,1,35.038692474365234,32.56303787231445,2.4756546020507812,1
random_008,3,11,"11.875,21.250,2.188","18.125,20.625,0.938",9.239748001098633,9.624347686767578,0.3845996856689453,1,14.343263626098633,15.172378540039062,0.8291149139404297,1
random_008,3,12,"11.875,21.250,2.188","30.000,8.750,0.312",21.1577091217041,23.04780387878418,1.8900947570800781,1,24.393795013427734,25.459131240844727,1.0653362274169922,1
random_008,3,13,"11.875,21.250,2.188","3.750,16.250,0.312",14.596522331237793,13.3883638381958,1.2081584930419922,1,18.881107330322266,18.60515022277832,0.2759571075439453,1
random_008,3,14,"11.875,21.250,2.188","35.625,36.250,1.562",16.87744140625,20.269325256347656,3.3918838500976562,1,32.894287109375,31.10879135131836,1.7854957580566406,1
random_008,3,15,"11.875,21.250,2.188","23.750,21.250,2.188",12.453537940979004,11.98385238647461,0.46968555450439453,1,16.919797897338867,16.768455505371094,0.15134239196777344,1
random_008,3,16,"11.875,21.250,2.188","36.875,9.375,2.188",18.619945526123047,19.966041564941406,1.3460960388183594,1,24.027002334594727,26.457042694091797,2.4300403594970703,1
random_008,3,17,"11.875,21.250,2.188","26.250,20.000,0.312",12.894843101501465,14.64785385131836,1.7530107498168945,1,22.043508529663086,20.376537322998047,1.666971206665039,1
random_008,3,18,"11.875,21.250,2.188","10.625,15.625,1.562",7.341828346252441,8.618191719055176,1.2763633728027344,1,10.391660690307617,11.163773536682129,0.7721128463745117,1
random_008,3,19,"11.875,21.250,2.188","23.125,3.125,0.938",24.289207458496094,26.019617080688477,1.7304096221923828,1,32.71893310546875,33.2964973449707,0.5775642395019531,1
random_008,3,20,"11.875,21.250,2.188","6.875,36.250,2.188",18.737398147583008,20.00840950012207,1.2710113525390625,1,14.362268447875977,16.4054012298584,2.043132781982422,1
random_008,3,21,"11.875,21.250,2.188","34.375,23.750,2.188",13.633185386657715,19.641111373901367,6.007925987243652,1,25.155797958374023,26.37340545654297,1.2176074981689453,1
random_008,3,22,"11.875,21.250,2.188","5.625,5.625,2.188",21.391380310058594,23.362751007080078,1.9713706970214844,1,38.762840270996094,38.31105422973633,0.4517860412597656,1
random_008,3,23,"11.875,21.250,2.188","8.125,31.875,0.938",11.632285118103027,16.40865135192871,4.776366233825684,1,14.444962501525879,12.557125091552734,1.8878374099731445,1
random_008,3,24,"11.875,21.250,2.188","33.125,6.875,2.188",20.006362915039062,24.40517234802246,4.398809432983398,1,25.579513549804688,25.993871688842773,0.41435813903808594,1
random_008,3,25,"11.875,21.250,2.188","36.875,3.750,2.188",22.042362213134766,22.105941772460938,0.06357955932617188,1,26.1063232421875,27.007497787475586,0.9011745452880859,1
random_008,3,26,"11.875,21.250,2.188","20.625,28.750,0.312",15.899140357971191,17.178115844726562,1.278975486755371,1,27.371641159057617,26.506519317626953,0.8651218414306641,1
random_008,3,27,"11.875,21.250,2.188","36.250,16.250,0.938",18.648967742919922,15.256447792053223,3.392519950866699,1,24.407468795776367,26.505144119262695,2.097675323486328,1
random_008,3,28,"11.875,21.250,2.188","29.375,13.750,1.562",11.885417938232422,16.699575424194336,4.814157485961914,1,26.712852478027344,27.41530418395996,0.7024517059326172,1
random_008,3,29,"11.875,21.250,2.188","8.125,28.750,1.562",10.843952178955078,15.428865432739258,4.58491325378418,1,16.0795955657959,46.04869842529297,29.96910285949707,1
random_008,4,5,"8.125,33.125,2.188","8.125,15.000,0.938",12.23480224609375,17.68307113647461,5.448268890380859,1,19.580812454223633,21.621925354003906,2.0411128997802734,1
random_008,4,6,"8.125,33.125,2.188","1.875,19.375,0.938",10.31399154663086,11.72713851928711,1.41314697265625,1,16.351341247558594,15.899457931518555,0.45188331604003906,1
random_008,4,7,"8.125,33.125,2.188","19.375,15.000,1.562",18.29393768310547,19.46455192565918,1.170614242553711,1,27.68790626525879,25.848447799682617,1.8394584655761719,1
random_008,4,8,"8.125,33.125,2.188","29.375,16.875,2.188",17.14070701599121,18.58573341369629,1.4450263977050781,1,28.311389923095703,30.13414192199707,1.8227519989013672,1
random_008,4,9,"8.125,33.125,2.188","30.000,31.250,0.312",11.785764694213867,13.012007713317871,1.226243019104004,1,20.471729278564453,19.516769409179688,0.9549598693847656,1
random_008,4,10,"8.125,33.125,2.188","33.750,34.375,0.312",13.760128021240234,13.962224006652832,0.20209598541259766,1,23.289173126220703,22.18144416809082,1.1077289581298828,1
random_008,4,11,"8.125,33.125,2.188","18.125,20.625,0.938",21.546070098876953,15.86971378326416,5.676356315612793,1,30.2520751953125,30.323965072631836,0.07188987731933594,1
random_008,4,12,"8.125,33.125,2.188","30.000,8.750,0.312",16.270383834838867,19.650283813476562,3.3798999786376953,1,28.07197380065918,28.095190048217773,0.02321624755859375,1
random_008,4,13,"8.125,33.125,2.188","3.750,16.250,0.312",11.195555686950684,14.89019775390625,3.6946420669555664,1,18.305747985839844,18.098888397216797,0.20685958862304688,1
random_008,4,14,"8.125,33.125,2.188","35.625,36.250,1.562",15.146892547607422,16.320194244384766,1.1733016967773438,1,22.668901443481445,25.9493350982666,3.2804336547851562,1
random_008,4,15,"8.125,33.125,2.188","23.750,21.250,2.188",20.639169692993164,17.124168395996094,3.5150012969970703,1,20.446903228759766,20.91303253173828,0.4661293029785156,1
random_008,4,16,"8.125,33.125,2.188","36.875,9.375,2.188",19.604228973388672,20.850982666015625,1.2467536926269531,1,22.764665603637695,23.10207176208496,0.3374061584472656,1
random_008,4,17,"8.125,33.125,2.188","26.250,20.000,0.312",21.312114715576172,19.293386459350586,2.018728256225586,1,28.079360961914062,30.354293823242188,2.274932861328125,1
random_008,4,18,"8.125,33.125,2.188","10.625,15.625,1.562",17.247303009033203,20.461063385009766,3.2137603759765625,1,34.85633850097656,34.21071243286133,0.6456260681152344,1
random_008,4,19,"8.125,33.125,2.188","23.125,3.125,0.938",21.223289489746094,25.652034759521484,4.428745269775391,1,33.041141510009766,34.773468017578125,1.7323265075683594,1
random_008,4,20,"8.125,33.125,2.188","6.875,36.250,2.188",4.41072940826416,6.503957748413086,2.093228340148926,1,6.914590358734131,6.428206443786621,0.48638391494750977,1
random_008,4,21,"8.125,33.125,2.188","34.375,23.750,2.188",10.811726570129395,12.786422729492188,1.974696159362793,1,23.315702438354492,25.447927474975586,2.1322250366210938,1
random_008,4,22,"8.125,33.125,2.188","5.625,5.625,2.188",14.708127975463867,19.965511322021484,5.257383346557617,1,12.868782997131348,13.013290405273438,0.14450740814208984,1
random_008,4,23,"8.125,33.125,2.188","8.125,31.875,0.938",4.158458709716797,5.055314064025879,0.896855354309082,1,4.254857063293457,4.594772815704346,0.33991575241088867,1
random_008,4,24,"8.125,33.125,2.188","33.125,6.875,2.188",14.648344993591309,19.15382957458496,4.505484580993652,1,23.738759994506836,22.579408645629883,1.1593513488769531,1
random_008,4,25,"8.125,33.125,2.188","36.875,3.750,2.188",14.324653625488281,19.059085845947266,4.734432220458984,1,17.396839141845703,25.58656883239746,8.189729690551758,1
random_008,4,26,"8.125,33.125,2.188","20.625,28.750,0.312",12.298881530761719,10.815531730651855,1.4833498001098633,1,16.379526138305664,18.661226272583008,2.2817001342773438,1
random_008,4,27,"8.125,33.125,2.188","36.250,16.250,0.938",20.567419052124023,21.133956909179688,0.5665378570556641,1,29.787015914916992,26.41037940979004,3.376636505126953,1
random_008,4,28,"8.125,33.125,2.188","29.375,13.750,1.562",21.13988494873047,22.538818359375,1.3989334106445312,1,29.8812313079834,31.083942413330078,1.2027111053466797,1
random_008,4,29,"8.125,33.125,2.188","8.125,28.750,1.562",7.118498802185059,5.930803298950195,1.1876955032348633,1,9.752058982849121,9.594852447509766,0.15720653533935547,1
random_008,5,6,"8.125,15.000,0.938","1.875,19.375,0.938",9.280668258666992,9.365205764770508,0.08453750610351562,1,16.221389770507812,16.37518310546875,0.1537933349609375,1
random_008,5,7,"8.125,15.000,0.938","19.375,15.000,1.562",12.55040168762207,13.308643341064453,0.7582416534423828,1,25.751747131347656,25.992136001586914,0.2403888702392578,1
random_008,5,8,"8.125,15.000,0.938","29.375,16.875,2.188",13.04399299621582,16.945886611938477,3.9018936157226562,1,21.950658798217773,23.181320190429688,1.230661392211914,1
random_008,5,9,"8.125,15.000,0.938","30.000,31.250,0.312",19.956558227539062,23.09664535522461,3.140087127685547,1,32.19573211669922,31.21689796447754,0.9788341522216797,1
random_008,5,10,"8.125,15.000,0.938","33.750,34.375,0.312",19.71550941467285,20.330333709716797,0.6148242950439453,1,33.343345642089844,31.476146697998047,1.8671989440917969,1
random_008,5,11,"8.125,15.000,0.938","18.125,20.625,0.938",16.82707405090332,14.27585220336914,2.5512218475341797,1,24.74123764038086,23.371702194213867,1.3695354461669922,1
random_008,5,12,"8.125,15.000,0.938","30.000,8.750,0.312",25.478069305419922,26.555564880371094,1.0774955749511719,1,41.45991897583008,41.20585632324219,0.2540626525878906,1
random_008,5,13,"8.125,15.000,0.938","3.750,16.250,0.312",7.250988960266113,6.588213920593262,0.6627750396728516,1,13.846442222595215,12.220023155212402,1.6264190673828125,1
random_008,5,14,"8.125,15.000,0.938","35.625,36.250,1.562",18.175947189331055,18.617158889770508,0.4412117004394531,1,28.544954299926758,29.709274291992188,1.1643199920654297,1
random_008,5,15,"8.125,15.000,0.938","23.750,21.250,2.188",18.138561248779297,16.53867530822754,1.5998859405517578,1,22.789438247680664,23.538818359375,0.7493801116943359,1
random_008,5,16,"8.125,15.000,0.938","36.875,9.375,2.188",20.406049728393555,23.278018951416016,2.871969223022461,1,31.014509201049805,32.85808563232422,1.843576431274414,1
random_008,5,17,"8.125,15.000,0.938","26.250,20.000,0.312",16.041820526123047,18.07030487060547,2.028484344482422,1,27.192508697509766,26.115238189697266,1.0772705078125,1
random_008,5,18,"8.125,15.000,0.938","10.625,15.625,1.562",4.460233688354492,3.439986228942871,1.020247459411621,1,6.467843532562256,6.257153034210205,0.21069049835205078,1
random_008,5,19,"8.125,15.000,0.938","23.125,3.125,0.938",24.891998291015625,26.90591049194336,2.0139122009277344,1,40.52553176879883,41.15546417236328,0.6299324035644531,1
random_008,5,20,"8.125,15.000,0.938","6.875,36.250,2.188",18.297868728637695,11.757217407226562,6.540651321411133,1,12.153182983398438,12.814411163330078,0.6612281799316406,1
random_008,5,21,"8.125,15.000,0.938","34.375,23.750,2.188",18.718921661376953,21.947647094726562,3.2287254333496094,1,38.04043197631836,34.744056701660156,3.296375274658203,1
random_008,5,22,"8.125,15.000,0.938","5.625,5.625,2.188",11.325187683105469,10.90887451171875,0.41631317138671875,1,13.598623275756836,13.806520462036133,0.20789718627929688,1
random_008,5,23,"8.125,15.000,0.938","8.125,31.875,0.938",16.582725524902344,12.921941757202148,3.6607837677001953,1,18.874631881713867,20.448158264160156,1.573526382446289,1
random_008,5,24,"8.125,15.000,0.938","33.125,6.875,2.188",24.374629974365234,27.923049926757812,3.548419952392578,1,36.101131439208984,36.367759704589844,0.2666282653808594,1
random_008,5,25,"8.125,15.000,0.938","36.875,3.750,2.188",22.87591552734375,25.288999557495117,2.413084030151367,1,30.466934204101562,33.8908576965332,3.4239234924316406,1
random_008,5,26,"8.125,15.000,0.938","20.625,28.750,0.312",25.030136108398438,22.800100326538086,2.2300357818603516,1,27.573896408081055,33.15752029418945,5.583623886108398,1
random_008,5,27,"8.125,15.000,0.938","36.250,16.250,0.938",17.590431213378906,18.000030517578125,0.40959930419921875,1,14.789031982421875,19.59393882751465,4.804906845092773,1
random_008,5,28,"8.125,15.000,0.938","29.375,13.750,1.562",12.771388053894043,17.82707405090332,5.055685997009277,1,22.723495483398438,30.548892974853516,7.825397491455078,1
random_008,5,29,"8.125,15.000,0.938","8.125,28.750,1.562",15.101664543151855,11.557251930236816,3.544412612915039,1,18.572484970092773,19.831680297851562,1.259195327758789,1
random_008,6,7,"1.875,19.375,0.938","19.375,15.000,1.562",16.352420806884766,14.504301071166992,1.8481197357177734,1,23.5163631439209,19.2546443939209,4.26171875,1
random_008,6,8,"1.875,19.375,0.938","29.375,16.875,2.188",12.728833198547363,15.015908241271973,2.2870750427246094,1,23.008790969848633,20.231491088867188,2.7772998809814453,1
random_008,6,9,"1.875,19.375,0.938","30.000,31.250,0.312",15.63386058807373,18.2795352935791,2.645674705505371,1,24.824602127075195,25.41768455505371,0.5930824279785156,1
random_008,6,10,"1.875,19.375,0.938","33.750,34.375,0.312",15.012467384338379,17.78096580505371,2.768498420715332,1,32.321685791015625,32.60606002807617,0.2843742370605469,1
random_008,6,11,"1.875,19.375,0.938","18.125,20.625,0.938",14.46078872680664,12.617359161376953,1.8434295654296875,1,22.436203002929688,20.74913215637207,1.6870708465576172,1
random_008,6,12,"1.875,19.375,0.938","30.000,8.750,0.312",23.05657196044922,25.31397247314453,2.2574005126953125,1,31.275936126708984,33.32913589477539,2.0531997680664062,1
random_008,6,13,"1.875,19.375,0.938","3.750,16.250,0.312",7.806350231170654,6.585602760314941,1.220747470855713,1,9.65204906463623,9.577605247497559,0.07444381713867188,1
random_008,6,14,"1.875,19.375,0.938","35.625,36.250,1.562",14.787449836730957,17.479625701904297,2.69217586517334,1,26.86492347717285,34.80496597290039,7.940042495727539,1
random_008,6,15,"1.875,19.375,0.938","23.750,21.250,2.188",13.8178071975708,11.171623229980469,2.646183967590332,1,20.097829818725586,19.558897018432617,0.5389328002929688,1
random_008,6,16,"1.875,19.375,0.938","36.875,9.375,2.188",17.15966033935547,19.32394790649414,2.164287567138672,1,19.662639617919922,22.363384246826172,2.70074462890625,1
random_008,6,17,"1.875,19.375,0.938","26.250,20.000,0.312",15.252059936523438,16.097644805908203,0.8455848693847656,1,28.043020248413086,25.56780242919922,2.475217819213867,1
random_008,6,18,"1.875,19.375,0.938","10.625,15.625,1.562",14.425758361816406,11.872547149658203,2.553211212158203,1,16.385168075561523,17.144746780395508,0.7595787048339844,1
random_008,6,19,"1.875,19.375,0.938","23.125,3.125,0.938",23.99283218383789,25.096763610839844,1.1039314270019531,1,33.96602249145508,36.48933792114258,2.5233154296875,1
random_008,6,20,"1.875,19.375,0.938","6.875,36.250,2.188",13.2545804977417,8.33432674407959,4.920253753662109,1,21.29364585876465,13.991251945495605,7.302393913269043,1
random_008,6,21,"1.875,19.375,0.938","34.375,23.750,2.188",12.179899215698242,16.192251205444336,4.012351989746094,1,23.300203323364258,23.946693420410156,0.6464900970458984,1
random_008,6,22,"1.875,19.375,0.938","5.625,5.625,2.188",13.090222358703613,12.507184982299805,0.5830373764038086,1,13.609882354736328,14.163844108581543,0.5539617538452148,1
random_008,6,23,"1.875,19.375,0.938","8.125,31.875,0.938",11.506047248840332,10.888259887695312,0.6177873611450195,1,15.434880256652832,17.1607723236084,1.7258920669555664,1
random_008,6,24,"1.875,19.375,0.938","33.125,6.875,2.188",20.93619155883789,25.001718521118164,4.065526962280273,1,29.782690048217773,30.087644577026367,0.30495452880859375,1
random_008,6,25,"1.875,19.375,0.938","36.875,3.750,2.188",19.95867919921875,23.160999298095703,3.202320098876953,1,27.138147354125977,29.800199508666992,2.6620521545410156,1
random_008,6,26,"1.875,19.375,0.938","20.625,28.750,0.312",19.84939193725586,17.232770919799805,2.6166210174560547,1,25.697227478027344,28.62010955810547,2.922882080078125,1
random_008,6,27,"1.875,19.375,0.938","36.250,16.250,0.938",14.773837089538574,16.38396644592285,1.6101293563842773,1,16.41771125793457,17.958101272583008,1.5403900146484375,1
random_008,6,28,"1.875,19.375,0.938","29.375,13.750,1.562",12.441370010375977,16.148950576782227,3.70758056640625,1,23.32442283630371,22.139665603637695,1.1847572326660156,1
random_008,6,29,"1.875,19.375,0.938","8.125,28.750,1.562",11.907397270202637,12.122648239135742,0.21525096893310547,1,19.231050491333008,20.70209312438965,1.4710426330566406,1
random_008,7,8,"19.375,15.000,1.562","29.375,16.875,2.188",9.441919326782227,12.184703826904297,2.7427845001220703,1,18.99692153930664,19.41887855529785,0.42195701599121094,1
random_008,7,9,"19.375,15.000,1.562","30.000,31.250,0.312",16.914194107055664,24.81095314025879,7.896759033203125,1,34.4745979309082,36.602230072021484,2.1276321411132812,1
random_008,7,10,"19.375,15.000,1.562","33.750,34.375,0.312",18.643348693847656,24.616552352905273,5.973203659057617,1,27.95997428894043,30.221820831298828,2.2618465423583984,1
random_008,7,11,"19.375,15.000,1.562","18.125,20.625,0.938",9.500642776489258,9.89671516418457,0.3960723876953125,1,13.67444133758545,15.603155136108398,1.9287137985229492,1
random_008,7,12,"19.375,15.000,1.562","30.000,8.750,0.312",18.42732048034668,22.935012817382812,4.507692337036133,1,42.82133483886719,33.996299743652344,8.825035095214844,1
random_008,7,13,"19.375,15.000,1.562","3.750,16.250,0.312",15.299997329711914,16.186973571777344,0.8869762420654297,1,25.71514892578125,26.076440811157227,0.36129188537597656,1
random_008,7,14,"19.375,15.000,1.562","35.625,36.250,1.562",18.607364654541016,21.234573364257812,2.627208709716797,1,26.971708297729492,27.55572509765625,0.5840167999267578,1
random_008,7,15,"19.375,15.000,1.562","23.750,21.250,2.188",13.10921859741211,13.137884140014648,0.028665542602539062,1,21.378698348999023,21.78498649597168,0.40628814697265625,1
random_008,7,16,"19.375,15.000,1.562","36.875,9.375,2.188",17.238292694091797,19.205917358398438,1.9676246643066406,1,25.60638427734375,26.476703643798828,0.8703193664550781,1
random_008,7,17,"19.375,15.000,1.562","26.250,20.000,0.312",10.714109420776367,12.612403869628906,1.898294448852539,1,21.902475357055664,18.015085220336914,3.88739013671875,1
random_008,7,18,"19.375,15.000,1.562","10.625,15.625,1.562",10.597951889038086,11.671221733093262,1.0732698440551758,1,16.055042266845703,15.39291763305664,0.6621246337890625,1
random_008,7,19,"19.375,15.000,1.562","23.125,3.125,0.938",14.44846248626709,20.577281951904297,6.128819465637207,1,23.291065216064453,23.792274475097656,0.5012092590332031,1
random_008,7,20,"19.375,15.000,1.562","6.875,36.250,2.188",20.007343292236328,22.568851470947266,2.5615081787109375,1,22.690509796142578,22.581525802612305,0.10898399353027344,1
random_008,7,21,"19.375,15.000,1.562","34.375,23.750,2.188",11.981212615966797,16.024948120117188,4.043735504150391,1,22.850648880004883,24.438156127929688,1.5875072479248047,1
random_008,7,22,"19.375,15.000,1.562","5.625,5.625,2.188",27.714113235473633,29.38458251953125,1.6704692840576172,1,34.867149353027344,36.72817611694336,1.8610267639160156,1
random_008,7,23,"19.375,15.000,1.562","8.125,31.875,0.938",19.169939041137695,18.701608657836914,0.46833038330078125,1,24.59320068359375,27.50822639465332,2.9150257110595703,1
random_008,7,24,"19.375,15.000,1.562","33.125,6.875,2.188",19.858360290527344,25.95793342590332,6.099573135375977,1,35.906822204589844,31.622943878173828,4.283878326416016,1
random_008,7,25,"19.375,15.000,1.562","36.875,3.750,2.188",22.443668365478516,27.211368560791016,4.7677001953125,1,28.8765811920166,26.293527603149414,2.5830535888671875,1
random_008,7,26,"19.375,15.000,1.562","20.625,28.750,0.312",16.911380767822266,12.421062469482422,4.490318298339844,1,23.282712936401367,25.796939849853516,2.5142269134521484,1
random_008,7,27,"19.375,15.000,1.562","36.250,16.250,0.938",17.224355697631836,15.554449081420898,1.6699066162109375,1,22.697490692138672,26.53350067138672,3.836009979248047,1
random_008,7,28,"19.375,15.000,1.562","29.375,13.750,1.562",10.267130851745605,12.531599998474121,2.2644691467285156,1,18.72327995300293,19.28750991821289,0.5642299652099609,1
random_008,7,29,"19.375,15.000,1.562","8.125,28.750,1.562",20.50408172607422,18.09579849243164,2.408283233642578,1,29.233308792114258,29.98797035217285,0.7546615600585938,1
random_008,8,9,"29.375,16.875,2.188","30.000,31.250,0.312",8.985906600952148,9.35773754119873,0.37183094024658203,1,18.6961727142334,17.1909236907959,1.5052490234375,1
random_008,8,10,"29.375,16.875,2.188","33.750,34.375,0.312",9.775352478027344,8.437670707702637,1.337681770324707,1,21.794281005859375,21.619312286376953,0.17496871948242188,1
random_008,8,11,"29.375,16.875,2.188","18.125,20.625,0.938",14.765941619873047,11.478124618530273,3.2878170013427734,1,19.542699813842773,17.097867965698242,2.4448318481445312,1
random_008,8,12,"29.375,16.875,2.188","30.000,8.750,0.312",8.411188125610352,8.966503143310547,0.5553150177001953,1,12.702421188354492,15.192570686340332,2.49014949798584,1
random_008,8,13,"29.375,16.875,2.188","3.750,16.250,0.312",16.404010772705078,12.81121826171875,3.592792510986328,1,21.17385482788086,22.367345809936523,1.193490982055664,1
random_008,8,14,"29.375,16.875,2.188","35.625,36.250,1.562",10.052338600158691,7.483592987060547,2.5687456130981445,1,18.82676124572754,17.327922821044922,1.4988384246826172,1
random_008,8,15,"29.375,16.875,2.188","23.750,21.250,2.188",10.24715518951416,7.752367973327637,2.4947872161865234,1,12.931353569030762,14.147481918334961,1.2161283493041992,1
random_008,8,16,"29.375,16.875,2.188","36.875,9.375,2.188",12.914774894714355,12.111501693725586,0.8032732009887695,1,22.538002014160156,24.512426376342773,1.9744243621826172,1
random_008,8,17,"29.375,16.875,2.188","26.250,20.000,0.312",6.602736473083496,6.695606231689453,0.09286975860595703,1,11.468708038330078,12.592406272888184,1.1236982345581055,1
random_008,8,18,"29.375,16.875,2.188","10.625,15.625,1.562",14.89302921295166,11.767658233642578,3.125370979309082,1,21.454145431518555,22.04544448852539,0.5912990570068359,1
random_008,8,19,"29.375,16.875,2.188","23.125,3.125,0.938",14.377037048339844,13.452571868896484,0.9244651794433594,1,23.32560920715332,24.09214210510254,0.7665328979492188,1
random_008,8,20,"29.375,16.875,2.188","6.875,36.250,2.188",18.117809295654297,18.437942504882812,0.3201332092285156,1,24.83586883544922,21.656404495239258,3.179464340209961,1
random_008,8,21,"29.375,16.875,2.188","34.375,23.750,2.188",9.571191787719727,9.551846504211426,0.01934528350830078,1,18.021726608276367,17.52267837524414,0.49904823303222656,1
random_008,8,22,"29.375,16.875,2.188","5.625,5.625,2.188",24.144174575805664,22.82680892944336,1.3173656463623047,1,28.045989990234375,28.4505672454834,0.40457725524902344,1
random_008,8,23,"29.375,16.875,2.188","8.125,31.875,0.938",20.72962188720703,18.191486358642578,2.538135528564453,1,28.568544387817383,25.652055740356445,2.9164886474609375,1
random_008,8,24,"29.375,16.875,2.188","33.125,6.875,2.188",9.482719421386719,9.506248474121094,0.023529052734375,1,15.106420516967773,17.0228271484375,1.9164066314697266,1
random_008,8,25,"29.375,16.875,2.188","36.875,3.750,2.188",15.00417709350586,10.44849967956543,4.55567741394043,1,33.282405853271484,28.96636390686035,4.316041946411133,1
random_008,8,26,"29.375,16.875,2.188","20.625,28.750,0.312",16.422164916992188,12.964670181274414,3.4574947357177734,1,24.38641357421875,24.553037643432617,0.1666240692138672,1
random_008,8,27,"29.375,16.875,2.188","36.250,16.250,0.938",7.443045616149902,8.285194396972656,0.8421487808227539,1,16.197158813476562,16.496902465820312,0.29974365234375,1
random_008,8,28,"29.375,16.875,2.188","29.375,13.750,1.562",5.985383987426758,5.476140975952148,0.5092430114746094,1,7.860029220581055,8.360066413879395,0.5000371932983398,1
random_008,8,29,"29.375,16.875,2.188","8.125,28.750,1.562",23.251754760742188,20.49263572692871,2.7591190338134766,1,29.656158447265625,26.10037612915039,3.5557823181152344,1
random_008,9,10,"30.000,31.250,0.312","33.750,34.375,0.312",6.554543495178223,7.141345024108887,0.5868015289306641,1,11.649279594421387,11.615392684936523,0.03388690948486328,1
random_008,9,11,"30.000,31.250,0.312","18.125,20.625,0.938",18.082273483276367,11.206672668457031,6.875600814819336,1,24.253297805786133,23.134443283081055,1.1188545227050781,1
random_008,9,12,"30.000,31.250,0.312","30.000,8.750,0.312",8.737957000732422,8.445331573486328,0.29262542724609375,1,21.097232818603516,21.221885681152344,0.12465286254882812,1
random_008,9,13,"30.000,31.250,0.312","3.750,16.250,0.312",22.20164680480957,19.347007751464844,2.8546390533447266,1,27.503467559814453,25.452802658081055,2.0506649017333984,1
random_008,9,14,"30.000,31.250,0.312","35.625,36.250,1.562",8.481229782104492,8.653095245361328,0.17186546325683594,1,10.904339790344238,12.125394821166992,1.221055030822754,1
random_008,9,15,"30.000,31.250,0.312","23.750,21.250,2.188",16.280054092407227,12.824834823608398,3.455219268798828,1,25.09723663330078,26.888214111328125,1.7909774780273438,1
random_008,9,16,"30.000,31.250,0.312","36.875,9.375,2.188",12.945034980773926,8.814071655273438,4.130963325500488,1,20.30471420288086,17.092565536499023,3.212148666381836,1
random_008,9,17,"30.000,31.250,0.312","26.250,20.000,0.312",10.203226089477539,9.6651611328125,0.5380649566650391,1,20.41100311279297,23.63758087158203,3.2265777587890625,1
random_008,9,18,"30.000,31.250,0.312","10.625,15.625,1.562",20.9263916015625,14.42742919921875,6.49896240234375,1,28.87137222290039,26.682981491088867,2.1883907318115234,1
random_008,9,19,"30.000,31.250,0.312","23.125,3.125,0.938",13.801227569580078,9.866159439086914,3.935068130493164,1,24.26361656188965,23.021175384521484,1.242441177368164,1
random_008,9,20,"30.000,31.250,0.312","6.875,36.250,2.188",16.091066360473633,16.70345115661621,0.6123847961425781,1,20.974794387817383,22.064661026000977,1.0898666381835938,1
random_008,9,21,"30.000,31.250,0.312","34.375,23.750,2.188",12.214692115783691,8.859701156616211,3.3549909591674805,1,20.06079864501953,22.083127975463867,2.022329330444336,1
random_008,9,22,"30.000,31.250,0.312","5.625,5.625,2.188",20.3151912689209,18.19672966003418,2.1184616088867188,1,18.499107360839844,22.95808219909668,4.458974838256836,1
random_008,9,23,"30.000,31.250,0.312","8.125,31.875,0.938",12.970821380615234,12.13117504119873,0.8396463394165039,1,18.05040168762207,19.972902297973633,1.9225006103515625,1
random_008,9,24,"30.000,31.250,0.312","33.125,6.875,2.188",9.204935073852539,8.00560188293457,1.1993331909179688,1,23.222078323364258,17.924482345581055,5.297595977783203,1
random_008,9,25,"30.000,31.250,0.312","36.875,3.750,2.188",17.331453323364258,8.643731117248535,8.687722206115723,1,31.683603286743164,20.331314086914062,11.352289199829102,1
random_008,9,26,"30.000,31.250,0.312","20.625,28.750,0.312",11.510106086730957,10.379300117492676,1.1308059692382812,1,15.209115028381348,15.492576599121094,0.2834615707397461,1
random_008,9,27,"30.000,31.250,0.312","36.250,16.250,0.938",11.072569847106934,10.130472183227539,0.9420976638793945,1,20.2779483795166,20.256147384643555,0.021800994873046875,1
random_008,9,28,"30.000,31.250,0.312","29.375,13.750,1.562",8.68194580078125,9.142282485961914,0.46033668518066406,1,23.0164737701416,24.024738311767578,1.0082645416259766,1
random_008,9,29,"30.000,31.250,0.312","8.125,28.750,1.562",13.839460372924805,12.089900016784668,1.7495603561401367,1,18.969038009643555,19.468017578125,0.4989795684814453,1
random_008,10,11,"33.750,34.375,0.312","18.125,20.625,0.938",20.169185638427734,11.390649795532227,8.778535842895508,1,24.505090713500977,24.327831268310547,0.1772594451904297,1
random_008,10,12,"33.750,34.375,0.312","30.000,8.750,0.312",8.560938835144043,9.73322582244873,1.1722869873046875,1,24.2439022064209,23.806699752807617,0.43720245361328125,1
random_008,10,13,"33.750,34.375,0.312","3.750,16.250,0.312",19.810161590576172,18.475536346435547,1.334625244140625,1,29.300457000732422,28.298337936401367,1.0021190643310547,1
random_008,10,14,"33.750,34.375,0.312","35.625,36.250,1.562",3.8098669052124023,2.9499950408935547,0.8598718643188477,1,6.327620029449463,6.021864891052246,0.3057551383972168,1
random_008,10,15,"33.750,34.375,0.312","23.750,21.250,2.188",18.030031204223633,13.501538276672363,4.5284929275512695,1,23.526575088500977,22.653339385986328,0.8732357025146484,1
random_008,10,16,"33.750,34.375,0.312","36.875,9.375,2.188",9.917268753051758,9.878915786743164,0.03835296630859375,1,11.921913146972656,10.913326263427734,1.0085868835449219,1
random_008,10,17,"33.750,34.375,0.312","26.250,20.000,0.312",11.041690826416016,10.835657119750977,0.20603370666503906,1,22.235246658325195,24.18272590637207,1.947479248046875,1
random_008,10,18,"33.750,34.375,0.312","10.625,15.625,1.562",20.25044822692871,13.56319522857666,6.687252998352051,1,30.302255630493164,28.896339416503906,1.4059162139892578,1
random_008,10,19,"33.750,34.375,0.312","23.125,3.125,0.938",12.120552062988281,11.167433738708496,0.9531183242797852,1,20.64920997619629,22.185144424438477,1.5359344482421875,1
random_008,10,20,"33.750,34.375,0.312","6.875,36.250,2.188",11.412503242492676,13.217116355895996,1.8046131134033203,1,18.201515197753906,19.227737426757812,1.0262222290039062,1
random_008,10,21,"33.750,34.375,0.312","34.375,23.750,2.188",11.098767280578613,9.539897918701172,1.5588693618774414,1,16.783836364746094,17.37047004699707,0.5866336822509766,1
random_008,10,22,"33.750,34.375,0.312","5.625,5.625,2.188",18.711633682250977,15.657992362976074,3.0536413192749023,1,23.59276580810547,23.622697830200195,0.029932022094726562,1
random_008,10,23,"33.750,34.375,0.312","8.125,31.875,0.938",14.548224449157715,14.199455261230469,0.3487691879272461,1,21.621837615966797,23.28704833984375,1.6652107238769531,1
random_008,10,24,"33.750,34.375,0.312","33.125,6.875,2.188",8.647626876831055,9.276350021362305,0.62872314453125,1,25.992813110351562,19.36724281311035,6.625570297241211,1
random_008,10,25,"33.750,34.375,0.312","36.875,3.750,2.188",13.023764610290527,9.919576644897461,3.1041879653930664,1,25.503293991088867,19.752330780029297,5.75096321105957,1
random_008,10,26,"33.750,34.375,0.312","20.625,28.750,0.312",13.452852249145508,12.211509704589844,1.241342544555664,1,18.142271041870117,20.47789192199707,2.335620880126953,1
random_008,10,27,"33.750,34.375,0.312","36.250,16.250,0.938",9.208395957946777,9.435710906982422,0.22731494903564453,1,15.860553741455078,23.0269832611084,7.16642951965332,1
random_008,10,28,"33.750,34.375,0.312","29.375,13.750,1.562",8.28848648071289,9.728456497192383,1.4399700164794922,1,24.44379425048828,21.958478927612305,2.4853153228759766,1
random_008,10,29,"33.750,34.375,0.312","8.125,28.750,1.562",14.426427841186523,13.968046188354492,0.45838165283203125,1,23.339433670043945,23.195772171020508,0.1436614990234375,1
random_008,11,12,"18.125,20.625,0.938","30.000,8.750,0.312",11.56823444366455,15.611486434936523,4.043251991271973,1,26.681175231933594,28.82299041748047,2.141815185546875,1
random_008,11,13,"18.125,20.625,0.938","3.750,16.250,0.312",14.914206504821777,16.463516235351562,1.5493097305297852,1,26.545475006103516,27.369483947753906,0.8240089416503906,1
random_008,11,14,"18.125,20.625,0.938","35.625,36.250,1.562",11.595340728759766,19.10061264038086,7.505271911621094,1,23.205467224121094,21.83187484741211,1.3735923767089844,1
random_008,11,15,"18.125,20.625,0.938","23.750,21.250,2.188",9.573921203613281,8.705612182617188,0.8683090209960938,1,13.908021926879883,14.25870418548584,0.35068225860595703,1
random_008,11,16,"18.125,20.625,0.938","36.875,9.375,2.188",19.836042404174805,21.281696319580078,1.4456539154052734,1,26.544322967529297,27.513731002807617,0.9694080352783203,1
random_008,11,17,"18.125,20.625,0.938","26.250,20.000,0.312",11.023419380187988,12.425416946411133,1.4019975662231445,1,18.012348175048828,18.855905532836914,0.8435573577880859,1
random_008,11,18,"18.125,20.625,0.938","10.625,15.625,1.562",11.35346794128418,12.48182487487793,1.12835693359375,1,17.718994140625,16.506315231323242,1.2126789093017578,1
random_008,11,19,"18.125,20.625,0.938","23.125,3.125,0.938",22.136425018310547,23.173858642578125,1.0374336242675781,1,29.534141540527344,31.185503005981445,1.6513614654541016,1
random_008,11,20,"18.125,20.625,0.938","6.875,36.250,2.188",20.784997940063477,25.16645050048828,4.381452560424805,1,21.00588607788086,26.002532958984375,4.996646881103516,1
random_008,11,21,"18.125,20.625,0.938","34.375,23.750,2.188",11.495529174804688,15.696983337402344,4.201454162597656,1,26.287071228027344,25.317602157592773,0.9694690704345703,1
random_008,11,22,"18.125,20.625,0.938","5.625,5.625,2.188",24.154884338378906,26.388763427734375,2.2338790893554688,1,39.92113494873047,35.68635177612305,4.234783172607422,1
random_008,11,23,"18.125,20.625,0.938","8.125,31.875,0.938",15.794670104980469,21.429712295532227,5.635042190551758,1,30.516019821166992,29.71382713317871,0.8021926879882812,1
random_008,11,24,"18.125,20.625,0.938","33.125,6.875,2.188",10.874868392944336,17.37681770324707,6.501949310302734,1,26.582651138305664,26.693294525146484,0.11064338684082031,1
random_008,11,25,"18.125,20.625,0.938","36.875,3.750,2.188",11.401167869567871,16.58539390563965,5.184226036071777,1,22.99859619140625,23.529836654663086,0.5312404632568359,1
random_008,11,26,"18.125,20.625,0.938","20.625,28.750,0.312",12.01645278930664,12.528868675231934,0.512415885925293,1,18.42149543762207,16.647220611572266,1.7742748260498047,1
random_008,11,27,"18.125,20.625,0.938","36.250,16.250,0.938",17.676010131835938,19.001209259033203,1.3251991271972656,1,23.964786529541016,28.327409744262695,4.36262321472168,1
random_008,11,28,"18.125,20.625,0.938","29.375,13.750,1.562",11.938497543334961,15.370436668395996,3.431939125061035,1,23.88234519958496,25.158756256103516,1.2764110565185547,1
random_008,11,29,"18.125,20.625,0.938","8.125,28.750,1.562",14.398866653442383,19.83679962158203,5.437932968139648,1,27.834548950195312,28.184144973754883,0.3495960235595703,1
random_008,12,13,"30.000,8.750,0.312","3.750,16.250,0.312",26.60775375366211,24.67156219482422,1.9361915588378906,1,32.5185546875,32.29793930053711,0.22061538696289062,1
random_008,12,14,"30.000,8.750,0.312","35.625,36.250,1.562",10.642559051513672,7.48568058013916,3.1568784713745117,1,25.34572410583496,26.389385223388672,1.043661117553711,1
random_008,12,15,"30.000,8.750,0.312","23.750,21.250,2.188",14.45860767364502,11.613240242004395,2.845367431640625,1,23.397998809814453,22.698993682861328,0.699005126953125,1
random_008,12,16,"30.000,8.750,0.312","36.875,9.375,2.188",9.538946151733398,8.801156997680664,0.7377891540527344,1,13.536049842834473,13.140602111816406,0.3954477310180664,1
random_008,12,17,"30.000,8.750,0.312","26.250,20.000,0.312",11.188129425048828,10.02763843536377,1.1604909896850586,1,19.761173248291016,17.347427368164062,2.413745880126953,1
random_008,12,18,"30.000,8.750,0.312","10.625,15.625,1.562",25.40895652770996,24.351940155029297,1.057016372680664,1,34.78639221191406,34.48615264892578,0.30023956298828125,1
random_008,12,19,"30.000,8.750,0.312","23.125,3.125,0.938",10.779315948486328,11.124748229980469,0.3454322814941406,1,14.480398178100586,14.445540428161621,0.034857749938964844,1
random_008,12,20,"30.000,8.750,0.312","6.875,36.250,2.188",17.000383377075195,15.595226287841797,1.4051570892333984,1,27.08380889892578,26.039703369140625,1.0441055297851562,1
random_008,12,21,"30.000,8.750,0.312","34.375,23.750,2.188",11.582464218139648,11.121673583984375,0.46079063415527344,1,19.960098266601562,21.972396850585938,2.012298583984375,1
random_008,12,22,"30.000,8.750,0.312","5.625,5.625,2.188",17.97402000427246,18.545835494995117,0.5718154907226562,1,21.818782806396484,22.622873306274414,0.8040904998779297,1
random_008,12,23,"30.000,8.750,0.312","8.125,31.875,0.938",18.54650115966797,16.337379455566406,2.2091217041015625,1,27.99781608581543,27.04218101501465,0.9556350708007812,1
random_008,12,24,"30.000,8.750,0.312","33.125,6.875,2.188",5.24124813079834,5.087251663208008,0.15399646759033203,1,8.268564224243164,8.89722728729248,0.6286630630493164,1
random_008,12,25,"30.000,8.750,0.312","36.875,3.750,2.188",10.771217346191406,9.2479248046875,1.5232925415039062,1,12.860639572143555,12.520705223083496,0.3399343490600586,1
random_008,12,26,"30.000,8.750,0.312","20.625,28.750,0.312",18.518760681152344,12.542181015014648,5.976579666137695,1,32.32663345336914,24.790115356445312,7.536518096923828,1
random_008,12,27,"30.000,8.750,0.312","36.250,16.250,0.938",12.850706100463867,13.71682357788086,0.8661174774169922,1,20.095218658447266,18.95989227294922,1.1353263854980469,1
random_008,12,28,"30.000,8.750,0.312","29.375,13.750,1.562",6.789524078369141,6.8610734939575195,0.0715494155883789,1,10.817776679992676,11.033479690551758,0.21570301055908203,1
random_008,12,29,"30.000,8.750,0.312","8.125,28.750,1.562",21.247211456298828,18.739110946655273,2.5081005096435547,1,32.82927322387695,31.57176399230957,1.2575092315673828,1
random_008,13,14,"3.750,16.250,0.312","35.625,36.250,1.562",16.49494171142578,18.349143981933594,1.8542022705078125,1,27.551605224609375,29.715959548950195,2.1643543243408203,1
random_008,13,15,"3.750,16.250,0.312","23.750,21.250,2.188",15.707416534423828,15.674958229064941,0.03245830535888672,1,23.359960556030273,21.36907196044922,1.9908885955810547,1
random_008,13,16,"3.750,16.250,0.312","36.875,9.375,2.188",19.910734176635742,23.78847885131836,3.877744674682617,1,23.343902587890625,32.43621826171875,9.092315673828125,1
random_008,13,17,"3.750,16.250,0.312","26.250,20.000,0.312",16.336223602294922,17.857385635375977,1.5211620330810547,1,24.009708404541016,25.215932846069336,1.2062244415283203,1
random_008,13,18,"3.750,16.250,0.312","10.625,15.625,1.562",11.989629745483398,9.103193283081055,2.8864364624023438,1,16.127166748046875,17.411439895629883,1.2842731475830078,1
random_008,13,19,"3.750,16.250,0.312","23.125,3.125,0.938",24.91029930114746,26.68755340576172,1.7772541046142578,1,41.51961135864258,42.38444900512695,0.864837646484375,1
random_008,13,20,"3.750,16.250,0.312","6.875,36.250,2.188",16.97170639038086,9.887380599975586,7.084325790405273,1,24.300687789916992,14.533162117004395,9.767525672912598,1
random_008,13,21,"3.750,16.250,0.312","34.375,23.750,2.188",15.451151847839355,18.482263565063477,3.031111717224121,1,25.055723190307617,24.27503204345703,0.7806911468505859,1
random_008,13,22,"3.750,16.250,0.312","5.625,5.625,2.188",11.839314460754395,12.553387641906738,0.7140731811523438,1,15.064610481262207,13.859800338745117,1.2048101425170898,1
random_008,13,23,"3.750,16.250,0.312","8.125,31.875,0.938",13.711883544921875,12.048261642456055,1.6636219024658203,1,19.853395462036133,19.24906349182129,0.6043319702148438,1
random_008,13,24,"3.750,16.250,0.312","33.125,6.875,2.188",23.12774658203125,26.86325454711914,3.7355079650878906,1,31.162790298461914,29.58580780029297,1.5769824981689453,1
random_008,13,25,"3.750,16.250,0.312","36.875,3.750,2.188",20.36077308654785,23.568126678466797,3.2073535919189453,1,26.404115676879883,25.07454490661621,1.3295707702636719,1
random_008,13,26,"3.750,16.250,0.312","20.625,28.750,0.312",20.9394588470459,19.42119598388672,1.5182628631591797,1,27.000244140625,27.948843002319336,0.9485988616943359,1
random_008,13,27,"3.750,16.250,0.312","36.250,16.250,0.938",16.803180694580078,18.722684860229492,1.919504165649414,1,22.91447639465332,21.80540657043457,1.10906982421875,1
random_008,13,28,"3.750,16.250,0.312","29.375,13.750,1.562",12.90564250946045,17.689563751220703,4.783921241760254,1,26.036911010742188,24.041879653930664,1.9950313568115234,1
random_008,13,29,"3.750,16.250,0.312","8.125,28.750,1.562",12.761923789978027,12.609524726867676,0.15239906311035156,1,17.75227928161621,15.571324348449707,2.180954933166504,1
random_008,14,15,"35.625,36.250,1.562","23.750,21.250,2.188",15.896729469299316,13.03399658203125,2.8627328872680664,1,21.72361946105957,23.187599182128906,1.463979721069336,1
random_008,14,16,"35.625,36.250,1.562","36.875,9.375,2.188",10.22262191772461,11.048482894897461,0.8258609771728516,1,12.301923751831055,12.03896713256836,0.2629566192626953,1
random_008,14,17,"35.625,36.250,1.562","26.250,20.000,0.312",10.461965560913086,9.474748611450195,0.9872169494628906,1,20.9351806640625,22.027360916137695,1.0921802520751953,1
random_008,14,18,"35.625,36.250,1.562","10.625,15.625,1.562",18.200767517089844,15.211956977844238,2.9888105392456055,1,27.61490821838379,26.490739822387695,1.1241683959960938,1
random_008,14,19,"35.625,36.250,1.562","23.125,3.125,0.938",10.7903470993042,11.174681663513184,0.3843345642089844,1,25.177581787109375,23.699817657470703,1.4777641296386719,1
random_008,14,20,"35.625,36.250,1.562","6.875,36.250,2.188",10.222990989685059,10.078033447265625,0.1449575424194336,1,16.68991470336914,17.8815975189209,1.1916828155517578,1
random_008,14,21,"35.625,36.250,1.562","34.375,23.750,2.188",10.726055145263672,9.62276554107666,1.1032896041870117,1,18.222768783569336,19.92790412902832,1.7051353454589844,1
random_008,14,22,"35.625,36.250,1.562","5.625,5.625,2.188",15.854667663574219,13.162450790405273,2.6922168731689453,1,19.854238510131836,20.417531967163086,0.56329345703125,1
random_008,14,23,"35.625,36.250,1.562","8.125,31.875,0.938",17.06368637084961,15.419265747070312,1.6444206237792969,1,25.757442474365234,23.247697830200195,2.509744644165039,1
random_008,14,24,"35.625,36.250,1.562","33.125,6.875,2.188",9.431747436523438,11.2459716796875,1.8142242431640625,1,19.472307205200195,21.639209747314453,2.166902542114258,1
random_008,14,25,"35.625,36.250,1.562","36.875,3.750,2.188",12.80598258972168,10.769712448120117,2.0362701416015625,1,24.63913345336914,16.842477798461914,7.796655654907227,1
random_008,14,26,"35.625,36.250,1.562","20.625,28.750,0.312",13.686063766479492,13.52368450164795,0.16237926483154297,1,13.397068977355957,17.502506256103516,4.105437278747559,1
random_008,14,27,"35.625,36.250,1.562","36.250,16.250,0.938",8.549899101257324,9.530464172363281,0.980565071105957,1,15.123953819274902,14.652813911437988,0.47113990783691406,1
random_008,14,28,"35.625,36.250,1.562","29.375,13.750,1.562",8.427583694458008,11.219736099243164,2.7921524047851562,1,24.521745681762695,24.352066040039062,0.1696796417236328,1
random_008,14,29,"35.625,36.250,1.562","8.125,28.750,1.562",16.748973846435547,15.303194999694824,1.4457788467407227,1,24.14229393005371,25.471895217895508,1.3296012878417969,1
random_008,15,16,"23.750,21.250,2.188","36.875,9.375,2.188",16.291141510009766,18.92634391784668,2.635202407836914,1,27.052534103393555,24.770896911621094,2.281637191772461,1
random_008,15,17,"23.750,21.250,2.188","26.250,20.000,0.312",4.774012565612793,5.160277366638184,0.3862648010253906,1,8.920414924621582,8.395564079284668,0.5248508453369141,1
random_008,15,18,"23.750,21.250,2.188","10.625,15.625,1.562",12.54871940612793,14.633951187133789,2.0852317810058594,1,21.276233673095703,19.034725189208984,2.2415084838867188,1
random_008,15,19,"23.750,21.250,2.188","23.125,3.125,0.938",19.458356857299805,21.127464294433594,1.669107437133789,1,28.368751525878906,25.711519241333008,2.6572322845458984,1
random_008,15,20,"23.750,21.250,2.188","6.875,36.250,2.188",19.405555725097656,23.146358489990234,3.740802764892578,1,23.535625457763672,22.585290908813477,0.9503345489501953,1
random_008,15,21,"23.750,21.250,2.188","34.375,23.750,2.188",9.520977020263672,12.427862167358398,2.9068851470947266,1,18.625438690185547,17.771425247192383,0.8540134429931641,1
random_008,15,22,"23.750,21.250,2.188","5.625,5.625,2.188",26.352466583251953,27.788040161132812,1.4355735778808594,1,36.7484016418457,31.69496726989746,5.053434371948242,1
random_008,15,23,"23.750,21.250,2.188","8.125,31.875,0.938",17.664005279541016,20.45288848876953,2.7888832092285156,1,19.852975845336914,20.537797927856445,0.6848220825195312,1
random_008,15,24,"23.750,21.250,2.188","33.125,6.875,2.188",12.148588180541992,16.006103515625,3.857515335083008,1,22.924650192260742,24.936901092529297,2.0122509002685547,1
random_008,15,25,"23.750,21.250,2.188","36.875,3.750,2.188",18.91758155822754,20.877046585083008,1.9594650268554688,1,32.32720947265625,34.63674545288086,2.3095359802246094,1
random_008,15,26,"23.750,21.250,2.188","20.625,28.750,0.312",8.860715866088867,11.299654006958008,2.4389381408691406,1,13.24941635131836,15.1300630569458,1.8806467056274414,1
random_008,15,27,"23.750,21.250,2.188","36.250,16.250,0.938",13.315251350402832,15.91458511352539,2.5993337631225586,1,19.129018783569336,19.03394889831543,0.09506988525390625,1
random_008,15,28,"23.750,21.250,2.188","29.375,13.750,1.562",11.16737174987793,13.558920860290527,2.3915491104125977,1,25.955286026000977,27.48908042907715,1.5337944030761719,1
random_008,15,29,"23.750,21.250,2.188","8.125,28.750,1.562",16.825328826904297,18.8974552154541,2.0721263885498047,1,23.455636978149414,23.707307815551758,0.25167083740234375,1
random_008,16,17,"36.875,9.375,2.188","26.250,20.000,0.312",15.058555603027344,15.826092720031738,0.7675371170043945,1,27.558778762817383,23.531278610229492,4.027500152587891,1
random_008,16,18,"36.875,9.375,2.188","10.625,15.625,1.562",24.273395538330078,22.81941795349121,1.4539775848388672,1,30.817569732666016,29.55323028564453,1.2643394470214844,1
random_008,16,19,"36.875,9.375,2.188","23.125,3.125,0.938",14.465404510498047,12.610740661621094,1.8546638488769531,1,16.815168380737305,18.011388778686523,1.1962203979492188,1
random_008,16,20,"36.875,9.375,2.188","6.875,36.250,2.188",13.651021003723145,14.215588569641113,0.5645675659179688,1,22.376718521118164,18.12076759338379,4.255950927734375,1
random_008,16,21,"36.875,9.375,2.188","34.375,23.750,2.188",10.019452095031738,10.686724662780762,0.6672725677490234,1,16.84211540222168,17.07522201538086,0.2331066131591797,1
random_008,16,22,"36.875,9.375,2.188","5.625,5.625,2.188",19.02754020690918,15.40140438079834,3.62613582611084,1,17.905542373657227,17.86565399169922,0.03988838195800781,1
random_008,16,23,"36.875,9.375,2.188","8.125,31.875,0.938",21.03927993774414,19.910341262817383,1.1289386749267578,1,22.84819984436035,23.05323600769043,0.20503616333007812,1
random_008,16,24,"36.875,9.375,2.188","33.125,6.875,2.188",6.526055335998535,8.382711410522461,1.8566560745239258,1,9.403783798217773,9.373269081115723,0.03051471710205078,1
random_008,16,25,"36.875,9.375,2.188","36.875,3.750,2.188",7.365324020385742,5.857300758361816,1.5080232620239258,1,5.852208137512207,5.725270748138428,0.1269373893737793,1
random_008,16,26,"36.875,9.375,2.188","20.625,28.750,0.312",22.530189514160156,21.225292205810547,1.3048973083496094,1,26.300662994384766,27.00473403930664,0.704071044921875,1
random_008,16,27,"36.875,9.375,2.188","36.250,16.250,0.938",7.317567825317383,6.596879959106445,0.7206878662109375,1,8.727684020996094,8.958767890930176,0.23108386993408203,1
random_008,16,28,"36.875,9.375,2.188","29.375,13.750,1.562",11.195974349975586,11.648552894592285,0.4525785446166992,1,22.14431381225586,20.231369018554688,1.9129447937011719,1
random_008,16,29,"36.875,9.375,2.188","8.125,28.750,1.562",22.123310089111328,20.17510986328125,1.9482002258300781,1,23.80183982849121,24.110118865966797,0.30827903747558594,1
random_008,17,18,"26.250,20.000,0.312","10.625,15.625,1.562",15.436869621276855,14.595683097839355,0.8411865234375,1,21.789588928222656,22.015201568603516,0.22561264038085938,1
random_008,17,19,"26.250,20.000,0.312","23.125,3.125,0.938",15.998400688171387,13.361449241638184,2.636951446533203,1,24.844274520874023,25.583799362182617,0.7395248413085938,1
random_008,17,20,"26.250,20.000,0.312","6.875,36.250,2.188",20.59008026123047,23.636898040771484,3.0468177795410156,1,27.56691551208496,27.691646575927734,0.12473106384277344,1
random_008,17,21,"26.250,20.000,0.312","34.375,23.750,2.188",10.187024116516113,11.227155685424805,1.0401315689086914,1,19.07285499572754,20.742769241333008,1.6699142456054688,1
random_008,17,22,"26.250,20.000,0.312","5.625,5.625,2.188",26.429195404052734,27.787090301513672,1.3578948974609375,1,33.845890045166016,30.55953025817871,3.2863597869873047,1
random_008,17,23,"26.250,20.000,0.312","8.125,31.875,0.938",19.79254913330078,21.08379364013672,1.2912445068359375,1,29.902185440063477,28.872180938720703,1.0300045013427734,1
random_008,17,24,"26.250,20.000,0.312","33.125,6.875,2.188",10.591670989990234,11.771696090698242,1.1800251007080078,1,17.671525955200195,17.4378604888916,0.23366546630859375,1
random_008,17,25,"26.250,20.000,0.312","36.875,3.750,2.188",16.199298858642578,13.316267967224121,2.883030891418457,1,24.219783782958984,32.14714813232422,7.927364349365234,1
random_008,17,26,"26.250,20.000,0.312","20.625,28.750,0.312",13.752474784851074,13.89013671875,0.13766193389892578,1,25.11959457397461,25.072463989257812,0.047130584716796875,1
random_008,17,27,"26.250,20.000,0.312","36.250,16.250,0.938",13.306581497192383,13.776923179626465,0.47034168243408203,1,18.888816833496094,22.543607711791992,3.6547908782958984,1
random_008,17,28,"26.250,20.000,0.312","29.375,13.750,1.562",8.643548965454102,9.596229553222656,0.9526805877685547,1,17.99885368347168,17.118253707885742,0.8805999755859375,1
random_008,17,29,"26.250,20.000,0.312","8.125,28.750,1.562",19.819976806640625,20.16551399230957,0.3455371856689453,1,27.839839935302734,30.57701301574707,2.737173080444336,1
random_008,18,19,"10.625,15.625,1.562","23.125,3.125,0.938",19.097383499145508,22.523683547973633,3.426300048828125,1,35.56103515625,37.72718048095703,2.1661453247070312,1
random_008,18,20,"10.625,15.625,1.562","6.875,36.250,2.188",21.58707046508789,19.02972412109375,2.5573463439941406,1,16.560970306396484,18.281902313232422,1.7209320068359375,1
random_008,18,21,"10.625,15.625,1.562","34.375,23.750,2.188",16.2322998046875,20.69599723815918,4.46369743347168,1,27.243289947509766,23.328195571899414,3.9150943756103516,1
random_008,18,22,"10.625,15.625,1.562","5.625,5.625,2.188",17.235288619995117,20.92413902282715,3.6888504028320312,1,20.24359703063965,22.124187469482422,1.8805904388427734,1
random_008,18,23,"10.625,15.625,1.562","8.125,31.875,0.938",18.482643127441406,17.254901885986328,1.2277412414550781,1,25.141389846801758,22.125003814697266,3.016386032104492,1
random_008,18,24,"10.625,15.625,1.562","33.125,6.875,2.188",23.892608642578125,27.251768112182617,3.359159469604492,1,28.85874366760254,31.547073364257812,2.6883296966552734,1
random_008,18,25,"10.625,15.625,1.562","36.875,3.750,2.188",22.588821411132812,25.745094299316406,3.1562728881835938,1,27.797420501708984,27.828096389770508,0.030675888061523438,1
random_008,18,26,"10.625,15.625,1.562","20.625,28.750,0.312",19.002864837646484,17.641414642333984,1.3614501953125,1,26.328025817871094,27.4302921295166,1.1022663116455078,1
random_008,18,27,"10.625,15.625,1.562","36.250,16.250,0.938",20.120256423950195,16.555471420288086,3.5647850036621094,1,23.245384216308594,22.75812339782715,0.4872608184814453,1
random_008,18,28,"10.625,15.625,1.562","29.375,13.750,1.562",11.849006652832031,15.699687004089355,3.850680351257324,1,24.568828582763672,25.345287322998047,0.776458740234375,1
random_008,18,29,"10.625,15.625,1.562","8.125,28.750,1.562",17.640392303466797,14.936055183410645,2.7043371200561523,1,18.95486831665039,17.02976417541504,1.9251041412353516,1
random_008,19,20,"23.125,3.125,0.938","6.875,36.250,2.188",17.597347259521484,17.504478454589844,0.09286880493164062,1,27.890287399291992,27.508888244628906,0.38139915466308594,1
random_008,19,21,"23.125,3.125,0.938","34.375,23.750,2.188",14.131495475769043,14.497729301452637,0.36623382568359375,1,24.829740524291992,24.4007568359375,0.4289836883544922,1
random_008,19,22,"23.125,3.125,0.938","5.625,5.625,2.188",12.679137229919434,11.755620956420898,0.9235162734985352,1,13.881318092346191,14.923504829406738,1.0421867370605469,1
random_008,19,23,"23.125,3.125,0.938","8.125,31.875,0.938",26.18776512145996,21.651123046875,4.536642074584961,1,35.16309356689453,36.00721740722656,0.8441238403320312,1
random_008,19,24,"23.125,3.125,0.938","33.125,6.875,2.188",10.886727333068848,11.02199649810791,0.1352691650390625,1,12.485770225524902,13.45035457611084,0.9645843505859375,1
random_008,19,25,"23.125,3.125,0.938","36.875,3.750,2.188",12.161170959472656,11.289033889770508,0.8721370697021484,1,12.811827659606934,12.551182746887207,0.26064491271972656,1
random_008,19,26,"23.125,3.125,0.938","20.625,28.750,0.312",22.619264602661133,19.076148986816406,3.5431156158447266,1,28.150440216064453,29.955730438232422,1.8052902221679688,1
random_008,19,27,"23.125,3.125,0.938","36.250,16.250,0.938",15.073742866516113,15.300862312316895,0.22711944580078125,1,20.802907943725586,23.171539306640625,2.368631362915039,1
random_008,19,28,"23.125,3.125,0.938","29.375,13.750,1.562",13.052423477172852,13.460938453674316,0.40851497650146484,1,24.250324249267578,21.903379440307617,2.346944808959961,1
random_008,19,29,"23.125,3.125,0.938","8.125,28.750,1.562",27.98001480102539,24.72979164123535,3.250223159790039,1,39.07710647583008,37.797828674316406,1.2792778015136719,1
random_008,20,21,"6.875,36.250,2.188","34.375,23.750,2.188",13.695578575134277,16.275789260864258,2.5802106857299805,1,21.778146743774414,22.79898452758789,1.0208377838134766,1
random_008,20,22,"6.875,36.250,2.188","5.625,5.625,2.188",12.92786979675293,16.844940185546875,3.9170703887939453,1,8.861401557922363,8.071301460266113,0.79010009765625,1
random_008,20,23,"6.875,36.250,2.188","8.125,31.875,0.938",7.275278091430664,5.14354133605957,2.1317367553710938,1,9.523124694824219,9.062004089355469,0.46112060546875,1
random_008,20,24,"6.875,36.250,2.188","33.125,6.875,2.188",14.680829048156738,17.54465675354004,2.863827705383301,1,21.553253173828125,21.63813591003418,0.08488273620605469,1
random_008,20,25,"6.875,36.250,2.188","36.875,3.750,2.188",14.263158798217773,15.561853408813477,1.2986946105957031,1,22.855850219726562,21.209671020507812,1.64617919921875,1
random_008,20,26,"6.875,36.250,2.188","20.625,28.750,0.312",17.3118896484375,15.108306884765625,2.203582763671875,1,20.265527725219727,19.281352996826172,0.9841747283935547,1
random_008,20,27,"6.875,36.250,2.188","36.250,16.250,0.938",16.66053009033203,15.342191696166992,1.318338394165039,1,16.535490036010742,13.646561622619629,2.8889284133911133,1
random_008,20,28,"6.875,36.250,2.188","29.375,13.750,1.562",19.635759353637695,19.519712448120117,0.11604690551757812,1,26.318634033203125,24.021657943725586,2.296976089477539,1
random_008,20,29,"6.875,36.250,2.188","8.125,28.750,1.562",10.727477073669434,8.094207763671875,2.6332693099975586,1,12.095208168029785,11.122875213623047,0.9723329544067383,1
random_008,21,22,"34.375,23.750,2.188","5.625,5.625,2.188",23.25328254699707,22.219806671142578,1.0334758758544922,1,24.069852828979492,26.51500701904297,2.4451541900634766,1
random_008,21,23,"34.375,23.750,2.188","8.125,31.875,0.938",12.009757995605469,11.357229232788086,0.6525287628173828,1,23.52570343017578,24.431381225585938,0.9056777954101562,1
random_008,21,24,"34.375,23.750,2.188","33.125,6.875,2.188",11.174503326416016,12.018951416015625,0.8444480895996094,1,21.518949508666992,21.015216827392578,0.5037326812744141,1
random_008,21,25,"34.375,23.750,2.188","36.875,3.750,2.188",13.428543090820312,12.545456886291504,0.8830862045288086,1,22.052356719970703,23.184009552001953,1.13165283203125,1
random_008,21,26,"34.375,23.750,2.188","20.625,28.750,0.312",13.60645580291748,11.186553955078125,2.4199018478393555,1,18.988107681274414,20.5689697265625,1.580862045288086,1
random_008,21,27,"34.375,23.750,2.188","36.250,16.250,0.938",8.407562255859375,8.534078598022461,0.12651634216308594,1,10.32915210723877,13.6529541015625,3.3238019943237305,1
random_008,21,28,"34.375,23.750,2.188","29.375,13.750,1.562",10.731651306152344,11.0689697265625,0.33731842041015625,1,20.008085250854492,18.63343620300293,1.3746490478515625,1
random_008,21,29,"34.375,23.750,2.188","8.125,28.750,1.562",18.579090118408203,17.36114501953125,1.2179450988769531,1,22.86661148071289,26.521881103515625,3.6552696228027344,1
random_008,22,23,"5.625,5.625,2.188","8.125,31.875,0.938",18.848052978515625,15.214571952819824,3.633481025695801,1,16.370647430419922,15.836121559143066,0.5345258712768555,1
random_008,22,24,"5.625,5.625,2.188","33.125,6.875,2.188",13.218757629394531,14.11190414428711,0.8931465148925781,1,19.534954071044922,20.239410400390625,0.7044563293457031,1
random_008,22,25,"5.625,5.625,2.188","36.875,3.750,2.188",11.92509937286377,13.679839134216309,1.754739761352539,1,17.047805786132812,16.649986267089844,0.39781951904296875,1
random_008,22,26,"5.625,5.625,2.188","20.625,28.750,0.312",24.424421310424805,22.446569442749023,1.9778518676757812,1,23.432188034057617,20.731281280517578,2.700906753540039,1
random_008,22,27,"5.625,5.625,2.188","36.250,16.250,0.938",18.079011917114258,21.97919464111328,3.9001827239990234,1,25.943878173828125,24.015308380126953,1.9285697937011719,1
random_008,22,28,"5.625,5.625,2.188","29.375,13.750,1.562",22.43634033203125,24.65052032470703,2.2141799926757812,1,30.098804473876953,28.627483367919922,1.4713211059570312,1
random_008,22,29,"5.625,5.625,2.188","8.125,28.750,1.562",16.98155975341797,15.592877388000488,1.3886823654174805,1,12.81553840637207,14.908058166503906,2.092519760131836,1
random_008,23,24,"8.125,31.875,0.938","33.125,6.875,2.188",13.761338233947754,18.84908676147461,5.0877485275268555,1,24.34355926513672,22.4520320892334,1.8915271759033203,1
random_008,23,25,"8.125,31.875,0.938","36.875,3.750,2.188",13.973247528076172,17.779661178588867,3.8064136505126953,1,17.92636489868164,21.05105972290039,3.12469482421875,1
random_008,23,26,"8.125,31.875,0.938","20.625,28.750,0.312",12.767462730407715,11.201465606689453,1.5659971237182617,1,16.20329475402832,14.546563148498535,1.6567316055297852,1
random_008,23,27,"8.125,31.875,0.938","36.250,16.250,0.938",19.666065216064453,20.03519630432129,0.36913108825683594,1,29.482994079589844,26.650480270385742,2.8325138092041016,1
random_008,23,28,"8.125,31.875,0.938","29.375,13.750,1.562",20.782100677490234,22.500581741333008,1.7184810638427734,1,29.838340759277344,29.265106201171875,0.5732345581054688,1
random_008,23,29,"8.125,31.875,0.938","8.125,28.750,1.562",6.079608917236328,4.60166072845459,1.4779481887817383,1,7.483298301696777,7.143844127655029,0.33945417404174805,1
random_008,24,25,"33.125,6.875,2.188","36.875,3.750,2.188",7.907498359680176,6.521256446838379,1.3862419128417969,1,10.60257339477539,11.363041877746582,0.7604684829711914,1
random_008,24,26,"33.125,6.875,2.188","20.625,28.750,0.312",18.27179527282715,9.147907257080078,9.12388801574707,1,23.435760498046875,21.080476760864258,2.355283737182617,1
random_008,24,27,"33.125,6.875,2.188","36.250,16.250,0.938",11.770522117614746,11.437917709350586,0.33260440826416016,1,15.568719863891602,17.238300323486328,1.6695804595947266,1
random_008,24,28,"33.125,6.875,2.188","29.375,13.750,1.562",8.87978458404541,8.673229217529297,0.20655536651611328,1,12.27356243133545,11.718533515930176,0.5550289154052734,1
random_008,24,29,"33.125,6.875,2.188","8.125,28.750,1.562",20.85854721069336,14.594200134277344,6.264347076416016,1,25.81365394592285,25.509517669677734,0.3041362762451172,1
random_008,25,26,"36.875,3.750,2.188","20.625,28.750,0.312",19.32883071899414,15.451742172241211,3.8770885467529297,1,27.517683029174805,28.113405227661133,0.5957221984863281,1
random_008,25,27,"36.875,3.750,2.188","36.250,16.250,0.938",9.807964324951172,9.294886589050293,0.5130777359008789,1,12.692550659179688,13.82693099975586,1.1343803405761719,1
random_008,25,28,"36.875,3.750,2.188","29.375,13.750,1.562",10.061524391174316,13.018547058105469,2.9570226669311523,1,20.098451614379883,17.51939582824707,2.5790557861328125,1
random_008,25,29,"36.875,3.750,2.188","8.125,28.750,1.562",19.269468307495117,14.356083869934082,4.913384437561035,1,24.645580291748047,26.08501625061035,1.4394359588623047,1
random_008,26,27,"20.625,28.750,0.312","36.250,16.250,0.938",21.817161560058594,24.098697662353516,2.281536102294922,1,25.628368377685547,25.657390594482422,0.029022216796875,1
random_008,26,28,"20.625,28.750,0.312","29.375,13.750,1.562",11.772461891174316,17.913002014160156,6.14054012298584,1,27.15673065185547,27.324844360351562,0.16811370849609375,1
random_008,26,29,"20.625,28.750,0.312","8.125,28.750,1.562",11.468154907226562,12.569186210632324,1.1010313034057617,1,16.45110511779785,17.069820404052734,0.6187152862548828,1
random_008,27,28,"36.250,16.250,0.938","29.375,13.750,1.562",10.22262191772461,9.155311584472656,1.0673103332519531,1,16.6678409576416,14.943094253540039,1.7247467041015625,1
random_008,27,29,"36.250,16.250,0.938","8.125,28.750,1.562",21.13436508178711,19.375335693359375,1.7590293884277344,1,25.306413650512695,27.21418571472168,1.9077720642089844,1
random_008,28,29,"29.375,13.750,1.562","8.125,28.750,1.562",21.13672637939453,17.693859100341797,3.4428672790527344,1,32.534759521484375,32.2263298034668,0.3084297180175781,1
random_009,0,1,"11.250,21.875,2.188","21.875,32.500,0.938",19.918621063232422,19.64520263671875,0.2734184265136719,1,32.17303466796875,34.09856033325195,1.9255256652832031,1
random_009,0,2,"11.250,21.875,2.188","9.375,15.625,0.312",7.097079277038574,9.146631240844727,2.0495519638061523,1,15.02890682220459,14.103360176086426,0.9255466461181641,1
random_009,0,3,"11.250,21.875,2.188","20.625,4.375,0.938",12.446874618530273,16.829978942871094,4.38310432434082,1,26.37852668762207,27.19921875,0.8206920623779297,1
random_009,0,4,"11.250,21.875,2.188","1.250,13.750,1.562",11.661502838134766,14.025595664978027,2.3640928268432617,1,19.32554817199707,16.987411499023438,2.338136672973633,1
random_009,0,5,"11.250,21.875,2.188","32.500,19.375,1.562",14.703873634338379,18.393983840942383,3.690110206604004,1,21.33323860168457,20.11362648010254,1.2196121215820312,1
random_009,0,6,"11.250,21.875,2.188","19.375,3.750,0.938",12.269723892211914,16.55425453186035,4.2845306396484375,1,21.92547035217285,25.089553833007812,3.164083480834961,1
random_009,0,7,"11.250,21.875,2.188","31.875,13.125,2.188",15.756961822509766,19.039548873901367,3.2825870513916016,1,24.52855682373047,23.813982009887695,0.7145748138427734,1
random_009,0,8,"11.250,21.875,2.188","25.625,31.250,0.938",13.01664924621582,15.823808670043945,2.807159423828125,1,25.90398597717285,24.641820907592773,1.2621650695800781,1
random_009,0,9,"11.250,21.875,2.188","12.500,24.375,2.188",5.516201019287109,4.476437568664551,1.0397634506225586,1,6.7820329666137695,7.224686622619629,0.4426536560058594,1
random_009,0,10,"11.250,21.875,2.188","4.375,11.250,1.562",12.535322189331055,14.700380325317383,2.165058135986328,1,21.386199951171875,20.857847213745117,0.5283527374267578,1
random_009,0,11,"11.250,21.875,2.188","20.000,33.125,0.312",19.489273071289062,18.03986167907715,1.449411392211914,1,37.92064666748047,33.684600830078125,4.236045837402344,1
random_009,0,12,"11.250,21.875,2.188","30.000,33.125,2.188",13.972684860229492,17.661632537841797,3.6889476776123047,1,25.77351951599121,41.628517150878906,15.854997634887695,1
random_009,0,13,"11.250,21.875,2.188","10.625,7.500,2.188",10.615354537963867,10.343101501464844,0.27225303649902344,1,18.925981521606445,19.250751495361328,0.3247699737548828,1
random_009,0,14,"11.250,21.875,2.188","25.625,18.125,0.312",16.38353157043457,18.940425872802734,2.556894302368164,1,22.56849479675293,23.605697631835938,1.0372028350830078,1
random_009,0,15,"11.250,21.875,2.188","18.125,11.250,0.312",13.53065013885498,15.422764778137207,1.8921146392822266,1,27.60943603515625,27.507680892944336,0.10175514221191406,1
random_009,0,16,"11.250,21.875,2.188","31.250,32.500,2.188",15.649981498718262,20.392459869384766,4.742478370666504,1,31.717060089111328,36.19866943359375,4.481609344482422,1
random_009,0,17,"11.250,21.875,2.188","2.500,28.750,0.312",10.117439270019531,11.375256538391113,1.257817268371582,1,19.077434539794922,20.368202209472656,1.2907676696777344,1
random_009,0,18,"11.250,21.875,2.188","26.250,16.875,0.312",14.250377655029297,16.542415618896484,2.2920379638671875,1,21.76685333251953,21.324047088623047,0.4428062438964844,1
random_009,0,19,"11.250,21.875,2.188","26.875,25.000,1.562",15.360872268676758,16.844566345214844,1.483694076538086,1,27.813684463500977,22.179668426513672,5.634016036987305,1
random_009,0,20,"11.250,21.875,2.188","8.125,12.500,1.562",8.714530944824219,10.258889198303223,1.544358253479004,1,15.999248504638672,17.041492462158203,1.0422439575195312,1
random_009,0,21,"11.250,21.875,2.188","1.250,37.500,0.938",10.420714378356934,10.607226371765137,0.18651199340820312,1,14.571435928344727,14.783308982849121,0.21187305450439453,1
random_009,0,22,"11.250,21.875,2.188","15.625,16.875,2.188",10.75299072265625,8.787531852722168,1.965458869934082,1,19.584980010986328,19.166168212890625,0.4188117980957031,1
random_009,0,23,"11.250,21.875,2.188","28.750,21.250,1.562",15.834542274475098,17.902469635009766,2.067927360534668,1,29.20059585571289,22.846345901489258,6.354249954223633,1
random_009,0,24,"11.250,21.875,2.188","20.000,12.500,0.938",14.274789810180664,14.013588905334473,0.2612009048461914,1,24.372882843017578,26.415191650390625,2.042308807373047,1
random_009,0,25,"11.250,21.875,2.188","16.875,23.125,0.312",6.971728324890137,7.66572904586792,0.6940007209777832,1,16.552581787109375,11.747633934020996,4.804947853088379,1
random_009,0,26,"11.250,21.875,2.188","23.125,9.375,0.938",14.369649887084961,15.278082847595215,0.9084329605102539,1,30.691795349121094,28.750225067138672,1.9415702819824219,1
random_009,0,27,"11.250,21.875,2.188","26.250,8.750,2.188",16.72340965270996,18.865535736083984,2.1421260833740234,1,32.07648468017578,30.761234283447266,1.3152503967285156,1
random_009,0,28,"11.250,21.875,2.188","7.500,12.500,2.188",8.817102432250977,9.897727012634277,1.0806245803833008,1,16.275869369506836,17.61075782775879,1.3348884582519531,1
random_009,0,29,"11.250,21.875,2.188","16.875,6.875,1.562",13.872660636901855,16.4158878326416,2.543227195739746,1,27.421884536743164,27.252910614013672,0.1689739227294922,1
random_009,1,2,"21.875,32.500,0.938","9.375,15.625,0.312",18.0372257232666,20.992921829223633,2.9556961059570312,1,32.735435485839844,37.644527435302734,4.909091949462891,1
random_009,1,3,"21.875,32.500,0.938","20.625,4.375,0.938",8.990368843078613,10.264944076538086,1.2745752334594727,1,19.672330856323242,20.954084396362305,1.2817535400390625,1
random_009,1,4,"21.875,32.500,0.938","1.250,13.750,1.562",19.13650894165039,23.51789093017578,4.381381988525391,1,30.45453643798828,29.411657333374023,1.0428791046142578,1
random_009,1,5,"21.875,32.500,0.938","32.500,19.375,1.562",14.689334869384766,12.58141803741455,2.107916831970215,1,30.794597625732422,29.30876350402832,1.4858341217041016,1
random_009,1,6,"21.875,32.500,0.938","19.375,3.750,0.938",9.071949005126953,9.459951400756836,0.3880023956298828,1,19.005348205566406,20.906946182250977,1.9015979766845703,1
random_009,1,7,"21.875,32.500,0.938","31.875,13.125,2.188",11.839428901672363,11.077013969421387,0.7624149322509766,1,19.154449462890625,18.24515724182129,0.9092922210693359,1
random_009,1,8,"21.875,32.500,0.938","25.625,31.250,0.938",5.482121467590332,5.263445854187012,0.2186756134033203,1,10.015084266662598,9.249693870544434,0.7653903961181641,1
random_009,1,9,"21.875,32.500,0.938","12.500,24.375,2.188",17.296777725219727,19.377159118652344,2.080381393432617,1,36.743656158447266,36.43218231201172,0.3114738464355469,1
random_009,1,10,"21.875,32.500,0.938","4.375,11.250,1.562",18.48550796508789,25.575702667236328,7.0901947021484375,1,28.646528244018555,29.831932067871094,1.185403823852539,1
random_009,1,11,"21.875,32.500,0.938","20.000,33.125,0.312",2.2043838500976562,3.9046945571899414,1.7003107070922852,1,6.018719673156738,6.129766464233398,0.11104679107666016,1
random_009,1,12,"21.875,32.500,0.938","30.000,33.125,2.188",9.796677589416504,8.977154731750488,0.8195228576660156,1,13.702315330505371,14.879215240478516,1.1768999099731445,1
random_009,1,13,"21.875,32.500,0.938","10.625,7.500,2.188",14.260538101196289,16.065359115600586,1.8048210144042969,1,33.59470748901367,31.383010864257812,2.2116966247558594,1
random_009,1,14,"21.875,32.500,0.938","25.625,18.125,0.312",12.892590522766113,12.804830551147461,0.08775997161865234,1,21.344985961914062,19.678503036499023,1.666482925415039,1
random_009,1,15,"21.875,32.500,0.938","18.125,11.250,0.312",11.160911560058594,11.214534759521484,0.053623199462890625,1,28.32040786743164,25.586856842041016,2.733551025390625,1
random_009,1,16,"21.875,32.500,0.938","31.250,32.500,2.188",10.347652435302734,10.09128189086914,0.25637054443359375,1,16.257747650146484,17.723398208618164,1.4656505584716797,1
random_009,1,17,"21.875,32.500,0.938","2.500,28.750,0.312",10.99127197265625,10.359071731567383,0.6322002410888672,1,18.996360778808594,18.08855628967285,0.9078044891357422,1
random_009,1,18,"21.875,32.500,0.938","26.250,16.875,0.312",13.313011169433594,12.859610557556152,0.4534006118774414,1,24.018024444580078,23.2189884185791,0.7990360260009766,1
random_009,1,19,"21.875,32.500,0.938","26.875,25.000,1.562",9.755916595458984,9.48550033569336,0.270416259765625,1,19.44968032836914,17.417232513427734,2.0324478149414062,1
random_009,1,20,"21.875,32.500,0.938","8.125,12.500,1.562",17.67823028564453,20.96837615966797,3.2901458740234375,1,30.262012481689453,29.66434097290039,0.5976715087890625,1
random_009,1,21,"21.875,32.500,0.938","1.250,37.500,0.938",16.221385955810547,11.75759506225586,4.4637908935546875,1,14.691075325012207,15.831453323364258,1.1403779983520508,1
random_009,1,22,"21.875,32.500,0.938","15.625,16.875,2.188",10.772872924804688,9.760889053344727,1.011983871459961,1,22.131580352783203,20.47315216064453,1.6584281921386719,1
random_009,1,23,"21.875,32.500,0.938","28.750,21.250,1.562",12.25648307800293,12.431502342224121,0.1750192642211914,1,23.91346549987793,23.159666061401367,0.7537994384765625,1
random_009,1,24,"21.875,32.500,0.938","20.000,12.500,0.938",11.60148811340332,10.911846160888672,0.6896419525146484,1,24.007057189941406,22.14141082763672,1.8656463623046875,1
random_009,1,25,"21.875,32.500,0.938","16.875,23.125,0.312",11.017446517944336,9.645502090454102,1.3719444274902344,1,20.850194931030273,18.099567413330078,2.7506275177001953,1
random_009,1,26,"21.875,32.500,0.938","23.125,9.375,0.938",15.655227661132812,11.715407371520996,3.9398202896118164,1,29.873117446899414,29.846426010131836,0.026691436767578125,1
random_009,1,27,"21.875,32.500,0.938","26.250,8.750,2.188",19.604665756225586,11.059774398803711,8.544891357421875,1,21.851537704467773,22.252592086791992,0.40105438232421875,1
random_009,1,28,"21.875,32.500,0.938","7.500,12.500,2.188",17.645362854003906,20.961851119995117,3.316488265991211,1,27.845430374145508,29.212858200073242,1.3674278259277344,1
random_009,1,29,"21.875,32.500,0.938","16.875,6.875,1.562",10.339648246765137,10.799219131469727,0.45957088470458984,1,21.139467239379883,21.783418655395508,0.643951416015625,1
random_009,2,3,"9.375,15.625,0.312","20.625,4.375,0.938",14.592076301574707,15.505207061767578,0.9131307601928711,1,23.398515701293945,26.293807983398438,2.895292282104492,1
random_009,2,4,"9.375,15.625,0.312","1.250,13.750,1.562",7.970583438873291,9.430627822875977,1.4600443840026855,1,13.7225341796875,15.7045259475708,1.9819917678833008,1
random_009,2,5,"9.375,15.625,0.312","32.500,19.375,1.562",15.144497871398926,17.23906898498535,2.094571113586426,1,23.96750831604004,40.48419189453125,16.51668357849121,1
random_009,2,6,"9.375,15.625,0.312","19.375,3.750,0.938",14.171627044677734,15.092389106750488,0.9207620620727539,1,25.84581756591797,25.41045379638672,0.43536376953125,1
random_009,2,7,"9.375,15.625,0.312","31.875,13.125,2.188",15.571840286254883,14.510464668273926,1.061375617980957,1,29.822265625,30.724761962890625,0.902496337890625,1
random_009,2,8,"9.375,15.625,0.312","25.625,31.250,0.938",18.9737548828125,16.188671112060547,2.785083770751953,1,28.776838302612305,30.649658203125,1.8728199005126953,1
random_009,2,9,"9.375,15.625,0.312","12.500,24.375,2.188",9.57989501953125,9.164491653442383,0.4154033660888672,1,15.321965217590332,17.44635581970215,2.1243906021118164,1
random_009,2,10,"9.375,15.625,0.312","4.375,11.250,1.562",9.45775032043457,10.974565505981445,1.516815185546875,1,18.336536407470703,18.210918426513672,0.12561798095703125,1
random_009,2,11,"9.375,15.625,0.312","20.000,33.125,0.312",20.809890747070312,16.308238983154297,4.501651763916016,1,32.96573257446289,28.34090232849121,4.62483024597168,1
random_009,2,12,"9.375,15.625,0.312","30.000,33.125,2.188",21.70319366455078,19.121124267578125,2.5820693969726562,1,28.096094131469727,24.97279167175293,3.123302459716797,1
random_009,2,13,"9.375,15.625,0.312","10.625,7.500,2.188",9.075002670288086,8.231986999511719,0.8430156707763672,1,14.988990783691406,14.676892280578613,0.31209850311279297,1
random_009,2,14,"9.375,15.625,0.312","25.625,18.125,0.312",14.442412376403809,15.526529312133789,1.0841169357299805,1,24.8051700592041,24.59749984741211,0.2076702117919922,1
random_009,2,15,"9.375,15.625,0.312","18.125,11.250,0.312",11.853861808776855,11.591485977172852,0.2623758316040039,1,20.561309814453125,23.231552124023438,2.6702423095703125,1
random_009,2,16,"9.375,15.625,0.312","31.250,32.500,2.188",20.698680877685547,18.53290557861328,2.1657752990722656,1,33.35405349731445,30.49570655822754,2.858346939086914,1
random_009,2,17,"9.375,15.625,0.312","2.500,28.750,0.312",11.844236373901367,11.97348403930664,0.12924766540527344,1,20.81580924987793,21.63116455078125,0.8153553009033203,1
random_009,2,18,"9.375,15.625,0.312","26.250,16.875,0.312",14.04279899597168,14.993475914001465,0.9506769180297852,1,26.557613372802734,22.259206771850586,4.298406600952148,1
random_009,2,19,"9.375,15.625,0.312","26.875,25.000,1.562",19.317367553710938,18.365880966186523,0.9514865875244141,1,33.65579605102539,21.94072151184082,11.71507453918457,1
random_009,2,20,"9.375,15.625,0.312","8.125,12.500,1.562",5.346961975097656,5.089811325073242,0.25715065002441406,1,9.478724479675293,9.697797775268555,0.21907329559326172,1
random_009,2,21,"9.375,15.625,0.312","1.250,37.500,0.938",10.921833038330078,10.498249053955078,0.423583984375,1,18.165218353271484,18.710859298706055,0.5456409454345703,1
random_009,2,22,"9.375,15.625,0.312","15.625,16.875,2.188",8.468387603759766,6.992718696594238,1.4756689071655273,1,15.233325004577637,13.657193183898926,1.576131820678711,1
random_009,2,23,"9.375,15.625,0.312","28.750,21.250,1.562",19.666828155517578,19.143308639526367,0.5235195159912109,1,31.690031051635742,30.69451904296875,0.9955120086669922,1
random_009,2,24,"9.375,15.625,0.312","20.000,12.500,0.938",11.907198905944824,10.839585304260254,1.0676136016845703,1,25.830772399902344,23.3248233795166,2.505949020385742,1
random_009,2,25,"9.375,15.625,0.312","16.875,23.125,0.312",14.863627433776855,12.622903823852539,2.2407236099243164,1,25.478649139404297,17.14579963684082,8.332849502563477,1
random_009,2,26,"9.375,15.625,0.312","23.125,9.375,0.938",13.090127944946289,12.839107513427734,0.2510204315185547,1,21.82753562927246,36.37675094604492,14.549215316772461,1
random_009,2,27,"9.375,15.625,0.312","26.250,8.750,2.188",12.068901062011719,14.175745964050293,2.106844902038574,1,21.967220306396484,32.213008880615234,10.24578857421875,1
random_009,2,28,"9.375,15.625,0.312","7.500,12.500,2.188",4.879641532897949,5.6032562255859375,0.7236146926879883,1,9.57282543182373,10.08161449432373,0.5087890625,1
random_009,2,29,"9.375,15.625,0.312","16.875,6.875,1.562",14.72242259979248,13.440132141113281,1.2822904586791992,1,25.29093360900879,26.970197677612305,1.6792640686035156,1
random_009,3,4,"20.625,4.375,0.938","1.250,13.750,1.562",14.942941665649414,16.94325065612793,2.0003089904785156,1,18.634292602539062,37.52112579345703,18.88683319091797,1
random_009,3,5,"20.625,4.375,0.938","32.500,19.375,1.562",25.78485870361328,18.758453369140625,7.026405334472656,1,35.984375,35.77372741699219,0.2106475830078125,1
random_009,3,6,"20.625,4.375,0.938","19.375,3.750,0.938",2.3234710693359375,1.4092445373535156,0.9142265319824219,1,3.1553778648376465,3.0229828357696533,0.13239502906799316,1
random_009,3,7,"20.625,4.375,0.938","31.875,13.125,2.188",21.639501571655273,15.380701065063477,6.258800506591797,1,31.060585021972656,27.842676162719727,3.2179088592529297,1
random_009,3,8,"20.625,4.375,0.938","25.625,31.250,0.938",11.92021369934082,8.56243896484375,3.3577747344970703,1,23.639991760253906,20.597930908203125,3.0420608520507812,1
random_009,3,9,"20.625,4.375,0.938","12.500,24.375,2.188",16.285341262817383,12.026222229003906,4.259119033813477,1,28.754478454589844,29.066944122314453,0.3124656677246094,1
random_009,3,10,"20.625,4.375,0.938","4.375,11.250,1.562",13.602553367614746,15.655049324035645,2.0524959564208984,1,17.182411193847656,19.982685089111328,2.800273895263672,1
random_009,3,11,"20.625,4.375,0.938","20.000,33.125,0.312",9.565706253051758,7.843526840209961,1.7221794128417969,1,22.16201400756836,19.300886154174805,2.8611278533935547,1
random_009,3,12,"20.625,4.375,0.938","30.000,33.125,2.188",18.963674545288086,15.609321594238281,3.3543529510498047,1,25.90442657470703,27.067218780517578,1.1627922058105469,1
random_009,3,13,"20.625,4.375,0.938","10.625,7.500,2.188",10.56190299987793,11.704708099365234,1.1428050994873047,1,17.545242309570312,17.27069664001465,0.27454566955566406,1
random_009,3,14,"20.625,4.375,0.938","25.625,18.125,0.312",15.496766090393066,12.662205696105957,2.8345603942871094,1,22.8131103515625,21.810941696166992,1.0021686553955078,1
random_009,3,15,"20.625,4.375,0.938","18.125,11.250,0.312",9.840295791625977,9.131839752197266,0.7084560394287109,1,15.731518745422363,14.507140159606934,1.2243785858154297,1
random_009,3,16,"20.625,4.375,0.938","31.250,32.500,2.188",17.583005905151367,12.623679161071777,4.95932674407959,1,20.086923599243164,27.24755096435547,7.160627365112305,1
random_009,3,17,"20.625,4.375,0.938","2.500,28.750,0.312",19.2392635345459,15.213611602783203,4.025651931762695,1,29.261669158935547,32.402679443359375,3.141010284423828,1
random_009,3,18,"20.625,4.375,0.938","26.250,16.875,0.312",15.208480834960938,12.623368263244629,2.5851125717163086,1,26.281253814697266,24.34476661682129,1.9364871978759766,1
random_009,3,19,"20.625,4.375,0.938","26.875,25.000,1.562",14.242159843444824,10.311927795410156,3.930232048034668,1,24.71165657043457,22.003887176513672,2.7077693939208984,1
random_009,3,20,"20.625,4.375,0.938","8.125,12.500,1.562",13.421996116638184,14.076786041259766,0.654789924621582,1,20.801729202270508,20.038311004638672,0.7634181976318359,1
random_009,3,21,"20.625,4.375,0.938","1.250,37.500,0.938",14.54930591583252,13.497779846191406,1.0515260696411133,1,24.80098533630371,23.485668182373047,1.315317153930664,1
random_009,3,22,"20.625,4.375,0.938","15.625,16.875,2.188",11.111095428466797,10.36381721496582,0.7472782135009766,1,15.723115921020508,14.746902465820312,0.9762134552001953,1
random_009,3,23,"20.625,4.375,0.938","28.750,21.250,1.562",16.460988998413086,12.382223129272461,4.078765869140625,1,28.396085739135742,28.312088012695312,0.08399772644042969,1
random_009,3,24,"20.625,4.375,0.938","20.000,12.500,0.938",9.958684921264648,9.115861892700195,0.8428230285644531,1,18.677846908569336,17.906347274780273,0.7714996337890625,1
random_009,3,25,"20.625,4.375,0.938","16.875,23.125,0.312",12.138662338256836,10.4830322265625,1.655630111694336,1,17.738370895385742,19.187040328979492,1.44866943359375,1
random_009,3,26,"20.625,4.375,0.938","23.125,9.375,0.938",7.510412216186523,7.717205047607422,0.20679283142089844,1,13.461756706237793,13.253215789794922,0.2085409164428711,1
random_009,3,27,"20.625,4.375,0.938","26.250,8.750,2.188",11.88438606262207,11.616201400756836,0.2681846618652344,1,22.039264678955078,21.089216232299805,0.9500484466552734,1
random_009,3,28,"20.625,4.375,0.938","7.500,12.500,2.188",13.01616096496582,13.622797012329102,0.6066360473632812,1,21.61214828491211,19.4591007232666,2.153047561645508,1
random_009,3,29,"20.625,4.375,0.938","16.875,6.875,1.562",6.7992401123046875,6.649279594421387,0.14996051788330078,1,9.99040412902832,10.887932777404785,0.8975286483764648,1
random_009,4,5,"1.250,13.750,1.562","32.500,19.375,1.562",17.92792320251465,16.602537155151367,1.3253860473632812,1,42.365020751953125,24.862483978271484,17.50253677368164,1
random_009,4,6,"1.250,13.750,1.562","19.375,3.750,0.938",17.67841339111328,15.303816795349121,2.37459659576416,1,32.960750579833984,27.068326950073242,5.892423629760742,1
random_009,4,7,"1.250,13.750,1.562","31.875,13.125,2.188",17.951128005981445,16.270647048950195,1.68048095703125,1,28.848949432373047,24.4334774017334,4.415472030639648,1
random_009,4,8,"1.250,13.750,1.562","25.625,31.250,0.938",20.504501342773438,15.436046600341797,5.068454742431641,1,26.5792293548584,27.83264923095703,1.2534198760986328,1
random_009,4,9,"1.250,13.750,1.562","12.500,24.375,2.188",14.081090927124023,12.736248970031738,1.3448419570922852,1,19.989643096923828,19.685710906982422,0.30393218994140625,1
random_009,4,10,"1.250,13.750,1.562","4.375,11.250,1.562",5.66597843170166,6.521370887756348,0.8553924560546875,1,8.132867813110352,8.896965026855469,0.7640972137451172,1
random_009,4,11,"1.250,13.750,1.562","20.000,33.125,0.312",21.443897247314453,14.918275833129883,6.52562141418457,1,27.108736038208008,25.659454345703125,1.4492816925048828,1
random_009,4,12,"1.250,13.750,1.562","30.000,33.125,2.188",19.056785583496094,16.83919906616211,2.2175865173339844,1,25.10997772216797,26.236425399780273,1.1264476776123047,1
random_009,4,13,"1.250,13.750,1.562","10.625,7.500,2.188",12.921854019165039,10.144603729248047,2.777250289916992,1,20.8233699798584,21.697031021118164,0.8736610412597656,1
random_009,4,14,"1.250,13.750,1.562","25.625,18.125,0.312",21.130977630615234,18.03715705871582,3.093820571899414,1,37.782203674316406,33.92464065551758,3.857563018798828,1
random_009,4,15,"1.250,13.750,1.562","18.125,11.250,0.312",17.684890747070312,15.351999282836914,2.3328914642333984,1,42.43919372558594,36.21247863769531,6.226715087890625,1
random_009,4,16,"1.250,13.750,1.562","31.250,32.500,2.188",18.514522552490234,17.842012405395508,0.6725101470947266,1,19.994165420532227,24.261798858642578,4.267633438110352,1
random_009,4,17,"1.250,13.750,1.562","2.500,28.750,0.312",11.043022155761719,10.315927505493164,0.7270946502685547,1,20.926002502441406,20.13239097595215,0.7936115264892578,1
random_009,4,18,"1.250,13.750,1.562","26.250,16.875,0.312",19.56220245361328,18.083314895629883,1.4788875579833984,1,21.537328720092773,20.778871536254883,0.7584571838378906,1
random_009,4,19,"1.250,13.750,1.562","26.875,25.000,1.562",22.9548397064209,19.016756057739258,3.9380836486816406,1,32.249568939208984,29.32733917236328,2.922229766845703,1
random_009,4,20,"1.250,13.750,1.562","8.125,12.500,1.562",7.442784309387207,7.549834728240967,0.10705041885375977,1,13.569414138793945,13.502815246582031,0.06659889221191406,1
random_009,4,21,"1.250,13.750,1.562","1.250,37.500,0.938",9.084526062011719,9.893718719482422,0.8091926574707031,1,20.22281265258789,21.56222152709961,1.3394088745117188,1
random_009,4,22,"1.250,13.750,1.562","15.625,16.875,2.188",18.42865753173828,15.466533660888672,2.9621238708496094,1,20.25199317932129,18.434261322021484,1.8177318572998047,1
random_009,4,23,"1.250,13.750,1.562","28.750,21.250,1.562",24.451942443847656,20.054025650024414,4.397916793823242,1,32.650177001953125,25.21457290649414,7.435604095458984,1
random_009,4,24,"1.250,13.750,1.562","20.000,12.500,0.938",20.020931243896484,16.16330909729004,3.8576221466064453,1,27.608617782592773,29.995939254760742,2.3873214721679688,1
random_009,4,25,"1.250,13.750,1.562","16.875,23.125,0.312",18.20431137084961,16.721128463745117,1.4831829071044922,1,27.98703384399414,23.525222778320312,4.461811065673828,1
random_009,4,26,"1.250,13.750,1.562","23.125,9.375,0.938",15.828263282775879,15.160263061523438,0.6680002212524414,1,20.359249114990234,40.26525115966797,19.906002044677734,1
random_009,4,27,"1.250,13.750,1.562","26.250,8.750,2.188",13.709369659423828,15.665778160095215,1.9564085006713867,1,23.06340789794922,39.7508430480957,16.687435150146484,1
random_009,4,28,"1.250,13.750,1.562","7.500,12.500,2.188",6.917548179626465,7.035988807678223,0.11844062805175781,1,13.0719633102417,12.785573959350586,0.2863893508911133,1
random_009,4,29,"1.250,13.750,1.562","16.875,6.875,1.562",18.313634872436523,14.8953857421875,3.4182491302490234,1,23.49171257019043,19.6325626373291,3.859149932861328,1
random_009,5,6,"32.500,19.375,1.562","19.375,3.750,0.938",17.487812042236328,22.60177993774414,5.1139678955078125,1,31.46312141418457,34.01116943359375,2.5480480194091797,1
random_009,5,7,"32.500,19.375,1.562","31.875,13.125,2.188",8.298822402954102,8.727685928344727,0.428863525390625,1,11.149285316467285,11.49297046661377,0.3436851501464844,1
random_009,5,8,"32.500,19.375,1.562","25.625,31.250,0.938",13.89159870147705,16.21788215637207,2.3262834548950195,1,33.41872024536133,32.82105255126953,0.5976676940917969,1
random_009,5,9,"32.500,19.375,1.562","12.500,24.375,2.188",16.90819549560547,15.172809600830078,1.7353858947753906,1,24.962894439697266,24.497514724731445,0.4653797149658203,1
random_009,5,10,"32.500,19.375,1.562","4.375,11.250,1.562",15.778564453125,19.019866943359375,3.241302490234375,1,22.923513412475586,18.763227462768555,4.160285949707031,1
random_009,5,11,"32.500,19.375,1.562","20.000,33.125,0.312",11.669861793518066,12.296923637390137,0.6270618438720703,1,22.42487907409668,23.40006446838379,0.9751853942871094,1
random_009,5,12,"32.500,19.375,1.562","30.000,33.125,2.188",11.474661827087402,12.411391258239746,0.9367294311523438,1,19.09186363220215,20.575767517089844,1.4839038848876953,1
random_009,5,13,"32.500,19.375,1.562","10.625,7.500,2.188",16.74964714050293,19.010046005249023,2.2603988647460938,1,25.173404693603516,21.125843048095703,4.0475616455078125,1
random_009,5,14,"32.500,19.375,1.562","25.625,18.125,0.312",9.857610702514648,9.733867645263672,0.12374305725097656,1,14.027071952819824,14.859199523925781,0.832127571105957,1
random_009,5,15,"32.500,19.375,1.562","18.125,11.250,0.312",12.530576705932617,14.774514198303223,2.2439374923706055,1,16.76776695251465,18.25482749938965,1.487060546875,1
random_009,5,16,"32.500,19.375,1.562","31.250,32.500,2.188",11.548341751098633,12.447564125061035,0.8992223739624023,1,19.60774040222168,18.53595542907715,1.0717849731445312,1
random_009,5,17,"32.500,19.375,1.562","2.500,28.750,0.312",19.436649322509766,17.694778442382812,1.7418708801269531,1,27.090391159057617,20.645645141601562,6.444746017456055,1
random_009,5,18,"32.500,19.375,1.562","26.250,16.875,0.312",9.353588104248047,9.20872688293457,0.14486122131347656,1,13.740386962890625,13.032974243164062,0.7074127197265625,1
random_009,5,19,"32.500,19.375,1.562","26.875,25.000,1.562",10.184303283691406,9.981705665588379,0.20259761810302734,1,20.272499084472656,20.036327362060547,0.23617172241210938,1
random_009,5,20,"32.500,19.375,1.562","8.125,12.500,1.562",15.8759126663208,16.980113983154297,1.104201316833496,1,41.19539260864258,26.509592056274414,14.685800552368164,1
random_009,5,21,"32.500,19.375,1.562","1.250,37.500,0.938",18.6578311920166,16.918760299682617,1.7390708923339844,1,25.801603317260742,29.329360961914062,3.5277576446533203,1
random_009,5,22,"32.500,19.375,1.562","15.625,16.875,2.188",10.426165580749512,11.766270637512207,1.3401050567626953,1,26.575422286987305,24.617130279541016,1.958292007446289,1
random_009,5,23,"32.500,19.375,1.562","28.750,21.250,1.562",6.946800231933594,6.600033760070801,0.34676647186279297,1,9.924883842468262,12.301921844482422,2.37703800201416,1
random_009,5,24,"32.500,19.375,1.562","20.000,12.500,0.938",12.80776596069336,13.794173240661621,0.9864072799682617,1,19.568464279174805,20.52752113342285,0.9590568542480469,1
random_009,5,25,"32.500,19.375,1.562","16.875,23.125,0.312",11.621192932128906,14.187058448791504,2.5658655166625977,1,25.27854347229004,23.483612060546875,1.794931411743164,1
random_009,5,26,"32.500,19.375,1.562","23.125,9.375,0.938",18.40188217163086,21.41333770751953,3.011455535888672,1,35.26721954345703,38.8572883605957,3.590068817138672,1
random_009,5,27,"32.500,19.375,1.562","26.250,8.750,2.188",16.381072998046875,15.61918830871582,0.7618846893310547,1,21.484081268310547,21.241228103637695,0.24285316467285156,1
random_009,5,28,"32.500,19.375,1.562","7.500,12.500,2.188",15.777167320251465,16.162227630615234,0.38506031036376953,1,24.027311325073242,24.295635223388672,0.2683238983154297,1
random_009,5,29,"32.500,19.375,1.562","16.875,6.875,1.562",17.43735122680664,23.599821090698242,6.162469863891602,1,36.44539260864258,36.87635040283203,0.4309577941894531,1
random_009,6,7,"19.375,3.750,0.938","31.875,13.125,2.188",21.664403915405273,15.402216911315918,6.2621870040893555,1,28.247705459594727,27.10616111755371,1.1415443420410156,1
random_009,6,8,"19.375,3.750,0.938","25.625,31.250,0.938",12.333770751953125,8.942487716674805,3.3912830352783203,1,25.532180786132812,21.680885314941406,3.8512954711914062,1
random_009,6,9,"19.375,3.750,0.938","12.500,24.375,2.188",15.806395530700684,12.143964767456055,3.662430763244629,1,27.95441436767578,23.766572952270508,4.187841415405273,1
random_009,6,10,"19.375,3.750,0.938","4.375,11.250,1.562",13.81428050994873,16.212873458862305,2.398592948913574,1,16.985227584838867,22.091733932495117,5.10650634765625,1
random_009,6,11,"19.375,3.750,0.938","20.000,33.125,0.312",11.344013214111328,8.775843620300293,2.568169593811035,1,19.82082176208496,20.44955062866211,0.6287288665771484,1
random_009,6,12,"19.375,3.750,0.938","30.000,33.125,2.188",15.476929664611816,12.132959365844727,3.34397029876709,1,22.651262283325195,24.4387149810791,1.7874526977539062,1
random_009,6,13,"19.375,3.750,0.938","10.625,7.500,2.188",9.61199951171875,11.41060733795166,1.7986078262329102,1,18.101421356201172,17.7471981048584,0.35422325134277344,1
random_009,6,14,"19.375,3.750,0.938","25.625,18.125,0.312",15.424397468566895,13.72347640991211,1.7009210586547852,1,21.68941879272461,24.102191925048828,2.4127731323242188,1
random_009,6,15,"19.375,3.750,0.938","18.125,11.250,0.312",8.941825866699219,8.87270736694336,0.06911849975585938,1,15.616653442382812,15.79185962677002,0.17520618438720703,1
random_009,6,16,"19.375,3.750,0.938","31.250,32.500,2.188",19.569133758544922,12.437052726745605,7.132081031799316,1,27.63300895690918,24.896032333374023,2.7369766235351562,1
random_009,6,17,"19.375,3.750,0.938","2.500,28.750,0.312",18.17566680908203,15.799722671508789,2.375944137573242,1,29.052215576171875,29.086406707763672,0.034191131591796875,1
random_009,6,18,"19.375,3.750,0.938","26.250,16.875,0.312",15.661151885986328,13.74056625366211,1.9205856323242188,1,23.89777183532715,25.186153411865234,1.288381576538086,1
random_009,6,19,"19.375,3.750,0.938","26.875,25.000,1.562",12.671839714050293,10.633031845092773,2.0388078689575195,1,20.59111785888672,19.710269927978516,0.8808479309082031,1
random_009,6,20,"19.375,3.750,0.938","8.125,12.500,1.562",13.834883689880371,14.021605491638184,0.1867218017578125,1,19.487749099731445,21.286333084106445,1.798583984375,1
random_009,6,21,"19.375,3.750,0.938","1.250,37.500,0.938",13.910516738891602,13.79062271118164,0.11989402770996094,1,23.193439483642578,22.772916793823242,0.42052268981933594,1
random_009,6,22,"19.375,3.750,0.938","15.625,16.875,2.188",11.132648468017578,10.079017639160156,1.0536308288574219,1,16.894277572631836,16.98333740234375,0.08905982971191406,1
random_009,6,23,"19.375,3.750,0.938","28.750,21.250,1.562",16.513092041015625,13.302204132080078,3.210887908935547,1,25.936731338500977,25.163253784179688,0.7734775543212891,1
random_009,6,24,"19.375,3.750,0.938","20.000,12.500,0.938",9.895953178405762,9.293598175048828,0.6023550033569336,1,19.635772705078125,18.835580825805664,0.8001918792724609,1
random_009,6,25,"19.375,3.750,0.938","16.875,23.125,0.312",11.82214641571045,10.302377700805664,1.5197687149047852,1,21.73570442199707,20.300886154174805,1.4348182678222656,1
random_009,6,26,"19.375,3.750,0.938","23.125,9.375,0.938",8.405389785766602,8.694463729858398,0.2890739440917969,1,14.825532913208008,14.014168739318848,0.8113641738891602,1
random_009,6,27,"19.375,3.750,0.938","26.250,8.750,2.188",12.510517120361328,12.83104419708252,0.3205270767211914,1,22.322895050048828,20.901912689208984,1.4209823608398438,1
random_009,6,28,"19.375,3.750,0.938","7.500,12.500,2.188",13.442001342773438,13.552589416503906,0.11058807373046875,1,21.17670249938965,19.498140335083008,1.6785621643066406,1
random_009,6,29,"19.375,3.750,0.938","16.875,6.875,1.562",6.093757629394531,6.000157356262207,0.09360027313232422,1,9.644670486450195,9.696903228759766,0.05223274230957031,1
random_009,7,8,"31.875,13.125,2.188","25.625,31.250,0.938",11.37650203704834,11.636454582214355,0.2599525451660156,1,18.191652297973633,17.484664916992188,0.7069873809814453,1
random_009,7,9,"31.875,13.125,2.188","12.500,24.375,2.188",20.032678604125977,18.242595672607422,1.7900829315185547,1,19.649368286132812,25.031993865966797,5.382625579833984,1
random_009,7,10,"31.875,13.125,2.188","4.375,11.250,1.562",14.541834831237793,17.63640022277832,3.0945653915405273,1,27.146207809448242,35.305084228515625,8.158876419067383,1
random_009,7,11,"31.875,13.125,2.188","20.000,33.125,0.312",11.325950622558594,11.554390907287598,0.2284402847290039,1,18.567398071289062,19.34117889404297,0.7737808227539062,1
random_009,7,12,"31.875,13.125,2.188","30.000,33.125,2.188",10.6238431930542,11.838257789611816,1.2144145965576172,1,18.723731994628906,17.461999893188477,1.2617321014404297,1
random_009,7,13,"31.875,13.125,2.188","10.625,7.500,2.188",17.874786376953125,20.31320571899414,2.4384193420410156,1,48.193870544433594,39.07942199707031,9.114448547363281,1
random_009,7,14,"31.875,13.125,2.188","25.625,18.125,0.312",9.966774940490723,12.576416015625,2.6096410751342773,1,16.857324600219727,20.12772560119629,3.2704010009765625,1
random_009,7,15,"31.875,13.125,2.188","18.125,11.250,0.312",12.559547424316406,17.30946922302246,4.749921798706055,1,25.183956146240234,34.40571594238281,9.221759796142578,1
random_009,7,16,"31.875,13.125,2.188","31.250,32.500,2.188",10.956462860107422,12.060638427734375,1.1041755676269531,1,19.665611267089844,18.160402297973633,1.505208969116211,1
random_009,7,17,"31.875,13.125,2.188","2.500,28.750,0.312",20.313091278076172,16.715238571166992,3.5978527069091797,1,18.64692497253418,18.471113204956055,0.175811767578125,1
random_009,7,18,"31.875,13.125,2.188","26.250,16.875,0.312",7.505015850067139,9.938425064086914,2.4334092140197754,1,13.487239837646484,16.283611297607422,2.7963714599609375,1
random_009,7,19,"31.875,13.125,2.188","26.875,25.000,1.562",10.907796859741211,11.582622528076172,0.6748256683349609,1,17.149866104125977,15.589599609375,1.5602664947509766,1
random_009,7,20,"31.875,13.125,2.188","8.125,12.500,1.562",13.495375633239746,17.266706466674805,3.7713308334350586,1,19.288909912109375,44.60348129272461,25.314571380615234,1
random_009,7,21,"31.875,13.125,2.188","1.250,37.500,0.938",17.308425903320312,14.122251510620117,3.1861743927001953,1,13.870738983154297,16.28877830505371,2.418039321899414,1
random_009,7,22,"31.875,13.125,2.188","15.625,16.875,2.188",10.75346565246582,12.435426712036133,1.6819610595703125,1,20.00035285949707,35.15260314941406,15.152250289916992,1
random_009,7,23,"31.875,13.125,2.188","28.750,21.250,1.562",10.230463027954102,10.98666000366211,0.7561969757080078,1,16.06049919128418,13.971720695495605,2.088778495788574,1
random_009,7,24,"31.875,13.125,2.188","20.000,12.500,0.938",10.708977699279785,11.881551742553711,1.1725740432739258,1,18.04008674621582,17.621212005615234,0.41887474060058594,1
random_009,7,25,"31.875,13.125,2.188","16.875,23.125,0.312",15.505070686340332,18.305370330810547,2.800299644470215,1,21.71321678161621,24.273334503173828,2.560117721557617,1
random_009,7,26,"31.875,13.125,2.188","23.125,9.375,0.938",9.976827621459961,12.408987045288086,2.432159423828125,1,15.567484855651855,18.448957443237305,2.881472587585449,1
random_009,7,27,"31.875,13.125,2.188","26.250,8.750,2.188",8.550533294677734,10.509001731872559,1.9584684371948242,1,11.99275016784668,14.253595352172852,2.260845184326172,1
random_009,7,28,"31.875,13.125,2.188","7.500,12.500,2.188",13.561406135559082,17.064922332763672,3.50351619720459,1,25.265382766723633,45.669830322265625,20.404447555541992,1
random_009,7,29,"31.875,13.125,2.188","16.875,6.875,1.562",12.225007057189941,17.835670471191406,5.610663414001465,1,30.321056365966797,32.32048416137695,1.9994277954101562,1
random_009,8,9,"25.625,31.250,0.938","12.500,24.375,2.188",13.101362228393555,12.910430908203125,0.1909313201904297,1,21.37049102783203,19.426820755004883,1.9436702728271484,1
random_009,8,10,"25.625,31.250,0.938","4.375,11.250,1.562",15.982678413391113,23.812280654907227,7.829602241516113,1,28.788236618041992,30.750328063964844,1.9620914459228516,1
random_009,8,11,"25.625,31.250,0.938","20.000,33.125,0.312",7.7933268547058105,7.591040134429932,0.2022867202758789,1,12.030012130737305,12.858233451843262,0.828221321105957,1
random_009,8,12,"25.625,31.250,0.938","30.000,33.125,2.188",6.554174423217773,6.095725059509277,0.4584493637084961,1,12.195026397705078,10.69273567199707,1.5022907257080078,1
random_009,8,13,"25.625,31.250,0.938","10.625,7.500,2.188",16.824386596679688,22.347747802734375,5.5233612060546875,1,28.290552139282227,30.381210327148438,2.090658187866211,1
random_009,8,14,"25.625,31.250,0.938","25.625,18.125,0.312",12.93692398071289,12.818866729736328,0.1180572509765625,1,16.614986419677734,17.895240783691406,1.2802543640136719,1
random_009,8,15,"25.625,31.250,0.938","18.125,11.250,0.312",14.823681831359863,16.829776763916016,2.0060949325561523,1,28.35407829284668,27.097261428833008,1.2568168640136719,1
random_009,8,16,"25.625,31.250,0.938","31.250,32.500,2.188",8.021247863769531,8.050758361816406,0.029510498046875,1,12.830401420593262,12.519491195678711,0.3109102249145508,1
random_009,8,17,"25.625,31.250,0.938","2.500,28.750,0.312",11.100863456726074,10.921106338500977,0.17975711822509766,1,20.49590492248535,22.004901885986328,1.5089969635009766,1
random_009,8,18,"25.625,31.250,0.938","26.250,16.875,0.312",12.56542682647705,12.972614288330078,0.40718746185302734,1,19.20893096923828,20.82809829711914,1.6191673278808594,1
random_009,8,19,"25.625,31.250,0.938","26.875,25.000,1.562",8.48111343383789,8.234930038452148,0.2461833953857422,1,15.145580291748047,13.61229419708252,1.5332860946655273,1
random_009,8,20,"25.625,31.250,0.938","8.125,12.500,1.562",17.99411392211914,21.48523712158203,3.4911231994628906,1,31.710033416748047,28.355213165283203,3.3548202514648438,1
random_009,8,21,"25.625,31.250,0.938","1.250,37.500,0.938",16.28030776977539,12.97829818725586,3.3020095825195312,1,23.29983139038086,20.1289005279541,3.170930862426758,1
random_009,8,22,"25.625,31.250,0.938","15.625,16.875,2.188",15.390364646911621,14.272107124328613,1.1182575225830078,1,32.247371673583984,34.0760498046875,1.8286781311035156,1
random_009,8,23,"25.625,31.250,0.938","28.750,21.250,1.562",13.814107894897461,12.48338508605957,1.3307228088378906,1,17.550182342529297,17.05400848388672,0.4961738586425781,1
random_009,8,24,"25.625,31.250,0.938","20.000,12.500,0.938",15.199641227722168,14.959256172180176,0.2403850555419922,1,24.491775512695312,26.69289207458496,2.2011165618896484,1
random_009,8,25,"25.625,31.250,0.938","16.875,23.125,0.312",12.414552688598633,11.66689395904541,0.7476587295532227,1,20.838319778442383,22.331409454345703,1.4930896759033203,1
random_009,8,26,"25.625,31.250,0.938","23.125,9.375,0.938",16.16383934020996,12.954896926879883,3.208942413330078,1,28.52794075012207,28.123254776000977,0.40468597412109375,1
random_009,8,27,"25.625,31.250,0.938","26.250,8.750,2.188",18.540077209472656,12.028636932373047,6.511440277099609,1,25.378894805908203,25.113832473754883,0.2650623321533203,1
random_009,8,28,"25.625,31.250,0.938","7.500,12.500,2.188",17.28154182434082,20.90875816345215,3.627216339111328,1,36.21968460083008,26.736474990844727,9.483209609985352,1
random_009,8,29,"25.625,31.250,0.938","16.875,6.875,1.562",12.415817260742188,16.841901779174805,4.426084518432617,1,24.639774322509766,21.1324405670166,3.507333755493164,1
random_009,9,10,"12.500,24.375,2.188","4.375,11.250,1.562",13.927696228027344,14.06701374053955,0.13931751251220703,1,22.464683532714844,23.74683952331543,1.282155990600586,1
random_009,9,11,"12.500,24.375,2.188","20.000,33.125,0.312",18.56613540649414,15.615206718444824,2.9509286880493164,1,35.932979583740234,34.951087951660156,0.9818916320800781,1
random_009,9,12,"12.500,24.375,2.188","30.000,33.125,2.188",12.913647651672363,14.972339630126953,2.05869197845459,1,23.88321304321289,32.34090042114258,8.457687377929688,1
random_009,9,13,"12.500,24.375,2.188","10.625,7.500,2.188",11.184511184692383,10.546648025512695,0.6378631591796875,1,21.80670166015625,17.482402801513672,4.324298858642578,1
random_009,9,14,"12.500,24.375,2.188","25.625,18.125,0.312",19.746387481689453,18.564468383789062,1.1819190979003906,1,24.88896942138672,26.631168365478516,1.7421989440917969,1
random_009,9,15,"12.500,24.375,2.188","18.125,11.250,0.312",14.417033195495605,15.486430168151855,1.06939697265625,1,29.108705520629883,30.885574340820312,1.7768688201904297,1
random_009,9,16,"12.500,24.375,2.188","31.250,32.500,2.188",12.024078369140625,15.646141052246094,3.6220626831054688,1,23.009204864501953,37.01442337036133,14.005218505859375,1
random_009,9,17,"12.500,24.375,2.188","2.500,28.750,0.312",10.35845947265625,11.564987182617188,1.2065277099609375,1,16.846622467041016,18.076587677001953,1.2299652099609375,1
random_009,9,18,"12.500,24.375,2.188","26.250,16.875,0.312",17.812503814697266,19.440183639526367,1.6276798248291016,1,29.905019760131836,33.7966423034668,3.891622543334961,1
random_009,9,19,"12.500,24.375,2.188","26.875,25.000,1.562",13.307317733764648,14.209510803222656,0.9021930694580078,1,25.657222747802734,23.43549346923828,2.221729278564453,1
random_009,9,20,"12.500,24.375,2.188","8.125,12.500,1.562",9.631378173828125,10.379351615905762,0.7479734420776367,1,17.88359832763672,18.225841522216797,0.3422431945800781,1
random_009,9,21,"12.500,24.375,2.188","1.250,37.500,0.938",10.437326431274414,9.750948905944824,0.6863775253295898,1,14.667397499084473,15.611922264099121,0.9445247650146484,1
random_009,9,22,"12.500,24.375,2.188","15.625,16.875,2.188",12.610282897949219,9.94250202178955,2.667780876159668,1,20.99408531188965,21.51641845703125,0.5223331451416016,1
random_009,9,23,"12.500,24.375,2.188","28.750,21.250,1.562",15.066211700439453,16.62571907043457,1.5595073699951172,1,23.327104568481445,24.53082275390625,1.2037181854248047,1
random_009,9,24,"12.500,24.375,2.188","20.000,12.500,0.938",15.054244041442871,14.645151138305664,0.40909290313720703,1,30.772737503051758,28.625499725341797,2.147237777709961,1
random_009,9,25,"12.500,24.375,2.188","16.875,23.125,0.312",5.099549293518066,6.0234527587890625,0.9239034652709961,1,16.825563430786133,12.790102005004883,4.03546142578125,1
random_009,9,26,"12.500,24.375,2.188","23.125,9.375,0.938",14.774796485900879,15.94468879699707,1.1698923110961914,1,29.535799026489258,30.69382667541504,1.1580276489257812,1
random_009,9,27,"12.500,24.375,2.188","26.250,8.750,2.188",19.735488891601562,19.508947372436523,0.22654151916503906,1,26.95326805114746,30.39253044128418,3.4392623901367188,1
random_009,9,28,"12.500,24.375,2.188","7.500,12.500,2.188",9.657435417175293,10.061332702636719,0.4038972854614258,1,19.490062713623047,17.921627044677734,1.5684356689453125,1
random_009,9,29,"12.500,24.375,2.188","16.875,6.875,1.562",14.248581886291504,16.43098258972168,2.182400703430176,1,29.058687210083008,29.367422103881836,0.3087348937988281,1
random_009,10,11,"4.375,11.250,1.562","20.000,33.125,0.312",24.844791412353516,16.777099609375,8.067691802978516,1,28.51021957397461,27.751317977905273,0.7589015960693359,1
random_009,10,12,"4.375,11.250,1.562","30.000,33.125,2.188",21.856731414794922,17.160587310791016,4.696144104003906,1,24.66453742980957,22.827411651611328,1.8371257781982422,1
random_009,10,13,"4.375,11.250,1.562","10.625,7.500,2.188",10.140539169311523,7.27239990234375,2.8681392669677734,1,16.728811264038086,15.909283638000488,0.8195276260375977,1
random_009,10,14,"4.375,11.250,1.562","25.625,18.125,0.312",19.428359985351562,16.749666213989258,2.6786937713623047,1,21.841312408447266,19.925668716430664,1.9156436920166016,1
random_009,10,15,"4.375,11.250,1.562","18.125,11.250,0.312",15.304121971130371,12.409147262573242,2.894974708557129,1,52.52524185180664,25.456748962402344,27.068492889404297,1
random_009,10,16,"4.375,11.250,1.562","31.250,32.500,2.188",21.078166961669922,17.011201858520508,4.066965103149414,1,25.62173843383789,30.09486198425293,4.473123550415039,1
random_009,10,17,"4.375,11.250,1.562","2.500,28.750,0.312",12.363249778747559,9.520831108093262,2.842418670654297,1,19.871679306030273,18.171085357666016,1.7005939483642578,1
random_009,10,18,"4.375,11.250,1.562","26.250,16.875,0.312",18.02157211303711,16.6890811920166,1.3324909210205078,1,19.998729705810547,21.682790756225586,1.684061050415039,1
random_009,10,19,"4.375,11.250,1.562","26.875,25.000,1.562",23.989730834960938,18.255624771118164,5.734106063842773,1,39.31636047363281,35.324058532714844,3.9923019409179688,1
random_009,10,20,"4.375,11.250,1.562","8.125,12.500,1.562",6.049851417541504,4.942180633544922,1.107670783996582,1,8.654692649841309,7.342008590698242,1.3126840591430664,1
random_009,10,21,"4.375,11.250,1.562","1.250,37.500,0.938",9.854464530944824,8.656839370727539,1.1976251602172852,1,16.208637237548828,17.81061553955078,1.6019783020019531,1
random_009,10,22,"4.375,11.250,1.562","15.625,16.875,2.188",16.874086380004883,13.947345733642578,2.9267406463623047,1,24.316057205200195,20.490631103515625,3.8254261016845703,1
random_009,10,23,"4.375,11.250,1.562","28.750,21.250,1.562",22.41184425354004,18.063980102539062,4.347864151000977,1,30.077322006225586,25.562063217163086,4.5152587890625,1
random_009,10,24,"4.375,11.250,1.562","20.000,12.500,0.938",17.67995834350586,12.839929580688477,4.840028762817383,1,28.270057678222656,21.105785369873047,7.164272308349609,1
random_009,10,25,"4.375,11.250,1.562","16.875,23.125,0.312",20.71401596069336,17.04411506652832,3.669900894165039,1,33.85769271850586,27.56488037109375,6.292812347412109,1
random_009,10,26,"4.375,11.250,1.562","23.125,9.375,0.938",14.149225234985352,13.384037971496582,0.7651872634887695,1,22.232696533203125,20.837234497070312,1.3954620361328125,1
random_009,10,27,"4.375,11.250,1.562","26.250,8.750,2.188",12.710262298583984,14.44105052947998,1.730788230895996,1,19.146055221557617,43.44269561767578,24.296640396118164,1
random_009,10,28,"4.375,11.250,1.562","7.500,12.500,2.188",4.894872665405273,3.621736526489258,1.2731361389160156,1,7.401345729827881,6.367269515991211,1.03407621383667,1
random_009,10,29,"4.375,11.250,1.562","16.875,6.875,1.562",16.63395118713379,12.740607261657715,3.893343925476074,1,19.074310302734375,17.191211700439453,1.8830986022949219,1
random_009,11,12,"20.000,33.125,0.312","30.000,33.125,2.188",10.793567657470703,9.667207717895508,1.1263599395751953,1,13.537636756896973,15.992319107055664,2.4546823501586914,1
random_009,11,13,"20.000,33.125,0.312","10.625,7.500,2.188",14.43920612335205,19.819292068481445,5.3800859451293945,1,29.67793083190918,29.261905670166016,0.41602516174316406,1
random_009,11,14,"20.000,33.125,0.312","25.625,18.125,0.312",15.716757774353027,14.24644660949707,1.470311164855957,1,30.697925567626953,29.553993225097656,1.1439323425292969,1
random_009,11,15,"20.000,33.125,0.312","18.125,11.250,0.312",12.081476211547852,12.393871307373047,0.3123950958251953,1,23.25868797302246,25.307476043701172,2.048788070678711,1
random_009,11,16,"20.000,33.125,0.312","31.250,32.500,2.188",10.923301696777344,10.489416122436523,0.4338855743408203,1,17.878679275512695,16.3833065032959,1.4953727722167969,1
random_009,11,17,"20.000,33.125,0.312","2.500,28.750,0.312",11.03902530670166,10.782370567321777,0.2566547393798828,1,18.553848266601562,19.08036994934082,0.5265216827392578,1
random_009,11,18,"20.000,33.125,0.312","26.250,16.875,0.312",16.21933364868164,14.097474098205566,2.121859550476074,1,29.779312133789062,28.79232406616211,0.9869880676269531,1
random_009,11,19,"20.000,33.125,0.312","26.875,25.000,1.562",10.49808406829834,10.161478042602539,0.3366060256958008,1,19.599275588989258,21.59536361694336,1.9960880279541016,1
random_009,11,20,"20.000,33.125,0.312","8.125,12.500,1.562",15.673639297485352,21.516300201416016,5.842660903930664,1,30.16109275817871,29.400442123413086,0.760650634765625,1
random_009,11,21,"20.000,33.125,0.312","1.250,37.500,0.938",15.50770378112793,11.344582557678223,4.163121223449707,1,15.973042488098145,19.315122604370117,3.3420801162719727,1
random_009,11,22,"20.000,33.125,0.312","15.625,16.875,2.188",12.571772575378418,11.097317695617676,1.4744548797607422,1,22.77056121826172,28.15580177307129,5.38524055480957,1
random_009,11,23,"20.000,33.125,0.312","28.750,21.250,1.562",11.588244438171387,13.053182601928711,1.4649381637573242,1,24.705860137939453,24.31608772277832,0.3897724151611328,1
random_009,11,24,"20.000,33.125,0.312","20.000,12.500,0.938",11.247711181640625,11.85808277130127,0.6103715896606445,1,17.69127655029297,35.84767532348633,18.15639877319336,1
random_009,11,25,"20.000,33.125,0.312","16.875,23.125,0.312",10.055685043334961,9.80882453918457,0.24686050415039062,1,18.551881790161133,19.644474029541016,1.0925922393798828,1
random_009,11,26,"20.000,33.125,0.312","23.125,9.375,0.938",12.753182411193848,10.340728759765625,2.4124536514282227,1,22.577693939208984,26.236499786376953,3.6588058471679688,1
random_009,11,27,"20.000,33.125,0.312","26.250,8.750,2.188",21.540300369262695,12.495865821838379,9.044434547424316,1,28.996341705322266,26.524641036987305,2.471700668334961,1
random_009,11,28,"20.000,33.125,0.312","7.500,12.500,2.188",16.0209903717041,21.30242919921875,5.281438827514648,1,28.805391311645508,28.39352798461914,0.4118633270263672,1
random_009,11,29,"20.000,33.125,0.312","16.875,6.875,1.562",10.015216827392578,13.728107452392578,3.712890625,1,21.231475830078125,21.503644943237305,0.2721691131591797,1
random_009,12,13,"30.000,33.125,2.188","10.625,7.500,2.188",18.76685333251953,21.319347381591797,2.5524940490722656,1,28.552827835083008,28.538286209106445,0.0145416259765625,1
random_009,12,14,"30.000,33.125,2.188","25.625,18.125,0.312",15.984674453735352,14.697417259216309,1.287257194519043,1,24.45571517944336,25.26714324951172,0.8114280700683594,1
random_009,12,15,"30.000,33.125,2.188","18.125,11.250,0.312",13.694135665893555,16.695775985717773,3.0016403198242188,1,29.13974380493164,28.96955108642578,0.17019271850585938,1
random_009,12,16,"30.000,33.125,2.188","31.250,32.500,2.188",5.11862850189209,4.558742523193359,0.5598859786987305,1,3.0558018684387207,3.966383457183838,0.9105815887451172,1
random_009,12,17,"30.000,33.125,2.188","2.500,28.750,0.312",10.676719665527344,11.199629783630371,0.5229101181030273,1,16.903879165649414,15.696846008300781,1.2070331573486328,1
random_009,12,18,"30.000,33.125,2.188","26.250,16.875,0.312",14.702348709106445,14.668355941772461,0.033992767333984375,1,20.521486282348633,18.924488067626953,1.5969982147216797,1
random_009,12,19,"30.000,33.125,2.188","26.875,25.000,1.562",10.380513191223145,11.804742813110352,1.424229621887207,1,17.03635025024414,15.2703857421875,1.7659645080566406,1
random_009,12,20,"30.000,33.125,2.188","8.125,12.500,1.562",19.217330932617188,22.127059936523438,2.90972900390625,1,30.95035743713379,29.261089324951172,1.6892681121826172,1
random_009,12,21,"30.000,33.125,2.188","1.250,37.500,0.938",17.112186431884766,12.35297966003418,4.759206771850586,1,21.584575653076172,19.68609046936035,1.8984851837158203,1
random_009,12,22,"30.000,33.125,2.188","15.625,16.875,2.188",15.641905784606934,15.103629112243652,0.5382766723632812,1,29.897619247436523,32.43952560424805,2.5419063568115234,1
random_009,12,23,"30.000,33.125,2.188","28.750,21.250,1.562",12.203182220458984,12.045148849487305,0.1580333709716797,1,18.133779525756836,20.01393699645996,1.880157470703125,1
random_009,12,24,"30.000,33.125,2.188","20.000,12.500,0.938",12.00370979309082,12.85334300994873,0.8496332168579102,1,26.285078048706055,28.29846954345703,2.0133914947509766,1
random_009,12,25,"30.000,33.125,2.188","16.875,23.125,0.312",14.025866508483887,14.37895393371582,0.3530874252319336,1,29.841655731201172,30.531005859375,0.6893501281738281,1
random_009,12,26,"30.000,33.125,2.188","23.125,9.375,0.938",20.958200454711914,18.364639282226562,2.5935611724853516,1,30.66329002380371,28.889793395996094,1.7734966278076172,1
random_009,12,27,"30.000,33.125,2.188","26.250,8.750,2.188",19.6732120513916,13.04333209991455,6.629879951477051,1,30.539901733398438,27.41836166381836,3.121540069580078,1
random_009,12,28,"30.000,33.125,2.188","7.500,12.500,2.188",18.539749145507812,21.405630111694336,2.8658809661865234,1,28.259143829345703,30.893413543701172,2.6342697143554688,1
random_009,12,29,"30.000,33.125,2.188","16.875,6.875,1.562",11.249649047851562,13.726574897766113,2.476925849914551,1,22.79536247253418,22.350019454956055,0.445343017578125,1
random_009,13,14,"10.625,7.500,2.188","25.625,18.125,0.312",16.843212127685547,15.759899139404297,1.08331298828125,1,23.04616928100586,25.45265769958496,2.4064884185791016,1
random_009,13,15,"10.625,7.500,2.188","18.125,11.250,0.312",9.035970687866211,9.816118240356445,0.7801475524902344,1,21.51503562927246,20.269062042236328,1.2459735870361328,1
random_009,13,16,"10.625,7.500,2.188","31.250,32.500,2.188",20.90489959716797,18.089282989501953,2.8156166076660156,1,24.782337188720703,28.09252166748047,3.3101844787597656,1
random_009,13,17,"10.625,7.500,2.188","2.500,28.750,0.312",14.030558586120605,13.392767906188965,0.6377906799316406,1,26.81072425842285,26.541881561279297,0.2688426971435547,1
random_009,13,18,"10.625,7.500,2.188","26.250,16.875,0.312",16.07167625427246,15.258258819580078,0.8134174346923828,1,23.784351348876953,22.39829444885254,1.386056900024414,1
random_009,13,19,"10.625,7.500,2.188","26.875,25.000,1.562",21.93023681640625,17.80470848083496,4.125528335571289,1,43.241336822509766,38.78948974609375,4.451847076416016,1
random_009,13,20,"10.625,7.500,2.188","8.125,12.500,1.562",6.62525749206543,7.832770347595215,1.2075128555297852,1,12.457815170288086,12.77292537689209,0.3151102066040039,1
random_009,13,21,"10.625,7.500,2.188","1.250,37.500,0.938",11.050399780273438,10.42992877960205,0.6204710006713867,1,20.087446212768555,20.754453659057617,0.6670074462890625,1
random_009,13,22,"10.625,7.500,2.188","15.625,16.875,2.188",13.54813289642334,11.312366485595703,2.2357664108276367,1,23.579927444458008,18.345184326171875,5.234743118286133,1
random_009,13,23,"10.625,7.500,2.188","28.750,21.250,1.562",18.60099983215332,16.927282333374023,1.6737174987792969,1,32.899288177490234,28.18515968322754,4.714128494262695,1
random_009,13,24,"10.625,7.500,2.188","20.000,12.500,0.938",11.599842071533203,10.57712459564209,1.0227174758911133,1,23.270538330078125,26.067163467407227,2.7966251373291016,1
random_009,13,25,"10.625,7.500,2.188","16.875,23.125,0.312",16.258827209472656,13.72008228302002,2.5387449264526367,1,28.43095588684082,27.493921279907227,0.9370346069335938,1
random_009,13,26,"10.625,7.500,2.188","23.125,9.375,0.938",10.760491371154785,11.299211502075195,0.5387201309204102,1,19.059011459350586,16.730968475341797,2.328042984008789,1
random_009,13,27,"10.625,7.500,2.188","26.250,8.750,2.188",10.920804977416992,13.105586051940918,2.184781074523926,1,17.4040584564209,16.627796173095703,0.7762622833251953,1
random_009,13,28,"10.625,7.500,2.188","7.500,12.500,2.188",6.78532600402832,8.207510948181152,1.422184944152832,1,12.19755744934082,12.944314956665039,0.7467575073242188,1
random_009,13,29,"10.625,7.500,2.188","16.875,6.875,1.562",8.269035339355469,7.30778694152832,0.9612483978271484,1,14.395030975341797,15.317365646362305,0.9223346710205078,1
random_009,14,15,"25.625,18.125,0.312","18.125,11.250,0.312",12.873388290405273,12.539920806884766,0.3334674835205078,1,20.43688201904297,23.73928451538086,3.3024024963378906,1
random_009,14,16,"25.625,18.125,0.312","31.250,32.500,2.188",13.811686515808105,14.489255905151367,0.6775693893432617,1,19.85785484313965,20.130990982055664,0.2731361389160156,1
random_009,14,17,"25.625,18.125,0.312","2.500,28.750,0.312",20.660444259643555,22.86187171936035,2.201427459716797,1,31.5390625,32.858421325683594,1.3193588256835938,1
random_009,14,18,"25.625,18.125,0.312","26.250,16.875,0.312",3.653689384460449,4.320538520812988,0.6668491363525391,1,4.588715076446533,4.107309818267822,0.48140525817871094,1
random_009,14,19,"25.625,18.125,0.312","26.875,25.000,1.562",10.195106506347656,9.511255264282227,0.6838512420654297,1,15.728376388549805,15.247182846069336,0.48119354248046875,1
random_009,14,20,"25.625,18.125,0.312","8.125,12.500,1.562",14.692310333251953,16.30331802368164,1.6110076904296875,1,20.99886703491211,24.506811141967773,3.507944107055664,1
random_009,14,21,"25.625,18.125,0.312","1.250,37.500,0.938",15.698954582214355,19.87112045288086,4.172165870666504,1,28.1440486907959,27.943315505981445,0.20073318481445312,1
random_009,14,22,"25.625,18.125,0.312","15.625,16.875,2.188",10.656946182250977,10.073081970214844,0.5838642120361328,1,17.62195587158203,18.315471649169922,0.6935157775878906,1
random_009,14,23,"25.625,18.125,0.312","28.750,21.250,1.562",8.334811210632324,7.2072038650512695,1.1276073455810547,1,13.571805953979492,13.769132614135742,0.19732666015625,1
random_009,14,24,"25.625,18.125,0.312","20.000,12.500,0.938",11.559170722961426,10.227401733398438,1.3317689895629883,1,17.39857292175293,20.9853515625,3.5867786407470703,1
random_009,14,25,"25.625,18.125,0.312","16.875,23.125,0.312",13.020187377929688,12.24591064453125,0.7742767333984375,1,24.7157039642334,22.040822982788086,2.6748809814453125,1
random_009,14,26,"25.625,18.125,0.312","23.125,9.375,0.938",11.681526184082031,11.52278995513916,0.1587362289428711,1,19.2333984375,20.680007934570312,1.4466094970703125,1
random_009,14,27,"25.625,18.125,0.312","26.250,8.750,2.188",12.609366416931152,11.610413551330566,0.9989528656005859,1,17.26055335998535,19.879894256591797,2.6193408966064453,1
random_009,14,28,"25.625,18.125,0.312","7.500,12.500,2.188",14.564539909362793,17.177043914794922,2.612504005432129,1,22.578445434570312,24.240581512451172,1.6621360778808594,1
random_009,14,29,"25.625,18.125,0.312","16.875,6.875,1.562",12.324316024780273,13.62321949005127,1.298903465270996,1,20.441904067993164,22.64554214477539,2.2036380767822266,1
random_009,15,16,"18.125,11.250,0.312","31.250,32.500,2.188",16.475374221801758,16.132389068603516,0.3429851531982422,1,29.134286880493164,26.15440559387207,2.9798812866210938,1
random_009,15,17,"18.125,11.250,0.312","2.500,28.750,0.312",17.770854949951172,19.427371978759766,1.6565170288085938,1,38.378360748291016,33.13654327392578,5.241817474365234,1
random_009,15,18,"18.125,11.250,0.312","26.250,16.875,0.312",12.215798377990723,12.348423957824707,0.13262557983398438,1,21.490734100341797,23.700265884399414,2.209531784057617,1
random_009,15,19,"18.125,11.250,0.312","26.875,25.000,1.562",12.426688194274902,11.892484664916992,0.5342035293579102,1,23.46364402770996,24.99856948852539,1.5349254608154297,1
random_009,15,20,"18.125,11.250,0.312","8.125,12.500,1.562",9.788439750671387,10.417157173156738,0.6287174224853516,1,16.562990188598633,19.560239791870117,2.9972496032714844,1
random_009,15,21,"18.125,11.250,0.312","1.250,37.500,0.938",14.697794914245605,18.853775024414062,4.155980110168457,1,31.928056716918945,32.18449783325195,0.2564411163330078,1
random_009,15,22,"18.125,11.250,0.312","15.625,16.875,2.188",8.206997871398926,7.714133262634277,0.49286460876464844,1,10.98831844329834,10.342254638671875,0.6460638046264648,1
random_009,15,23,"18.125,11.250,0.312","28.750,21.250,1.562",13.983359336853027,12.95828914642334,1.0250701904296875,1,28.500192642211914,24.206174850463867,4.294017791748047,1
random_009,15,24,"18.125,11.250,0.312","20.000,12.500,0.938",4.5378265380859375,2.669304847717285,1.8685216903686523,1,6.063597202301025,6.778793811798096,0.7151966094970703,1
random_009,15,25,"18.125,11.250,0.312","16.875,23.125,0.312",12.035843849182129,10.115711212158203,1.9201326370239258,1,20.877853393554688,20.92409324645996,0.04623985290527344,1
random_009,15,26,"18.125,11.250,0.312","23.125,9.375,0.938",7.247300148010254,7.228219985961914,0.019080162048339844,1,12.119428634643555,11.812224388122559,0.3072042465209961,1
random_009,15,27,"18.125,11.250,0.312","26.250,8.750,2.188",9.79088020324707,9.454288482666016,0.3365917205810547,1,13.748793601989746,11.958954811096191,1.7898387908935547,1
random_009,15,28,"18.125,11.250,0.312","7.500,12.500,2.188",9.97744083404541,10.144821166992188,0.16738033294677734,1,16.088027954101562,19.17510986328125,3.0870819091796875,1
random_009,15,29,"18.125,11.250,0.312","16.875,6.875,1.562",6.043113708496094,5.2447919845581055,0.7983217239379883,1,10.247852325439453,14.202383995056152,3.954531669616699,1
random_009,16,17,"31.250,32.500,2.188","2.500,28.750,0.312",11.094709396362305,11.087830543518066,0.006878852844238281,1,16.652896881103516,16.633438110351562,0.019458770751953125,1
random_009,16,18,"31.250,32.500,2.188","26.250,16.875,0.312",12.8748779296875,13.168981552124023,0.29410362243652344,1,18.880224227905273,19.222415924072266,0.3421916961669922,1
random_009,16,19,"31.250,32.500,2.188","26.875,25.000,1.562",12.511641502380371,13.888630867004395,1.3769893646240234,1,21.614500045776367,22.70840835571289,1.0939083099365234,1
random_009,16,20,"31.250,32.500,2.188","8.125,12.500,1.562",18.652755737304688,21.131317138671875,2.4785614013671875,1,26.773122787475586,32.73735427856445,5.964231491088867,1
random_009,16,21,"31.250,32.500,2.188","1.250,37.500,0.938",17.09328842163086,11.471385955810547,5.6219024658203125,1,25.702945709228516,25.35877799987793,0.34416770935058594,1
random_009,16,22,"31.250,32.500,2.188","15.625,16.875,2.188",15.571331977844238,15.155049324035645,0.41628265380859375,1,30.742698669433594,35.904666900634766,5.161968231201172,1
random_009,16,23,"31.250,32.500,2.188","28.750,21.250,1.562",12.20678997039795,12.260558128356934,0.053768157958984375,1,20.571273803710938,18.14301300048828,2.4282608032226562,1
random_009,16,24,"31.250,32.500,2.188","20.000,12.500,0.938",16.10954475402832,16.471176147460938,0.3616313934326172,1,26.079544067382812,31.274187088012695,5.194643020629883,1
random_009,16,25,"31.250,32.500,2.188","16.875,23.125,0.312",14.444499015808105,14.3768310546875,0.06766796112060547,1,29.503690719604492,31.011844635009766,1.5081539154052734,1
random_009,16,26,"31.250,32.500,2.188","23.125,9.375,0.938",17.973243713378906,16.505779266357422,1.4674644470214844,1,26.709896087646484,20.32173728942871,6.388158798217773,1
random_009,16,27,"31.250,32.500,2.188","26.250,8.750,2.188",19.710474014282227,14.240479469299316,5.46999454498291,1,28.349706649780273,27.037607192993164,1.3120994567871094,1
random_009,16,28,"31.250,32.500,2.188","7.500,12.500,2.188",17.943376541137695,20.553312301635742,2.609935760498047,1,29.500247955322266,29.984743118286133,0.4844951629638672,1
random_009,16,29,"31.250,32.500,2.188","16.875,6.875,1.562",13.165148735046387,17.230457305908203,4.065308570861816,1,23.927600860595703,25.474693298339844,1.5470924377441406,1
random_009,17,18,"2.500,28.750,0.312","26.250,16.875,0.312",20.386987686157227,19.06570053100586,1.3212871551513672,1,33.102684020996094,41.20829391479492,8.105609893798828,1
random_009,17,19,"2.500,28.750,0.312","26.875,25.000,1.562",13.020556449890137,12.267058372497559,0.7534980773925781,1,23.571779251098633,25.194538116455078,1.6227588653564453,1
random_009,17,20,"2.500,28.750,0.312","8.125,12.500,1.562",13.953754425048828,14.318399429321289,0.36464500427246094,1,25.73166275024414,25.05033302307129,0.6813297271728516,1
random_009,17,21,"2.500,28.750,0.312","1.250,37.500,0.938",8.649398803710938,8.680870056152344,0.03147125244140625,1,11.885289192199707,12.874635696411133,0.9893465042114258,1
random_009,17,22,"2.500,28.750,0.312","15.625,16.875,2.188",19.367816925048828,13.688851356506348,5.6789655685424805,1,26.940855026245117,31.323928833007812,4.383073806762695,1
random_009,17,23,"2.500,28.750,0.312","28.750,21.250,1.562",20.443790435791016,20.604694366455078,0.1609039306640625,1,26.421300888061523,27.600608825683594,1.1793079376220703,1
random_009,17,24,"2.500,28.750,0.312","20.000,12.500,0.938",19.63321876525879,17.90528106689453,1.7279376983642578,1,33.35921859741211,34.62333297729492,1.2641143798828125,1
random_009,17,25,"2.500,28.750,0.312","16.875,23.125,0.312",15.565180778503418,12.034113883972168,3.53106689453125,1,20.91928482055664,21.343210220336914,0.42392539978027344,1
random_009,17,26,"2.500,28.750,0.312","23.125,9.375,0.938",17.1911678314209,17.771705627441406,0.5805377960205078,1,27.44960594177246,24.674314498901367,2.7752914428710938,1
random_009,17,27,"2.500,28.750,0.312","26.250,8.750,2.188",17.305727005004883,19.04186248779297,1.736135482788086,1,28.765201568603516,31.226207733154297,2.4610061645507812,1
random_009,17,28,"2.500,28.750,0.312","7.500,12.500,2.188",14.098628997802734,13.912498474121094,0.18613052368164062,1,27.740209579467773,26.14007568359375,1.6001338958740234,1
random_009,17,29,"2.500,28.750,0.312","16.875,6.875,1.562",19.698835372924805,18.245407104492188,1.4534282684326172,1,28.84123992919922,30.49996566772461,1.6587257385253906,1
random_009,18,19,"26.250,16.875,0.312","26.875,25.000,1.562",11.316661834716797,9.976192474365234,1.3404693603515625,1,17.063627243041992,15.207273483276367,1.856353759765625,1
random_009,18,20,"26.250,16.875,0.312","8.125,12.500,1.562",14.175840377807617,15.705951690673828,1.530111312866211,1,19.101436614990234,22.409404754638672,3.3079681396484375,1
random_009,18,21,"26.250,16.875,0.312","1.250,37.500,0.938",15.72257137298584,17.249181747436523,1.5266103744506836,1,29.70436668395996,28.367929458618164,1.3364372253417969,1
random_009,18,22,"26.250,16.875,0.312","15.625,16.875,2.188",10.623342514038086,10.877981185913086,0.254638671875,1,16.609315872192383,18.02461814880371,1.4153022766113281,1
random_009,18,23,"26.250,16.875,0.312","28.750,21.250,1.562",9.212733268737793,7.444249153137207,1.768484115600586,1,15.123106956481934,14.705321311950684,0.41778564453125,1
random_009,18,24,"26.250,16.875,0.312","20.000,12.500,0.938",10.707855224609375,9.629900932312012,1.0779542922973633,1,20.2042293548584,19.266895294189453,0.9373340606689453,1
random_009,18,25,"26.250,16.875,0.312","16.875,23.125,0.312",13.590227127075195,12.977109909057617,0.6131172180175781,1,26.076200485229492,22.93917465209961,3.137025833129883,1
random_009,18,26,"26.250,16.875,0.312","23.125,9.375,0.938",11.396883010864258,10.610021591186523,0.7868614196777344,1,19.951404571533203,20.910791397094727,0.9593868255615234,1
random_009,18,27,"26.250,16.875,0.312","26.250,8.750,2.188",10.556451797485352,10.306103706359863,0.2503480911254883,1,14.51648998260498,16.746681213378906,2.230191230773926,1
random_009,18,28,"26.250,16.875,0.312","7.500,12.500,2.188",14.020001411437988,15.365798950195312,1.3457975387573242,1,21.263870239257812,22.494779586791992,1.2309093475341797,1
random_009,18,29,"26.250,16.875,0.312","16.875,6.875,1.562",12.249518394470215,13.520465850830078,1.2709474563598633,1,23.884756088256836,26.767797470092773,2.8830413818359375,1
random_009,19,20,"26.875,25.000,1.562","8.125,12.500,1.562",17.890522003173828,21.271352767944336,3.380830764770508,1,34.79041290283203,37.57652282714844,2.7861099243164062,1
random_009,19,21,"26.875,25.000,1.562","1.250,37.500,0.938",19.382394790649414,14.893399238586426,4.488995552062988,1,29.602140426635742,33.09739303588867,3.4952526092529297,1
random_009,19,22,"26.875,25.000,1.562","15.625,16.875,2.188",14.170466423034668,12.396113395690918,1.77435302734375,1,31.69883155822754,31.575422286987305,0.12340927124023438,1
random_009,19,23,"26.875,25.000,1.562","28.750,21.250,1.562",6.447946548461914,7.002774238586426,0.5548276901245117,1,11.983794212341309,11.276966094970703,0.7068281173706055,1
random_009,19,24,"26.875,25.000,1.562","20.000,12.500,0.938",11.861828804016113,12.406311988830566,0.5444831848144531,1,23.934703826904297,23.4909725189209,0.44373130798339844,1
random_009,19,25,"26.875,25.000,1.562","16.875,23.125,0.312",10.147114753723145,10.062250137329102,0.08486461639404297,1,21.176410675048828,22.72553062438965,1.5491199493408203,1
random_009,19,26,"26.875,25.000,1.562","23.125,9.375,0.938",14.768386840820312,12.879432678222656,1.8889541625976562,1,30.965015411376953,25.86001968383789,5.1049957275390625,1
random_009,19,27,"26.875,25.000,1.562","26.250,8.750,2.188",16.87248420715332,12.360641479492188,4.511842727661133,1,27.320409774780273,21.738853454589844,5.58155632019043,1
random_009,19,28,"26.875,25.000,1.562","7.500,12.500,2.188",17.562301635742188,20.752559661865234,3.190258026123047,1,30.481582641601562,37.710838317871094,7.229255676269531,1
random_009,19,29,"26.875,25.000,1.562","16.875,6.875,1.562",10.883382797241211,12.772953987121582,1.889571189880371,1,18.49671173095703,22.907344818115234,4.410633087158203,1
random_009,20,21,"8.125,12.500,1.562","1.250,37.500,0.938",11.31184196472168,11.442182540893555,0.130340576171875,1,21.205974578857422,23.459482192993164,2.253507614135742,1
random_009,20,22,"8.125,12.500,1.562","15.625,16.875,2.188",12.839420318603516,10.440852165222168,2.3985681533813477,1,16.216705322265625,14.414666175842285,1.8020391464233398,1
random_009,20,23,"8.125,12.500,1.562","28.750,21.250,1.562",19.36553192138672,17.338830947875977,2.026700973510742,1,28.674545288085938,19.70200538635254,8.972539901733398,1
random_009,20,24,"8.125,12.500,1.562","20.000,12.500,0.938",12.132070541381836,10.050355911254883,2.081714630126953,1,22.632478713989258,21.081588745117188,1.5508899688720703,1
random_009,20,25,"8.125,12.500,1.562","16.875,23.125,0.312",17.199771881103516,13.613275527954102,3.586496353149414,1,24.781108856201172,24.22237777709961,0.5587310791015625,1
random_009,20,26,"8.125,12.500,1.562","23.125,9.375,0.938",11.715828895568848,11.300019264221191,0.41580963134765625,1,22.315568923950195,24.026901245117188,1.7113323211669922,1
random_009,20,27,"8.125,12.500,1.562","26.250,8.750,2.188",11.167654037475586,12.626494407653809,1.4588403701782227,1,19.149188995361328,19.601329803466797,0.45214080810546875,1
random_009,20,28,"8.125,12.500,1.562","7.500,12.500,2.188",0.1435108184814453,7.879590034484863,7.736079216003418,1,2.119999647140503,2.2916181087493896,0.17161846160888672,1
random_009,20,29,"8.125,12.500,1.562","16.875,6.875,1.562",13.020976066589355,11.451981544494629,1.5689945220947266,1,22.578840255737305,22.11907958984375,0.4597606658935547,1
random_009,21,22,"1.250,37.500,0.938","15.625,16.875,2.188",18.37015151977539,12.543941497802734,5.826210021972656,1,22.896472930908203,21.130563735961914,1.765909194946289,1
random_009,21,23,"1.250,37.500,0.938","28.750,21.250,1.562",19.92045783996582,21.362621307373047,1.4421634674072266,1,38.431922912597656,38.45619201660156,0.02426910400390625,1
random_009,21,24,"1.250,37.500,0.938","20.000,12.500,0.938",17.270910263061523,15.231660842895508,2.0392494201660156,1,29.455650329589844,30.699491500854492,1.2438411712646484,1
random_009,21,25,"1.250,37.500,0.938","16.875,23.125,0.312",14.390912055969238,12.23847770690918,2.1524343490600586,1,22.58389663696289,22.95286750793457,0.3689708709716797,1
random_009,21,26,"1.250,37.500,0.938","23.125,9.375,0.938",15.33265495300293,14.11487102508545,1.2177839279174805,1,22.146137237548828,22.139665603637695,0.0064716339111328125,1
random_009,21,27,"1.250,37.500,0.938","26.250,8.750,2.188",16.381492614746094,17.170713424682617,0.7892208099365234,1,20.826757431030273,23.351354598999023,2.52459716796875,1
random_009,21,28,"1.250,37.500,0.938","7.500,12.500,2.188",12.099474906921387,11.84731674194336,0.25215816497802734,1,28.25457000732422,23.41264533996582,4.841924667358398,1
random_009,21,29,"1.250,37.500,0.938","16.875,6.875,1.562",18.249357223510742,14.61048412322998,3.6388731002807617,1,25.567970275878906,24.388652801513672,1.1793174743652344,1
random_009,22,23,"15.625,16.875,2.188","28.750,21.250,1.562",14.048466682434082,12.344987869262695,1.7034788131713867,1,28.52064323425293,26.700796127319336,1.8198471069335938,1
random_009,22,24,"15.625,16.875,2.188","20.000,12.500,0.938",8.257551193237305,7.5713396072387695,0.6862115859985352,1,11.363529205322266,12.521302223205566,1.1577730178833008,1
random_009,22,25,"15.625,16.875,2.188","16.875,23.125,0.312",6.910050392150879,7.986358642578125,1.076308250427246,1,11.472070693969727,11.004170417785645,0.46790027618408203,1
random_009,22,26,"15.625,16.875,2.188","23.125,9.375,0.938",10.652854919433594,10.369543075561523,0.2833118438720703,1,17.691532135009766,18.708740234375,1.0172080993652344,1
random_009,22,27,"15.625,16.875,2.188","26.250,8.750,2.188",11.845968246459961,10.199312210083008,1.6466560363769531,1,13.622038841247559,16.66769027709961,3.045651435852051,1
random_009,22,28,"15.625,16.875,2.188","7.500,12.500,2.188",10.547536849975586,12.47730827331543,1.9297714233398438,1,15.057790756225586,17.547597885131836,2.48980712890625,1
random_009,22,29,"15.625,16.875,2.188","16.875,6.875,1.562",9.0213623046875,10.676521301269531,1.6551589965820312,1,15.271820068359375,13.724465370178223,1.5473546981811523,1
random_009,23,24,"28.750,21.250,1.562","20.000,12.500,0.938",13.075355529785156,13.078760147094727,0.0034046173095703125,1,22.7030029296875,25.818634033203125,3.115631103515625,1
random_009,23,25,"28.750,21.250,1.562","16.875,23.125,0.312",11.90230941772461,12.226072311401367,0.3237628936767578,1,24.865644454956055,22.416275024414062,2.449369430541992,1
random_009,23,26,"28.750,21.250,1.562","23.125,9.375,0.938",14.606056213378906,15.005987167358398,0.3999309539794922,1,24.889371871948242,28.079879760742188,3.1905078887939453,1
random_009,23,27,"28.750,21.250,1.562","26.250,8.750,2.188",16.25457763671875,15.24764347076416,1.0069341659545898,1,25.56350326538086,24.33066177368164,1.2328414916992188,1
random_009,23,28,"28.750,21.250,1.562","7.500,12.500,2.188",17.082773208618164,19.007347106933594,1.9245738983154297,1,38.06714630126953,25.858604431152344,12.208541870117188,1
random_009,23,29,"28.750,21.250,1.562","16.875,6.875,1.562",12.49030876159668,14.600826263427734,2.1105175018310547,1,23.60279655456543,24.77115821838379,1.1683616638183594,1
random_009,24,25,"20.000,12.500,0.938","16.875,23.125,0.312",11.520421981811523,10.37337589263916,1.1470460891723633,1,18.19068145751953,17.989418029785156,0.201263427734375,1
random_009,24,26,"20.000,12.500,0.938","23.125,9.375,0.938",6.281808853149414,6.526357650756836,0.24454879760742188,1,10.067733764648438,9.625887870788574,0.4418458938598633,1
random_009,24,27,"20.000,12.500,0.938","26.250,8.750,2.188",9.69414234161377,8.530461311340332,1.1636810302734375,1,12.814197540283203,13.14068603515625,0.3264884948730469,1
random_009,24,28,"20.000,12.500,0.938","7.500,12.500,2.188",9.93037223815918,12.56655502319336,2.6361827850341797,1,20.506784439086914,20.942720413208008,0.43593597412109375,1
random_009,24,29,"20.000,12.500,0.938","16.875,6.875,1.562",7.559743881225586,8.34753131866455,0.7877874374389648,1,15.4505615234375,17.557432174682617,2.106870651245117,1
random_009,25,26,"16.875,23.125,0.312","23.125,9.375,0.938",11.355337142944336,12.148261070251465,0.7929239273071289,1,20.197208404541016,19.056411743164062,1.1407966613769531,1
random_009,25,27,"16.875,23.125,0.312","26.250,8.750,2.188",15.666083335876465,14.127143859863281,1.5389394760131836,1,26.820945739746094,26.433332443237305,0.38761329650878906,1
random_009,25,28,"16.875,23.125,0.312","7.500,12.500,2.188",13.624844551086426,17.378347396850586,3.75350284576416,1,24.601552963256836,24.434972763061523,0.1665802001953125,1
random_009,25,29,"16.875,23.125,0.312","16.875,6.875,1.562",10.420073509216309,12.897636413574219,2.47756290435791,1,20.73566436767578,21.017850875854492,0.28218650817871094,1
random_009,26,27,"23.125,9.375,0.938","26.250,8.750,2.188",6.206242561340332,4.988600730895996,1.217641830444336,1,7.794232368469238,7.4261250495910645,0.36810731887817383,1
random_009,26,28,"23.125,9.375,0.938","7.500,12.500,2.188",10.905282974243164,11.595963478088379,0.6906805038452148,1,32.991153717041016,21.825176239013672,11.165977478027344,1
random_009,26,29,"23.125,9.375,0.938","16.875,6.875,1.562",8.625566482543945,8.005958557128906,0.6196079254150391,1,16.380775451660156,14.908282279968262,1.4724931716918945,1
random_009,27,28,"26.250,8.750,2.188","7.500,12.500,2.188",12.672079086303711,10.836886405944824,1.8351926803588867,1,32.4102783203125,21.254671096801758,11.155607223510742,1
random_009,27,29,"26.250,8.750,2.188","16.875,6.875,1.562",10.389799118041992,9.61299991607666,0.776799201965332,1,15.4591064453125,15.828871726989746,0.3697652816772461,1
random_009,28,29,"7.500,12.500,2.188","16.875,6.875,1.562",13.040669441223145,11.403736114501953,1.6369333267211914,1,23.647336959838867,21.474660873413086,2.1726760864257812,1
